setting,subject,record,ictal,power_kept
auto,chb01,chb01_01.edf,0,0.3751468835253654
auto,chb01,chb01_01.edf,0,0.3573342419817646
auto,chb01,chb01_01.edf,0,0.3250935592463118
auto,chb01,chb01_01.edf,0,0.4604702570578379
auto,chb01,chb01_01.edf,0,0.35808134948773107
auto,chb01,chb01_02.edf,0,0.5936317736726343
auto,chb01,chb01_02.edf,0,0.8076354208874212
auto,chb01,chb01_03.edf,0,0.9932039098053744
auto,chb01,chb01_03.edf,0,0.999507591245726
auto,chb01,chb01_03.edf,1,0.9996768719614504
auto,chb01,chb01_03.edf,1,0.9997143145935523
auto,chb01,chb01_03.edf,1,0.9996326385877932
auto,chb01,chb01_03.edf,1,0.9995691121493183
auto,chb01,chb01_03.edf,1,0.9994281844354168
auto,chb01,chb01_04.edf,1,0.9997295867036047
auto,chb01,chb01_04.edf,1,0.9996862075018185
auto,chb01,chb01_04.edf,1,0.999455848401625
auto,chb01,chb01_04.edf,1,0.9995117434757742
auto,chb01,chb01_04.edf,0,0.9995984939669713
auto,chb01,chb01_04.edf,0,0.9996550388734977
auto,chb01,chb01_04.edf,0,0.9996842952327599
auto,chb01,chb01_05.edf,0,0.2804780197463286
auto,chb01,chb01_05.edf,0,0.34585927666792826
auto,chb01,chb01_05.edf,0,0.399652008097719
auto,chb01,chb01_05.edf,0,0.40193403985299275
auto,chb01,chb01_06.edf,0,0.3974115626621634
auto,chb01,chb01_06.edf,0,0.38604855127745463
auto,chb01,chb01_06.edf,0,0.2853196115397276
auto,chb01,chb01_07.edf,0,0.4457851485235751
auto,chb01,chb01_07.edf,0,0.4425353478595639
auto,chb01,chb01_07.edf,0,0.39261057931817517
auto,chb01,chb01_07.edf,0,0.23986377834429112
auto,chb01,chb01_08.edf,0,0.4641293224567172
auto,chb01,chb01_09.edf,0,0.3931887202511276
auto,chb01,chb01_09.edf,0,0.3223545566934976
auto,chb01,chb01_09.edf,0,0.3076904572289798
auto,chb01,chb01_09.edf,0,0.34739398323677745
auto,chb01,chb01_10.edf,0,0.3141832726496257
auto,chb01,chb01_10.edf,0,0.40350491544753353
auto,chb01,chb01_10.edf,0,0.4028501189425379
auto,chb01,chb01_10.edf,0,0.35955021351246913
auto,chb01,chb01_10.edf,0,0.4053716420987768
auto,chb01,chb01_11.edf,0,0.48733260628610137
auto,chb01,chb01_11.edf,0,0.3991076504872184
auto,chb01,chb01_11.edf,0,0.504886794787898
auto,chb01,chb01_11.edf,0,0.4369298841612327
auto,chb01,chb01_11.edf,0,0.4361072952431017
auto,chb01,chb01_11.edf,0,0.49592093992111974
auto,chb01,chb01_11.edf,0,0.5235280593944741
auto,chb01,chb01_11.edf,0,0.4441592023886367
auto,chb01,chb01_12.edf,0,0.3749657868329338
auto,chb01,chb01_13.edf,0,0.40978725209575195
auto,chb01,chb01_13.edf,0,0.4099852030980409
auto,chb01,chb01_13.edf,0,0.381211660587396
auto,chb01,chb01_13.edf,0,0.38922452604041763
auto,chb01,chb01_13.edf,0,0.35304165801532483
auto,chb01,chb01_13.edf,0,0.30572509075709536
auto,chb01,chb01_14.edf,0,0.999748328203948
auto,chb01,chb01_14.edf,0,0.9996578430535159
auto,chb01,chb01_14.edf,0,0.9991859814407907
auto,chb01,chb01_14.edf,0,0.9997039825906165
auto,chb01,chb01_14.edf,0,0.9993033902343005
auto,chb01,chb01_14.edf,0,0.9994819769469911
auto,chb01,chb01_14.edf,0,0.999385593965861
auto,chb01,chb01_14.edf,0,0.999449686337096
auto,chb01,chb01_15.edf,0,0.9993609824420131
auto,chb01,chb01_15.edf,0,0.9992589105723498
auto,chb01,chb01_15.edf,0,0.9993099975244112
auto,chb01,chb01_15.edf,1,0.9996507968186104
auto,chb01,chb01_15.edf,1,0.9995265487199774
auto,chb01,chb01_15.edf,1,0.9995495917370765
auto,chb01,chb01_15.edf,1,0.9991748823853519
auto,chb01,chb01_15.edf,1,0.9993066918647658
auto,chb01,chb01_15.edf,0,0.9993824530030821
auto,chb01,chb01_15.edf,0,0.9995554402535226
auto,chb01,chb01_15.edf,0,0.9995036244950561
auto,chb01,chb01_15.edf,0,0.9995622630914038
auto,chb01,chb01_15.edf,0,0.9995307051670355
auto,chb01,chb01_16.edf,0,0.9993758698878936
auto,chb01,chb01_16.edf,1,0.9995073693200495
auto,chb01,chb01_16.edf,1,0.9994831444964853
auto,chb01,chb01_16.edf,1,0.9994667580855096
auto,chb01,chb01_16.edf,1,0.9995044391607313
auto,chb01,chb01_16.edf,1,0.9994251541838021
auto,chb01,chb01_16.edf,1,0.9990335832777224
auto,chb01,chb01_16.edf,0,0.999369146231077
auto,chb01,chb01_16.edf,0,0.9994101133414385
auto,chb01,chb01_16.edf,0,0.999308873185729
auto,chb01,chb01_16.edf,0,0.999147519256845
auto,chb01,chb01_16.edf,0,0.9991185497122855
auto,chb01,chb01_17.edf,0,0.9990850637396168
auto,chb01,chb01_17.edf,0,0.9992686371000938
auto,chb01,chb01_17.edf,0,0.9992252059762688
auto,chb01,chb01_17.edf,0,0.9991591542204217
auto,chb01,chb01_17.edf,0,0.9996188891570649
auto,chb01,chb01_17.edf,0,0.9995473133107627
auto,chb01,chb01_18.edf,0,0.9994555547877596
auto,chb01,chb01_18.edf,1,0.9996416840298255
auto,chb01,chb01_18.edf,1,0.9995283100228012
auto,chb01,chb01_18.edf,1,0.9996552589294515
auto,chb01,chb01_18.edf,1,0.9994861668864676
auto,chb01,chb01_18.edf,1,0.9994387596896097
auto,chb01,chb01_18.edf,1,0.9994725757304057
auto,chb01,chb01_18.edf,1,0.9994702550523907
auto,chb01,chb01_18.edf,1,0.9994155360715726
auto,chb01,chb01_18.edf,1,0.9993694190083867
auto,chb01,chb01_18.edf,0,0.9990670423126823
auto,chb01,chb01_18.edf,0,0.9993947775581674
auto,chb01,chb01_18.edf,0,0.999272622843371
auto,chb01,chb01_18.edf,0,0.9994960255807649
auto,chb01,chb01_18.edf,0,0.9995555798414064
auto,chb01,chb01_18.edf,0,0.9994715026264323
auto,chb01,chb01_19.edf,0,0.9996007352413337
auto,chb01,chb01_19.edf,0,0.9989305177690495
auto,chb01,chb01_20.edf,0,0.7234904696700556
auto,chb01,chb01_20.edf,0,0.6974137068343931
auto,chb01,chb01_20.edf,0,0.7097846472849406
auto,chb01,chb01_20.edf,0,0.6367589978905218
auto,chb01,chb01_20.edf,0,0.5853222518095017
auto,chb01,chb01_21.edf,0,0.6333034659352748
auto,chb01,chb01_21.edf,1,0.7170146897771428
auto,chb01,chb01_21.edf,1,0.6714289604584981
auto,chb01,chb01_21.edf,1,0.6793998688650574
auto,chb01,chb01_21.edf,1,0.676890692538223
auto,chb01,chb01_21.edf,1,0.6291481273176187
auto,chb01,chb01_21.edf,1,0.615188119386692
auto,chb01,chb01_21.edf,1,0.6689797565925802
auto,chb01,chb01_21.edf,1,0.6334851679784089
auto,chb01,chb01_21.edf,1,0.5870737696891264
auto,chb01,chb01_21.edf,1,0.5725905946518206
auto,chb01,chb01_21.edf,0,0.7042155988625886
auto,chb01,chb01_21.edf,0,0.6707822265248168
auto,chb01,chb01_21.edf,0,0.6544094088005039
auto,chb01,chb01_21.edf,0,0.6886018455180842
auto,chb01,chb01_21.edf,0,0.6558218793761413
auto,chb01,chb01_21.edf,0,0.6316743791097188
auto,chb01,chb01_21.edf,0,0.6712619261419673
auto,chb01,chb01_22.edf,0,0.40290824340939996
auto,chb01,chb01_22.edf,0,0.42271616181565214
auto,chb01,chb01_22.edf,0,0.3206541956546675
auto,chb01,chb01_22.edf,0,0.4094223403096512
auto,chb01,chb01_23.edf,0,0.3810543333957509
auto,chb01,chb01_23.edf,0,0.3745377824768453
auto,chb01,chb01_23.edf,0,0.2588934979710154
auto,chb01,chb01_23.edf,0,0.30023212535288757
auto,chb01,chb01_23.edf,0,0.37204959164466944
auto,chb01,chb01_23.edf,0,0.31898767517840276
auto,chb01,chb01_23.edf,0,0.28913424989144265
auto,chb01,chb01_24.edf,0,0.43708257468915496
auto,chb01,chb01_24.edf,0,0.41968293992930356
auto,chb01,chb01_24.edf,0,0.3341105710252269
auto,chb01,chb01_24.edf,0,0.37988181601791554
auto,chb01,chb01_24.edf,0,0.3374847238597629
auto,chb01,chb01_24.edf,0,0.42376145253929487
auto,chb01,chb01_24.edf,0,0.3733255148877247
auto,chb01,chb01_24.edf,0,0.37663285922868533
auto,chb01,chb01_24.edf,0,0.40798337588697314
auto,chb01,chb01_24.edf,0,0.28428510526896683
auto,chb01,chb01_24.edf,0,0.4019883772311187
auto,chb01,chb01_24.edf,0,0.36413097857879634
auto,chb01,chb01_25.edf,0,0.30626582071970276
auto,chb01,chb01_25.edf,0,0.3824542159813672
auto,chb01,chb01_25.edf,0,0.14049524870426286
auto,chb01,chb01_26.edf,0,0.9994836386557054
auto,chb01,chb01_26.edf,1,0.999732388514405
auto,chb01,chb01_26.edf,1,0.9997056377979852
auto,chb01,chb01_26.edf,1,0.9996494858150387
auto,chb01,chb01_26.edf,1,0.9996953664833661
auto,chb01,chb01_26.edf,1,0.9996918595355734
auto,chb01,chb01_26.edf,1,0.9996620284389982
auto,chb01,chb01_26.edf,1,0.9996439852215544
auto,chb01,chb01_26.edf,1,0.9996487174294431
auto,chb01,chb01_26.edf,1,0.9997262218450736
auto,chb01,chb01_26.edf,1,0.9995684976183163
auto,chb01,chb01_26.edf,1,0.9992064943370768
auto,chb01,chb01_29.edf,0,0.37752846214199676
auto,chb01,chb01_30.edf,0,0.309298458560141
auto,chb01,chb01_30.edf,0,0.2712441088454263
auto,chb01,chb01_30.edf,0,0.33923119455817907
auto,chb01,chb01_30.edf,0,0.36193114088683337
auto,chb01,chb01_30.edf,0,0.2923452513017552
auto,chb01,chb01_31.edf,0,0.18886639712158715
auto,chb01,chb01_31.edf,0,0.336483529140025
auto,chb01,chb01_31.edf,0,0.3156658013881208
auto,chb01,chb01_31.edf,0,0.39304314584864636
auto,chb01,chb01_32.edf,0,0.31866872770497395
auto,chb01,chb01_32.edf,0,0.17716750963616157
auto,chb01,chb01_32.edf,0,0.25841860386846854
auto,chb01,chb01_32.edf,0,0.293720535806894
auto,chb01,chb01_33.edf,0,0.31246831267006586
auto,chb01,chb01_33.edf,0,0.30252497521376687
auto,chb01,chb01_33.edf,0,0.28069683019012964
auto,chb01,chb01_33.edf,0,0.31799298237714413
auto,chb01,chb01_33.edf,0,0.28085217159052234
auto,chb01,chb01_33.edf,0,0.2570517119696612
auto,chb01,chb01_33.edf,0,0.29405169345347404
auto,chb01,chb01_34.edf,0,0.2697546027001921
auto,chb01,chb01_34.edf,0,0.2319755981781181
auto,chb01,chb01_34.edf,0,0.23035684593050376
auto,chb01,chb01_34.edf,0,0.283181712126849
auto,chb01,chb01_34.edf,0,0.18390432086965067
auto,chb01,chb01_36.edf,0,0.9994524812851745
auto,chb01,chb01_36.edf,0,0.9993119871324128
auto,chb01,chb01_36.edf,0,0.9993914065138164
auto,chb01,chb01_37.edf,0,0.9993302473166232
auto,chb01,chb01_37.edf,0,0.9994196563167445
auto,chb01,chb01_37.edf,0,0.9993784033830235
auto,chb01,chb01_37.edf,0,0.9992959206607422
auto,chb01,chb01_38.edf,0,0.9992927143518753
auto,chb01,chb01_38.edf,0,0.9992074952896068
auto,chb01,chb01_38.edf,0,0.9992580493296516
auto,chb01,chb01_38.edf,0,0.999057339640819
auto,chb01,chb01_38.edf,0,0.9993668239365432
auto,chb01,chb01_39.edf,0,0.9995884222777283
auto,chb01,chb01_39.edf,0,0.999589146239029
auto,chb01,chb01_39.edf,0,0.9993309320682389
auto,chb01,chb01_39.edf,0,0.9994915468635974
auto,chb01,chb01_39.edf,0,0.9994434011524763
auto,chb01,chb01_40.edf,0,0.9995264072937696
auto,chb01,chb01_40.edf,0,0.9995502537731358
auto,chb01,chb01_40.edf,0,0.9995335754290291
auto,chb01,chb01_40.edf,0,0.9992616675357435
auto,chb01,chb01_40.edf,0,0.9994243270392298
auto,chb01,chb01_40.edf,0,0.9995252563314928
auto,chb01,chb01_40.edf,0,0.999693942073131
auto,chb01,chb01_41.edf,0,0.9993895642301039
auto,chb01,chb01_41.edf,0,0.9995134796361166
auto,chb01,chb01_41.edf,0,0.9994864032930213
auto,chb01,chb01_41.edf,0,0.9994300209187205
auto,chb01,chb01_41.edf,0,0.999607179718624
auto,chb01,chb01_41.edf,0,0.9993923088371867
auto,chb01,chb01_42.edf,0,0.3809036286300388
auto,chb01,chb01_42.edf,0,0.2735124100241079
auto,chb01,chb01_42.edf,0,0.3657513506759108
auto,chb01,chb01_42.edf,0,0.3461591706061105
auto,chb01,chb01_42.edf,0,0.38379285976738226
auto,chb01,chb01_42.edf,0,0.39172842711574246
auto,chb01,chb01_42.edf,0,0.16056505421684603
auto,chb01,chb01_43.edf,0,0.999608698336536
auto,chb01,chb01_43.edf,0,0.9994726155481033
auto,chb01,chb01_43.edf,0,0.9995821527740681
auto,chb01,chb01_43.edf,0,0.9994948415546057
auto,chb01,chb01_43.edf,0,0.999514450391534
auto,chb01,chb01_43.edf,0,0.9993482454448598
auto,chb01,chb01_43.edf,0,0.99949973260034
auto,chb01,chb01_46.edf,0,0.31678603228261415
auto,chb01,chb01_46.edf,0,0.2912644194437665
auto,chb01,chb01_46.edf,0,0.3298585614339248
auto,chb01,chb01_46.edf,0,0.2551424969783651
auto,chb01,chb01_46.edf,0,0.2719388648970323
auto,chb03,chb03_01.edf,1,0.10982259797442627
auto,chb03,chb03_01.edf,1,0.18494261091210992
auto,chb03,chb03_01.edf,1,0.24874351338468775
auto,chb03,chb03_01.edf,1,0.28757026493217963
auto,chb03,chb03_01.edf,1,0.29298700646139914
auto,chb03,chb03_01.edf,1,0.23103625991545962
auto,chb03,chb03_01.edf,0,0.2852773817556266
auto,chb03,chb03_01.edf,0,0.3159546179902996
auto,chb03,chb03_02.edf,0,0.3451600041239626
auto,chb03,chb03_02.edf,0,0.2459378659672675
auto,chb03,chb03_02.edf,1,0.28669396045830264
auto,chb03,chb03_02.edf,1,0.15402491121320877
auto,chb03,chb03_02.edf,1,0.22557358009253198
auto,chb03,chb03_02.edf,1,0.1929790532969911
auto,chb03,chb03_02.edf,1,0.24040705507761703
auto,chb03,chb03_02.edf,1,0.309529419069599
auto,chb03,chb03_02.edf,1,0.3405976072234859
auto,chb03,chb03_02.edf,0,0.2647837061021328
auto,chb03,chb03_02.edf,0,0.19518282260136208
auto,chb03,chb03_02.edf,0,0.2748049161591009
auto,chb03,chb03_03.edf,1,0.1586768869675392
auto,chb03,chb03_03.edf,1,0.2143062025557501
auto,chb03,chb03_03.edf,1,0.26237140215366567
auto,chb03,chb03_03.edf,1,0.2412240611075495
auto,chb03,chb03_03.edf,1,0.29735379691007474
auto,chb03,chb03_03.edf,1,0.27048408525309386
auto,chb03,chb03_03.edf,1,0.30373702699199784
auto,chb03,chb03_03.edf,1,0.3041843902738949
auto,chb03,chb03_03.edf,0,0.0828407180190729
auto,chb03,chb03_03.edf,0,0.36462361150933137
auto,chb03,chb03_03.edf,0,0.410448783823311
auto,chb03,chb03_03.edf,0,0.3844259940972346
auto,chb03,chb03_03.edf,0,0.38997290036562415
auto,chb03,chb03_04.edf,0,0.30885665020748276
auto,chb03,chb03_04.edf,0,0.33278420700039574
auto,chb03,chb03_04.edf,1,0.18498378868980578
auto,chb03,chb03_04.edf,1,0.34530407784285144
auto,chb03,chb03_04.edf,1,0.2850119605823748
auto,chb03,chb03_04.edf,1,0.30713513102935736
auto,chb03,chb03_04.edf,1,0.30619098370262654
auto,chb03,chb03_04.edf,1,0.3466989991634845
auto,chb03,chb03_05.edf,0,0.48582872116039405
auto,chb03,chb03_05.edf,0,0.42235057154848255
auto,chb03,chb03_05.edf,0,0.3655767687064155
auto,chb03,chb03_05.edf,0,0.2623458653348394
auto,chb03,chb03_06.edf,0,0.9991022687432985
auto,chb03,chb03_06.edf,0,0.9990653363584318
auto,chb03,chb03_06.edf,0,0.999024507006208
auto,chb03,chb03_06.edf,0,0.9990349523339961
auto,chb03,chb03_06.edf,0,0.9990662058063586
auto,chb03,chb03_06.edf,0,0.9989934262148146
auto,chb03,chb03_07.edf,0,0.9993112511651832
auto,chb03,chb03_07.edf,0,0.9120184403751587
auto,chb03,chb03_07.edf,0,0.9993037443111893
auto,chb03,chb03_07.edf,0,0.9876782823332079
auto,chb03,chb03_08.edf,0,0.9995398929433065
auto,chb03,chb03_09.edf,0,0.999632369964338
auto,chb03,chb03_09.edf,0,0.9995883558415778
auto,chb03,chb03_09.edf,0,0.9996577242140188
auto,chb03,chb03_09.edf,0,0.9995188328911222
auto,chb03,chb03_09.edf,0,0.9991968315003362
auto,chb03,chb03_10.edf,0,0.2771716684567122
auto,chb03,chb03_10.edf,0,0.3460587188850825
auto,chb03,chb03_10.edf,0,0.38011703507193384
auto,chb03,chb03_10.edf,0,0.12526306698901107
auto,chb03,chb03_10.edf,0,0.31654087425075134
auto,chb03,chb03_10.edf,0,0.2898979711885872
auto,chb03,chb03_10.edf,0,0.3400384685050147
auto,chb03,chb03_10.edf,0,0.37171904566999847
auto,chb03,chb03_10.edf,0,0.32363541220106024
auto,chb03,chb03_11.edf,0,0.9996497714718275
auto,chb03,chb03_11.edf,0,0.9996944596454097
auto,chb03,chb03_11.edf,0,0.9996862993544027
auto,chb03,chb03_11.edf,0,0.9995638242714208
auto,chb03,chb03_11.edf,0,0.9996375539408822
auto,chb03,chb03_11.edf,0,0.9990910842150504
auto,chb03,chb03_11.edf,0,0.9992864462482773
auto,chb03,chb03_11.edf,0,0.9994771840266325
auto,chb03,chb03_12.edf,0,0.9996661606628331
auto,chb03,chb03_12.edf,0,0.999520917639808
auto,chb03,chb03_12.edf,0,0.9992880102002365
auto,chb03,chb03_12.edf,0,0.9997114843090537
auto,chb03,chb03_12.edf,0,0.9995904574398065
auto,chb03,chb03_13.edf,0,0.9994711757340711
auto,chb03,chb03_13.edf,0,0.9997498194947397
auto,chb03,chb03_13.edf,0,0.9995942051230554
auto,chb03,chb03_13.edf,0,0.999668915999642
auto,chb03,chb03_13.edf,0,0.9992701294622311
auto,chb03,chb03_14.edf,0,0.9995965170306255
auto,chb03,chb03_14.edf,0,0.9993137210825405
auto,chb03,chb03_14.edf,0,0.9994180497226381
auto,chb03,chb03_14.edf,0,0.9996335093149403
auto,chb03,chb03_14.edf,0,0.9994846196884144
auto,chb03,chb03_14.edf,0,0.9991915483791237
auto,chb03,chb03_14.edf,0,0.9997285008637918
auto,chb03,chb03_14.edf,0,0.9995424751144014
auto,chb03,chb03_14.edf,0,0.999584001112371
auto,chb03,chb03_15.edf,0,0.9995777170505066
auto,chb03,chb03_16.edf,0,0.28776158005715213
auto,chb03,chb03_16.edf,0,0.32179741351606056
auto,chb03,chb03_16.edf,0,0.3640179093462148
auto,chb03,chb03_16.edf,0,0.22989220779535985
auto,chb03,chb03_16.edf,0,0.33270168867089295
auto,chb03,chb03_16.edf,0,0.17940115715165458
auto,chb03,chb03_16.edf,0,0.3335449431930421
auto,chb03,chb03_17.edf,0,0.38272815974763813
auto,chb03,chb03_17.edf,0,0.2577942207604731
auto,chb03,chb03_17.edf,0,0.332486769258982
auto,chb03,chb03_17.edf,0,0.2883780392301072
auto,chb03,chb03_17.edf,0,0.31889141222554734
auto,chb03,chb03_17.edf,0,0.3683528564331261
auto,chb03,chb03_17.edf,0,0.4113646246670538
auto,chb03,chb03_18.edf,0,0.4239162708312271
auto,chb03,chb03_18.edf,0,0.4623504240747228
auto,chb03,chb03_18.edf,0,0.3433528156431687
auto,chb03,chb03_18.edf,0,0.29743544607914524
auto,chb03,chb03_18.edf,0,0.19778698128269664
auto,chb03,chb03_18.edf,0,0.4610743638285697
auto,chb03,chb03_18.edf,0,0.37939638704770695
auto,chb03,chb03_19.edf,0,0.3606360672211624
auto,chb03,chb03_19.edf,0,0.3675714803914947
auto,chb03,chb03_19.edf,0,0.32500508645463205
auto,chb03,chb03_19.edf,0,0.2765028427603819
auto,chb03,chb03_20.edf,0,0.32478720738823164
auto,chb03,chb03_20.edf,0,0.3221876283436443
auto,chb03,chb03_20.edf,0,0.3946027632591937
auto,chb03,chb03_20.edf,0,0.32987024359753986
auto,chb03,chb03_20.edf,0,0.0953953488568978
auto,chb03,chb03_21.edf,0,0.2135225275062382
auto,chb03,chb03_21.edf,0,0.37913194817401336
auto,chb03,chb03_21.edf,0,0.32444273036802984
auto,chb03,chb03_21.edf,0,0.15031849681452902
auto,chb03,chb03_21.edf,0,0.20997590956189932
auto,chb03,chb03_22.edf,0,0.28013690279378656
auto,chb03,chb03_22.edf,0,0.23841039076804085
auto,chb03,chb03_23.edf,0,0.27820592816642803
auto,chb03,chb03_23.edf,0,0.21597942337350606
auto,chb03,chb03_23.edf,0,0.31432792590119796
auto,chb03,chb03_23.edf,0,0.18431541389616599
auto,chb03,chb03_23.edf,0,0.1757301536442295
auto,chb03,chb03_23.edf,0,0.1172223234572873
auto,chb03,chb03_24.edf,0,0.23489292105836607
auto,chb03,chb03_24.edf,0,0.25851858882175915
auto,chb03,chb03_24.edf,0,0.24803853866842776
auto,chb03,chb03_24.edf,0,0.2154937766662964
auto,chb03,chb03_25.edf,0,0.2675103609958584
auto,chb03,chb03_25.edf,0,0.2772394105493231
auto,chb03,chb03_25.edf,0,0.1974474308211052
auto,chb03,chb03_25.edf,0,0.21559761350586074
auto,chb03,chb03_25.edf,0,0.1368496604088258
auto,chb03,chb03_26.edf,0,0.29025128084398794
auto,chb03,chb03_26.edf,0,0.2707599606466482
auto,chb03,chb03_27.edf,0,0.2835308498407817
auto,chb03,chb03_27.edf,0,0.23260628802620972
auto,chb03,chb03_27.edf,0,0.2778502613258804
auto,chb03,chb03_27.edf,0,0.31925433894696187
auto,chb03,chb03_27.edf,0,0.25090856206700873
auto,chb03,chb03_27.edf,0,0.34652632993726984
auto,chb03,chb03_28.edf,0,0.09614686777795715
auto,chb03,chb03_28.edf,0,0.10228385038163336
auto,chb03,chb03_28.edf,0,0.07045026855980824
auto,chb03,chb03_28.edf,0,0.09011639782099393
auto,chb03,chb03_28.edf,0,0.38156015609034916
auto,chb03,chb03_28.edf,0,0.2823023388258067
auto,chb03,chb03_29.edf,0,0.21090046338206656
auto,chb03,chb03_29.edf,0,0.12005868735821724
auto,chb03,chb03_29.edf,0,0.3769632372309715
auto,chb03,chb03_29.edf,0,0.2412949412991585
auto,chb03,chb03_29.edf,0,0.31974918753129045
auto,chb03,chb03_30.edf,0,0.2683511721803631
auto,chb03,chb03_30.edf,0,0.375721304406603
auto,chb03,chb03_30.edf,0,0.24727081131023343
auto,chb03,chb03_30.edf,0,0.21569390920676038
auto,chb03,chb03_30.edf,0,0.18147105810992264
auto,chb03,chb03_31.edf,0,0.21259633486929166
auto,chb03,chb03_31.edf,0,0.36714583647131804
auto,chb03,chb03_31.edf,0,0.18722945853007444
auto,chb03,chb03_31.edf,0,0.30153290519546877
auto,chb03,chb03_31.edf,0,0.09702843416116004
auto,chb03,chb03_32.edf,0,0.2402979165994967
auto,chb03,chb03_32.edf,0,0.38055319106028374
auto,chb03,chb03_32.edf,0,0.3593156363249015
auto,chb03,chb03_32.edf,0,0.19967036622604797
auto,chb03,chb03_32.edf,0,0.3800327284325475
auto,chb03,chb03_33.edf,0,0.2521178026993041
auto,chb03,chb03_33.edf,0,0.39541722790113404
auto,chb03,chb03_33.edf,0,0.2662635684439772
auto,chb03,chb03_34.edf,1,0.19756068548169714
auto,chb03,chb03_34.edf,1,0.21787517069154141
auto,chb03,chb03_34.edf,1,0.2449550414469526
auto,chb03,chb03_34.edf,1,0.2388920964522109
auto,chb03,chb03_34.edf,1,0.2504413238722071
auto,chb03,chb03_34.edf,0,0.35380136252685973
auto,chb03,chb03_35.edf,0,0.45720722907905526
auto,chb03,chb03_35.edf,0,0.36667266061222953
auto,chb03,chb03_35.edf,0,0.41914376165192563
auto,chb03,chb03_35.edf,0,0.24530298559700994
auto,chb03,chb03_35.edf,0,0.4577874846662979
auto,chb03,chb03_35.edf,0,0.2467690263827594
auto,chb03,chb03_35.edf,0,0.4492616478852062
auto,chb03,chb03_35.edf,1,0.2916918934071038
auto,chb03,chb03_35.edf,1,0.2180252964090787
auto,chb03,chb03_35.edf,1,0.2117262112064107
auto,chb03,chb03_35.edf,1,0.25214528322235996
auto,chb03,chb03_35.edf,1,0.3089453089037607
auto,chb03,chb03_35.edf,1,0.37180959039429146
auto,chb03,chb03_35.edf,1,0.31559338681406524
auto,chb03,chb03_35.edf,0,0.35564325401272445
auto,chb03,chb03_36.edf,1,0.16086895366408047
auto,chb03,chb03_36.edf,1,0.08944120410047755
auto,chb03,chb03_36.edf,1,0.09344619847473727
auto,chb03,chb03_36.edf,1,0.13350027394268368
auto,chb03,chb03_36.edf,1,0.12677186067853818
auto,chb03,chb03_36.edf,1,0.09816140875502447
auto,chb03,chb03_36.edf,0,0.1395205364596332
auto,chb03,chb03_36.edf,0,0.13407736690908628
auto,chb03,chb03_36.edf,0,0.10279375293891825
auto,chb03,chb03_37.edf,0,0.515518563581944
auto,chb03,chb03_37.edf,0,0.8722741427627756
auto,chb03,chb03_37.edf,0,0.9997023035361114
auto,chb03,chb03_37.edf,0,0.9996927278345844
auto,chb03,chb03_38.edf,0,0.24290022143953116
auto,chb03,chb03_38.edf,0,0.20976518934834418
auto,chb03,chb03_38.edf,0,0.33952059313553534
auto,chb03,chb03_38.edf,0,0.32951280016120194
auto,chb05,chb05_01.edf,0,0.43087397601927163
auto,chb05,chb05_01.edf,0,0.45314863069338174
auto,chb05,chb05_01.edf,0,0.5261711896860009
auto,chb05,chb05_01.edf,0,0.4436071685789468
auto,chb05,chb05_01.edf,0,0.49754456372861844
auto,chb05,chb05_01.edf,0,0.45901372519727335
auto,chb05,chb05_02.edf,0,0.5126414698743693
auto,chb05,chb05_02.edf,0,0.5330672410880999
auto,chb05,chb05_02.edf,0,0.5811283770334317
auto,chb05,chb05_02.edf,0,0.5628244772254956
auto,chb05,chb05_02.edf,0,0.6240133664655947
auto,chb05,chb05_02.edf,0,0.46492516430717645
auto,chb05,chb05_03.edf,0,0.6515316838174692
auto,chb05,chb05_03.edf,0,0.6840785068972147
auto,chb05,chb05_03.edf,0,0.6742721626842005
auto,chb05,chb05_03.edf,0,0.6538816626407633
auto,chb05,chb05_03.edf,0,0.6998624566286636
auto,chb05,chb05_03.edf,0,0.7127933008353432
auto,chb05,chb05_04.edf,0,0.3187645089056086
auto,chb05,chb05_04.edf,0,0.33809961913176734
auto,chb05,chb05_04.edf,0,0.3378342540028076
auto,chb05,chb05_04.edf,0,0.2938294706041394
auto,chb05,chb05_04.edf,0,0.2782008084719343
auto,chb05,chb05_04.edf,0,0.30327138706496864
auto,chb05,chb05_04.edf,0,0.3468980340754368
auto,chb05,chb05_05.edf,0,0.37806213026218966
auto,chb05,chb05_05.edf,0,0.31651638715989067
auto,chb05,chb05_05.edf,0,0.3204472086713437
auto,chb05,chb05_05.edf,0,0.3467154062451163
auto,chb05,chb05_05.edf,0,0.40955958282342125
auto,chb05,chb05_05.edf,0,0.41070782919950277
auto,chb05,chb05_05.edf,0,0.3781496611095197
auto,chb05,chb05_05.edf,0,0.3891198567201631
auto,chb05,chb05_06.edf,1,0.9997985889155274
auto,chb05,chb05_06.edf,1,0.9998969324093768
auto,chb05,chb05_06.edf,1,0.9998939934445167
auto,chb05,chb05_06.edf,1,0.9998570755903475
auto,chb05,chb05_06.edf,1,0.9998449854754303
auto,chb05,chb05_06.edf,1,0.9998739250996158
auto,chb05,chb05_06.edf,1,0.9998647625359368
auto,chb05,chb05_06.edf,1,0.9997949872308047
auto,chb05,chb05_06.edf,1,0.9997417854392261
auto,chb05,chb05_06.edf,1,0.9997093534702416
auto,chb05,chb05_06.edf,1,0.999571350707325
auto,chb05,chb05_06.edf,1,0.9995796521789427
auto,chb05,chb05_06.edf,1,0.9994797072393236
auto,chb05,chb05_06.edf,0,0.9986658935120564
auto,chb05,chb05_06.edf,0,0.9991102017953832
auto,chb05,chb05_06.edf,0,0.9995847056295953
auto,chb05,chb05_06.edf,0,0.9994738257129029
auto,chb05,chb05_06.edf,0,0.9994503142044643
auto,chb05,chb05_06.edf,0,0.9994112535623565
auto,chb05,chb05_07.edf,0,0.9993500300649552
auto,chb05,chb05_07.edf,0,0.9993458326157305
auto,chb05,chb05_07.edf,0,0.9994181171969816
auto,chb05,chb05_07.edf,0,0.9993593849556859
auto,chb05,chb05_07.edf,0,0.9994249858668225
auto,chb05,chb05_07.edf,0,0.9994349288249703
auto,chb05,chb05_07.edf,0,0.9993837832519622
auto,chb05,chb05_07.edf,0,0.9992627460145482
auto,chb05,chb05_08.edf,0,0.9990042230650374
auto,chb05,chb05_08.edf,0,0.9990913164679469
auto,chb05,chb05_08.edf,0,0.9993616372219026
auto,chb05,chb05_08.edf,0,0.9994391491270218
auto,chb05,chb05_08.edf,0,0.9993740192875179
auto,chb05,chb05_09.edf,0,0.999518022595842
auto,chb05,chb05_09.edf,0,0.9991313787848978
auto,chb05,chb05_09.edf,0,0.9992909261114512
auto,chb05,chb05_09.edf,0,0.9992853765376702
auto,chb05,chb05_09.edf,0,0.9995155794885471
auto,chb05,chb05_09.edf,0,0.999251827746032
auto,chb05,chb05_10.edf,0,0.9993719925664598
auto,chb05,chb05_10.edf,0,0.9993692933891811
auto,chb05,chb05_10.edf,0,0.9993995086229636
auto,chb05,chb05_10.edf,0,0.9992872238047068
auto,chb05,chb05_10.edf,0,0.9994121007639127
auto,chb05,chb05_10.edf,0,0.9994216030218638
auto,chb05,chb05_10.edf,0,0.9996422978747179
auto,chb05,chb05_11.edf,0,0.9994030038327688
auto,chb05,chb05_11.edf,0,0.999338017136385
auto,chb05,chb05_11.edf,0,0.9995173709506027
auto,chb05,chb05_11.edf,0,0.9995103174408709
auto,chb05,chb05_11.edf,0,0.9993083903052177
auto,chb05,chb05_11.edf,0,0.9994905770126871
auto,chb05,chb05_11.edf,0,0.9991088979363855
auto,chb05,chb05_11.edf,0,0.9992856288274732
auto,chb05,chb05_11.edf,0,0.999419539092289
auto,chb05,chb05_12.edf,0,0.9994183428816105
auto,chb05,chb05_12.edf,0,0.9993621781039003
auto,chb05,chb05_12.edf,0,0.9992742933490696
auto,chb05,chb05_12.edf,0,0.9995125051205896
auto,chb05,chb05_12.edf,0,0.9993316913398036
auto,chb05,chb05_13.edf,1,0.9995615832220883
auto,chb05,chb05_13.edf,1,0.9999379588592266
auto,chb05,chb05_13.edf,1,0.999951439930295
auto,chb05,chb05_13.edf,1,0.9999363502690145
auto,chb05,chb05_13.edf,1,0.999847499383773
auto,chb05,chb05_13.edf,1,0.9998699259108391
auto,chb05,chb05_13.edf,1,0.9998308939716055
auto,chb05,chb05_13.edf,1,0.9997782323764096
auto,chb05,chb05_13.edf,1,0.9997135873309162
auto,chb05,chb05_13.edf,1,0.9996571922954913
auto,chb05,chb05_13.edf,1,0.9995763946738605
auto,chb05,chb05_13.edf,1,0.9995769457817336
auto,chb05,chb05_13.edf,0,0.9995130452210413
auto,chb05,chb05_13.edf,0,0.9994194240747356
auto,chb05,chb05_13.edf,0,0.9993551409202519
auto,chb05,chb05_13.edf,0,0.9995126083761187
auto,chb05,chb05_14.edf,0,0.5258760599606908
auto,chb05,chb05_14.edf,0,0.5736445859568328
auto,chb05,chb05_14.edf,0,0.4444585462389537
auto,chb05,chb05_14.edf,0,0.5649416688257587
auto,chb05,chb05_14.edf,0,0.496515082641782
auto,chb05,chb05_14.edf,0,0.6165456306959548
auto,chb05,chb05_14.edf,0,0.6195403927053208
auto,chb05,chb05_15.edf,0,0.9509894120723303
auto,chb05,chb05_15.edf,0,0.9992400417796184
auto,chb05,chb05_15.edf,0,0.9994004936636173
auto,chb05,chb05_15.edf,0,0.9993049695408294
auto,chb05,chb05_15.edf,0,0.9995746859156823
auto,chb05,chb05_15.edf,0,0.9993187497134995
auto,chb05,chb05_15.edf,0,0.999396290605471
auto,chb05,chb05_15.edf,0,0.999529858378719
auto,chb05,chb05_16.edf,0,0.9993856694550227
auto,chb05,chb05_16.edf,0,0.9994242556146907
auto,chb05,chb05_16.edf,0,0.9995142441063962
auto,chb05,chb05_16.edf,1,0.9995388608035857
auto,chb05,chb05_16.edf,1,0.9997346737714621
auto,chb05,chb05_16.edf,1,0.9998495786731914
auto,chb05,chb05_16.edf,1,0.9996391245113401
auto,chb05,chb05_16.edf,1,0.999938994825215
auto,chb05,chb05_16.edf,1,0.9999237647172237
auto,chb05,chb05_16.edf,1,0.9999220920843824
auto,chb05,chb05_16.edf,1,0.9998740250439357
auto,chb05,chb05_16.edf,1,0.9998167081483608
auto,chb05,chb05_16.edf,1,0.9995596783810947
auto,chb05,chb05_16.edf,1,0.999700814176619
auto,chb05,chb05_16.edf,0,0.9991539801217451
auto,chb05,chb05_16.edf,0,0.9994523302791387
auto,chb05,chb05_16.edf,0,0.9995375264037559
auto,chb05,chb05_16.edf,0,0.9996574989613224
auto,chb05,chb05_17.edf,0,0.9993199067105802
auto,chb05,chb05_17.edf,0,0.9994277807799279
auto,chb05,chb05_17.edf,0,0.9995147685148048
auto,chb05,chb05_17.edf,1,0.9997374221576409
auto,chb05,chb05_17.edf,1,0.9997893082694039
auto,chb05,chb05_17.edf,1,0.9997513988396941
auto,chb05,chb05_17.edf,1,0.9996959833091345
auto,chb05,chb05_17.edf,1,0.9997518297846917
auto,chb05,chb05_17.edf,1,0.9997495192209056
auto,chb05,chb05_17.edf,1,0.9999514527299299
auto,chb05,chb05_17.edf,1,0.999915753379827
auto,chb05,chb05_17.edf,1,0.9999287857695369
auto,chb05,chb05_17.edf,1,0.999889923036992
auto,chb05,chb05_17.edf,1,0.9998114504734564
auto,chb05,chb05_17.edf,1,0.9996472705933616
auto,chb05,chb05_17.edf,1,0.9995391788495754
auto,chb05,chb05_17.edf,0,0.9994178061814638
auto,chb05,chb05_18.edf,0,0.7321589556727051
auto,chb05,chb05_18.edf,0,0.7580364307890066
auto,chb05,chb05_18.edf,0,0.6669235004510825
auto,chb05,chb05_18.edf,0,0.6660116195059863
auto,chb05,chb05_18.edf,0,0.7169467297323391
auto,chb05,chb05_18.edf,0,0.6615356929165679
auto,chb05,chb05_18.edf,0,0.6949609789339802
auto,chb05,chb05_19.edf,0,0.999462519370638
auto,chb05,chb05_19.edf,0,0.9994737274780741
auto,chb05,chb05_19.edf,0,0.9994423370418873
auto,chb05,chb05_19.edf,0,0.9993518750350148
auto,chb05,chb05_19.edf,0,0.9993981764378977
auto,chb05,chb05_20.edf,0,0.6941761418152232
auto,chb05,chb05_20.edf,0,0.7529523793648586
auto,chb05,chb05_20.edf,0,0.7197130969830352
auto,chb05,chb05_20.edf,0,0.7242885520200756
auto,chb05,chb05_20.edf,0,0.7174521883713729
auto,chb05,chb05_20.edf,0,0.6697823693952474
auto,chb05,chb05_20.edf,0,0.727203164574161
auto,chb05,chb05_20.edf,0,0.6483845307210641
auto,chb05,chb05_20.edf,0,0.7276601870123949
auto,chb05,chb05_20.edf,0,0.6410633329318249
auto,chb05,chb05_21.edf,0,0.8087280936681959
auto,chb05,chb05_21.edf,0,0.684847111554035
auto,chb05,chb05_21.edf,0,0.7557653515628925
auto,chb05,chb05_21.edf,0,0.8640412660635978
auto,chb05,chb05_21.edf,0,0.770807266322463
auto,chb05,chb05_21.edf,0,0.7498685356609917
auto,chb05,chb05_21.edf,0,0.71322073956564
auto,chb05,chb05_21.edf,0,0.7134299867279601
auto,chb05,chb05_22.edf,0,0.7556618095136659
auto,chb05,chb05_22.edf,0,0.9598334975959518
auto,chb05,chb05_22.edf,0,0.991375350634167
auto,chb05,chb05_22.edf,1,0.9996654523061875
auto,chb05,chb05_22.edf,1,0.9996791047501524
auto,chb05,chb05_22.edf,1,0.9997412028384143
auto,chb05,chb05_22.edf,1,0.9672319236851161
auto,chb05,chb05_22.edf,1,0.9999390441807147
auto,chb05,chb05_22.edf,1,0.9999354125102263
auto,chb05,chb05_22.edf,1,0.9998735456021363
auto,chb05,chb05_22.edf,1,0.9998048741398008
auto,chb05,chb05_22.edf,1,0.9997734853765909
auto,chb05,chb05_22.edf,1,0.9997268994949485
auto,chb05,chb05_22.edf,1,0.9996414932112524
auto,chb05,chb05_22.edf,1,0.9995994789339963
auto,chb05,chb05_22.edf,1,0.9959733423930126
auto,chb05,chb05_22.edf,0,0.9650005285494415
auto,chb05,chb05_22.edf,0,0.9995070162240423
auto,chb05,chb05_23.edf,0,0.9992683757112669
auto,chb05,chb05_23.edf,0,0.9992472050485436
auto,chb05,chb05_23.edf,0,0.999144337850674
auto,chb05,chb05_23.edf,0,0.999309305407554
auto,chb05,chb05_23.edf,0,0.999205374915913
auto,chb05,chb05_23.edf,0,0.9991461024284214
auto,chb05,chb05_23.edf,0,0.9992501182569907
auto,chb05,chb05_23.edf,0,0.9989945621178961
auto,chb05,chb05_24.edf,0,0.9991215130438027
auto,chb05,chb05_24.edf,0,0.9993010900189997
auto,chb05,chb05_24.edf,0,0.9994073823067062
auto,chb05,chb05_24.edf,0,0.9991608306642902
auto,chb05,chb05_24.edf,0,0.9992034364360279
auto,chb05,chb05_24.edf,0,0.9993599954641816
auto,chb05,chb05_24.edf,0,0.999217983133461
auto,chb05,chb05_24.edf,0,0.9994977943287064
auto,chb05,chb05_25.edf,0,0.9994801432508151
auto,chb05,chb05_25.edf,0,0.9992996993434776
auto,chb05,chb05_25.edf,0,0.9993235105247354
auto,chb05,chb05_25.edf,0,0.9993270353984178
auto,chb05,chb05_26.edf,0,0.9991096624257386
auto,chb05,chb05_27.edf,0,0.6048436617698736
auto,chb05,chb05_27.edf,0,0.5796184633756506
auto,chb05,chb05_28.edf,0,0.6359928962657762
auto,chb05,chb05_28.edf,0,0.661061251708059
auto,chb05,chb05_28.edf,0,0.6940018050819085
auto,chb05,chb05_28.edf,0,0.6878484905814957
auto,chb05,chb05_28.edf,0,0.6160580556375844
auto,chb05,chb05_28.edf,0,0.6983762194861535
auto,chb05,chb05_29.edf,0,0.7044252497091257
auto,chb05,chb05_29.edf,0,0.7064417672469017
auto,chb05,chb05_29.edf,0,0.6891186610610589
auto,chb05,chb05_29.edf,0,0.6359323886369855
auto,chb05,chb05_29.edf,0,0.65893511468861
auto,chb05,chb05_29.edf,0,0.6434455997809012
auto,chb05,chb05_29.edf,0,0.6733310171078967
auto,chb05,chb05_29.edf,0,0.6834679569473615
auto,chb05,chb05_29.edf,0,0.6569786233140575
auto,chb05,chb05_30.edf,0,0.9663199022069865
auto,chb05,chb05_30.edf,0,0.9682518777889192
auto,chb05,chb05_30.edf,0,0.8364417637246092
auto,chb05,chb05_30.edf,0,0.9777768195820665
auto,chb05,chb05_30.edf,0,0.9992351677461919
auto,chb05,chb05_30.edf,0,0.823695807787842
auto,chb05,chb05_30.edf,0,0.9734128476869867
auto,chb05,chb05_31.edf,0,0.999404057069859
auto,chb05,chb05_31.edf,0,0.9994392817488813
auto,chb05,chb05_31.edf,0,0.9993429845597865
auto,chb05,chb05_31.edf,0,0.999402706650491
auto,chb05,chb05_31.edf,0,0.9994407604822724
auto,chb05,chb05_31.edf,0,0.9995184027936165
auto,chb05,chb05_31.edf,0,0.9994093278440948
auto,chb05,chb05_31.edf,0,0.9993898321405568
auto,chb05,chb05_31.edf,0,0.9994378146463062
auto,chb05,chb05_31.edf,0,0.999260503049315
auto,chb05,chb05_32.edf,0,0.9990818938747477
auto,chb05,chb05_32.edf,0,0.9992958513221393
auto,chb05,chb05_32.edf,0,0.9993958616477048
auto,chb05,chb05_32.edf,0,0.9994531821979483
auto,chb05,chb05_33.edf,0,0.9993853246745227
auto,chb05,chb05_33.edf,0,0.9990774841854464
auto,chb05,chb05_33.edf,0,0.999111550643299
auto,chb05,chb05_33.edf,0,0.9994565517342634
auto,chb05,chb05_33.edf,0,0.9993374628881445
auto,chb05,chb05_33.edf,0,0.9994763509812892
auto,chb05,chb05_33.edf,0,0.9993720157033962
auto,chb05,chb05_34.edf,0,0.9993948542834766
auto,chb05,chb05_34.edf,0,0.99923819937245
auto,chb05,chb05_34.edf,0,0.9992806738332702
auto,chb05,chb05_35.edf,0,0.9994458720596683
auto,chb05,chb05_35.edf,0,0.9994396631224934
auto,chb05,chb05_35.edf,0,0.999284428790274
auto,chb05,chb05_35.edf,0,0.9994153593230692
auto,chb05,chb05_35.edf,0,0.999319537581171
auto,chb05,chb05_36.edf,0,0.9983480542889732
auto,chb05,chb05_36.edf,0,0.9993599345784405
auto,chb05,chb05_36.edf,0,0.9992603952167035
auto,chb05,chb05_36.edf,0,0.999336741480207
auto,chb05,chb05_36.edf,0,0.9992581441554568
auto,chb05,chb05_36.edf,0,0.9994224014987814
auto,chb05,chb05_36.edf,0,0.9992720256491504
auto,chb05,chb05_37.edf,0,0.9993047965567232
auto,chb05,chb05_37.edf,0,0.9993355493700807
auto,chb05,chb05_37.edf,0,0.9995089178282952
auto,chb05,chb05_37.edf,0,0.9992764278182427
auto,chb05,chb05_38.edf,0,0.999317388660521
auto,chb05,chb05_38.edf,0,0.9991611200817723
auto,chb05,chb05_38.edf,0,0.9994394184090637
auto,chb05,chb05_38.edf,0,0.9994025745779958
auto,chb05,chb05_38.edf,0,0.9994392630843879
auto,chb05,chb05_38.edf,0,0.9995841502404018
auto,chb05,chb05_38.edf,0,0.9993261909223896
auto,chb05,chb05_38.edf,0,0.9993412823366914
auto,chb05,chb05_38.edf,0,0.9994027791793229
auto,chb05,chb05_39.edf,0,0.9992099119169888
auto,chb05,chb05_39.edf,0,0.9993955134280411
auto,chb05,chb05_39.edf,0,0.9995341688804414
auto,chb05,chb05_39.edf,0,0.9990321753692192
auto,chb05,chb05_39.edf,0,0.999434535258835
auto,chb05,chb05_39.edf,0,0.9993738216548433
auto,chb05,chb05_39.edf,0,0.9993442127821109
auto,chb05,chb05_39.edf,0,0.9993669394099133
auto,chb05,chb05_39.edf,0,0.9994934054056541
auto,chb05,chb05_39.edf,0,0.9994567138649888
auto,chb08,chb08_02.edf,0,0.9988135006998046
auto,chb08,chb08_02.edf,0,0.9989505346386456
auto,chb08,chb08_02.edf,0,0.9994647193669132
auto,chb08,chb08_02.edf,0,0.9990823456468757
auto,chb08,chb08_02.edf,0,0.9990732031059675
auto,chb08,chb08_02.edf,0,0.9991589329688493
auto,chb08,chb08_02.edf,0,0.9986792264728432
auto,chb08,chb08_02.edf,0,0.9994476556319424
auto,chb08,chb08_02.edf,0,0.9994202319273983
auto,chb08,chb08_02.edf,0,0.9993919024576831
auto,chb08,chb08_02.edf,0,0.9995282763776793
auto,chb08,chb08_02.edf,0,0.9992611080876864
auto,chb08,chb08_02.edf,0,0.9991556948326268
auto,chb08,chb08_02.edf,0,0.999025695761843
auto,chb08,chb08_02.edf,0,0.9993171792851212
auto,chb08,chb08_02.edf,0,0.9994682141444234
auto,chb08,chb08_02.edf,1,0.9995390541420958
auto,chb08,chb08_02.edf,1,0.9996725205216763
auto,chb08,chb08_02.edf,1,0.9996366592757461
auto,chb08,chb08_02.edf,1,0.999575788594446
auto,chb08,chb08_02.edf,1,0.9994719462159157
auto,chb08,chb08_02.edf,1,0.9991410618943217
auto,chb08,chb08_02.edf,1,0.9988581042581369
auto,chb08,chb08_02.edf,1,0.9991717414787342
auto,chb08,chb08_02.edf,1,0.9991615934577407
auto,chb08,chb08_02.edf,1,0.9993461246793408
auto,chb08,chb08_02.edf,1,0.9992537663141204
auto,chb08,chb08_02.edf,1,0.9993777926095715
auto,chb08,chb08_02.edf,1,0.9994696837700063
auto,chb08,chb08_02.edf,1,0.999500822671717
auto,chb08,chb08_02.edf,1,0.9993516800863477
auto,chb08,chb08_02.edf,1,0.9994066293043579
auto,chb08,chb08_02.edf,1,0.9994013131400504
auto,chb08,chb08_02.edf,1,0.9993322232856369
auto,chb08,chb08_02.edf,0,0.9992038677703613
auto,chb08,chb08_02.edf,0,0.9993846801090676
auto,chb08,chb08_02.edf,0,0.9994279522749141
auto,chb08,chb08_03.edf,0,0.9993777452500193
auto,chb08,chb08_03.edf,0,0.9991447773497919
auto,chb08,chb08_03.edf,0,0.9993307189171382
auto,chb08,chb08_03.edf,0,0.9992543244411443
auto,chb08,chb08_03.edf,0,0.9994777749572386
auto,chb08,chb08_03.edf,0,0.9992682870400971
auto,chb08,chb08_03.edf,0,0.999602873515596
auto,chb08,chb08_03.edf,0,0.9989828881323292
auto,chb08,chb08_03.edf,0,0.9992528021103394
auto,chb08,chb08_03.edf,0,0.9993268520361079
auto,chb08,chb08_03.edf,0,0.999335214739683
auto,chb08,chb08_03.edf,0,0.9993357453843025
auto,chb08,chb08_03.edf,0,0.9993128176375025
auto,chb08,chb08_03.edf,0,0.9992301862508952
auto,chb08,chb08_03.edf,0,0.9992942327075184
auto,chb08,chb08_03.edf,0,0.9994245353949446
auto,chb08,chb08_03.edf,0,0.9994460034920873
auto,chb08,chb08_03.edf,0,0.9994829979322142
auto,chb08,chb08_04.edf,0,0.9992103784457359
auto,chb08,chb08_04.edf,0,0.9992927027940893
auto,chb08,chb08_04.edf,0,0.9992857975446635
auto,chb08,chb08_04.edf,0,0.9990573436944592
auto,chb08,chb08_04.edf,0,0.9992084533769187
auto,chb08,chb08_04.edf,0,0.9993152271520725
auto,chb08,chb08_04.edf,0,0.9992575535967182
auto,chb08,chb08_04.edf,0,0.9992761223021384
auto,chb08,chb08_04.edf,0,0.9992810211591061
auto,chb08,chb08_04.edf,0,0.9993090069853702
auto,chb08,chb08_04.edf,0,0.9991922713675833
auto,chb08,chb08_04.edf,0,0.9991503288083254
auto,chb08,chb08_04.edf,0,0.999318464007945
auto,chb08,chb08_04.edf,0,0.9994510353686655
auto,chb08,chb08_04.edf,0,0.9993906101148232
auto,chb08,chb08_04.edf,0,0.9992045272135194
auto,chb08,chb08_04.edf,0,0.9992578624667047
auto,chb08,chb08_04.edf,0,0.9993442952149831
auto,chb08,chb08_04.edf,0,0.998984902177384
auto,chb08,chb08_04.edf,0,0.9993620226571315
auto,chb08,chb08_04.edf,0,0.999377815345398
auto,chb08,chb08_04.edf,0,0.9992793801567394
auto,chb08,chb08_05.edf,0,0.587421831003372
auto,chb08,chb08_05.edf,0,0.5806331644268833
auto,chb08,chb08_05.edf,0,0.6524370050869149
auto,chb08,chb08_05.edf,0,0.5535707797542385
auto,chb08,chb08_05.edf,0,0.6100384537305277
auto,chb08,chb08_05.edf,0,0.6217167372312805
auto,chb08,chb08_05.edf,0,0.5583287627747673
auto,chb08,chb08_05.edf,0,0.5871764608809988
auto,chb08,chb08_05.edf,0,0.5835556234660488
auto,chb08,chb08_05.edf,0,0.4488432322958048
auto,chb08,chb08_05.edf,0,0.6129806771558187
auto,chb08,chb08_05.edf,0,0.5533705741048309
auto,chb08,chb08_05.edf,0,0.7340153404801469
auto,chb08,chb08_05.edf,0,0.5265258450291038
auto,chb08,chb08_05.edf,1,0.5571029470295962
auto,chb08,chb08_05.edf,1,0.6150677386982463
auto,chb08,chb08_05.edf,1,0.7421095568169179
auto,chb08,chb08_05.edf,1,0.6503989620094907
auto,chb08,chb08_05.edf,1,0.639362129353919
auto,chb08,chb08_05.edf,1,0.619662262946858
auto,chb08,chb08_05.edf,1,0.5849927024669749
auto,chb08,chb08_05.edf,1,0.5990611471161363
auto,chb08,chb08_05.edf,1,0.6208306254839542
auto,chb08,chb08_05.edf,1,0.6669954130336003
auto,chb08,chb08_05.edf,1,0.703820351886273
auto,chb08,chb08_05.edf,1,0.6467055600780658
auto,chb08,chb08_05.edf,1,0.6984920258452632
auto,chb08,chb08_05.edf,1,0.6404964661947423
auto,chb08,chb08_05.edf,1,0.6523637636174864
auto,chb08,chb08_05.edf,1,0.6534562096041777
auto,chb08,chb08_05.edf,1,0.5801924929746731
auto,chb08,chb08_05.edf,1,0.5556612660542811
auto,chb08,chb08_05.edf,1,0.6718589108854458
auto,chb08,chb08_05.edf,1,0.6598491314284369
auto,chb08,chb08_05.edf,0,0.6638248058945626
auto,chb08,chb08_05.edf,0,0.66775411629522
auto,chb08,chb08_05.edf,0,0.66976382318729
auto,chb08,chb08_10.edf,0,0.9995431791842561
auto,chb08,chb08_10.edf,0,0.9992495373590524
auto,chb08,chb08_10.edf,0,0.9995151897981757
auto,chb08,chb08_10.edf,0,0.9992261043373861
auto,chb08,chb08_10.edf,0,0.9996159210760939
auto,chb08,chb08_10.edf,0,0.9993383441922037
auto,chb08,chb08_10.edf,0,0.999391657446069
auto,chb08,chb08_10.edf,0,0.9994640581071511
auto,chb08,chb08_10.edf,0,0.9993501089439049
auto,chb08,chb08_10.edf,0,0.9996001045358195
auto,chb08,chb08_11.edf,0,0.9995170456278074
auto,chb08,chb08_11.edf,0,0.9994424983729183
auto,chb08,chb08_11.edf,0,0.9996787774370497
auto,chb08,chb08_11.edf,0,0.9995761283089639
auto,chb08,chb08_11.edf,0,0.9993840481603109
auto,chb08,chb08_11.edf,0,0.999518535978074
auto,chb08,chb08_11.edf,0,0.9994952733229046
auto,chb08,chb08_11.edf,0,0.9995808493190255
auto,chb08,chb08_11.edf,0,0.9995711984892479
auto,chb08,chb08_11.edf,0,0.9995318271899086
auto,chb08,chb08_11.edf,0,0.9995016817877839
auto,chb08,chb08_11.edf,0,0.9996922782591171
auto,chb08,chb08_11.edf,0,0.9993675585019813
auto,chb08,chb08_11.edf,1,0.9994908719925077
auto,chb08,chb08_11.edf,1,0.9994647065045537
auto,chb08,chb08_11.edf,1,0.9996730702527171
auto,chb08,chb08_11.edf,1,0.9997364558397657
auto,chb08,chb08_11.edf,1,0.9996806550158798
auto,chb08,chb08_11.edf,1,0.999668279200788
auto,chb08,chb08_11.edf,1,0.9995649508286447
auto,chb08,chb08_11.edf,1,0.9994133070547193
auto,chb08,chb08_11.edf,1,0.9991253772402948
auto,chb08,chb08_11.edf,1,0.9991866346206518
auto,chb08,chb08_11.edf,1,0.9991121786179646
auto,chb08,chb08_11.edf,1,0.9993748189936728
auto,chb08,chb08_11.edf,1,0.9994472580543133
auto,chb08,chb08_11.edf,1,0.9993244800484801
auto,chb08,chb08_11.edf,1,0.9993606251358321
auto,chb08,chb08_12.edf,0,0.9994124136142009
auto,chb08,chb08_12.edf,0,0.9993735021970339
auto,chb08,chb08_12.edf,0,0.9991901860750827
auto,chb08,chb08_12.edf,0,0.9990182877173501
auto,chb08,chb08_12.edf,0,0.9995477295763752
auto,chb08,chb08_12.edf,0,0.9991701122705297
auto,chb08,chb08_12.edf,0,0.9995168886367316
auto,chb08,chb08_12.edf,0,0.9992733396075731
auto,chb08,chb08_12.edf,0,0.9993647691224486
auto,chb08,chb08_12.edf,0,0.9992570908054607
auto,chb08,chb08_12.edf,0,0.9992723327644225
auto,chb08,chb08_12.edf,0,0.9995537431257236
auto,chb08,chb08_12.edf,0,0.999251027890467
auto,chb08,chb08_12.edf,0,0.9990190641878834
auto,chb08,chb08_12.edf,0,0.9994068361669993
auto,chb08,chb08_13.edf,0,0.9995221851086799
auto,chb08,chb08_13.edf,0,0.999455173847369
auto,chb08,chb08_13.edf,0,0.999490220043837
auto,chb08,chb08_13.edf,0,0.9995162694344378
auto,chb08,chb08_13.edf,0,0.9995256548409888
auto,chb08,chb08_13.edf,0,0.9995955814755263
auto,chb08,chb08_13.edf,0,0.9994611507297192
auto,chb08,chb08_13.edf,0,0.9996030643415124
auto,chb08,chb08_13.edf,0,0.9990641956766433
auto,chb08,chb08_13.edf,0,0.9995338111455115
auto,chb08,chb08_13.edf,0,0.9993657162718519
auto,chb08,chb08_13.edf,0,0.9995486454341125
auto,chb08,chb08_13.edf,0,0.9993340500243272
auto,chb08,chb08_13.edf,0,0.9994463969712778
auto,chb08,chb08_13.edf,0,0.9996044406444199
auto,chb08,chb08_13.edf,0,0.9996598559402516
auto,chb08,chb08_13.edf,0,0.9997165858441195
auto,chb08,chb08_13.edf,0,0.9993730172550881
auto,chb08,chb08_13.edf,0,0.9994107119014118
auto,chb08,chb08_13.edf,0,0.9994643725309246
auto,chb08,chb08_13.edf,1,0.9994533665793085
auto,chb08,chb08_13.edf,1,0.9996088266756837
auto,chb08,chb08_13.edf,1,0.9996902718008238
auto,chb08,chb08_13.edf,1,0.9996989998817774
auto,chb08,chb08_13.edf,1,0.9996646007915652
auto,chb08,chb08_13.edf,1,0.9994931837742728
auto,chb08,chb08_13.edf,1,0.9994698662315576
auto,chb08,chb08_13.edf,1,0.9994011391384044
auto,chb08,chb08_13.edf,1,0.9994697365050397
auto,chb08,chb08_13.edf,1,0.9993583811526988
auto,chb08,chb08_13.edf,1,0.9994565576507607
auto,chb08,chb08_13.edf,1,0.9993558659091561
auto,chb08,chb08_13.edf,1,0.9995285316622068
auto,chb08,chb08_13.edf,1,0.9995581194446824
auto,chb08,chb08_13.edf,1,0.9993958082775306
auto,chb08,chb08_13.edf,1,0.999533718193521
auto,chb08,chb08_13.edf,1,0.9993322569139343
auto,chb08,chb08_13.edf,0,0.9993466182978713
auto,chb08,chb08_13.edf,0,0.9994803845685774
auto,chb08,chb08_14.edf,0,0.9994149178527747
auto,chb08,chb08_14.edf,0,0.9994668594510042
auto,chb08,chb08_14.edf,0,0.9992016195695173
auto,chb08,chb08_14.edf,0,0.9992062122292866
auto,chb08,chb08_14.edf,0,0.9995789889658493
auto,chb08,chb08_14.edf,0,0.9995197302763442
auto,chb08,chb08_14.edf,0,0.9994855275725197
auto,chb08,chb08_14.edf,0,0.9995194619604281
auto,chb08,chb08_14.edf,0,0.9995876583275312
auto,chb08,chb08_14.edf,0,0.9993595567573086
auto,chb08,chb08_14.edf,0,0.9992773738982013
auto,chb08,chb08_14.edf,0,0.9993733641555521
auto,chb08,chb08_14.edf,0,0.9991953609216493
auto,chb08,chb08_14.edf,0,0.9992251591664609
auto,chb08,chb08_14.edf,0,0.9992518357415753
auto,chb08,chb08_14.edf,0,0.9991454949861781
auto,chb08,chb08_14.edf,0,0.9994481245100247
auto,chb08,chb08_14.edf,0,0.9994704693178146
auto,chb08,chb08_14.edf,0,0.9993482845211377
auto,chb08,chb08_14.edf,0,0.9993078492664724
auto,chb08,chb08_14.edf,0,0.9991593365985658
auto,chb08,chb08_15.edf,0,0.9991206460635169
auto,chb08,chb08_15.edf,0,0.9990165818669435
auto,chb08,chb08_15.edf,0,0.9991693852778203
auto,chb08,chb08_15.edf,0,0.9992716828617941
auto,chb08,chb08_15.edf,0,0.9991461564146624
auto,chb08,chb08_15.edf,0,0.9993548933729676
auto,chb08,chb08_15.edf,0,0.9993811773699537
auto,chb08,chb08_15.edf,0,0.9988264303648822
auto,chb08,chb08_15.edf,0,0.9994729391023693
auto,chb08,chb08_15.edf,0,0.9992649780732346
auto,chb08,chb08_15.edf,0,0.9986976135510129
auto,chb08,chb08_15.edf,0,0.9993482851229114
auto,chb08,chb08_15.edf,0,0.9994635259487431
auto,chb08,chb08_15.edf,0,0.9993121815340971
auto,chb08,chb08_15.edf,0,0.9993780692964871
auto,chb08,chb08_15.edf,0,0.9994395304754007
auto,chb08,chb08_15.edf,0,0.99933553283726
auto,chb08,chb08_15.edf,0,0.9993409262484101
auto,chb08,chb08_15.edf,0,0.9994334030086786
auto,chb08,chb08_15.edf,0,0.9993980270746029
auto,chb08,chb08_15.edf,0,0.9993031672538629
auto,chb08,chb08_15.edf,0,0.9994482521856682
auto,chb08,chb08_16.edf,0,0.9994533002428659
auto,chb08,chb08_16.edf,0,0.9994370172165916
auto,chb08,chb08_16.edf,0,0.9991192218535822
auto,chb08,chb08_16.edf,0,0.9994228781262859
auto,chb08,chb08_16.edf,0,0.9992969304846125
auto,chb08,chb08_16.edf,0,0.9993281948588738
auto,chb08,chb08_16.edf,0,0.999050311813685
auto,chb08,chb08_16.edf,0,0.9991171406583962
auto,chb08,chb08_16.edf,0,0.999354755754433
auto,chb08,chb08_16.edf,0,0.9991294329057231
auto,chb08,chb08_16.edf,0,0.9992725439032066
auto,chb08,chb08_16.edf,0,0.9992402047417611
auto,chb08,chb08_16.edf,0,0.9991205821999087
auto,chb08,chb08_16.edf,0,0.9994074112205993
auto,chb08,chb08_16.edf,0,0.9992913019553956
auto,chb08,chb08_16.edf,0,0.9994485674287131
auto,chb08,chb08_16.edf,0,0.9994921551380044
auto,chb08,chb08_16.edf,0,0.9992428055062839
auto,chb08,chb08_16.edf,0,0.9991336107132829
auto,chb08,chb08_16.edf,0,0.999437781997192
auto,chb08,chb08_16.edf,0,0.999546641380304
auto,chb08,chb08_16.edf,0,0.9993897500050698
auto,chb08,chb08_17.edf,0,0.9993046253962303
auto,chb08,chb08_17.edf,0,0.9993180162291829
auto,chb08,chb08_17.edf,0,0.9993650774096322
auto,chb08,chb08_17.edf,0,0.9992361776985584
auto,chb08,chb08_17.edf,0,0.9992664401029823
auto,chb08,chb08_17.edf,0,0.9992454979062805
auto,chb08,chb08_17.edf,0,0.999237779534664
auto,chb08,chb08_17.edf,0,0.9986653952958087
auto,chb08,chb08_17.edf,0,0.9992580562185784
auto,chb08,chb08_17.edf,0,0.9993186255863079
auto,chb08,chb08_17.edf,0,0.9992956258580689
auto,chb08,chb08_17.edf,0,0.9994066945027589
auto,chb08,chb08_17.edf,0,0.9993602722122744
auto,chb08,chb08_17.edf,0,0.9992495409631511
auto,chb08,chb08_17.edf,0,0.9992900620307632
auto,chb08,chb08_17.edf,0,0.9993646432008427
auto,chb08,chb08_17.edf,0,0.999346762687764
auto,chb08,chb08_17.edf,0,0.9993474323272905
auto,chb08,chb08_17.edf,0,0.9991375360725913
auto,chb08,chb08_17.edf,0,0.9992372662574192
auto,chb08,chb08_17.edf,0,0.9991735237669326
auto,chb08,chb08_17.edf,0,0.9993772122162247
auto,chb08,chb08_17.edf,0,0.9990762275102212
auto,chb08,chb08_17.edf,0,0.9993603627908935
auto,chb08,chb08_18.edf,0,0.9993829419813378
auto,chb08,chb08_18.edf,0,0.9993732405373532
auto,chb08,chb08_18.edf,0,0.9993812119078708
auto,chb08,chb08_18.edf,0,0.999359859075615
auto,chb08,chb08_18.edf,0,0.9992970646996637
auto,chb08,chb08_18.edf,0,0.9994044785281285
auto,chb08,chb08_18.edf,0,0.9992649236642086
auto,chb08,chb08_18.edf,0,0.9993761513987687
auto,chb08,chb08_18.edf,0,0.999383937264255
auto,chb08,chb08_18.edf,0,0.9992618712962857
auto,chb08,chb08_18.edf,0,0.9993078296483131
auto,chb08,chb08_18.edf,0,0.9993774356215931
auto,chb08,chb08_18.edf,0,0.9992561079262355
auto,chb08,chb08_18.edf,0,0.9991370206975251
auto,chb08,chb08_18.edf,0,0.9994192737366213
auto,chb08,chb08_18.edf,0,0.9991020603820405
auto,chb08,chb08_18.edf,0,0.9992331871612317
auto,chb08,chb08_18.edf,0,0.9992101172320682
auto,chb08,chb08_18.edf,0,0.9991056248290764
auto,chb08,chb08_18.edf,0,0.9991596291960615
auto,chb08,chb08_18.edf,0,0.9992969917420961
auto,chb08,chb08_18.edf,0,0.9991546475989246
auto,chb08,chb08_18.edf,0,0.9991551001784074
auto,chb08,chb08_18.edf,0,0.9992498807996381
auto,chb08,chb08_18.edf,0,0.9994420120672318
auto,chb08,chb08_19.edf,0,0.9993698831465029
auto,chb08,chb08_19.edf,0,0.9994895950020823
auto,chb08,chb08_19.edf,0,0.9992656701136517
auto,chb08,chb08_19.edf,0,0.999362219410738
auto,chb08,chb08_19.edf,0,0.9994252134058006
auto,chb08,chb08_19.edf,0,0.9994278582760503
auto,chb08,chb08_19.edf,0,0.9993675114052556
auto,chb08,chb08_19.edf,0,0.9994688987707144
auto,chb08,chb08_19.edf,0,0.9995411111862071
auto,chb08,chb08_19.edf,0,0.9993499244852948
auto,chb08,chb08_19.edf,0,0.9994025463993288
auto,chb08,chb08_19.edf,0,0.9991421640459279
auto,chb08,chb08_19.edf,0,0.9994512472421844
auto,chb08,chb08_19.edf,0,0.9992671779030223
auto,chb08,chb08_19.edf,0,0.9993802960628833
auto,chb08,chb08_19.edf,0,0.999273025106035
auto,chb08,chb08_20.edf,0,0.31804036237814426
auto,chb08,chb08_20.edf,0,0.3362018229458289
auto,chb08,chb08_20.edf,0,0.3349410965988387
auto,chb08,chb08_20.edf,0,0.2649705210369025
auto,chb08,chb08_20.edf,0,0.29252758985080796
auto,chb08,chb08_20.edf,0,0.28322337974320644
auto,chb08,chb08_20.edf,0,0.28384561958790494
auto,chb08,chb08_20.edf,0,0.3476228267799152
auto,chb08,chb08_20.edf,0,0.29824113419835135
auto,chb08,chb08_20.edf,0,0.33547214399843783
auto,chb08,chb08_20.edf,0,0.36676305870197995
auto,chb08,chb08_20.edf,0,0.3405683674425277
auto,chb08,chb08_20.edf,0,0.292006015427163
auto,chb08,chb08_20.edf,0,0.3097026103415917
auto,chb08,chb08_20.edf,0,0.2854037221210363
auto,chb08,chb08_20.edf,0,0.2779721380532853
auto,chb08,chb08_20.edf,0,0.2893005706161296
auto,chb08,chb08_20.edf,0,0.3400701649789194
auto,chb08,chb08_20.edf,0,0.366859263316379
auto,chb08,chb08_20.edf,0,0.3241945742610007
auto,chb08,chb08_20.edf,0,0.3516849798649213
auto,chb08,chb08_20.edf,0,0.379257148458555
auto,chb08,chb08_21.edf,0,0.999307247163335
auto,chb08,chb08_21.edf,0,0.9994324798296139
auto,chb08,chb08_21.edf,0,0.9996436688393913
auto,chb08,chb08_21.edf,0,0.9994766334617842
auto,chb08,chb08_21.edf,0,0.999537475509072
auto,chb08,chb08_21.edf,0,0.9994665557996223
auto,chb08,chb08_21.edf,0,0.9992078801803653
auto,chb08,chb08_21.edf,0,0.9994603369723762
auto,chb08,chb08_21.edf,0,0.9994892853505156
auto,chb08,chb08_21.edf,0,0.999392752066493
auto,chb08,chb08_21.edf,0,0.9992605369260773
auto,chb08,chb08_21.edf,0,0.9993326604862786
auto,chb08,chb08_21.edf,0,0.9995873760250187
auto,chb08,chb08_21.edf,0,0.9996100923293701
auto,chb08,chb08_21.edf,0,0.9997016043411201
auto,chb08,chb08_21.edf,1,0.9995189346371299
auto,chb08,chb08_21.edf,1,0.99963351063852
auto,chb08,chb08_21.edf,1,0.9996928729115022
auto,chb08,chb08_21.edf,1,0.9994533708080177
auto,chb08,chb08_21.edf,1,0.9995547648948704
auto,chb08,chb08_21.edf,1,0.9993505732033676
auto,chb08,chb08_21.edf,1,0.9989721916133395
auto,chb08,chb08_21.edf,1,0.9991890535540341
auto,chb08,chb08_21.edf,1,0.9991381337173915
auto,chb08,chb08_21.edf,1,0.9992514880361419
auto,chb08,chb08_21.edf,1,0.9993285396007574
auto,chb08,chb08_21.edf,1,0.9993924272325659
auto,chb08,chb08_21.edf,1,0.9994443257265724
auto,chb08,chb08_21.edf,1,0.9994730695419618
auto,chb08,chb08_21.edf,1,0.9992249700499225
auto,chb08,chb08_21.edf,1,0.9993335616269476
auto,chb08,chb08_21.edf,1,0.999265372965818
auto,chb08,chb08_21.edf,1,0.9992396990427841
auto,chb08,chb08_21.edf,1,0.9993850962169578
auto,chb08,chb08_21.edf,1,0.9991273639344889
auto,chb08,chb08_21.edf,1,0.9993273746826926
auto,chb08,chb08_21.edf,1,0.9994766307188496
auto,chb08,chb08_21.edf,1,0.9992390793819149
auto,chb08,chb08_21.edf,1,0.9993908045837445
auto,chb08,chb08_21.edf,1,0.999445503221494
auto,chb08,chb08_21.edf,1,0.9994539961171439
auto,chb08,chb08_21.edf,1,0.9992712588463716
auto,chb08,chb08_21.edf,0,0.9995669206126514
auto,chb08,chb08_21.edf,0,0.9991109290503858
auto,chb08,chb08_21.edf,0,0.9992473698181107
auto,chb08,chb08_21.edf,0,0.999537308455616
auto,chb08,chb08_21.edf,0,0.9991775164460357
auto,chb08,chb08_21.edf,0,0.9995022487332944
auto,chb08,chb08_21.edf,0,0.998894200303469
auto,chb08,chb08_22.edf,0,0.9994521555972039
auto,chb08,chb08_22.edf,0,0.9994488007261827
auto,chb08,chb08_22.edf,0,0.9995001209518842
auto,chb08,chb08_22.edf,0,0.9994168998196248
auto,chb08,chb08_22.edf,0,0.9993050740386703
auto,chb08,chb08_22.edf,0,0.9995334781207215
auto,chb08,chb08_22.edf,0,0.9995266663140014
auto,chb08,chb08_22.edf,0,0.9993384874059246
auto,chb08,chb08_22.edf,0,0.9992141815087819
auto,chb08,chb08_22.edf,0,0.9993059400242046
auto,chb08,chb08_22.edf,0,0.9992626184426594
auto,chb08,chb08_22.edf,0,0.9992278638944055
auto,chb08,chb08_22.edf,0,0.9992017363735695
auto,chb08,chb08_22.edf,0,0.9991113891779037
auto,chb08,chb08_22.edf,0,0.9989573151385904
auto,chb08,chb08_22.edf,0,0.9993665445683954
auto,chb08,chb08_22.edf,0,0.9993445355071607
auto,chb08,chb08_22.edf,0,0.9994482108293852
auto,chb08,chb08_22.edf,0,0.9992520382863749
auto,chb08,chb08_22.edf,0,0.9991332869305849
auto,chb08,chb08_23.edf,0,0.9989390996472127
auto,chb08,chb08_23.edf,0,0.9993888131078713
auto,chb08,chb08_23.edf,0,0.9992069483789443
auto,chb08,chb08_23.edf,0,0.9992313829855225
auto,chb08,chb08_23.edf,0,0.9991923122010324
auto,chb08,chb08_23.edf,0,0.9991320607171053
auto,chb08,chb08_23.edf,0,0.9994913313113827
auto,chb08,chb08_23.edf,0,0.9993149635814048
auto,chb08,chb08_23.edf,0,0.9992192640623876
auto,chb08,chb08_23.edf,0,0.9992830253396796
auto,chb08,chb08_23.edf,0,0.9993692701384298
auto,chb08,chb08_23.edf,0,0.9994087552969778
auto,chb08,chb08_23.edf,0,0.9992749105749323
auto,chb08,chb08_23.edf,0,0.9993288531426014
auto,chb08,chb08_23.edf,0,0.9990829021053923
auto,chb08,chb08_23.edf,0,0.9994966979835735
auto,chb08,chb08_23.edf,0,0.9993140503813817
auto,chb08,chb08_24.edf,0,0.9993123821527778
auto,chb08,chb08_24.edf,0,0.9993526127567864
auto,chb08,chb08_24.edf,0,0.9993463118548903
auto,chb08,chb08_24.edf,0,0.9993986584270684
auto,chb08,chb08_24.edf,0,0.9992906555188164
auto,chb08,chb08_24.edf,0,0.9993606036178364
auto,chb08,chb08_24.edf,0,0.99934009159807
auto,chb08,chb08_24.edf,0,0.9993381415997827
auto,chb08,chb08_24.edf,0,0.9996364796953503
auto,chb08,chb08_24.edf,0,0.9994060459456787
auto,chb08,chb08_24.edf,0,0.9994945738709372
auto,chb08,chb08_24.edf,0,0.9994878668983446
auto,chb08,chb08_24.edf,0,0.9992163645838528
auto,chb08,chb08_24.edf,0,0.999461708427073
auto,chb08,chb08_24.edf,0,0.9995699017365014
auto,chb08,chb08_24.edf,0,0.9995704722781418
auto,chb08,chb08_24.edf,0,0.9995153902781749
auto,chb08,chb08_24.edf,0,0.9994790180709043
auto,chb08,chb08_24.edf,0,0.9995192955507827
auto,chb08,chb08_24.edf,0,0.9994322976982749
auto,chb08,chb08_29.edf,0,0.9891216300610448
auto,chb08,chb08_29.edf,0,0.9993847450208632
auto,chb08,chb08_29.edf,0,0.9994569582098602
auto,chb08,chb08_29.edf,0,0.999434375020171
auto,chb08,chb08_29.edf,0,0.999162856673165
auto,chb08,chb08_29.edf,0,0.9992775517838468
auto,chb08,chb08_29.edf,0,0.9992492480140313
auto,chb08,chb08_29.edf,0,0.9991591433403952
auto,chb08,chb08_29.edf,0,0.999508591015334
auto,chb08,chb08_29.edf,0,0.999484215660412
auto,chb08,chb08_29.edf,0,0.9993161083942078
auto,chb08,chb08_29.edf,0,0.9993399480140709
auto,chb08,chb08_29.edf,0,0.9992737520084631
auto,chb08,chb08_29.edf,0,0.9994736238739559
auto,chb08,chb08_29.edf,0,0.9992269786558634
auto,chb08,chb08_29.edf,0,0.9990778291679375
auto,chb08,chb08_29.edf,0,0.9993478784145371
auto,chb08,chb08_29.edf,0,0.9992905264711284
auto,chb08,chb08_29.edf,0,0.9991675056369804
auto,chb08,chb08_29.edf,0,0.9994547276507563
auto,chb08,chb08_29.edf,0,0.9994334281671619
auto,chb12,chb12_06.edf,0,0.7321419590092926
auto,chb12,chb12_06.edf,0,0.7171307302676738
auto,chb12,chb12_06.edf,0,0.6530727128616874
auto,chb12,chb12_06.edf,0,0.74261965236283
auto,chb12,chb12_06.edf,0,0.6836164344054273
auto,chb12,chb12_06.edf,0,0.7296910756538828
auto,chb12,chb12_06.edf,0,0.7073080954669406
auto,chb12,chb12_06.edf,0,0.5225014813145672
auto,chb12,chb12_06.edf,0,0.7562933162506493
auto,chb12,chb12_06.edf,0,0.7609375518064133
auto,chb12,chb12_06.edf,1,0.8066378390886692
auto,chb12,chb12_06.edf,1,0.7488748798215069
auto,chb12,chb12_06.edf,1,0.5432310057022777
auto,chb12,chb12_06.edf,1,0.5984418637533822
auto,chb12,chb12_06.edf,1,0.7320406764471343
auto,chb12,chb12_06.edf,1,0.6447595194295327
auto,chb12,chb12_06.edf,1,0.7027728922216406
auto,chb12,chb12_06.edf,0,0.7777313314676214
auto,chb12,chb12_06.edf,0,0.7608095703438322
auto,chb12,chb12_06.edf,0,0.6589308269510028
auto,chb12,chb12_06.edf,0,0.7107891798976299
auto,chb12,chb12_06.edf,0,0.7282911387007779
auto,chb12,chb12_06.edf,0,0.667829006466481
auto,chb12,chb12_06.edf,0,0.7359213162780546
auto,chb12,chb12_06.edf,0,0.6733185408395083
auto,chb12,chb12_06.edf,0,0.5199791504412327
auto,chb12,chb12_06.edf,1,0.7788954848538109
auto,chb12,chb12_06.edf,1,0.7896676663736272
auto,chb12,chb12_06.edf,1,0.5525935632720046
auto,chb12,chb12_06.edf,1,0.5389528130087212
auto,chb12,chb12_06.edf,0,0.7068126958473858
auto,chb12,chb12_06.edf,0,0.12184429637172321
auto,chb12,chb12_08.edf,0,0.9973090632407321
auto,chb12,chb12_08.edf,0,0.9995897251034318
auto,chb12,chb12_08.edf,0,0.9995403445095793
auto,chb12,chb12_08.edf,0,0.9996306589498849
auto,chb12,chb12_08.edf,0,0.9993855171833363
auto,chb12,chb12_08.edf,1,0.9993724945795202
auto,chb12,chb12_08.edf,1,0.9995778413812582
auto,chb12,chb12_08.edf,0,0.9994113852915905
auto,chb12,chb12_08.edf,0,0.9995414986295224
auto,chb12,chb12_08.edf,0,0.9992928032101791
auto,chb12,chb12_08.edf,1,0.9995148827419453
auto,chb12,chb12_08.edf,1,0.9995869839884979
auto,chb12,chb12_08.edf,1,0.9993422441391946
auto,chb12,chb12_08.edf,0,0.9992519803724835
auto,chb12,chb12_08.edf,0,0.9994098093038188
auto,chb12,chb12_08.edf,0,0.9994399911444973
auto,chb12,chb12_08.edf,1,0.9995337516239291
auto,chb12,chb12_08.edf,1,0.9996916040749224
auto,chb12,chb12_08.edf,1,0.9995278535948354
auto,chb12,chb12_08.edf,0,0.9995017200034428
auto,chb12,chb12_08.edf,0,0.9993967823441642
auto,chb12,chb12_08.edf,0,0.9995128788500837
auto,chb12,chb12_08.edf,0,0.9994272985380499
auto,chb12,chb12_08.edf,0,0.9994137665891301
auto,chb12,chb12_08.edf,1,0.9992689870847723
auto,chb12,chb12_08.edf,1,0.9994021050840886
auto,chb12,chb12_08.edf,1,0.9996136250368494
auto,chb12,chb12_08.edf,1,0.999365575427452
auto,chb12,chb12_08.edf,0,0.9992047328679146
auto,chb12,chb12_08.edf,0,0.9994174858433144
auto,chb12,chb12_08.edf,0,0.9993922238723428
auto,chb12,chb12_08.edf,0,0.9995034238192697
auto,chb12,chb12_09.edf,0,0.9992200972150412
auto,chb12,chb12_09.edf,0,0.9993665759537042
auto,chb12,chb12_09.edf,0,0.9994234927895604
auto,chb12,chb12_09.edf,0,0.9993743860862307
auto,chb12,chb12_09.edf,0,0.9993205482439536
auto,chb12,chb12_09.edf,0,0.9994612522201005
auto,chb12,chb12_09.edf,0,0.9993970463996248
auto,chb12,chb12_09.edf,0,0.9993383090143081
auto,chb12,chb12_09.edf,0,0.9992944999087658
auto,chb12,chb12_09.edf,0,0.9992063797529224
auto,chb12,chb12_09.edf,0,0.999315949584089
auto,chb12,chb12_09.edf,0,0.9996298780562264
auto,chb12,chb12_09.edf,0,0.9995926074534359
auto,chb12,chb12_09.edf,0,0.9995221589706139
auto,chb12,chb12_09.edf,0,0.9992426219213945
auto,chb12,chb12_09.edf,0,0.9994363236535129
auto,chb12,chb12_09.edf,0,0.9989014107072347
auto,chb12,chb12_09.edf,0,0.9992765477900576
auto,chb12,chb12_09.edf,0,0.9995782415576061
auto,chb12,chb12_09.edf,0,0.9994152715464475
auto,chb12,chb12_09.edf,0,0.9995413437469123
auto,chb12,chb12_09.edf,0,0.9995216132409247
auto,chb12,chb12_09.edf,1,0.9997386514545434
auto,chb12,chb12_09.edf,1,0.9993600831452857
auto,chb12,chb12_09.edf,1,0.9997083566040306
auto,chb12,chb12_09.edf,1,0.9991900477329237
auto,chb12,chb12_09.edf,0,0.9986169536640929
auto,chb12,chb12_09.edf,0,0.9994306763386868
auto,chb12,chb12_09.edf,0,0.9994890287529997
auto,chb12,chb12_09.edf,1,0.9996046658395219
auto,chb12,chb12_09.edf,1,0.9998457799138211
auto,chb12,chb12_09.edf,1,0.999769675876803
auto,chb12,chb12_09.edf,1,0.9994618981762424
auto,chb12,chb12_10.edf,0,0.9994921592118567
auto,chb12,chb12_10.edf,0,0.9995274840639043
auto,chb12,chb12_10.edf,0,0.9992673888438963
auto,chb12,chb12_10.edf,1,0.9994741742313171
auto,chb12,chb12_10.edf,1,0.9997131887353216
auto,chb12,chb12_10.edf,1,0.9997371420026473
auto,chb12,chb12_10.edf,1,0.9994811120093172
auto,chb12,chb12_10.edf,0,0.9993817547739601
auto,chb12,chb12_10.edf,0,0.999222566267119
auto,chb12,chb12_10.edf,1,0.9995780235189177
auto,chb12,chb12_10.edf,1,0.9995883707226197
auto,chb12,chb12_10.edf,1,0.999759177877668
auto,chb12,chb12_10.edf,1,0.9997329300550334
auto,chb12,chb12_10.edf,1,0.9995828669954177
auto,chb12,chb12_10.edf,0,0.9994009582076767
auto,chb12,chb12_10.edf,0,0.9992990462476085
auto,chb12,chb12_10.edf,0,0.999320003432031
auto,chb12,chb12_10.edf,0,0.9991048092026905
auto,chb12,chb12_10.edf,0,0.9992724534560583
auto,chb12,chb12_10.edf,0,0.9992283233884776
auto,chb12,chb12_10.edf,0,0.9992538126744286
auto,chb12,chb12_10.edf,0,0.999101857098724
auto,chb12,chb12_10.edf,0,0.9993105640933999
auto,chb12,chb12_10.edf,0,0.9991962627514884
auto,chb12,chb12_10.edf,0,0.9989710741767743
auto,chb12,chb12_10.edf,0,0.9990989561724605
auto,chb12,chb12_10.edf,0,0.9993691022554666
auto,chb12,chb12_10.edf,0,0.9993039708348784
auto,chb12,chb12_10.edf,0,0.999174671928097
auto,chb12,chb12_10.edf,0,0.9991227904888206
auto,chb12,chb12_10.edf,0,0.9992613596003953
auto,chb12,chb12_11.edf,0,0.9989817511210805
auto,chb12,chb12_11.edf,1,0.9992525939039892
auto,chb12,chb12_11.edf,1,0.9995659382815274
auto,chb12,chb12_11.edf,1,0.9995857293866653
auto,chb12,chb12_11.edf,1,0.9996618581837772
auto,chb12,chb12_11.edf,1,0.9988155297345375
auto,chb12,chb12_11.edf,0,0.9995921785499208
auto,chb12,chb12_11.edf,0,0.999631883686019
auto,chb12,chb12_11.edf,0,0.9996067748582466
auto,chb12,chb12_11.edf,0,0.999659746923647
auto,chb12,chb12_11.edf,0,0.9997246873623854
auto,chb12,chb12_11.edf,0,0.9995509611049093
auto,chb12,chb12_11.edf,0,0.9995217431095954
auto,chb12,chb12_11.edf,0,0.9995164383649587
auto,chb12,chb12_11.edf,0,0.9996269471025803
auto,chb12,chb12_19.edf,0,0.33211585733041915
auto,chb12,chb12_19.edf,0,0.3358986906277777
auto,chb12,chb12_19.edf,0,0.3285440305760999
auto,chb12,chb12_19.edf,0,0.3443429351800973
auto,chb12,chb12_19.edf,0,0.4201245643089988
auto,chb12,chb12_19.edf,0,0.32291761648178624
auto,chb12,chb12_19.edf,0,0.296017203185874
auto,chb12,chb12_19.edf,0,0.4022704025401575
auto,chb12,chb12_19.edf,0,0.37494540292534395
auto,chb12,chb12_19.edf,0,0.31864641667324334
auto,chb12,chb12_19.edf,0,0.39434039333206156
auto,chb12,chb12_19.edf,0,0.4321935343487925
auto,chb12,chb12_19.edf,0,0.38286664488450073
auto,chb12,chb12_19.edf,0,0.27470391235209346
auto,chb12,chb12_19.edf,0,0.35873008988282357
auto,chb12,chb12_19.edf,0,0.39033880400738974
auto,chb12,chb12_19.edf,0,0.3862881740369116
auto,chb12,chb12_19.edf,0,0.34103086049249026
auto,chb12,chb12_19.edf,0,0.3594300213978254
auto,chb12,chb12_19.edf,0,0.337409081780613
auto,chb12,chb12_19.edf,0,0.39688831644062394
auto,chb12,chb12_19.edf,0,0.3537499011354186
auto,chb12,chb12_19.edf,0,0.3677862525278448
auto,chb12,chb12_19.edf,0,0.38890979126233804
auto,chb12,chb12_19.edf,0,0.3441178125385768
auto,chb12,chb12_19.edf,0,0.38673189241643613
auto,chb12,chb12_19.edf,0,0.36743272142089967
auto,chb12,chb12_19.edf,0,0.3806608453669418
auto,chb12,chb12_19.edf,0,0.3632507571081417
auto,chb12,chb12_19.edf,0,0.3140735447637366
auto,chb12,chb12_19.edf,0,0.36794386652519495
auto,chb12,chb12_20.edf,0,0.5802573878522491
auto,chb12,chb12_20.edf,0,0.6711763898525497
auto,chb12,chb12_20.edf,0,0.6397022935493364
auto,chb12,chb12_20.edf,0,0.5367895845888186
auto,chb12,chb12_20.edf,0,0.6575102148837523
auto,chb12,chb12_20.edf,0,0.6108079165284761
auto,chb12,chb12_20.edf,0,0.6379089074880262
auto,chb12,chb12_20.edf,0,0.5984275139112001
auto,chb12,chb12_20.edf,0,0.6327331936208188
auto,chb12,chb12_20.edf,0,0.6153643807045416
auto,chb12,chb12_20.edf,0,0.5892728022503361
auto,chb12,chb12_20.edf,0,0.6089754961923022
auto,chb12,chb12_20.edf,0,0.6421107284432896
auto,chb12,chb12_20.edf,0,0.6547914856112071
auto,chb12,chb12_20.edf,0,0.5904689454604237
auto,chb12,chb12_20.edf,0,0.6914888714178111
auto,chb12,chb12_20.edf,0,0.6549825028375356
auto,chb12,chb12_20.edf,0,0.5623006927285262
auto,chb12,chb12_20.edf,0,0.664041493891742
auto,chb12,chb12_20.edf,0,0.653990776909839
auto,chb12,chb12_20.edf,0,0.5794246653660908
auto,chb12,chb12_20.edf,0,0.6434639110173909
auto,chb12,chb12_20.edf,0,0.6813167105451132
auto,chb12,chb12_20.edf,0,0.6384100068402659
auto,chb12,chb12_20.edf,0,0.6471915105500617
auto,chb12,chb12_20.edf,0,0.6584223235080799
auto,chb12,chb12_20.edf,0,0.6212608407551298
auto,chb12,chb12_20.edf,0,0.5892890964681848
auto,chb12,chb12_20.edf,0,0.6133823199576344
auto,chb12,chb12_21.edf,0,0.36128673237009046
auto,chb12,chb12_21.edf,0,0.35184590046352465
auto,chb12,chb12_21.edf,0,0.331212586295115
auto,chb12,chb12_21.edf,0,0.3468992773076255
auto,chb12,chb12_21.edf,0,0.35125234518901194
auto,chb12,chb12_21.edf,0,0.3876010914169211
auto,chb12,chb12_21.edf,0,0.30934982703529545
auto,chb12,chb12_21.edf,0,0.3837784123058724
auto,chb12,chb12_21.edf,0,0.3326704912878569
auto,chb12,chb12_21.edf,0,0.316295658586845
auto,chb12,chb12_21.edf,0,0.3086948859885727
auto,chb12,chb12_21.edf,0,0.333426659924593
auto,chb12,chb12_21.edf,0,0.3339607157813573
auto,chb12,chb12_21.edf,0,0.3429026207655059
auto,chb12,chb12_21.edf,0,0.37183480649235695
auto,chb12,chb12_21.edf,0,0.3889743249191219
auto,chb12,chb12_21.edf,0,0.3600112792751835
auto,chb12,chb12_21.edf,0,0.27979109807895675
auto,chb12,chb12_21.edf,0,0.2779191471227056
auto,chb12,chb12_21.edf,0,0.29220717090601955
auto,chb12,chb12_21.edf,0,0.23357387765648666
auto,chb12,chb12_21.edf,0,0.35239246011176123
auto,chb12,chb12_21.edf,0,0.3032065844498769
auto,chb12,chb12_21.edf,0,0.28014406382279294
auto,chb12,chb12_21.edf,0,0.2534812206831396
auto,chb12,chb12_23.edf,0,0.33494101302246926
auto,chb12,chb12_23.edf,0,0.30724415190065457
auto,chb12,chb12_23.edf,1,0.30665333682408125
auto,chb12,chb12_23.edf,1,0.2866678477440448
auto,chb12,chb12_23.edf,1,0.24290163999351017
auto,chb12,chb12_23.edf,1,0.23343254810370828
auto,chb12,chb12_23.edf,1,0.3120522748491415
auto,chb12,chb12_23.edf,1,0.30036005547578715
auto,chb12,chb12_23.edf,1,0.3380071746307771
auto,chb12,chb12_23.edf,1,0.2580116534051383
auto,chb12,chb12_23.edf,1,0.28165094050776174
auto,chb12,chb12_23.edf,0,0.3095305249428446
auto,chb12,chb12_23.edf,0,0.32378970537879614
auto,chb12,chb12_23.edf,1,0.29609627056049975
auto,chb12,chb12_23.edf,1,0.32753871635704396
auto,chb12,chb12_23.edf,1,0.2762031926402226
auto,chb12,chb12_23.edf,1,0.23307918622081514
auto,chb12,chb12_23.edf,1,0.2585842351023825
auto,chb12,chb12_23.edf,1,0.282693646719082
auto,chb12,chb12_23.edf,1,0.2621528330732036
auto,chb12,chb12_23.edf,1,0.2527326274460461
auto,chb12,chb12_23.edf,1,0.3054316941514088
auto,chb12,chb12_23.edf,1,0.2837620179562118
auto,chb12,chb12_23.edf,1,0.3286285829176787
auto,chb12,chb12_23.edf,0,0.22278305957427932
auto,chb12,chb12_23.edf,1,0.26120095548370964
auto,chb12,chb12_23.edf,1,0.27697574323527807
auto,chb12,chb12_23.edf,1,0.25261624265569654
auto,chb12,chb12_23.edf,1,0.24314763866430797
auto,chb12,chb12_23.edf,0,0.3350772001110944
auto,chb12,chb12_23.edf,0,0.30108932806558086
auto,chb12,chb12_23.edf,0,0.3572388090736003
auto,chb12,chb12_23.edf,0,0.411705171399899
auto,chb12,chb12_23.edf,0,0.41524241929466443
auto,chb12,chb12_23.edf,0,0.35955055880992487
auto,chb12,chb12_23.edf,0,0.37594519809402854
auto,chb12,chb12_23.edf,0,0.32085498306302446
auto,chb12,chb12_23.edf,0,0.35335680481195275
auto,chb12,chb12_23.edf,0,0.2895328547075498
auto,chb12,chb12_23.edf,0,0.39707552324746376
auto,chb12,chb12_23.edf,0,0.3137268701203526
auto,chb12,chb12_23.edf,0,0.38649292141749775
auto,chb12,chb12_23.edf,0,0.3039203196790316
auto,chb12,chb12_23.edf,0,0.283135991995308
auto,chb12,chb12_23.edf,0,0.27577795559816176
auto,chb12,chb12_23.edf,0,0.30265411191019753
auto,chb12,chb12_23.edf,0,0.2840387580659283
auto,chb12,chb12_23.edf,0,0.34736478898439754
auto,chb12,chb12_23.edf,0,0.35716937765638057
auto,chb12,chb12_23.edf,0,0.3610044874868151
auto,chb12,chb12_23.edf,0,0.35045099722478945
auto,chb12,chb12_23.edf,0,0.3160525667894418
auto,chb12,chb12_23.edf,0,0.36861798243307314
auto,chb12,chb12_24.edf,0,0.3389013367280777
auto,chb12,chb12_24.edf,0,0.25616904793452766
auto,chb12,chb12_24.edf,0,0.35620016149242995
auto,chb12,chb12_24.edf,0,0.314159158938971
auto,chb12,chb12_24.edf,0,0.3171175511262061
auto,chb12,chb12_24.edf,0,0.29444994734648944
auto,chb12,chb12_24.edf,0,0.4199227734673929
auto,chb12,chb12_24.edf,0,0.3100279513453944
auto,chb12,chb12_24.edf,0,0.30731998713621533
auto,chb12,chb12_24.edf,0,0.2226015229767745
auto,chb12,chb12_24.edf,0,0.358122729460945
auto,chb12,chb12_24.edf,0,0.33371500948421795
auto,chb12,chb12_24.edf,0,0.3058481435154298
auto,chb12,chb12_24.edf,0,0.29719465907187875
auto,chb12,chb12_24.edf,0,0.34733107482486786
auto,chb12,chb12_24.edf,0,0.3106071106158542
auto,chb12,chb12_24.edf,0,0.3370662509285158
auto,chb12,chb12_24.edf,0,0.321938957470533
auto,chb12,chb12_24.edf,0,0.30668987421619
auto,chb12,chb12_24.edf,0,0.3589575716411758
auto,chb12,chb12_24.edf,0,0.29868336612870283
auto,chb12,chb12_24.edf,0,0.3789036559386981
auto,chb12,chb12_24.edf,0,0.3129271366589843
auto,chb12,chb12_24.edf,0,0.35034513578058896
auto,chb12,chb12_32.edf,0,0.5253069557254466
auto,chb12,chb12_32.edf,0,0.5537325986304806
auto,chb12,chb12_32.edf,0,0.5819530944283406
auto,chb12,chb12_32.edf,0,0.5754618351010505
auto,chb12,chb12_32.edf,0,0.5028841967396478
auto,chb12,chb12_32.edf,0,0.57687797615294
auto,chb12,chb12_32.edf,0,0.5726863075916891
auto,chb12,chb12_32.edf,0,0.57028072591592
auto,chb12,chb12_32.edf,0,0.5866943350672189
auto,chb12,chb12_32.edf,0,0.2833441994972206
auto,chb12,chb12_32.edf,0,0.5304784934201701
auto,chb12,chb12_32.edf,0,0.2203332510586841
auto,chb12,chb12_32.edf,0,0.3023334725528269
auto,chb12,chb12_32.edf,0,0.5018194195756407
auto,chb12,chb12_32.edf,0,0.4577352661898926
auto,chb12,chb12_32.edf,0,0.5127034143065234
auto,chb12,chb12_32.edf,0,0.629654342459896
auto,chb12,chb12_32.edf,0,0.6264576394538109
auto,chb12,chb12_32.edf,0,0.5445236357533608
auto,chb12,chb12_32.edf,0,0.5772387103320823
auto,chb12,chb12_32.edf,0,0.5928913412447744
auto,chb12,chb12_32.edf,0,0.6226681040595332
auto,chb12,chb12_32.edf,0,0.6554391816481753
auto,chb12,chb12_32.edf,0,0.5140071193231983
auto,chb12,chb12_32.edf,0,0.6190572258951178
auto,chb12,chb12_32.edf,0,0.6462769863385319
auto,chb12,chb12_32.edf,0,0.5273698684981342
auto,chb12,chb12_32.edf,0,0.5483734554376399
auto,chb12,chb12_32.edf,0,0.5929983197834124
auto,chb12,chb12_32.edf,0,0.6250340240425005
auto,chb12,chb12_33.edf,0,0.9996300560597633
auto,chb12,chb12_33.edf,0,0.9996424813323556
auto,chb12,chb12_33.edf,0,0.999527917749873
auto,chb12,chb12_33.edf,0,0.9995793102586938
auto,chb12,chb12_33.edf,0,0.999309166562427
auto,chb12,chb12_33.edf,0,0.9996801619676541
auto,chb12,chb12_33.edf,0,0.9996071118747303
auto,chb12,chb12_33.edf,0,0.9995616644320791
auto,chb12,chb12_33.edf,0,0.9996812248566566
auto,chb12,chb12_33.edf,0,0.9996421231928181
auto,chb12,chb12_33.edf,0,0.999584574475744
auto,chb12,chb12_33.edf,0,0.9994144420392562
auto,chb12,chb12_33.edf,0,0.9994315800826471
auto,chb12,chb12_33.edf,0,0.9993273302622074
auto,chb12,chb12_33.edf,0,0.9992590185685153
auto,chb12,chb12_33.edf,0,0.9994083557749377
auto,chb12,chb12_33.edf,0,0.998959275861044
auto,chb12,chb12_33.edf,0,0.9995926096983958
auto,chb12,chb12_33.edf,0,0.9994442438698093
auto,chb12,chb12_33.edf,1,0.9994263038035387
auto,chb12,chb12_33.edf,1,0.9996707443253403
auto,chb12,chb12_33.edf,1,0.999005784946224
auto,chb12,chb12_33.edf,0,0.9994570019293765
auto,chb12,chb12_33.edf,0,0.9993750549965921
auto,chb12,chb12_33.edf,0,0.9994559655072482
auto,chb12,chb12_33.edf,1,0.9993899355598493
auto,chb12,chb12_33.edf,1,0.9995098452864236
auto,chb12,chb12_33.edf,1,0.999410325835105
auto,chb12,chb12_33.edf,0,0.9989065380904966
auto,chb12,chb12_33.edf,0,0.9989023828586275
auto,chb12,chb12_33.edf,0,0.9988037160762651
auto,chb12,chb12_33.edf,0,0.9995914462577848
auto,chb12,chb12_33.edf,0,0.9992113768455462
auto,chb12,chb12_33.edf,0,0.9995269104001671
auto,chb12,chb12_33.edf,0,0.9995783059659403
auto,chb12,chb12_34.edf,0,0.9995706018816988
auto,chb12,chb12_34.edf,0,0.9994640576462522
auto,chb12,chb12_34.edf,0,0.9993737770081164
auto,chb12,chb12_34.edf,0,0.9995615225828645
auto,chb12,chb12_34.edf,0,0.9996326490026511
auto,chb12,chb12_34.edf,0,0.9995470261396594
auto,chb12,chb12_34.edf,0,0.9995281575041463
auto,chb12,chb12_34.edf,0,0.9994674588385626
auto,chb12,chb12_34.edf,0,0.9995004909687317
auto,chb12,chb12_34.edf,0,0.9996578922828994
auto,chb12,chb12_34.edf,0,0.9996274048016817
auto,chb12,chb12_34.edf,0,0.9995620278818562
auto,chb12,chb12_34.edf,0,0.9995521579173472
auto,chb12,chb12_34.edf,0,0.999565522597825
auto,chb12,chb12_34.edf,0,0.9995114364229596
auto,chb12,chb12_34.edf,0,0.9992044027842432
auto,chb12,chb12_34.edf,0,0.5076289973431934
auto,chb12,chb12_34.edf,0,0.9993591741126446
auto,chb12,chb12_34.edf,0,0.9995274362220307
auto,chb12,chb12_34.edf,0,0.999592472174975
auto,chb12,chb12_35.edf,0,0.9995752675864693
auto,chb12,chb12_35.edf,0,0.999538958423305
auto,chb12,chb12_35.edf,0,0.9987195632916578
auto,chb12,chb12_35.edf,0,0.9995859201495327
auto,chb12,chb12_35.edf,0,0.9994449104836264
auto,chb12,chb12_35.edf,0,0.9991803014349385
auto,chb12,chb12_35.edf,0,0.9990495816237275
auto,chb12,chb12_35.edf,0,0.9991437923796122
auto,chb12,chb12_35.edf,0,0.9992282198135197
auto,chb12,chb12_35.edf,0,0.9992936371292631
auto,chb12,chb12_35.edf,0,0.9993683748845866
auto,chb12,chb12_35.edf,0,0.9993438862413034
auto,chb12,chb12_35.edf,0,0.9992952528505675
auto,chb12,chb12_35.edf,0,0.9992669335845974
auto,chb12,chb12_35.edf,0,0.9996390296536829
auto,chb12,chb12_35.edf,0,0.9994344836307233
auto,chb12,chb12_35.edf,0,0.9995571688271534
auto,chb12,chb12_35.edf,0,0.9991973219476212
auto,chb12,chb12_35.edf,0,0.999301185183224
auto,chb12,chb12_35.edf,0,0.9995766008470384
auto,chb12,chb12_36.edf,0,0.6211105763210442
auto,chb12,chb12_36.edf,0,0.5978046270450915
auto,chb12,chb12_36.edf,0,0.5952462529518171
auto,chb12,chb12_36.edf,0,0.6228510664169192
auto,chb12,chb12_36.edf,0,0.6240111679863964
auto,chb12,chb12_36.edf,0,0.5220838581796372
auto,chb12,chb12_36.edf,0,0.5818266920159985
auto,chb12,chb12_36.edf,0,0.5803902531491952
auto,chb12,chb12_36.edf,0,0.6002293704243833
auto,chb12,chb12_36.edf,0,0.6456421517067192
auto,chb12,chb12_36.edf,1,0.5978143456802276
auto,chb12,chb12_36.edf,1,0.650720374763445
auto,chb12,chb12_36.edf,1,0.6179999050480376
auto,chb12,chb12_36.edf,0,0.62158511102564
auto,chb12,chb12_36.edf,0,0.6712267604019874
auto,chb12,chb12_36.edf,0,0.6112263065732453
auto,chb12,chb12_36.edf,0,0.6459061787098641
auto,chb12,chb12_36.edf,0,0.6071503049431413
auto,chb12,chb12_36.edf,0,0.6018526484124048
auto,chb12,chb12_36.edf,0,0.6108705120215663
auto,chb12,chb12_36.edf,0,0.7283994138895447
auto,chb12,chb12_36.edf,0,0.5920215184851875
auto,chb12,chb12_36.edf,0,0.6441081690409534
auto,chb12,chb12_36.edf,0,0.6381223000869461
auto,chb12,chb12_36.edf,0,0.587310630596038
auto,chb12,chb12_36.edf,0,0.6116039451039551
auto,chb12,chb12_36.edf,0,0.5828862606332798
auto,chb12,chb12_36.edf,0,0.5569569475841817
auto,chb12,chb12_36.edf,0,0.47748763719515086
auto,chb12,chb12_36.edf,0,0.4909261993151117
auto,chb12,chb12_36.edf,0,0.6515679061916042
auto,chb12,chb12_36.edf,0,0.3287293187011184
auto,chb12,chb12_36.edf,0,0.5845231535428259
auto,chb12,chb12_36.edf,0,0.4501971155840754
auto,chb12,chb12_37.edf,0,0.45938206813902827
auto,chb12,chb12_37.edf,0,0.7422782588664888
auto,chb12,chb12_37.edf,0,0.4358796302585147
auto,chb12,chb12_37.edf,0,0.6001003896416708
auto,chb12,chb12_37.edf,0,0.4034114413649846
auto,chb12,chb12_37.edf,0,0.7169632526223755
auto,chb12,chb12_37.edf,0,0.7497828459019268
auto,chb12,chb12_37.edf,0,0.7927990781242712
auto,chb12,chb12_37.edf,0,0.7562643903862393
auto,chb12,chb12_37.edf,0,0.7624677720584144
auto,chb12,chb12_37.edf,0,0.7522492051942237
auto,chb12,chb12_37.edf,0,0.7687321229485204
auto,chb12,chb12_37.edf,0,0.7121568933576277
auto,chb12,chb12_37.edf,0,0.7430093533906557
auto,chb12,chb12_37.edf,0,0.7490701461678494
auto,chb12,chb12_37.edf,0,0.6496999315043842
auto,chb12,chb12_37.edf,0,0.6827915750357751
auto,chb12,chb12_37.edf,0,0.5342005336515102
auto,chb12,chb12_37.edf,0,0.654706799266481
auto,chb12,chb12_37.edf,0,0.6323921570562214
auto,chb12,chb12_37.edf,0,0.7305079742648377
auto,chb12,chb12_37.edf,0,0.6580056564152239
auto,chb12,chb12_37.edf,0,0.5941068874779968
auto,chb12,chb12_37.edf,0,0.6509048595439059
auto,chb12,chb12_37.edf,0,0.5992387385921784
auto,chb12,chb12_37.edf,0,0.62889422660154
auto,chb12,chb12_37.edf,0,0.5830014844361503
auto,chb12,chb12_38.edf,0,0.9992585673969508
auto,chb12,chb12_38.edf,0,0.9989551629310526
auto,chb12,chb12_38.edf,0,0.9992572097339193
auto,chb12,chb12_38.edf,0,0.9993298189463629
auto,chb12,chb12_38.edf,0,0.9993085164024272
auto,chb12,chb12_38.edf,0,0.9991897463453053
auto,chb12,chb12_38.edf,0,0.9991885026874523
auto,chb12,chb12_38.edf,0,0.9993298930449072
auto,chb12,chb12_38.edf,0,0.9991935388250195
auto,chb12,chb12_38.edf,0,0.999116750820257
auto,chb12,chb12_38.edf,1,0.999411145112489
auto,chb12,chb12_38.edf,1,0.9993769570809128
auto,chb12,chb12_38.edf,1,0.9995103177155359
auto,chb12,chb12_38.edf,1,0.9993921349587962
auto,chb12,chb12_38.edf,0,0.9993348801598969
auto,chb12,chb12_38.edf,0,0.8470431029967777
auto,chb12,chb12_38.edf,0,0.9992175638073232
auto,chb12,chb12_38.edf,0,0.999288322163924
auto,chb12,chb12_38.edf,0,0.9995747529040043
auto,chb12,chb12_38.edf,0,0.9995893699551658
auto,chb12,chb12_38.edf,0,0.9993069130785764
auto,chb12,chb12_38.edf,1,0.9994565539525069
auto,chb12,chb12_38.edf,1,0.9996938122509799
auto,chb12,chb12_38.edf,1,0.9995307103894786
auto,chb12,chb12_38.edf,1,0.9986613139869183
auto,chb12,chb12_38.edf,0,0.9993935435732549
auto,chb12,chb12_38.edf,1,0.9993369694930481
auto,chb12,chb12_38.edf,1,0.9995953596353886
auto,chb12,chb12_38.edf,1,0.9994176277581507
auto,chb12,chb12_38.edf,1,0.9986248841185352
auto,chb12,chb12_38.edf,1,0.9993851487344434
auto,chb12,chb12_38.edf,0,0.9993251147201592
auto,chb12,chb12_38.edf,1,0.9995139796950959
auto,chb12,chb12_38.edf,1,0.9996857524831056
auto,chb12,chb12_38.edf,1,0.9992481955034392
auto,chb12,chb12_38.edf,1,0.9991110195970965
auto,chb12,chb12_38.edf,1,0.999603309329908
auto,chb12,chb12_38.edf,1,0.9995928460836937
auto,chb12,chb12_38.edf,1,0.9990987430201186
auto,chb12,chb12_38.edf,0,0.9992761641516096
auto,chb12,chb12_38.edf,1,0.9996014070160694
auto,chb12,chb12_38.edf,1,0.9997572948030752
auto,chb12,chb12_38.edf,1,0.9994800328962891
auto,chb12,chb12_38.edf,1,0.9993311372747846
auto,chb12,chb12_38.edf,1,0.9990145173148054
auto,chb12,chb12_38.edf,0,0.722339535599795
auto,chb12,chb12_38.edf,0,0.999529457138176
auto,chb12,chb12_39.edf,0,0.2625634493350226
auto,chb12,chb12_39.edf,0,0.19319174980367343
auto,chb12,chb12_39.edf,0,0.32422769497997617
auto,chb12,chb12_39.edf,0,0.32720933967882554
auto,chb12,chb12_39.edf,0,0.37101603810977435
auto,chb12,chb12_39.edf,0,0.21971552107576128
auto,chb12,chb12_39.edf,0,0.266331703558689
auto,chb12,chb12_39.edf,0,0.22211456547398964
auto,chb12,chb12_39.edf,0,0.22842199113527512
auto,chb12,chb12_39.edf,0,0.33202868328598906
auto,chb12,chb12_39.edf,0,0.2801806939715503
auto,chb12,chb12_39.edf,0,0.3453537310318762
auto,chb12,chb12_39.edf,0,0.2789796808382538
auto,chb12,chb12_39.edf,0,0.3647795115846168
auto,chb12,chb12_39.edf,0,0.2465151018748557
auto,chb12,chb12_39.edf,0,0.21623174181751753
auto,chb12,chb12_39.edf,0,0.28332328738093004
auto,chb12,chb12_39.edf,0,0.3447021223205007
auto,chb12,chb12_40.edf,0,0.8500855243873988
auto,chb12,chb12_40.edf,0,0.729615994955331
auto,chb12,chb12_40.edf,0,0.9570354602703397
auto,chb12,chb12_40.edf,0,0.9185336158347248
auto,chb12,chb12_40.edf,0,0.9729081637710957
auto,chb12,chb12_40.edf,0,0.9996656285304603
auto,chb12,chb12_40.edf,0,0.999574181343958
auto,chb12,chb12_40.edf,0,0.9936934701103872
auto,chb12,chb12_40.edf,0,0.9778754955780475
auto,chb12,chb12_40.edf,0,0.976881670489092
auto,chb12,chb12_40.edf,0,0.9521003206520116
auto,chb12,chb12_40.edf,0,0.9770362209245607
auto,chb12,chb12_40.edf,0,0.9761562282398666
auto,chb12,chb12_40.edf,0,0.9601989146349607
auto,chb12,chb12_40.edf,0,0.9993757799318279
auto,chb12,chb12_41.edf,0,0.9992467246436736
auto,chb12,chb12_41.edf,0,0.9993418852089423
auto,chb12,chb12_41.edf,0,0.9990869207153408
auto,chb12,chb12_41.edf,0,0.9992629943839111
auto,chb12,chb12_41.edf,0,0.9992282279227673
auto,chb12,chb12_41.edf,0,0.9991824675027755
auto,chb12,chb12_41.edf,0,0.9992314980038465
auto,chb12,chb12_41.edf,0,0.9991570500271616
auto,chb12,chb12_41.edf,0,0.9993758470650025
auto,chb12,chb12_41.edf,0,0.999164814285147
auto,chb12,chb12_41.edf,0,0.999203981737022
auto,chb12,chb12_41.edf,0,0.9990723656007835
auto,chb12,chb12_41.edf,0,0.9991567647960317
auto,chb12,chb12_41.edf,0,0.9992455121444247
auto,chb12,chb12_41.edf,0,0.9990736577895792
auto,chb12,chb12_41.edf,0,0.9991942600565271
auto,chb12,chb12_41.edf,0,0.9992301836712231
auto,chb12,chb12_41.edf,0,0.9995012343412877
auto,chb12,chb12_41.edf,0,0.9995262119968307
auto,chb12,chb12_41.edf,0,0.999590954697428
auto,chb12,chb12_42.edf,0,0.5351680075210641
auto,chb12,chb12_42.edf,0,0.5069250296360461
auto,chb12,chb12_42.edf,0,0.5604842247780577
auto,chb12,chb12_42.edf,0,0.488061899112653
auto,chb12,chb12_42.edf,0,0.5352936090591843
auto,chb12,chb12_42.edf,0,0.4767046102726318
auto,chb12,chb12_42.edf,1,0.5322596838562285
auto,chb12,chb12_42.edf,1,0.5149267552547452
auto,chb12,chb12_42.edf,1,0.5448060490438824
auto,chb12,chb12_42.edf,1,0.5324749861203085
auto,chb12,chb12_42.edf,1,0.3615976827088948
auto,chb12,chb12_42.edf,1,0.4344889472051644
auto,chb12,chb12_42.edf,0,0.5265392326837639
auto,chb12,chb12_42.edf,1,0.614431175656844
auto,chb12,chb12_42.edf,1,0.562550633418484
auto,chb12,chb12_42.edf,1,0.5407201335107301
auto,chb12,chb12_42.edf,1,0.42255031945491206
auto,chb12,chb12_42.edf,1,0.5485062978905635
auto,chb12,chb12_42.edf,1,0.5760538759262156
auto,chb12,chb12_42.edf,1,0.4788713426856456
auto,chb12,chb12_42.edf,0,0.5185841661004816
auto,chb12,chb12_42.edf,0,0.472844649615853
auto,chb12,chb12_42.edf,0,0.516341971972282
auto,chb12,chb12_42.edf,1,0.5335942609297656
auto,chb12,chb12_42.edf,1,0.4736260047538396
auto,chb12,chb12_42.edf,1,0.4913719803358188
auto,chb12,chb12_42.edf,1,0.312019380959736
auto,chb12,chb12_42.edf,0,0.467890379808502
auto,chb12,chb12_42.edf,0,0.49278533962931803
auto,chb12,chb12_42.edf,0,0.43232481643079507
auto,chb12,chb12_42.edf,0,0.4961205801041344
auto,chb12,chb12_42.edf,1,0.5853050569270095
auto,chb12,chb12_42.edf,1,0.5461144661209799
auto,chb12,chb12_42.edf,1,0.4688043316107785
auto,chb12,chb12_42.edf,0,0.5173950906609336
auto,chb12,chb12_42.edf,0,0.49819308548827446
auto,chb12,chb12_42.edf,0,0.4736502601857751
auto,chb12,chb12_42.edf,0,0.307430576241031
auto,chb12,chb12_42.edf,0,0.24653131789753027
auto,chb12,chb12_42.edf,0,0.47130702900818683
auto,chb12,chb12_42.edf,0,0.4238141418173855
auto,chb12,chb12_42.edf,0,0.5939740233073418
auto,chb12,chb12_42.edf,0,0.6012363801524079
auto,chb12,chb12_42.edf,0,0.5970787299293149
auto,chb15,chb15_01.edf,0,0.45384903155898004
auto,chb15,chb15_01.edf,0,0.3801026488258522
auto,chb15,chb15_01.edf,0,0.45782440405176594
auto,chb15,chb15_01.edf,0,0.5119360182397378
auto,chb15,chb15_01.edf,0,0.5062224568086497
auto,chb15,chb15_01.edf,0,0.43494313424117237
auto,chb15,chb15_01.edf,0,0.47076146264216157
auto,chb15,chb15_01.edf,0,0.48255595584143246
auto,chb15,chb15_01.edf,0,0.44358816720205
auto,chb15,chb15_01.edf,0,0.4803588878193732
auto,chb15,chb15_01.edf,0,0.4920994588379289
auto,chb15,chb15_01.edf,0,0.3797336941031606
auto,chb15,chb15_01.edf,0,0.473504212424159
auto,chb15,chb15_01.edf,0,0.5000265147166163
auto,chb15,chb15_01.edf,0,0.4563924635823714
auto,chb15,chb15_01.edf,0,0.4614269207433594
auto,chb15,chb15_01.edf,0,0.4516414544167037
auto,chb15,chb15_01.edf,0,0.5081126774830206
auto,chb15,chb15_01.edf,0,0.4715056211950495
auto,chb15,chb15_01.edf,0,0.4976850629542235
auto,chb15,chb15_01.edf,0,0.44969776331983796
auto,chb15,chb15_01.edf,0,0.4432952280039499
auto,chb15,chb15_01.edf,0,0.4341785886435911
auto,chb15,chb15_01.edf,0,0.3996719815989683
auto,chb15,chb15_02.edf,0,0.3456826301381472
auto,chb15,chb15_02.edf,0,0.2942417524285847
auto,chb15,chb15_02.edf,0,0.3404075092079398
auto,chb15,chb15_02.edf,0,0.1981795956365182
auto,chb15,chb15_02.edf,0,0.2559147201369634
auto,chb15,chb15_02.edf,0,0.39217149145429636
auto,chb15,chb15_02.edf,0,0.34167961935874136
auto,chb15,chb15_02.edf,0,0.2724297648016427
auto,chb15,chb15_02.edf,0,0.3289320051775119
auto,chb15,chb15_02.edf,0,0.329060654931528
auto,chb15,chb15_02.edf,0,0.38930734904877407
auto,chb15,chb15_02.edf,0,0.3535203419084476
auto,chb15,chb15_02.edf,0,0.3501309698893635
auto,chb15,chb15_03.edf,0,0.9072103945440503
auto,chb15,chb15_03.edf,0,0.6992583442697027
auto,chb15,chb15_03.edf,0,0.6332269150648168
auto,chb15,chb15_03.edf,0,0.5652543932351539
auto,chb15,chb15_03.edf,0,0.6895770724378649
auto,chb15,chb15_03.edf,0,0.7656929271950609
auto,chb15,chb15_03.edf,0,0.5865983453003085
auto,chb15,chb15_03.edf,0,0.9049812359871452
auto,chb15,chb15_03.edf,0,0.9248973459936114
auto,chb15,chb15_03.edf,0,0.9122272181207722
auto,chb15,chb15_03.edf,0,0.9380160279172185
auto,chb15,chb15_03.edf,0,0.9380132668922175
auto,chb15,chb15_03.edf,0,0.9085993430313333
auto,chb15,chb15_03.edf,0,0.8521540651488553
auto,chb15,chb15_03.edf,0,0.9198270365759846
auto,chb15,chb15_03.edf,0,0.7671876825701724
auto,chb15,chb15_03.edf,0,0.798806227357785
auto,chb15,chb15_03.edf,0,0.8066461534234464
auto,chb15,chb15_03.edf,0,0.797570386589525
auto,chb15,chb15_03.edf,0,0.8557059553417109
auto,chb15,chb15_04.edf,0,0.9995617371645489
auto,chb15,chb15_04.edf,0,0.9993746163583822
auto,chb15,chb15_04.edf,0,0.9995929878074978
auto,chb15,chb15_04.edf,0,0.9993252763338891
auto,chb15,chb15_04.edf,0,0.9992727912638599
auto,chb15,chb15_04.edf,0,0.9995123252679189
auto,chb15,chb15_04.edf,0,0.9997658079142336
auto,chb15,chb15_04.edf,0,0.9998055702117264
auto,chb15,chb15_04.edf,0,0.9997894376849739
auto,chb15,chb15_04.edf,0,0.9997540632222158
auto,chb15,chb15_04.edf,0,0.9997633914367092
auto,chb15,chb15_04.edf,0,0.9998406898990566
auto,chb15,chb15_04.edf,0,0.999526759479953
auto,chb15,chb15_04.edf,0,0.9997565758823538
auto,chb15,chb15_04.edf,0,0.9998531853986434
auto,chb15,chb15_04.edf,0,0.9997761919463812
auto,chb15,chb15_04.edf,0,0.9998250173244264
auto,chb15,chb15_04.edf,0,0.9998054252190881
auto,chb15,chb15_04.edf,0,0.9997539328562134
auto,chb15,chb15_04.edf,0,0.9996464053122394
auto,chb15,chb15_04.edf,0,0.9996998478119733
auto,chb15,chb15_04.edf,0,0.9995338195507596
auto,chb15,chb15_05.edf,0,0.9995354211661113
auto,chb15,chb15_05.edf,0,0.9994343670396323
auto,chb15,chb15_05.edf,0,0.9994539828905735
auto,chb15,chb15_05.edf,0,0.9996733357076963
auto,chb15,chb15_05.edf,0,0.9994107815994565
auto,chb15,chb15_05.edf,0,0.999401374707023
auto,chb15,chb15_05.edf,0,0.9995139157508922
auto,chb15,chb15_05.edf,0,0.9995462842985682
auto,chb15,chb15_05.edf,0,0.9993200569035506
auto,chb15,chb15_05.edf,0,0.9992831720687054
auto,chb15,chb15_05.edf,0,0.9994544412884259
auto,chb15,chb15_05.edf,0,0.9997433221622074
auto,chb15,chb15_05.edf,0,0.9992146736997787
auto,chb15,chb15_05.edf,0,0.9991085658074579
auto,chb15,chb15_05.edf,0,0.9996571662412301
auto,chb15,chb15_05.edf,0,0.999690291035872
auto,chb15,chb15_05.edf,0,0.9998051666073671
auto,chb15,chb15_06.edf,0,0.999739580711321
auto,chb15,chb15_06.edf,1,0.9998626373054856
auto,chb15,chb15_06.edf,1,0.9998815430205678
auto,chb15,chb15_06.edf,1,0.999818668910524
auto,chb15,chb15_06.edf,1,0.9997965111544793
auto,chb15,chb15_06.edf,1,0.9998087697556605
auto,chb15,chb15_06.edf,1,0.9997160543891118
auto,chb15,chb15_06.edf,1,0.9997299427626307
auto,chb15,chb15_06.edf,1,0.9998315643559741
auto,chb15,chb15_06.edf,1,0.9998389803883289
auto,chb15,chb15_06.edf,1,0.9998304499846581
auto,chb15,chb15_06.edf,1,0.9997772612596659
auto,chb15,chb15_06.edf,1,0.9997764920127727
auto,chb15,chb15_06.edf,1,0.9996361876458613
auto,chb15,chb15_06.edf,0,0.9996058474798364
auto,chb15,chb15_06.edf,0,0.9997376629933059
auto,chb15,chb15_06.edf,0,0.9997339689719679
auto,chb15,chb15_06.edf,0,0.9996920215702961
auto,chb15,chb15_06.edf,0,0.9993200966363278
auto,chb15,chb15_06.edf,0,0.9993973662972983
auto,chb15,chb15_06.edf,0,0.9994404713021924
auto,chb15,chb15_06.edf,0,0.9994815014511289
auto,chb15,chb15_06.edf,0,0.9993593411378652
auto,chb15,chb15_06.edf,0,0.9996420671641786
auto,chb15,chb15_06.edf,0,0.9995981861128459
auto,chb15,chb15_06.edf,0,0.9997368674251768
auto,chb15,chb15_06.edf,0,0.9995110401773478
auto,chb15,chb15_06.edf,0,0.999650635080113
auto,chb15,chb15_06.edf,0,0.9995927491343058
auto,chb15,chb15_06.edf,0,0.9998611685761302
auto,chb15,chb15_06.edf,0,1.0005805194316288
auto,chb15,chb15_07.edf,0,0.999730784851768
auto,chb15,chb15_07.edf,0,0.9997887556684643
auto,chb15,chb15_07.edf,0,0.9997972417394408
auto,chb15,chb15_07.edf,0,0.9995604568437364
auto,chb15,chb15_07.edf,0,0.999759850807868
auto,chb15,chb15_07.edf,0,0.9997009395718113
auto,chb15,chb15_07.edf,0,0.9995465433139392
auto,chb15,chb15_07.edf,0,0.9997858857142606
auto,chb15,chb15_07.edf,0,0.9997332792120449
auto,chb15,chb15_07.edf,0,0.9996842054610756
auto,chb15,chb15_07.edf,0,0.9996806383653251
auto,chb15,chb15_07.edf,0,0.9996562380230498
auto,chb15,chb15_07.edf,0,0.9997264830484741
auto,chb15,chb15_07.edf,0,0.9997174782790073
auto,chb15,chb15_07.edf,0,0.999670359290288
auto,chb15,chb15_08.edf,0,0.9997733336637437
auto,chb15,chb15_08.edf,0,0.999529320025332
auto,chb15,chb15_08.edf,0,0.9995730224740632
auto,chb15,chb15_08.edf,0,0.9996710767229464
auto,chb15,chb15_08.edf,0,0.9994297648965283
auto,chb15,chb15_08.edf,0,0.9994181626627895
auto,chb15,chb15_08.edf,0,0.9994468373569414
auto,chb15,chb15_08.edf,0,0.9992965865161842
auto,chb15,chb15_08.edf,0,0.9994779728688045
auto,chb15,chb15_08.edf,0,0.9998213761544442
auto,chb15,chb15_08.edf,0,0.9997246920576863
auto,chb15,chb15_08.edf,0,0.9996942527151813
auto,chb15,chb15_08.edf,0,0.9996800244799133
auto,chb15,chb15_08.edf,0,0.9997145401474334
auto,chb15,chb15_08.edf,0,0.9994354526653928
auto,chb15,chb15_08.edf,0,0.9997061288992877
auto,chb15,chb15_08.edf,0,0.9998032723868937
auto,chb15,chb15_09.edf,0,0.9997685815599929
auto,chb15,chb15_09.edf,0,0.9998319719995625
auto,chb15,chb15_09.edf,0,0.9997879166736792
auto,chb15,chb15_09.edf,0,0.999704352032509
auto,chb15,chb15_09.edf,0,0.9993314977864272
auto,chb15,chb15_09.edf,0,0.9996216285651679
auto,chb15,chb15_09.edf,0,0.9997788756136647
auto,chb15,chb15_09.edf,0,0.9997560282865597
auto,chb15,chb15_09.edf,0,0.9997299734170334
auto,chb15,chb15_09.edf,0,0.9997638625554797
auto,chb15,chb15_09.edf,0,0.9996925775538021
auto,chb15,chb15_09.edf,0,0.9996871559009877
auto,chb15,chb15_09.edf,0,0.9997765442861197
auto,chb15,chb15_09.edf,0,0.9995186311841553
auto,chb15,chb15_09.edf,0,0.9996114344919762
auto,chb15,chb15_09.edf,0,0.9996420188582726
auto,chb15,chb15_10.edf,0,0.9996669916870972
auto,chb15,chb15_10.edf,0,0.999613831623413
auto,chb15,chb15_10.edf,0,0.999800091290221
auto,chb15,chb15_10.edf,0,0.9995807834859237
auto,chb15,chb15_10.edf,0,0.999581352694661
auto,chb15,chb15_10.edf,0,0.9997045545551541
auto,chb15,chb15_10.edf,0,0.9997919561900065
auto,chb15,chb15_10.edf,0,0.9997015335998076
auto,chb15,chb15_10.edf,1,0.9998891122109635
auto,chb15,chb15_10.edf,1,0.9998422104088089
auto,chb15,chb15_10.edf,1,0.999691281890403
auto,chb15,chb15_10.edf,1,0.9996946107087291
auto,chb15,chb15_10.edf,0,0.9998991197336299
auto,chb15,chb15_10.edf,0,0.9997836806892273
auto,chb15,chb15_10.edf,0,0.9997285443443709
auto,chb15,chb15_10.edf,0,0.9998748674665111
auto,chb15,chb15_10.edf,0,0.9997607471727934
auto,chb15,chb15_10.edf,0,0.9996923095160511
auto,chb15,chb15_10.edf,0,0.9996475532712833
auto,chb15,chb15_10.edf,0,0.9995591423282347
auto,chb15,chb15_10.edf,0,0.9997354352768189
auto,chb15,chb15_10.edf,0,0.9996827590538573
auto,chb15,chb15_10.edf,0,0.9996063617821033
auto,chb15,chb15_10.edf,0,0.9997312149883869
auto,chb15,chb15_10.edf,0,0.999423729517269
auto,chb15,chb15_10.edf,0,0.9992346425954065
auto,chb15,chb15_11.edf,0,0.9994718895107456
auto,chb15,chb15_11.edf,0,0.9996525079542329
auto,chb15,chb15_11.edf,0,0.999268570420387
auto,chb15,chb15_11.edf,0,0.9995368095073512
auto,chb15,chb15_11.edf,0,0.9991681936870267
auto,chb15,chb15_11.edf,0,0.9993868167499688
auto,chb15,chb15_11.edf,0,0.9996628206600998
auto,chb15,chb15_11.edf,0,0.9997080137037218
auto,chb15,chb15_11.edf,0,0.9998022874353903
auto,chb15,chb15_11.edf,0,0.9996302291862376
auto,chb15,chb15_11.edf,0,0.9998768684455687
auto,chb15,chb15_11.edf,0,0.9998171936761623
auto,chb15,chb15_11.edf,0,0.9998337724784085
auto,chb15,chb15_11.edf,0,0.9995515873925603
auto,chb15,chb15_11.edf,0,0.999393246985282
auto,chb15,chb15_11.edf,0,0.9997371671823291
auto,chb15,chb15_11.edf,0,0.9993005506889338
auto,chb15,chb15_11.edf,0,0.999601387798876
auto,chb15,chb15_11.edf,0,0.9997902625726645
auto,chb15,chb15_12.edf,0,0.4281855723125776
auto,chb15,chb15_12.edf,0,0.4582927425658813
auto,chb15,chb15_12.edf,0,0.4731548063362712
auto,chb15,chb15_12.edf,0,0.46471714399038766
auto,chb15,chb15_12.edf,0,0.5259282037604193
auto,chb15,chb15_12.edf,0,0.3979523914089173
auto,chb15,chb15_12.edf,0,0.4423179275714053
auto,chb15,chb15_12.edf,0,0.47632323785399594
auto,chb15,chb15_12.edf,0,0.48367380834825685
auto,chb15,chb15_12.edf,0,0.40667682347992945
auto,chb15,chb15_12.edf,0,0.4788369555321006
auto,chb15,chb15_12.edf,0,0.4412060038575619
auto,chb15,chb15_12.edf,0,0.4676765339503273
auto,chb15,chb15_12.edf,0,0.46021212577225284
auto,chb15,chb15_12.edf,0,0.47504129640507486
auto,chb15,chb15_12.edf,0,0.47570416306738783
auto,chb15,chb15_12.edf,0,0.44205771010018746
auto,chb15,chb15_12.edf,0,0.40026371960553486
auto,chb15,chb15_12.edf,0,0.359548055616054
auto,chb15,chb15_13.edf,0,0.2916273702621361
auto,chb15,chb15_13.edf,0,0.30219054146288643
auto,chb15,chb15_13.edf,0,0.29487000281218967
auto,chb15,chb15_13.edf,0,0.33195484917641394
auto,chb15,chb15_13.edf,0,0.3270504663296013
auto,chb15,chb15_13.edf,0,0.36383931190057295
auto,chb15,chb15_13.edf,0,0.37426596560306685
auto,chb15,chb15_13.edf,0,0.30413232906678017
auto,chb15,chb15_13.edf,0,0.35409538471722807
auto,chb15,chb15_13.edf,0,0.2860202015047944
auto,chb15,chb15_13.edf,0,0.3808031531765189
auto,chb15,chb15_13.edf,0,0.3105036749000131
auto,chb15,chb15_13.edf,0,0.34917025830198234
auto,chb15,chb15_13.edf,0,0.34957057418186394
auto,chb15,chb15_13.edf,0,0.3301557945515554
auto,chb15,chb15_13.edf,0,0.27393587492426763
auto,chb15,chb15_13.edf,0,0.30155413371383955
auto,chb15,chb15_13.edf,0,0.38853014884759857
auto,chb15,chb15_13.edf,0,0.30115502142275036
auto,chb15,chb15_13.edf,0,0.2756137188288961
auto,chb15,chb15_13.edf,0,0.26173981388131834
auto,chb15,chb15_13.edf,0,0.35032051314450113
auto,chb15,chb15_13.edf,0,0.3760539835421212
auto,chb15,chb15_13.edf,0,0.25010704802822525
auto,chb15,chb15_13.edf,0,0.33671720131562116
auto,chb15,chb15_14.edf,0,0.5715501977087373
auto,chb15,chb15_14.edf,0,0.54764060287901
auto,chb15,chb15_14.edf,0,0.48371366391548115
auto,chb15,chb15_14.edf,0,0.547232648559296
auto,chb15,chb15_14.edf,0,0.634612455933911
auto,chb15,chb15_14.edf,0,0.5233301737265411
auto,chb15,chb15_14.edf,0,0.48213228405418773
auto,chb15,chb15_14.edf,0,0.46330059268766166
auto,chb15,chb15_14.edf,0,0.46231578005453455
auto,chb15,chb15_14.edf,0,0.43676759142128885
auto,chb15,chb15_14.edf,0,0.4787436151923091
auto,chb15,chb15_14.edf,0,0.5063686414161852
auto,chb15,chb15_14.edf,0,0.5314080787202274
auto,chb15,chb15_14.edf,0,0.49763312080606437
auto,chb15,chb15_14.edf,0,0.5609432387210954
auto,chb15,chb15_14.edf,0,0.6426001966530919
auto,chb15,chb15_14.edf,0,0.535529977205269
auto,chb15,chb15_14.edf,0,0.5721186593111071
auto,chb15,chb15_14.edf,0,0.6394007410848837
auto,chb15,chb15_14.edf,0,0.47692756598281166
auto,chb15,chb15_14.edf,0,0.5269819457593791
auto,chb15,chb15_14.edf,0,0.5724832350366674
auto,chb15,chb15_14.edf,0,0.6002520643685356
auto,chb15,chb15_14.edf,0,0.5668894601534928
auto,chb15,chb15_15.edf,0,0.3297893070848333
auto,chb15,chb15_15.edf,0,0.2972200624533316
auto,chb15,chb15_15.edf,0,0.3328949891601796
auto,chb15,chb15_15.edf,0,0.3148529337630209
auto,chb15,chb15_15.edf,0,0.37503390041809803
auto,chb15,chb15_15.edf,0,0.3330379772638124
auto,chb15,chb15_15.edf,0,0.25531415135228286
auto,chb15,chb15_15.edf,1,0.21502422043629038
auto,chb15,chb15_15.edf,1,0.2999589430559975
auto,chb15,chb15_15.edf,1,0.2948762759498359
auto,chb15,chb15_15.edf,1,0.2252651466852984
auto,chb15,chb15_15.edf,1,0.2552162070587344
auto,chb15,chb15_15.edf,1,0.27008047457920425
auto,chb15,chb15_15.edf,1,0.2595174187588567
auto,chb15,chb15_15.edf,1,0.2888437460095766
auto,chb15,chb15_15.edf,1,0.2186495758455093
auto,chb15,chb15_15.edf,1,0.24209634427025847
auto,chb15,chb15_15.edf,1,0.2667500693902332
auto,chb15,chb15_15.edf,1,0.29593123316157727
auto,chb15,chb15_15.edf,1,0.3158438941038643
auto,chb15,chb15_15.edf,1,0.34559010751685193
auto,chb15,chb15_15.edf,1,0.32007643099484767
auto,chb15,chb15_15.edf,1,0.2833740996185158
auto,chb15,chb15_15.edf,0,0.36298820436415075
auto,chb15,chb15_15.edf,0,0.34242822460420513
auto,chb15,chb15_15.edf,0,0.30534986625803284
auto,chb15,chb15_15.edf,0,0.3523828088020655
auto,chb15,chb15_15.edf,0,0.19957549037796884
auto,chb15,chb15_15.edf,0,0.29122942685860187
auto,chb15,chb15_15.edf,0,0.19755673857447728
auto,chb15,chb15_15.edf,0,0.13514842272490787
auto,chb15,chb15_15.edf,0,0.21080335075335843
auto,chb15,chb15_15.edf,0,0.3494036376920228
auto,chb15,chb15_15.edf,0,0.13815752200134096
auto,chb15,chb15_15.edf,0,0.15475412089524104
auto,chb15,chb15_15.edf,0,0.2942388939551048
auto,chb15,chb15_15.edf,0,0.11070971946888829
auto,chb15,chb15_15.edf,0,0.25817613056307087
auto,chb15,chb15_15.edf,0,0.2745410159370602
auto,chb15,chb15_15.edf,0,0.2995647424850874
auto,chb15,chb15_16.edf,0,0.3866989186367302
auto,chb15,chb15_16.edf,0,0.30789128285821227
auto,chb15,chb15_16.edf,0,0.49276790990831304
auto,chb15,chb15_16.edf,0,0.4269756476819735
auto,chb15,chb15_16.edf,0,0.45848023503134294
auto,chb15,chb15_16.edf,0,0.3831763951952231
auto,chb15,chb15_16.edf,0,0.3412283266929727
auto,chb15,chb15_16.edf,0,0.40284870102605697
auto,chb15,chb15_16.edf,0,0.4250508116619808
auto,chb15,chb15_16.edf,0,0.45237252801395944
auto,chb15,chb15_16.edf,0,0.46438566212225607
auto,chb15,chb15_16.edf,0,0.4488683275628382
auto,chb15,chb15_16.edf,0,0.5053465486226356
auto,chb15,chb15_16.edf,0,0.4284907370817466
auto,chb15,chb15_16.edf,0,0.4853532341640535
auto,chb15,chb15_16.edf,0,0.47803210916991196
auto,chb15,chb15_16.edf,0,0.4839071222320991
auto,chb15,chb15_16.edf,0,0.5020273484815045
auto,chb15,chb15_16.edf,0,0.4855150300422979
auto,chb15,chb15_16.edf,0,0.47408783392806536
auto,chb15,chb15_16.edf,0,0.4566076889090359
auto,chb15,chb15_16.edf,0,0.4404777523630562
auto,chb15,chb15_16.edf,0,0.46183048993682624
auto,chb15,chb15_16.edf,0,0.48821797959734736
auto,chb15,chb15_17.edf,0,0.9996418395085519
auto,chb15,chb15_17.edf,0,0.999791515013902
auto,chb15,chb15_17.edf,0,0.9996869017092036
auto,chb15,chb15_17.edf,0,0.9997611183893583
auto,chb15,chb15_17.edf,0,0.9998050260580561
auto,chb15,chb15_17.edf,0,0.9998395802711461
auto,chb15,chb15_17.edf,0,0.9998127666946015
auto,chb15,chb15_17.edf,0,0.9997882770122198
auto,chb15,chb15_17.edf,0,0.9997513976491061
auto,chb15,chb15_17.edf,0,0.9997407697765973
auto,chb15,chb15_17.edf,0,0.9998982225753731
auto,chb15,chb15_17.edf,0,0.9999091804265756
auto,chb15,chb15_17.edf,0,0.9998418285737788
auto,chb15,chb15_17.edf,0,0.9998404648660553
auto,chb15,chb15_17.edf,1,0.9998819946604565
auto,chb15,chb15_17.edf,1,0.9998890086864481
auto,chb15,chb15_17.edf,1,0.9998679464066036
auto,chb15,chb15_17.edf,1,0.9997633155867036
auto,chb15,chb15_17.edf,0,0.9998617663274536
auto,chb15,chb15_17.edf,0,0.9998521513248302
auto,chb15,chb15_17.edf,0,0.9998183716976811
auto,chb15,chb15_17.edf,0,0.999780470765388
auto,chb15,chb15_17.edf,0,0.9997715517027305
auto,chb15,chb15_17.edf,0,0.9998236184609669
auto,chb15,chb15_17.edf,0,0.9998026217037512
auto,chb15,chb15_17.edf,0,0.9998289868006648
auto,chb15,chb15_17.edf,0,0.9998452011837559
auto,chb15,chb15_19.edf,0,0.3395808967332081
auto,chb15,chb15_19.edf,0,0.27032051037039745
auto,chb15,chb15_19.edf,0,0.3971808832081563
auto,chb15,chb15_19.edf,0,0.2924428842192225
auto,chb15,chb15_19.edf,0,0.27688819823426636
auto,chb15,chb15_19.edf,0,0.30665549485498694
auto,chb15,chb15_19.edf,0,0.2704462028571304
auto,chb15,chb15_19.edf,0,0.32094940169990144
auto,chb15,chb15_19.edf,0,0.3492191167116218
auto,chb15,chb15_19.edf,0,0.3457503215438755
auto,chb15,chb15_19.edf,0,0.3288865062177105
auto,chb15,chb15_19.edf,0,0.3525922075848002
auto,chb15,chb15_19.edf,0,0.34470976276338394
auto,chb15,chb15_19.edf,0,0.27647188532299005
auto,chb15,chb15_19.edf,0,0.26324260810376093
auto,chb15,chb15_19.edf,0,0.32969632782935143
auto,chb15,chb15_19.edf,0,0.27819933949842707
auto,chb15,chb15_19.edf,0,0.33001738880616827
auto,chb15,chb15_19.edf,0,0.31097059765857527
auto,chb15,chb15_19.edf,0,0.3019492153248531
auto,chb15,chb15_19.edf,0,0.3452934546380531
auto,chb15,chb15_19.edf,0,0.2934260275531853
auto,chb15,chb15_19.edf,0,0.33773261805416327
auto,chb15,chb15_19.edf,0,0.31551745748138227
auto,chb15,chb15_19.edf,0,0.22822862603508243
auto,chb15,chb15_19.edf,0,0.14843145017826442
auto,chb15,chb15_19.edf,0,0.34481428459731467
auto,chb15,chb15_19.edf,0,0.1414130565845036
auto,chb15,chb15_19.edf,0,0.1914203235047559
auto,chb15,chb15_19.edf,0,0.39531989430033626
auto,chb15,chb15_19.edf,0,0.1796093094421934
auto,chb15,chb15_20.edf,0,0.14155311472782472
auto,chb15,chb15_20.edf,0,0.1711424430617662
auto,chb15,chb15_20.edf,0,0.34481794273226773
auto,chb15,chb15_20.edf,0,0.3909676768900089
auto,chb15,chb15_20.edf,0,0.1547906062706999
auto,chb15,chb15_20.edf,0,0.2553680951156102
auto,chb15,chb15_20.edf,0,0.3968988222305502
auto,chb15,chb15_20.edf,1,0.33741441796206917
auto,chb15,chb15_20.edf,1,0.35764531177376885
auto,chb15,chb15_20.edf,1,0.28063467471107334
auto,chb15,chb15_20.edf,1,0.3250289056752021
auto,chb15,chb15_20.edf,1,0.14654256450212244
auto,chb15,chb15_20.edf,1,0.1508775141730283
auto,chb15,chb15_20.edf,1,0.4002587615164089
auto,chb15,chb15_20.edf,0,0.2862804768999041
auto,chb15,chb15_20.edf,0,0.339247618384094
auto,chb15,chb15_20.edf,0,0.25383192406597993
auto,chb15,chb15_20.edf,0,0.2751406220954572
auto,chb15,chb15_20.edf,0,0.3752404667961165
auto,chb15,chb15_20.edf,0,0.32983150030550534
auto,chb15,chb15_20.edf,0,0.2974738624348738
auto,chb15,chb15_20.edf,0,0.3017362294684725
auto,chb15,chb15_20.edf,0,0.4192683444267235
auto,chb15,chb15_20.edf,0,0.36751672195386514
auto,chb15,chb15_20.edf,0,0.3574767420963761
auto,chb15,chb15_20.edf,0,0.3643214254706352
auto,chb15,chb15_20.edf,0,0.370454981577406
auto,chb15,chb15_20.edf,0,0.24149167633558494
auto,chb15,chb15_20.edf,0,0.2551902333710392
auto,chb15,chb15_20.edf,0,0.33931626066926224
auto,chb15,chb15_20.edf,0,0.3820589049745407
auto,chb15,chb15_20.edf,0,0.390479237359852
auto,chb15,chb15_20.edf,0,0.3168512258695745
auto,chb15,chb15_20.edf,0,0.36825433749313286
auto,chb15,chb15_20.edf,0,0.28139615693709746
auto,chb15,chb15_20.edf,0,0.3383383879296343
auto,chb15,chb15_20.edf,0,0.26601624059072243
auto,chb15,chb15_20.edf,0,0.3638099793433609
auto,chb15,chb15_20.edf,0,0.321209002655236
auto,chb15,chb15_22.edf,0,0.4079603728918915
auto,chb15,chb15_22.edf,0,0.40674651281407703
auto,chb15,chb15_22.edf,0,0.35902719278246215
auto,chb15,chb15_22.edf,0,0.3398424195330016
auto,chb15,chb15_22.edf,1,0.41185741189579256
auto,chb15,chb15_22.edf,1,0.39679913751848833
auto,chb15,chb15_22.edf,1,0.3022443558312764
auto,chb15,chb15_22.edf,1,0.2974953627637294
auto,chb15,chb15_22.edf,1,0.3519018761913517
auto,chb15,chb15_22.edf,1,0.32620972857786656
auto,chb15,chb15_22.edf,1,0.34238876235496307
auto,chb15,chb15_22.edf,1,0.32933516161368503
auto,chb15,chb15_22.edf,1,0.33847817168204514
auto,chb15,chb15_22.edf,1,0.3189689887406375
auto,chb15,chb15_22.edf,1,0.2746402153262457
auto,chb15,chb15_22.edf,1,0.3475573729666376
auto,chb15,chb15_22.edf,1,0.3641353259874973
auto,chb15,chb15_22.edf,1,0.31256040856102374
auto,chb15,chb15_22.edf,1,0.3566140035924848
auto,chb15,chb15_22.edf,1,0.39007630561139256
auto,chb15,chb15_22.edf,1,0.3859335719412833
auto,chb15,chb15_22.edf,1,0.3934676484708951
auto,chb15,chb15_22.edf,1,0.36891880973288094
auto,chb15,chb15_22.edf,1,0.395252898631829
auto,chb15,chb15_22.edf,1,0.4006816502493941
auto,chb15,chb15_22.edf,0,0.37394968944599716
auto,chb15,chb15_22.edf,0,0.4239622716423895
auto,chb15,chb15_22.edf,0,0.41193076452400246
auto,chb15,chb15_22.edf,0,0.40378133369934766
auto,chb15,chb15_22.edf,0,0.3744544085057996
auto,chb15,chb15_22.edf,0,0.3824541639205445
auto,chb15,chb15_22.edf,0,0.3353753405101666
auto,chb15,chb15_22.edf,0,0.3221886841845624
auto,chb15,chb15_22.edf,0,0.3072465195118749
auto,chb15,chb15_22.edf,0,0.35425948189198914
auto,chb15,chb15_22.edf,0,0.3281616522382979
auto,chb15,chb15_22.edf,0,0.3336871356618534
auto,chb15,chb15_22.edf,0,0.32530816852922195
auto,chb15,chb15_22.edf,0,0.36939938828280583
auto,chb15,chb15_26.edf,0,0.29173788100512593
auto,chb15,chb15_26.edf,0,0.3257445463442791
auto,chb15,chb15_26.edf,0,0.2972739599638312
auto,chb15,chb15_26.edf,0,0.31419813197746344
auto,chb15,chb15_26.edf,0,0.3373979540719563
auto,chb15,chb15_26.edf,0,0.26590585977794684
auto,chb15,chb15_26.edf,0,0.26902171009608
auto,chb15,chb15_26.edf,0,0.30178340115297936
auto,chb15,chb15_26.edf,0,0.3698298431009371
auto,chb15,chb15_26.edf,0,0.27706592071974623
auto,chb15,chb15_26.edf,0,0.2477614863924326
auto,chb15,chb15_26.edf,0,0.2930455097902043
auto,chb15,chb15_26.edf,0,0.36632729992922547
auto,chb15,chb15_26.edf,0,0.30796031963969356
auto,chb15,chb15_28.edf,0,0.49860981353477185
auto,chb15,chb15_28.edf,0,0.6513007210241872
auto,chb15,chb15_28.edf,0,0.48309126199132213
auto,chb15,chb15_28.edf,0,0.43234205407052834
auto,chb15,chb15_28.edf,0,0.42382310499143677
auto,chb15,chb15_28.edf,0,0.4603753371250627
auto,chb15,chb15_28.edf,0,0.43914690744548524
auto,chb15,chb15_28.edf,0,0.43312216268133474
auto,chb15,chb15_28.edf,1,0.43406245605966326
auto,chb15,chb15_28.edf,1,0.5010297125699856
auto,chb15,chb15_28.edf,1,0.5034674456181089
auto,chb15,chb15_28.edf,1,0.4170639013675413
auto,chb15,chb15_28.edf,1,0.36830586535335263
auto,chb15,chb15_28.edf,1,0.3903787410376845
auto,chb15,chb15_28.edf,1,0.4409993066829134
auto,chb15,chb15_28.edf,1,0.43452706225581206
auto,chb15,chb15_28.edf,1,0.44574835210580716
auto,chb15,chb15_28.edf,1,0.4971238659942887
auto,chb15,chb15_28.edf,1,0.5483954865115752
auto,chb15,chb15_28.edf,1,0.4789586337854961
auto,chb15,chb15_28.edf,1,0.4999308672404144
auto,chb15,chb15_28.edf,1,0.4546122041338952
auto,chb15,chb15_28.edf,1,0.5112349901867161
auto,chb15,chb15_28.edf,1,0.5806227687636867
auto,chb15,chb15_28.edf,1,0.47350971387432533
auto,chb15,chb15_28.edf,1,0.48924470300331824
auto,chb15,chb15_28.edf,1,0.4908758134102559
auto,chb15,chb15_28.edf,1,0.46127342099907337
auto,chb15,chb15_28.edf,0,0.6059640475125903
auto,chb15,chb15_28.edf,0,0.6784617518386086
auto,chb15,chb15_28.edf,0,0.6158326375709814
auto,chb15,chb15_28.edf,0,0.585921248931394
auto,chb15,chb15_28.edf,0,0.5802905394409668
auto,chb15,chb15_28.edf,0,0.6549080723029067
auto,chb15,chb15_28.edf,0,0.6699387147322714
auto,chb15,chb15_28.edf,0,0.585404973804804
auto,chb15,chb15_28.edf,0,0.592726056471582
auto,chb15,chb15_29.edf,0,0.9994680092054901
auto,chb15,chb15_29.edf,0,0.9995538014601497
auto,chb15,chb15_29.edf,0,0.9994953458363786
auto,chb15,chb15_29.edf,0,0.9996076950798836
auto,chb15,chb15_29.edf,0,0.999475278503616
auto,chb15,chb15_29.edf,0,0.9994058502746423
auto,chb15,chb15_29.edf,0,0.9993992680773293
auto,chb15,chb15_29.edf,0,0.999455650558624
auto,chb15,chb15_29.edf,0,0.9994027970266186
auto,chb15,chb15_29.edf,0,0.9993045292194516
auto,chb15,chb15_29.edf,0,0.9993674790296269
auto,chb15,chb15_29.edf,0,0.9994932364508983
auto,chb15,chb15_29.edf,0,0.9992453843313991
auto,chb15,chb15_29.edf,0,0.9993117971223472
auto,chb15,chb15_29.edf,0,0.9992617272437307
auto,chb15,chb15_29.edf,0,0.9994356721179253
auto,chb15,chb15_29.edf,0,0.9997268108105236
auto,chb15,chb15_29.edf,0,0.9996361995361427
auto,chb15,chb15_29.edf,0,0.9997631153742391
auto,chb15,chb15_29.edf,0,0.999745040479884
auto,chb15,chb15_29.edf,0,0.9996755090234973
auto,chb15,chb15_29.edf,0,0.9997731062156846
auto,chb15,chb15_29.edf,0,0.9997549524973179
auto,chb15,chb15_30.edf,0,0.9998018254598052
auto,chb15,chb15_30.edf,0,0.9996996376169255
auto,chb15,chb15_30.edf,0,0.9996802971706807
auto,chb15,chb15_30.edf,0,0.9997272546465911
auto,chb15,chb15_30.edf,0,0.9993533240887423
auto,chb15,chb15_30.edf,0,0.9996453718875952
auto,chb15,chb15_30.edf,0,0.9992141372986518
auto,chb15,chb15_30.edf,0,0.9994765755806818
auto,chb15,chb15_30.edf,0,0.9993868284906573
auto,chb15,chb15_30.edf,0,0.9994767798382699
auto,chb15,chb15_30.edf,0,0.9994378196988613
auto,chb15,chb15_30.edf,0,0.9993889279984569
auto,chb15,chb15_30.edf,0,0.9995024968542736
auto,chb15,chb15_30.edf,0,0.9992444659485419
auto,chb15,chb15_30.edf,0,0.9993585200030544
auto,chb15,chb15_30.edf,0,0.9995618279722908
auto,chb15,chb15_30.edf,0,0.999345324743899
auto,chb15,chb15_30.edf,0,0.9991783028394844
auto,chb15,chb15_30.edf,0,0.9991516888967713
auto,chb15,chb15_30.edf,0,0.999197755253579
auto,chb15,chb15_30.edf,0,0.9993003740084321
auto,chb15,chb15_30.edf,0,0.9986291437256645
auto,chb15,chb15_30.edf,0,0.9995753827929801
auto,chb15,chb15_30.edf,0,0.9991488083366613
auto,chb15,chb15_30.edf,0,0.9993951386577814
auto,chb15,chb15_30.edf,0,0.9996951642230825
auto,chb15,chb15_31.edf,0,0.9996775896526002
auto,chb15,chb15_31.edf,0,0.9996477357098706
auto,chb15,chb15_31.edf,0,0.9792594596412134
auto,chb15,chb15_31.edf,0,0.9997405043909802
auto,chb15,chb15_31.edf,0,0.9997523069237136
auto,chb15,chb15_31.edf,0,0.9148095231820499
auto,chb15,chb15_31.edf,0,0.9473803245303591
auto,chb15,chb15_31.edf,0,0.9997265986994616
auto,chb15,chb15_31.edf,0,0.8349652961316281
auto,chb15,chb15_31.edf,0,0.7638840494154783
auto,chb15,chb15_31.edf,0,0.9997157533183603
auto,chb15,chb15_31.edf,0,0.9996958243456682
auto,chb15,chb15_31.edf,0,0.9996273801293963
auto,chb15,chb15_31.edf,1,0.9997175367815926
auto,chb15,chb15_31.edf,1,0.9997859655391366
auto,chb15,chb15_31.edf,1,0.9998340918940769
auto,chb15,chb15_31.edf,1,0.9998706053790064
auto,chb15,chb15_31.edf,1,0.9998705587359841
auto,chb15,chb15_31.edf,1,0.9998690926589325
auto,chb15,chb15_31.edf,1,0.9999033890849109
auto,chb15,chb15_31.edf,1,0.9998757793356783
auto,chb15,chb15_31.edf,1,0.9998576265791417
auto,chb15,chb15_31.edf,1,0.9997919687290674
auto,chb15,chb15_31.edf,1,0.9997482856779005
auto,chb15,chb15_31.edf,1,0.9997242445961202
auto,chb15,chb15_31.edf,1,0.9996254889727288
auto,chb15,chb15_31.edf,0,0.9996572346206681
auto,chb15,chb15_31.edf,0,0.9997278990255472
auto,chb15,chb15_31.edf,0,0.9996977454972097
auto,chb15,chb15_31.edf,0,0.9997244714841663
auto,chb15,chb15_31.edf,0,0.9996931196141404
auto,chb15,chb15_31.edf,0,0.9997931488826072
auto,chb15,chb15_31.edf,0,0.9998478095581066
auto,chb15,chb15_31.edf,0,0.9997237172263584
auto,chb15,chb15_31.edf,0,0.9996957988684594
auto,chb15,chb15_31.edf,0,0.9997491859537675
auto,chb15,chb15_32.edf,0,0.9995935528679868
auto,chb15,chb15_32.edf,0,0.9996967848338422
auto,chb15,chb15_32.edf,0,0.9993034259711344
auto,chb15,chb15_32.edf,0,0.9993735544206817
auto,chb15,chb15_32.edf,0,0.9996176823124405
auto,chb15,chb15_32.edf,0,0.999440708925166
auto,chb15,chb15_32.edf,0,0.999363762277668
auto,chb15,chb15_32.edf,0,0.9994368520051815
auto,chb15,chb15_32.edf,0,0.999449110366152
auto,chb15,chb15_32.edf,0,0.9996379419619839
auto,chb15,chb15_32.edf,0,0.9995933048424067
auto,chb15,chb15_32.edf,0,0.9996593749561871
auto,chb15,chb15_32.edf,0,0.9996514892330821
auto,chb15,chb15_32.edf,0,0.999572409713485
auto,chb15,chb15_32.edf,0,0.9996511180490731
auto,chb15,chb15_32.edf,0,0.999725900209114
auto,chb15,chb15_32.edf,0,0.9996572073977507
auto,chb15,chb15_32.edf,0,0.9997014399194418
auto,chb15,chb15_32.edf,0,0.999770712454635
auto,chb15,chb15_32.edf,0,0.9996497662907968
auto,chb15,chb15_32.edf,0,0.9996688800552117
auto,chb15,chb15_32.edf,0,0.9995304873856721
auto,chb15,chb15_32.edf,0,0.9996840231355353
auto,chb15,chb15_32.edf,0,0.9997124149261444
auto,chb15,chb15_32.edf,0,0.9997915461271373
auto,chb15,chb15_33.edf,0,0.9919796468220214
auto,chb15,chb15_33.edf,0,0.9997734786857458
auto,chb15,chb15_33.edf,0,0.9997641924477664
auto,chb15,chb15_33.edf,0,0.999707415094006
auto,chb15,chb15_33.edf,0,0.9996687587755452
auto,chb15,chb15_33.edf,0,0.999542395798045
auto,chb15,chb15_33.edf,0,0.9997663145139567
auto,chb15,chb15_33.edf,0,0.9996687537875043
auto,chb15,chb15_33.edf,0,0.999600049736911
auto,chb15,chb15_33.edf,0,0.99970139048581
auto,chb15,chb15_33.edf,0,0.9994297899687766
auto,chb15,chb15_33.edf,0,0.9996392739758775
auto,chb15,chb15_33.edf,0,0.9992157957904634
auto,chb15,chb15_33.edf,0,0.999390526396459
auto,chb15,chb15_33.edf,0,0.9995252149085991
auto,chb15,chb15_33.edf,0,0.999557133988703
auto,chb15,chb15_33.edf,0,0.9994746545478882
auto,chb15,chb15_33.edf,0,0.9994340815823981
auto,chb15,chb15_33.edf,0,0.9993445106465324
auto,chb15,chb15_33.edf,0,0.9991875324641869
auto,chb15,chb15_33.edf,0,0.9994505458849445
auto,chb15,chb15_33.edf,0,0.9994001291691045
auto,chb15,chb15_33.edf,0,0.99947434081609
auto,chb15,chb15_33.edf,0,0.9997070272304771
auto,chb15,chb15_33.edf,0,0.9997086720721996
auto,chb15,chb15_35.edf,0,0.9986882727492964
auto,chb15,chb15_35.edf,0,0.9995722913914475
auto,chb15,chb15_35.edf,0,0.999619410767638
auto,chb15,chb15_35.edf,0,0.9993862165594583
auto,chb15,chb15_35.edf,0,0.9992854880595091
auto,chb15,chb15_35.edf,0,0.9995284251610886
auto,chb15,chb15_35.edf,0,0.9995964320348952
auto,chb15,chb15_35.edf,0,0.9998309223889931
auto,chb15,chb15_35.edf,0,0.9997432399006866
auto,chb15,chb15_35.edf,0,0.9997859187471171
auto,chb15,chb15_35.edf,0,0.9996538902905228
auto,chb15,chb15_35.edf,0,0.9995663826206326
auto,chb15,chb15_35.edf,0,0.9998138494562702
auto,chb15,chb15_35.edf,0,0.9298584638819359
auto,chb15,chb15_35.edf,0,0.9996955868041822
auto,chb15,chb15_35.edf,0,0.9995760877850663
auto,chb15,chb15_35.edf,0,0.9997179589276596
auto,chb15,chb15_35.edf,0,0.8663966104572147
auto,chb15,chb15_35.edf,0,0.7854337364308377
auto,chb15,chb15_35.edf,0,0.9997137277256773
auto,chb15,chb15_35.edf,0,0.9997218694776219
auto,chb15,chb15_35.edf,0,1.0002956961439227
auto,chb15,chb15_37.edf,0,0.9988143424444162
auto,chb15,chb15_37.edf,0,0.9996927575515387
auto,chb15,chb15_37.edf,0,0.9997814843100392
auto,chb15,chb15_37.edf,0,0.999684162274734
auto,chb15,chb15_37.edf,0,0.9997881518087273
auto,chb15,chb15_37.edf,0,0.9997730079790417
auto,chb15,chb15_37.edf,0,0.9995742101349626
auto,chb15,chb15_37.edf,0,0.9996491566917247
auto,chb15,chb15_37.edf,0,0.9997278842288285
auto,chb15,chb15_37.edf,0,0.9997542156522827
auto,chb15,chb15_37.edf,0,0.9996571019543442
auto,chb15,chb15_37.edf,0,0.9995043493516084
auto,chb15,chb15_37.edf,0,0.9996046240821423
auto,chb15,chb15_37.edf,0,0.9996660031535699
auto,chb15,chb15_37.edf,0,0.9996899323797461
auto,chb15,chb15_37.edf,0,0.9996914367008491
auto,chb15,chb15_37.edf,0,0.999738436934687
auto,chb15,chb15_37.edf,0,0.9997774094907259
auto,chb15,chb15_37.edf,0,0.9997464309724763
auto,chb15,chb15_37.edf,0,0.9997728438245718
auto,chb15,chb15_37.edf,0,0.9997960535293299
auto,chb15,chb15_37.edf,0,0.9997594189719802
auto,chb15,chb15_37.edf,0,0.99968014597691
auto,chb15,chb15_37.edf,0,0.999589839515592
auto,chb15,chb15_37.edf,0,0.999559609413923
auto,chb15,chb15_37.edf,0,0.9995951916112611
auto,chb15,chb15_40.edf,0,0.4142350416233693
auto,chb15,chb15_40.edf,0,0.3399332162659307
auto,chb15,chb15_40.edf,0,0.4173048310791912
auto,chb15,chb15_40.edf,0,0.38024477888244296
auto,chb15,chb15_40.edf,0,0.41823272681338597
auto,chb15,chb15_40.edf,0,0.37868450144134347
auto,chb15,chb15_40.edf,0,0.2910721813232165
auto,chb15,chb15_40.edf,1,0.3177454234739315
auto,chb15,chb15_40.edf,1,0.4050741923437836
auto,chb15,chb15_40.edf,1,0.43559420801969545
auto,chb15,chb15_40.edf,1,0.40299583564574415
auto,chb15,chb15_40.edf,1,0.33382692105589157
auto,chb15,chb15_40.edf,1,0.32676363540708736
auto,chb15,chb15_40.edf,1,0.33419079219566394
auto,chb15,chb15_40.edf,0,0.3829319595831814
auto,chb15,chb15_40.edf,0,0.2745277046011434
auto,chb15,chb15_40.edf,0,0.38143670993579737
auto,chb15,chb15_40.edf,0,0.3513434402043471
auto,chb15,chb15_40.edf,0,0.40754797215016836
auto,chb15,chb15_40.edf,0,0.3676158673524829
auto,chb15,chb15_40.edf,0,0.3259204615926368
auto,chb15,chb15_40.edf,0,0.38014878511929817
auto,chb15,chb15_40.edf,1,0.3501468493607957
auto,chb15,chb15_40.edf,1,0.3611840775006054
auto,chb15,chb15_40.edf,1,0.3948691640226193
auto,chb15,chb15_40.edf,1,0.3450003403034593
auto,chb15,chb15_40.edf,1,0.39324846477375724
auto,chb15,chb15_40.edf,1,0.3559368365369748
auto,chb15,chb15_40.edf,1,0.31828948037620036
auto,chb15,chb15_40.edf,1,0.30362806948305177
auto,chb15,chb15_40.edf,1,0.3332104068078322
auto,chb15,chb15_40.edf,1,0.3494548554212709
auto,chb15,chb15_40.edf,1,0.30930328061547435
auto,chb15,chb15_40.edf,1,0.30407141669065224
auto,chb15,chb15_40.edf,1,0.36577012234447576
auto,chb15,chb15_40.edf,0,0.4301843541132017
auto,chb15,chb15_40.edf,0,0.42002968737100593
auto,chb15,chb15_40.edf,0,0.33950299937837475
auto,chb15,chb15_40.edf,0,0.33717280923468484
auto,chb15,chb15_40.edf,0,0.20992556106002086
auto,chb15,chb15_40.edf,0,0.33977688238179066
auto,chb15,chb15_40.edf,1,0.3796887239899422
auto,chb15,chb15_40.edf,1,0.41099304448875945
auto,chb15,chb15_40.edf,1,0.4120065951020797
auto,chb15,chb15_40.edf,1,0.35624399227793285
auto,chb15,chb15_40.edf,1,0.34123385472314327
auto,chb15,chb15_40.edf,1,0.3006396300536414
auto,chb15,chb15_40.edf,1,0.3565686500918492
auto,chb15,chb15_45.edf,0,0.303184730069278
auto,chb15,chb15_45.edf,0,0.24227749293286618
auto,chb15,chb15_45.edf,0,0.309430703781244
auto,chb15,chb15_45.edf,0,0.2256993242181673
auto,chb15,chb15_45.edf,0,0.27342659689001475
auto,chb15,chb15_45.edf,0,0.34116767926597064
auto,chb15,chb15_45.edf,0,0.22461784315784517
auto,chb15,chb15_45.edf,0,0.3980433015466672
auto,chb15,chb15_45.edf,0,0.3224219797222313
auto,chb15,chb15_45.edf,0,0.28715439338158416
auto,chb15,chb15_45.edf,0,0.2617862021871769
auto,chb15,chb15_45.edf,0,0.2388461461706205
auto,chb15,chb15_45.edf,0,0.2174879059647938
auto,chb15,chb15_45.edf,0,0.32779192296569815
auto,chb15,chb15_45.edf,0,0.38632327377820125
auto,chb15,chb15_45.edf,0,0.3492039195497806
auto,chb15,chb15_45.edf,0,0.2384634150802854
auto,chb15,chb15_45.edf,0,0.32519057918597494
auto,chb15,chb15_45.edf,0,0.2996188769334661
auto,chb15,chb15_45.edf,0,0.27585543959468783
auto,chb15,chb15_46.edf,0,0.2635534642289162
auto,chb15,chb15_46.edf,0,0.40096502453950805
auto,chb15,chb15_46.edf,0,0.26417224201913675
auto,chb15,chb15_46.edf,0,0.36542962689239306
auto,chb15,chb15_46.edf,0,0.26351845085816655
auto,chb15,chb15_46.edf,0,0.28770421595284407
auto,chb15,chb15_46.edf,0,0.35869606051379715
auto,chb15,chb15_46.edf,0,0.36912429685451886
auto,chb15,chb15_46.edf,0,0.0932546809649263
auto,chb15,chb15_46.edf,0,0.11114178646964055
auto,chb15,chb15_46.edf,0,0.22356588296086446
auto,chb15,chb15_46.edf,0,0.2538386195428532
auto,chb15,chb15_46.edf,0,0.2968980101860456
auto,chb15,chb15_46.edf,0,0.2981678350757385
auto,chb15,chb15_46.edf,0,0.3621910510351218
auto,chb15,chb15_46.edf,0,0.24888675031294166
auto,chb15,chb15_46.edf,0,0.2786343496273752
auto,chb15,chb15_46.edf,0,0.3739811636909471
auto,chb15,chb15_46.edf,0,0.310168234303204
auto,chb15,chb15_46.edf,0,0.36089040173783604
auto,chb15,chb15_46.edf,0,0.35430079133343273
auto,chb15,chb15_46.edf,0,0.3230307849413353
auto,chb15,chb15_46.edf,0,0.31421348900597196
auto,chb15,chb15_46.edf,0,0.3267592670753506
auto,chb15,chb15_46.edf,1,0.32672538320411293
auto,chb15,chb15_46.edf,1,0.3183041878668091
auto,chb15,chb15_46.edf,1,0.28400939963055616
auto,chb15,chb15_46.edf,1,0.32309604985577206
auto,chb15,chb15_46.edf,1,0.2915656258692716
auto,chb15,chb15_46.edf,1,0.36252942462131754
auto,chb15,chb15_46.edf,1,0.3282144256152497
auto,chb15,chb15_46.edf,1,0.30326282471973093
auto,chb15,chb15_46.edf,1,0.2832365316787022
auto,chb15,chb15_46.edf,1,0.3170821199938568
auto,chb15,chb15_46.edf,1,0.3839037331924549
auto,chb15,chb15_46.edf,0,0.35528169748350963
auto,chb15,chb15_49.edf,0,0.4457142951623294
auto,chb15,chb15_49.edf,0,0.10523256491036656
auto,chb15,chb15_49.edf,0,0.20435067026088138
auto,chb15,chb15_49.edf,0,0.3954878318683843
auto,chb15,chb15_49.edf,1,0.30988000779270797
auto,chb15,chb15_49.edf,1,0.29532209150264827
auto,chb15,chb15_49.edf,1,0.22110179899021148
auto,chb15,chb15_49.edf,1,0.20873721867078532
auto,chb15,chb15_49.edf,1,0.29057761186781794
auto,chb15,chb15_49.edf,1,0.2703109766447515
auto,chb15,chb15_49.edf,1,0.35279317692458473
auto,chb15,chb15_49.edf,1,0.24471770697012243
auto,chb15,chb15_49.edf,1,0.29288329680678854
auto,chb15,chb15_49.edf,1,0.30771939698832856
auto,chb15,chb15_49.edf,1,0.3213063164567568
auto,chb15,chb15_49.edf,1,0.3469235043849522
auto,chb15,chb15_49.edf,1,0.365570669229205
auto,chb15,chb15_49.edf,1,0.36741836335974704
auto,chb15,chb15_49.edf,1,0.35446956831854143
auto,chb15,chb15_49.edf,0,0.36201599233627935
auto,chb15,chb15_49.edf,0,0.4113800565541001
auto,chb15,chb15_49.edf,0,0.36121961075458037
auto,chb15,chb15_49.edf,0,0.4234518437042659
auto,chb15,chb15_49.edf,0,0.3688916808302638
auto,chb15,chb15_49.edf,0,0.32547160312030604
auto,chb15,chb15_49.edf,0,0.29685147469703194
auto,chb15,chb15_49.edf,0,0.3004615364857394
auto,chb15,chb15_49.edf,0,0.27488610377394684
auto,chb15,chb15_49.edf,0,0.3248822552510524
auto,chb15,chb15_49.edf,0,0.33558047702599064
auto,chb15,chb15_49.edf,0,0.3457116740191259
auto,chb15,chb15_49.edf,0,0.25800332980590646
auto,chb15,chb15_49.edf,0,0.3052956130918523
auto,chb15,chb15_49.edf,0,0.3394860080817458
auto,chb15,chb15_49.edf,0,0.308877742416281
auto,chb15,chb15_50.edf,0,0.3189201306855492
auto,chb15,chb15_50.edf,0,0.4992667547200939
auto,chb15,chb15_50.edf,0,0.7474238901193748
auto,chb15,chb15_50.edf,0,0.7428935771150629
auto,chb15,chb15_50.edf,0,0.7007003672776269
auto,chb15,chb15_50.edf,0,0.7974420971313523
auto,chb15,chb15_50.edf,0,0.7996142733181625
auto,chb15,chb15_50.edf,0,0.7093322603594413
auto,chb15,chb15_50.edf,0,0.5418442002475796
auto,chb15,chb15_50.edf,0,0.7705746093219852
auto,chb15,chb15_50.edf,0,0.7584761013632483
auto,chb15,chb15_50.edf,0,0.7437208482806725
auto,chb15,chb15_50.edf,0,0.7052046303537919
auto,chb15,chb15_50.edf,0,0.5459796764155854
auto,chb15,chb15_50.edf,0,0.6618375668858579
auto,chb15,chb15_51.edf,0,0.9908888218711991
auto,chb15,chb15_51.edf,0,0.9998627035078467
auto,chb15,chb15_51.edf,0,0.9726812048514942
auto,chb15,chb15_51.edf,0,0.9998578337851401
auto,chb15,chb15_51.edf,0,0.9997743589593785
auto,chb15,chb15_51.edf,0,0.9998035607926348
auto,chb15,chb15_51.edf,0,0.9998267647093486
auto,chb15,chb15_51.edf,0,0.9996520386932723
auto,chb15,chb15_51.edf,0,0.9998482155827113
auto,chb15,chb15_51.edf,0,0.9744343356962952
auto,chb15,chb15_51.edf,0,0.9998276383709991
auto,chb15,chb15_51.edf,0,0.9997188742706555
auto,chb15,chb15_51.edf,0,0.999798798678643
auto,chb15,chb15_51.edf,0,0.8674131385694226
auto,chb15,chb15_51.edf,0,0.9996543325849634
auto,chb15,chb15_51.edf,0,0.9836966874826109
auto,chb15,chb15_51.edf,0,0.9998346986226089
auto,chb15,chb15_51.edf,0,0.9845197791308715
auto,chb15,chb15_51.edf,0,0.8768287261143088
auto,chb15,chb15_51.edf,0,0.9998587619500441
auto,chb15,chb15_51.edf,0,0.9883434607315116
auto,chb15,chb15_51.edf,0,0.9998628750228179
auto,chb15,chb15_51.edf,0,0.9997805143764134
auto,chb15,chb15_51.edf,0,0.68789813824773
auto,chb15,chb15_52.edf,0,0.38462868670915046
auto,chb15,chb15_52.edf,0,0.4571926307536681
auto,chb15,chb15_52.edf,0,0.41034530222890225
auto,chb15,chb15_52.edf,1,0.4299086962816172
auto,chb15,chb15_52.edf,1,0.42349543019531216
auto,chb15,chb15_52.edf,1,0.3886680317809827
auto,chb15,chb15_52.edf,1,0.4042423486534167
auto,chb15,chb15_52.edf,1,0.4284187017967487
auto,chb15,chb15_52.edf,1,0.4146367568800038
auto,chb15,chb15_52.edf,1,0.45167690961279583
auto,chb15,chb15_52.edf,1,0.4374877127604064
auto,chb15,chb15_52.edf,0,0.4090680330761159
auto,chb15,chb15_52.edf,0,0.3975019536069584
auto,chb15,chb15_52.edf,0,0.41046167280334955
auto,chb15,chb15_52.edf,0,0.4169347097118455
auto,chb15,chb15_52.edf,0,0.42819844071592505
auto,chb15,chb15_52.edf,0,0.38238569485181345
auto,chb15,chb15_52.edf,0,0.48764049999503783
auto,chb15,chb15_52.edf,0,0.4533038468320134
auto,chb15,chb15_52.edf,0,0.43998235830955007
auto,chb15,chb15_52.edf,0,0.4158786447733043
auto,chb15,chb15_52.edf,0,0.49673045109686154
auto,chb15,chb15_52.edf,0,0.4413563358285881
auto,chb15,chb15_52.edf,0,0.47546560275524646
auto,chb15,chb15_52.edf,0,0.3796456535445205
auto,chb15,chb15_52.edf,0,0.3983236987109579
auto,chb15,chb15_52.edf,0,0.4983962405148927
auto,chb15,chb15_52.edf,0,0.4426564562984277
auto,chb15,chb15_54.edf,0,0.8345447367099686
auto,chb15,chb15_54.edf,1,0.6378531680033822
auto,chb15,chb15_54.edf,1,0.6847129574651144
auto,chb15,chb15_54.edf,1,0.5673895165586312
auto,chb15,chb15_54.edf,1,0.6502101654093537
auto,chb15,chb15_54.edf,1,0.5480468600286529
auto,chb15,chb15_54.edf,1,0.6978479164771689
auto,chb15,chb15_54.edf,0,0.7051666293008915
auto,chb15,chb15_54.edf,0,0.8460119696320776
auto,chb15,chb15_54.edf,1,0.787819245125988
auto,chb15,chb15_54.edf,1,0.7308856796112804
auto,chb15,chb15_54.edf,1,0.7657788923235909
auto,chb15,chb15_54.edf,1,0.7869635923890219
auto,chb15,chb15_54.edf,1,0.7684414420560216
auto,chb15,chb15_54.edf,1,0.7254340004773651
auto,chb15,chb15_54.edf,1,0.7165255564603105
auto,chb15,chb15_54.edf,1,0.7086064665166152
auto,chb15,chb15_54.edf,1,0.7025397869073164
auto,chb15,chb15_54.edf,1,0.6958800733848647
auto,chb15,chb15_54.edf,1,0.7535825481888668
auto,chb15,chb15_54.edf,1,0.7470411630729931
auto,chb15,chb15_54.edf,1,0.6596985556294761
auto,chb15,chb15_54.edf,1,0.6932733559266941
auto,chb15,chb15_54.edf,1,0.6996313176100944
auto,chb15,chb15_54.edf,1,0.700803596646722
auto,chb15,chb15_54.edf,1,0.705557874992553
auto,chb15,chb15_54.edf,1,0.7040760783563587
auto,chb15,chb15_54.edf,0,0.786362886900005
auto,chb15,chb15_54.edf,0,0.6943231187870242
auto,chb15,chb15_54.edf,0,0.859250133727278
auto,chb15,chb15_54.edf,0,0.6311167118531439
auto,chb15,chb15_54.edf,0,0.8365963533215052
auto,chb15,chb15_54.edf,1,0.8096142265125742
auto,chb15,chb15_54.edf,1,0.7163837997923947
auto,chb15,chb15_54.edf,1,0.6993540999558463
auto,chb15,chb15_54.edf,1,0.6209087992401298
auto,chb15,chb15_54.edf,1,0.6980031500202329
auto,chb15,chb15_54.edf,1,0.8578996511567697
auto,chb15,chb15_54.edf,1,0.6616011674420347
auto,chb15,chb15_54.edf,1,0.6997955374314003
auto,chb15,chb15_54.edf,0,0.6998969905600628
auto,chb15,chb15_54.edf,0,0.7276818628282501
auto,chb15,chb15_54.edf,0,0.8480344726492908
auto,chb15,chb15_54.edf,0,0.7765483301610566
auto,chb15,chb15_54.edf,1,0.7728522254409421
auto,chb15,chb15_54.edf,1,0.7680013993556016
auto,chb15,chb15_54.edf,1,0.6808496861524374
auto,chb15,chb15_54.edf,1,0.7379895347113237
auto,chb15,chb15_54.edf,1,0.7263136436454815
auto,chb15,chb15_54.edf,1,0.7498494921128743
auto,chb15,chb15_54.edf,1,0.7449854996164792
auto,chb15,chb15_54.edf,1,0.6980890856720076
auto,chb15,chb15_54.edf,0,0.8435384176554329
auto,chb15,chb15_54.edf,0,0.6587121263716572
auto,chb15,chb15_54.edf,0,0.7432869131435217
auto,chb15,chb15_54.edf,0,0.6643738208737231
auto,chb15,chb15_54.edf,0,0.7114465077803986
auto,chb15,chb15_54.edf,0,0.7188286036806918
auto,chb15,chb15_54.edf,1,0.5820195161481336
auto,chb15,chb15_54.edf,1,0.7787116947511645
auto,chb15,chb15_54.edf,1,0.7115058306136081
auto,chb15,chb15_54.edf,1,0.6448545089953815
auto,chb15,chb15_61.edf,0,0.6219636242668156
auto,chb15,chb15_61.edf,0,0.6057714511386281
auto,chb15,chb15_61.edf,0,0.6865509250736592
auto,chb15,chb15_61.edf,0,0.7693520892602552
auto,chb15,chb15_61.edf,0,0.694883929229122
auto,chb15,chb15_61.edf,0,0.44264243550100946
auto,chb15,chb15_61.edf,0,0.45695670791213666
auto,chb15,chb15_61.edf,0,0.5732832303879549
auto,chb15,chb15_61.edf,0,0.6895924199196682
auto,chb15,chb15_61.edf,0,0.6929798054126568
auto,chb15,chb15_61.edf,0,0.7988319858911618
auto,chb15,chb15_61.edf,0,0.7276531112621033
auto,chb15,chb15_61.edf,0,0.7262531053130297
auto,chb15,chb15_61.edf,0,0.7163931527210144
auto,chb15,chb15_61.edf,0,0.7398545212416494
auto,chb15,chb15_61.edf,0,0.7127208677261369
auto,chb15,chb15_61.edf,0,0.7705012467965778
auto,chb15,chb15_61.edf,0,0.7197274781703998
auto,chb15,chb15_61.edf,0,0.7605660036691814
auto,chb15,chb15_61.edf,0,0.7277059317891288
auto,chb15,chb15_61.edf,0,0.6647799453159642
auto,chb15,chb15_61.edf,0,0.7600410116202189
auto,chb15,chb15_61.edf,0,0.7144473740786936
auto,chb15,chb15_62.edf,0,0.9997532624270145
auto,chb15,chb15_62.edf,0,0.9997505046191404
auto,chb15,chb15_62.edf,0,0.9998028189571955
auto,chb15,chb15_62.edf,1,0.9998874267737589
auto,chb15,chb15_62.edf,1,0.9163523672421967
auto,chb15,chb15_62.edf,1,0.9998828990816048
auto,chb15,chb15_62.edf,1,0.999802610848352
auto,chb15,chb15_62.edf,1,0.9998194440246861
auto,chb15,chb15_62.edf,1,0.9994754636494522
auto,chb15,chb15_62.edf,1,0.9702207769513533
auto,chb15,chb15_62.edf,1,0.999828260364147
auto,chb15,chb15_62.edf,1,0.9477992863413665
auto,chb15,chb15_62.edf,1,0.8656613422166816
auto,chb15,chb15_62.edf,1,0.999697732220318
auto,chb15,chb15_62.edf,0,0.9915822706431804
auto,chb15,chb15_62.edf,0,0.9857370723918704
auto,chb15,chb15_62.edf,0,0.9996713010879119
auto,chb15,chb15_62.edf,0,0.9996051530483805
auto,chb15,chb15_62.edf,0,0.9996607105204751
auto,chb15,chb15_62.edf,0,0.9996144296335739
auto,chb15,chb15_62.edf,0,0.9997612489805093
auto,chb15,chb15_62.edf,0,0.9996565432947206
auto,chb15,chb15_62.edf,0,0.9996998859024112
auto,chb15,chb15_62.edf,0,0.9997000254412699
auto,chb15,chb15_62.edf,0,0.9996150764177912
auto,chb15,chb15_62.edf,0,0.9996824108709453
auto,chb15,chb15_62.edf,0,0.9996722573105393
auto,chb15,chb15_62.edf,0,0.9345322164215636
auto,chb15,chb15_62.edf,0,0.9996901951423542
auto,chb15,chb15_62.edf,0,0.9995752469902226
auto,chb15,chb15_62.edf,0,0.9996816285378628
auto,chb15,chb15_62.edf,0,0.9996828943285356
auto,chb15,chb15_62.edf,0,0.9997373438778201
auto,chb15,chb15_62.edf,0,0.9996275112976015
auto,chb15,chb15_62.edf,0,0.9927055833447301
auto,chb15,chb15_63.edf,0,0.9161621736131925
auto,chb15,chb15_63.edf,0,0.9992867549582626
auto,chb15,chb15_63.edf,0,0.9995192370148334
auto,chb15,chb15_63.edf,0,0.9088479360885363
auto,chb15,chb15_63.edf,0,0.9996070693916135
auto,chb15,chb15_63.edf,0,0.9996493935954937
auto,chb15,chb15_63.edf,0,0.9996717257425425
auto,chb15,chb15_63.edf,0,0.6018758777732082
auto,chb15,chb15_63.edf,0,0.9522452528692824
auto,chb15,chb15_63.edf,0,0.9011178005045748
auto,chb15,chb15_63.edf,0,0.9996616135960199
auto,chb15,chb15_63.edf,0,0.8734526053681305
auto,chb15,chb15_63.edf,0,0.999661643109411
auto,chb15,chb15_63.edf,0,0.9996452289194466
auto,chb15,chb15_63.edf,0,0.9996690077555718
auto,chb15,chb15_63.edf,0,0.9997917565090194
auto,chb15,chb15_63.edf,0,0.7309199587620931
auto,chb15,chb15_63.edf,0,0.9998133845217754
auto,chb15,chb15_63.edf,0,0.9997406062111217
auto,chb15,chb15_63.edf,0,0.5203195985878704
auto,chb15,chb15_63.edf,0,0.965587992024041
auto,chb15,chb15_63.edf,0,0.8378679921653871
auto-,chb01,chb01_01.edf,0,0.4566081035463864
auto-,chb01,chb01_01.edf,0,0.44817449335187187
auto-,chb01,chb01_01.edf,0,0.4497757437193557
auto-,chb01,chb01_01.edf,0,0.5326320413071057
auto-,chb01,chb01_01.edf,0,0.4384468107357108
auto-,chb01,chb01_02.edf,0,0.9993331947390915
auto-,chb01,chb01_02.edf,0,0.9997463002312833
auto-,chb01,chb01_03.edf,0,0.9932039098053744
auto-,chb01,chb01_03.edf,0,0.999507591245726
auto-,chb01,chb01_03.edf,1,0.9996768719614504
auto-,chb01,chb01_03.edf,1,0.9997143145935523
auto-,chb01,chb01_03.edf,1,0.9996326385877932
auto-,chb01,chb01_03.edf,1,0.9995691121493183
auto-,chb01,chb01_03.edf,1,0.9994281844354168
auto-,chb01,chb01_04.edf,1,0.9997295867036047
auto-,chb01,chb01_04.edf,1,0.9996862075018185
auto-,chb01,chb01_04.edf,1,0.999455848401625
auto-,chb01,chb01_04.edf,1,0.9995117434757742
auto-,chb01,chb01_04.edf,0,0.9995984939669713
auto-,chb01,chb01_04.edf,0,0.9996550388734977
auto-,chb01,chb01_04.edf,0,0.9996842952327599
auto-,chb01,chb01_05.edf,0,0.9988649949178842
auto-,chb01,chb01_05.edf,0,0.9993803826826707
auto-,chb01,chb01_05.edf,0,0.9995720193451905
auto-,chb01,chb01_05.edf,0,0.9996574079497876
auto-,chb01,chb01_06.edf,0,0.9995307418217719
auto-,chb01,chb01_06.edf,0,0.9994094156022426
auto-,chb01,chb01_06.edf,0,0.9996892078148407
auto-,chb01,chb01_07.edf,0,0.9993943624258829
auto-,chb01,chb01_07.edf,0,0.9995693659954983
auto-,chb01,chb01_07.edf,0,0.9995918003722839
auto-,chb01,chb01_07.edf,0,0.9988015466243563
auto-,chb01,chb01_08.edf,0,0.9995605172171107
auto-,chb01,chb01_09.edf,0,0.39670789479487617
auto-,chb01,chb01_09.edf,0,0.34405959938194725
auto-,chb01,chb01_09.edf,0,0.32650727110001415
auto-,chb01,chb01_09.edf,0,0.35626660348083133
auto-,chb01,chb01_10.edf,0,0.99895851309497
auto-,chb01,chb01_10.edf,0,0.99952070597926
auto-,chb01,chb01_10.edf,0,0.9994405831502704
auto-,chb01,chb01_10.edf,0,0.9994189682637622
auto-,chb01,chb01_10.edf,0,0.999508091265443
auto-,chb01,chb01_11.edf,0,0.9997381385230582
auto-,chb01,chb01_11.edf,0,0.9994790281239755
auto-,chb01,chb01_11.edf,0,0.999725776889339
auto-,chb01,chb01_11.edf,0,0.9993480163988577
auto-,chb01,chb01_11.edf,0,0.999581030241761
auto-,chb01,chb01_11.edf,0,0.999741150737285
auto-,chb01,chb01_11.edf,0,0.9997235287796764
auto-,chb01,chb01_11.edf,0,0.9995044037509885
auto-,chb01,chb01_12.edf,0,0.9995709821302258
auto-,chb01,chb01_13.edf,0,0.9997407372631589
auto-,chb01,chb01_13.edf,0,0.9995647551782836
auto-,chb01,chb01_13.edf,0,0.9993120673950353
auto-,chb01,chb01_13.edf,0,0.9991638699517227
auto-,chb01,chb01_13.edf,0,0.9995753336112557
auto-,chb01,chb01_13.edf,0,0.9989849386309639
auto-,chb01,chb01_14.edf,0,0.999748328203948
auto-,chb01,chb01_14.edf,0,0.9996578430535159
auto-,chb01,chb01_14.edf,0,0.9991859814407907
auto-,chb01,chb01_14.edf,0,0.9997039825906165
auto-,chb01,chb01_14.edf,0,0.9993033902343005
auto-,chb01,chb01_14.edf,0,0.9994819769469911
auto-,chb01,chb01_14.edf,0,0.999385593965861
auto-,chb01,chb01_14.edf,0,0.999449686337096
auto-,chb01,chb01_15.edf,0,0.9993609824420131
auto-,chb01,chb01_15.edf,0,0.9992589105723498
auto-,chb01,chb01_15.edf,0,0.9993099975244112
auto-,chb01,chb01_15.edf,1,0.9996507968186104
auto-,chb01,chb01_15.edf,1,0.9995265487199774
auto-,chb01,chb01_15.edf,1,0.9995495917370765
auto-,chb01,chb01_15.edf,1,0.9991748823853519
auto-,chb01,chb01_15.edf,1,0.9993066918647658
auto-,chb01,chb01_15.edf,0,0.9993824530030821
auto-,chb01,chb01_15.edf,0,0.9995554402535226
auto-,chb01,chb01_15.edf,0,0.9995036244950561
auto-,chb01,chb01_15.edf,0,0.9995622630914038
auto-,chb01,chb01_15.edf,0,0.9995307051670355
auto-,chb01,chb01_16.edf,0,0.9993758698878936
auto-,chb01,chb01_16.edf,1,0.9995073693200495
auto-,chb01,chb01_16.edf,1,0.9994831444964853
auto-,chb01,chb01_16.edf,1,0.9994667580855096
auto-,chb01,chb01_16.edf,1,0.9995044391607313
auto-,chb01,chb01_16.edf,1,0.9994251541838021
auto-,chb01,chb01_16.edf,1,0.9990335832777224
auto-,chb01,chb01_16.edf,0,0.999369146231077
auto-,chb01,chb01_16.edf,0,0.9994101133414385
auto-,chb01,chb01_16.edf,0,0.999308873185729
auto-,chb01,chb01_16.edf,0,0.999147519256845
auto-,chb01,chb01_16.edf,0,0.9991185497122855
auto-,chb01,chb01_17.edf,0,0.9990850637396168
auto-,chb01,chb01_17.edf,0,0.9992686371000938
auto-,chb01,chb01_17.edf,0,0.9992252059762688
auto-,chb01,chb01_17.edf,0,0.9991591542204217
auto-,chb01,chb01_17.edf,0,0.9996188891570649
auto-,chb01,chb01_17.edf,0,0.9995473133107627
auto-,chb01,chb01_18.edf,0,0.9994555547877596
auto-,chb01,chb01_18.edf,1,0.9996416840298255
auto-,chb01,chb01_18.edf,1,0.9995283100228012
auto-,chb01,chb01_18.edf,1,0.9996552589294515
auto-,chb01,chb01_18.edf,1,0.9994861668864676
auto-,chb01,chb01_18.edf,1,0.9994387596896097
auto-,chb01,chb01_18.edf,1,0.9994725757304057
auto-,chb01,chb01_18.edf,1,0.9994702550523907
auto-,chb01,chb01_18.edf,1,0.9994155360715726
auto-,chb01,chb01_18.edf,1,0.9993694190083867
auto-,chb01,chb01_18.edf,0,0.9990670423126823
auto-,chb01,chb01_18.edf,0,0.9993947775581674
auto-,chb01,chb01_18.edf,0,0.999272622843371
auto-,chb01,chb01_18.edf,0,0.9994960255807649
auto-,chb01,chb01_18.edf,0,0.9995555798414064
auto-,chb01,chb01_18.edf,0,0.9994715026264323
auto-,chb01,chb01_19.edf,0,0.9996007352413337
auto-,chb01,chb01_19.edf,0,0.9989305177690495
auto-,chb01,chb01_20.edf,0,0.9994737117192051
auto-,chb01,chb01_20.edf,0,0.9994155860479352
auto-,chb01,chb01_20.edf,0,0.9994633240128641
auto-,chb01,chb01_20.edf,0,0.9993858594430488
auto-,chb01,chb01_20.edf,0,0.9994329373715439
auto-,chb01,chb01_21.edf,0,0.9994988346580324
auto-,chb01,chb01_21.edf,1,0.9995817778107342
auto-,chb01,chb01_21.edf,1,0.9997066599513609
auto-,chb01,chb01_21.edf,1,0.9996703071266034
auto-,chb01,chb01_21.edf,1,0.999644212379728
auto-,chb01,chb01_21.edf,1,0.999663803196246
auto-,chb01,chb01_21.edf,1,0.9996250528914831
auto-,chb01,chb01_21.edf,1,0.9996225491988314
auto-,chb01,chb01_21.edf,1,0.9995458572497312
auto-,chb01,chb01_21.edf,1,0.9994731814505515
auto-,chb01,chb01_21.edf,1,0.9994598875551822
auto-,chb01,chb01_21.edf,0,0.9994454987850676
auto-,chb01,chb01_21.edf,0,0.9994613085318126
auto-,chb01,chb01_21.edf,0,0.9993809140223364
auto-,chb01,chb01_21.edf,0,0.9994808473236347
auto-,chb01,chb01_21.edf,0,0.9992323566667876
auto-,chb01,chb01_21.edf,0,0.9993768716800098
auto-,chb01,chb01_21.edf,0,0.9995249132216389
auto-,chb01,chb01_22.edf,0,0.9995473964914021
auto-,chb01,chb01_22.edf,0,0.999504066722642
auto-,chb01,chb01_22.edf,0,0.9994248647236844
auto-,chb01,chb01_22.edf,0,0.999605983232923
auto-,chb01,chb01_23.edf,0,0.9996051198397373
auto-,chb01,chb01_23.edf,0,0.9995627317971374
auto-,chb01,chb01_23.edf,0,0.999186699277207
auto-,chb01,chb01_23.edf,0,0.9994818134308503
auto-,chb01,chb01_23.edf,0,0.999423385455538
auto-,chb01,chb01_23.edf,0,0.9997007466368042
auto-,chb01,chb01_23.edf,0,0.9994745692058912
auto-,chb01,chb01_24.edf,0,0.9996197573548364
auto-,chb01,chb01_24.edf,0,0.9995815759871274
auto-,chb01,chb01_24.edf,0,0.9994599676111772
auto-,chb01,chb01_24.edf,0,0.9995935838576121
auto-,chb01,chb01_24.edf,0,0.9995242618703082
auto-,chb01,chb01_24.edf,0,0.9996572010082132
auto-,chb01,chb01_24.edf,0,0.9996879588962968
auto-,chb01,chb01_24.edf,0,0.9995708075553994
auto-,chb01,chb01_24.edf,0,0.999702766832802
auto-,chb01,chb01_24.edf,0,0.999534692859597
auto-,chb01,chb01_24.edf,0,0.9995439781914641
auto-,chb01,chb01_24.edf,0,0.9996214137284336
auto-,chb01,chb01_25.edf,0,0.611714903600954
auto-,chb01,chb01_25.edf,0,0.6395620491149541
auto-,chb01,chb01_25.edf,0,0.42042476469465895
auto-,chb01,chb01_26.edf,0,0.9994836386557054
auto-,chb01,chb01_26.edf,1,0.999732388514405
auto-,chb01,chb01_26.edf,1,0.9997056377979852
auto-,chb01,chb01_26.edf,1,0.9996494858150387
auto-,chb01,chb01_26.edf,1,0.9996953664833661
auto-,chb01,chb01_26.edf,1,0.9996918595355734
auto-,chb01,chb01_26.edf,1,0.9996620284389982
auto-,chb01,chb01_26.edf,1,0.9996439852215544
auto-,chb01,chb01_26.edf,1,0.9996487174294431
auto-,chb01,chb01_26.edf,1,0.9997262218450736
auto-,chb01,chb01_26.edf,1,0.9995684976183163
auto-,chb01,chb01_26.edf,1,0.9992064943370768
auto-,chb01,chb01_29.edf,0,0.999501267776304
auto-,chb01,chb01_30.edf,0,0.38403992313094715
auto-,chb01,chb01_30.edf,0,0.3575884345352374
auto-,chb01,chb01_30.edf,0,0.4231202705596507
auto-,chb01,chb01_30.edf,0,0.5225555023474888
auto-,chb01,chb01_30.edf,0,0.4374455087128787
auto-,chb01,chb01_31.edf,0,0.3146114305199809
auto-,chb01,chb01_31.edf,0,0.40942605016231165
auto-,chb01,chb01_31.edf,0,0.4645977330512427
auto-,chb01,chb01_31.edf,0,0.441267763102043
auto-,chb01,chb01_32.edf,0,0.9995662323828531
auto-,chb01,chb01_32.edf,0,0.999505562035684
auto-,chb01,chb01_32.edf,0,0.9995314632611384
auto-,chb01,chb01_32.edf,0,0.9996366792124034
auto-,chb01,chb01_33.edf,0,0.999383174214416
auto-,chb01,chb01_33.edf,0,0.999614300099752
auto-,chb01,chb01_33.edf,0,0.9997080020089418
auto-,chb01,chb01_33.edf,0,0.9996427917044093
auto-,chb01,chb01_33.edf,0,0.9994573037316198
auto-,chb01,chb01_33.edf,0,0.9991378861213253
auto-,chb01,chb01_33.edf,0,0.9991750889767143
auto-,chb01,chb01_34.edf,0,0.9995044572860392
auto-,chb01,chb01_34.edf,0,0.9992720987780483
auto-,chb01,chb01_34.edf,0,0.9994894974729733
auto-,chb01,chb01_34.edf,0,0.999300317672498
auto-,chb01,chb01_34.edf,0,0.9987164256252709
auto-,chb01,chb01_36.edf,0,0.9994524812851745
auto-,chb01,chb01_36.edf,0,0.9993119871324128
auto-,chb01,chb01_36.edf,0,0.9993914065138164
auto-,chb01,chb01_37.edf,0,0.9993302473166232
auto-,chb01,chb01_37.edf,0,0.9994196563167445
auto-,chb01,chb01_37.edf,0,0.9993784033830235
auto-,chb01,chb01_37.edf,0,0.9992959206607422
auto-,chb01,chb01_38.edf,0,0.9992927143518753
auto-,chb01,chb01_38.edf,0,0.9992074952896068
auto-,chb01,chb01_38.edf,0,0.9992580493296516
auto-,chb01,chb01_38.edf,0,0.999057339640819
auto-,chb01,chb01_38.edf,0,0.9993668239365432
auto-,chb01,chb01_39.edf,0,0.9995884222777283
auto-,chb01,chb01_39.edf,0,0.999589146239029
auto-,chb01,chb01_39.edf,0,0.9993309320682389
auto-,chb01,chb01_39.edf,0,0.9994915468635974
auto-,chb01,chb01_39.edf,0,0.9994434011524763
auto-,chb01,chb01_40.edf,0,0.9995264072937696
auto-,chb01,chb01_40.edf,0,0.9995502537731358
auto-,chb01,chb01_40.edf,0,0.9995335754290291
auto-,chb01,chb01_40.edf,0,0.9992616675357435
auto-,chb01,chb01_40.edf,0,0.9994243270392298
auto-,chb01,chb01_40.edf,0,0.9995252563314928
auto-,chb01,chb01_40.edf,0,0.999693942073131
auto-,chb01,chb01_41.edf,0,0.9993895642301039
auto-,chb01,chb01_41.edf,0,0.9995134796361166
auto-,chb01,chb01_41.edf,0,0.9994864032930213
auto-,chb01,chb01_41.edf,0,0.9994300209187205
auto-,chb01,chb01_41.edf,0,0.999607179718624
auto-,chb01,chb01_41.edf,0,0.9993923088371867
auto-,chb01,chb01_42.edf,0,0.9996980395217833
auto-,chb01,chb01_42.edf,0,0.9992929234281696
auto-,chb01,chb01_42.edf,0,0.9994154812437054
auto-,chb01,chb01_42.edf,0,0.9994652042047248
auto-,chb01,chb01_42.edf,0,0.999549867694652
auto-,chb01,chb01_42.edf,0,0.9994917806953282
auto-,chb01,chb01_42.edf,0,0.9986218271031562
auto-,chb01,chb01_43.edf,0,0.999608698336536
auto-,chb01,chb01_43.edf,0,0.9994726155481033
auto-,chb01,chb01_43.edf,0,0.9995821527740681
auto-,chb01,chb01_43.edf,0,0.9994948415546057
auto-,chb01,chb01_43.edf,0,0.999514450391534
auto-,chb01,chb01_43.edf,0,0.9993482454448598
auto-,chb01,chb01_43.edf,0,0.99949973260034
auto-,chb01,chb01_46.edf,0,0.434739010588904
auto-,chb01,chb01_46.edf,0,0.3785266934955054
auto-,chb01,chb01_46.edf,0,0.38394662939764695
auto-,chb01,chb01_46.edf,0,0.3541144153310839
auto-,chb01,chb01_46.edf,0,0.3572550077553911
auto-,chb03,chb03_01.edf,1,0.13276214737107103
auto-,chb03,chb03_01.edf,1,0.20448812462074298
auto-,chb03,chb03_01.edf,1,0.26952624118859586
auto-,chb03,chb03_01.edf,1,0.3042988848491059
auto-,chb03,chb03_01.edf,1,0.30954851419636614
auto-,chb03,chb03_01.edf,1,0.24797326782950813
auto-,chb03,chb03_01.edf,0,0.2997540097566788
auto-,chb03,chb03_01.edf,0,0.3274543305057617
auto-,chb03,chb03_02.edf,0,0.3592593944256021
auto-,chb03,chb03_02.edf,0,0.261950276968227
auto-,chb03,chb03_02.edf,1,0.29497822393037193
auto-,chb03,chb03_02.edf,1,0.17477027983101778
auto-,chb03,chb03_02.edf,1,0.2405826433416809
auto-,chb03,chb03_02.edf,1,0.21350826105736484
auto-,chb03,chb03_02.edf,1,0.2552246861833434
auto-,chb03,chb03_02.edf,1,0.3180096986183955
auto-,chb03,chb03_02.edf,1,0.34950251635213825
auto-,chb03,chb03_02.edf,0,0.2885425838553922
auto-,chb03,chb03_02.edf,0,0.22315265893479796
auto-,chb03,chb03_02.edf,0,0.29228705607424604
auto-,chb03,chb03_03.edf,1,0.1586768869675392
auto-,chb03,chb03_03.edf,1,0.2143062025557501
auto-,chb03,chb03_03.edf,1,0.26237140215366567
auto-,chb03,chb03_03.edf,1,0.2412240611075495
auto-,chb03,chb03_03.edf,1,0.29735379691007474
auto-,chb03,chb03_03.edf,1,0.27048408525309386
auto-,chb03,chb03_03.edf,1,0.30373702699199784
auto-,chb03,chb03_03.edf,1,0.3041843902738949
auto-,chb03,chb03_03.edf,0,0.0828407180190729
auto-,chb03,chb03_03.edf,0,0.36462361150933137
auto-,chb03,chb03_03.edf,0,0.410448783823311
auto-,chb03,chb03_03.edf,0,0.3844259940972346
auto-,chb03,chb03_03.edf,0,0.38997290036562415
auto-,chb03,chb03_04.edf,0,0.9997454612532599
auto-,chb03,chb03_04.edf,0,0.9996945596922998
auto-,chb03,chb03_04.edf,1,0.9994612812558968
auto-,chb03,chb03_04.edf,1,0.9995144881756455
auto-,chb03,chb03_04.edf,1,0.9995977908836051
auto-,chb03,chb03_04.edf,1,0.9994747694314073
auto-,chb03,chb03_04.edf,1,0.9994862587294958
auto-,chb03,chb03_04.edf,1,0.9994722183746755
auto-,chb03,chb03_05.edf,0,0.6933210706829488
auto-,chb03,chb03_05.edf,0,0.6963787335259418
auto-,chb03,chb03_05.edf,0,0.7227741632436531
auto-,chb03,chb03_05.edf,0,0.508800259446117
auto-,chb03,chb03_06.edf,0,0.9991022687432985
auto-,chb03,chb03_06.edf,0,0.9990653363584318
auto-,chb03,chb03_06.edf,0,0.999024507006208
auto-,chb03,chb03_06.edf,0,0.9990349523339961
auto-,chb03,chb03_06.edf,0,0.9990662058063586
auto-,chb03,chb03_06.edf,0,0.9989934262148146
auto-,chb03,chb03_07.edf,0,0.9993112511651832
auto-,chb03,chb03_07.edf,0,0.9988232771807557
auto-,chb03,chb03_07.edf,0,0.9993037443111893
auto-,chb03,chb03_07.edf,0,0.9992889747385991
auto-,chb03,chb03_08.edf,0,0.9995398929433065
auto-,chb03,chb03_09.edf,0,0.999632369964338
auto-,chb03,chb03_09.edf,0,0.9995883558415778
auto-,chb03,chb03_09.edf,0,0.9996577242140188
auto-,chb03,chb03_09.edf,0,0.9995188328911222
auto-,chb03,chb03_09.edf,0,0.9991968315003362
auto-,chb03,chb03_10.edf,0,0.35784613791584235
auto-,chb03,chb03_10.edf,0,0.43966427449694867
auto-,chb03,chb03_10.edf,0,0.42934248657289087
auto-,chb03,chb03_10.edf,0,0.1869289397915216
auto-,chb03,chb03_10.edf,0,0.39389016347986205
auto-,chb03,chb03_10.edf,0,0.319905905244144
auto-,chb03,chb03_10.edf,0,0.423151230566303
auto-,chb03,chb03_10.edf,0,0.4988535637277176
auto-,chb03,chb03_10.edf,0,0.43326818526986954
auto-,chb03,chb03_11.edf,0,0.9996497714718275
auto-,chb03,chb03_11.edf,0,0.9996944596454097
auto-,chb03,chb03_11.edf,0,0.9996862993544027
auto-,chb03,chb03_11.edf,0,0.9995638242714208
auto-,chb03,chb03_11.edf,0,0.9996375539408822
auto-,chb03,chb03_11.edf,0,0.9990910842150504
auto-,chb03,chb03_11.edf,0,0.9992864462482773
auto-,chb03,chb03_11.edf,0,0.9994771840266325
auto-,chb03,chb03_12.edf,0,0.9996661606628331
auto-,chb03,chb03_12.edf,0,0.999520917639808
auto-,chb03,chb03_12.edf,0,0.9992880102002365
auto-,chb03,chb03_12.edf,0,0.9997114843090537
auto-,chb03,chb03_12.edf,0,0.9995904574398065
auto-,chb03,chb03_13.edf,0,0.9994711757340711
auto-,chb03,chb03_13.edf,0,0.9997498194947397
auto-,chb03,chb03_13.edf,0,0.9995942051230554
auto-,chb03,chb03_13.edf,0,0.999668915999642
auto-,chb03,chb03_13.edf,0,0.9992701294622311
auto-,chb03,chb03_14.edf,0,0.9995965170306255
auto-,chb03,chb03_14.edf,0,0.9993137210825405
auto-,chb03,chb03_14.edf,0,0.9994180497226381
auto-,chb03,chb03_14.edf,0,0.9996335093149403
auto-,chb03,chb03_14.edf,0,0.9994846196884144
auto-,chb03,chb03_14.edf,0,0.9991915483791237
auto-,chb03,chb03_14.edf,0,0.9997285008637918
auto-,chb03,chb03_14.edf,0,0.9995424751144014
auto-,chb03,chb03_14.edf,0,0.999584001112371
auto-,chb03,chb03_15.edf,0,0.9995777170505066
auto-,chb03,chb03_16.edf,0,0.3971475141245283
auto-,chb03,chb03_16.edf,0,0.40916889874849155
auto-,chb03,chb03_16.edf,0,0.42269473632297566
auto-,chb03,chb03_16.edf,0,0.33002653671855847
auto-,chb03,chb03_16.edf,0,0.3713266448048402
auto-,chb03,chb03_16.edf,0,0.2443669705935573
auto-,chb03,chb03_16.edf,0,0.3678154171805093
auto-,chb03,chb03_17.edf,0,0.38677569139188095
auto-,chb03,chb03_17.edf,0,0.25929127108265526
auto-,chb03,chb03_17.edf,0,0.33394799970105604
auto-,chb03,chb03_17.edf,0,0.29344241557799744
auto-,chb03,chb03_17.edf,0,0.32169757573508406
auto-,chb03,chb03_17.edf,0,0.37089097942897553
auto-,chb03,chb03_17.edf,0,0.41318510959898147
auto-,chb03,chb03_18.edf,0,0.45098844011190603
auto-,chb03,chb03_18.edf,0,0.47567162009688363
auto-,chb03,chb03_18.edf,0,0.3617770081165445
auto-,chb03,chb03_18.edf,0,0.3095447095975556
auto-,chb03,chb03_18.edf,0,0.20852821945122005
auto-,chb03,chb03_18.edf,0,0.5344465038942013
auto-,chb03,chb03_18.edf,0,0.3945580633513118
auto-,chb03,chb03_19.edf,0,0.36339330848376006
auto-,chb03,chb03_19.edf,0,0.3712491257570465
auto-,chb03,chb03_19.edf,0,0.3296555473052772
auto-,chb03,chb03_19.edf,0,0.27885560661097014
auto-,chb03,chb03_20.edf,0,0.32685929108453904
auto-,chb03,chb03_20.edf,0,0.32478296062019
auto-,chb03,chb03_20.edf,0,0.3957780814645208
auto-,chb03,chb03_20.edf,0,0.3317170499292663
auto-,chb03,chb03_20.edf,0,0.09935046864260388
auto-,chb03,chb03_21.edf,0,0.21669967760341155
auto-,chb03,chb03_21.edf,0,0.3801917706364294
auto-,chb03,chb03_21.edf,0,0.3254269395454378
auto-,chb03,chb03_21.edf,0,0.15271611546096148
auto-,chb03,chb03_21.edf,0,0.21167463369049658
auto-,chb03,chb03_22.edf,0,0.2893214200414728
auto-,chb03,chb03_22.edf,0,0.24939825418362102
auto-,chb03,chb03_23.edf,0,0.9993779796765734
auto-,chb03,chb03_23.edf,0,0.9992394910391589
auto-,chb03,chb03_23.edf,0,0.9991956624277695
auto-,chb03,chb03_23.edf,0,0.9994328456454665
auto-,chb03,chb03_23.edf,0,0.9993886147123662
auto-,chb03,chb03_23.edf,0,0.9994616099728519
auto-,chb03,chb03_24.edf,0,0.23489292105836607
auto-,chb03,chb03_24.edf,0,0.25851858882175915
auto-,chb03,chb03_24.edf,0,0.24803853866842776
auto-,chb03,chb03_24.edf,0,0.2154937766662964
auto-,chb03,chb03_25.edf,0,0.26908532279598896
auto-,chb03,chb03_25.edf,0,0.2775014512552179
auto-,chb03,chb03_25.edf,0,0.19911265899300593
auto-,chb03,chb03_25.edf,0,0.21878645130717125
auto-,chb03,chb03_25.edf,0,0.13826190001836547
auto-,chb03,chb03_26.edf,0,0.2932049916079562
auto-,chb03,chb03_26.edf,0,0.2739569584122809
auto-,chb03,chb03_27.edf,0,0.2834713573843408
auto-,chb03,chb03_27.edf,0,0.23260628802620972
auto-,chb03,chb03_27.edf,0,0.27768604732544827
auto-,chb03,chb03_27.edf,0,0.3191777961685061
auto-,chb03,chb03_27.edf,0,0.25028147599581246
auto-,chb03,chb03_27.edf,0,0.34652632993726984
auto-,chb03,chb03_28.edf,0,0.09614686777795715
auto-,chb03,chb03_28.edf,0,0.10260210223475423
auto-,chb03,chb03_28.edf,0,0.07066842715770771
auto-,chb03,chb03_28.edf,0,0.0907362255772363
auto-,chb03,chb03_28.edf,0,0.38160603283739514
auto-,chb03,chb03_28.edf,0,0.2823023388258067
auto-,chb03,chb03_29.edf,0,0.2196933471674762
auto-,chb03,chb03_29.edf,0,0.12858431011052573
auto-,chb03,chb03_29.edf,0,0.3845369423598764
auto-,chb03,chb03_29.edf,0,0.2558862155604081
auto-,chb03,chb03_29.edf,0,0.33230392845205975
auto-,chb03,chb03_30.edf,0,0.999095079227296
auto-,chb03,chb03_30.edf,0,0.9989905668239002
auto-,chb03,chb03_30.edf,0,0.9990657342636566
auto-,chb03,chb03_30.edf,0,0.9988329877328461
auto-,chb03,chb03_30.edf,0,0.9997094070122516
auto-,chb03,chb03_31.edf,0,0.9989609651846403
auto-,chb03,chb03_31.edf,0,0.9995481748612967
auto-,chb03,chb03_31.edf,0,0.9985904681306926
auto-,chb03,chb03_31.edf,0,0.999555974880338
auto-,chb03,chb03_31.edf,0,0.9994001306434711
auto-,chb03,chb03_32.edf,0,0.9989855906223059
auto-,chb03,chb03_32.edf,0,0.9995903130235811
auto-,chb03,chb03_32.edf,0,0.9995429337754449
auto-,chb03,chb03_32.edf,0,0.9992865032346181
auto-,chb03,chb03_32.edf,0,0.9991005534575723
auto-,chb03,chb03_33.edf,0,0.3014727977928061
auto-,chb03,chb03_33.edf,0,0.4537439465153091
auto-,chb03,chb03_33.edf,0,0.42261706261820126
auto-,chb03,chb03_34.edf,1,0.9990144426474079
auto-,chb03,chb03_34.edf,1,0.9992531255350114
auto-,chb03,chb03_34.edf,1,0.9994966519304315
auto-,chb03,chb03_34.edf,1,0.9995475561158639
auto-,chb03,chb03_34.edf,1,0.9994677875743267
auto-,chb03,chb03_34.edf,0,0.9990179184378862
auto-,chb03,chb03_35.edf,0,0.8122602875997363
auto-,chb03,chb03_35.edf,0,0.8870258137632034
auto-,chb03,chb03_35.edf,0,0.9289441144339226
auto-,chb03,chb03_35.edf,0,0.5645260596170392
auto-,chb03,chb03_35.edf,0,0.8682619968371658
auto-,chb03,chb03_35.edf,0,0.5830341770875486
auto-,chb03,chb03_35.edf,0,0.8721507594501218
auto-,chb03,chb03_35.edf,1,0.8930817991032025
auto-,chb03,chb03_35.edf,1,0.7343228477731728
auto-,chb03,chb03_35.edf,1,0.675613070569138
auto-,chb03,chb03_35.edf,1,0.6572568332183519
auto-,chb03,chb03_35.edf,1,0.7335457638090075
auto-,chb03,chb03_35.edf,1,0.7627132174538861
auto-,chb03,chb03_35.edf,1,0.8371243179213111
auto-,chb03,chb03_35.edf,0,0.6807305795283042
auto-,chb03,chb03_36.edf,1,0.9996407502294734
auto-,chb03,chb03_36.edf,1,0.9988668106272551
auto-,chb03,chb03_36.edf,1,0.999483007065228
auto-,chb03,chb03_36.edf,1,0.9994211173030996
auto-,chb03,chb03_36.edf,1,0.9994285944188603
auto-,chb03,chb03_36.edf,1,0.9993157090147006
auto-,chb03,chb03_36.edf,0,0.9988862304619859
auto-,chb03,chb03_36.edf,0,0.9989989213867413
auto-,chb03,chb03_36.edf,0,0.999175479339912
auto-,chb03,chb03_37.edf,0,0.9992833906118056
auto-,chb03,chb03_37.edf,0,0.9990696829523915
auto-,chb03,chb03_37.edf,0,0.9997023035361114
auto-,chb03,chb03_37.edf,0,0.9996927278345844
auto-,chb03,chb03_38.edf,0,0.35881443334600577
auto-,chb03,chb03_38.edf,0,0.4711275388096727
auto-,chb03,chb03_38.edf,0,0.40875331874970666
auto-,chb03,chb03_38.edf,0,0.3789432232398673
auto-,chb05,chb05_01.edf,0,0.9996448545849796
auto-,chb05,chb05_01.edf,0,0.99961086324167
auto-,chb05,chb05_01.edf,0,0.9995138737802576
auto-,chb05,chb05_01.edf,0,0.9995575514012932
auto-,chb05,chb05_01.edf,0,0.9994839259253664
auto-,chb05,chb05_01.edf,0,0.9997129413294052
auto-,chb05,chb05_02.edf,0,0.9996224812463287
auto-,chb05,chb05_02.edf,0,0.9995107831779151
auto-,chb05,chb05_02.edf,0,0.9995136736312155
auto-,chb05,chb05_02.edf,0,0.9995392058510687
auto-,chb05,chb05_02.edf,0,0.9996715452766852
auto-,chb05,chb05_02.edf,0,0.8852254491201228
auto-,chb05,chb05_03.edf,0,0.9995304289895764
auto-,chb05,chb05_03.edf,0,0.9996294371897673
auto-,chb05,chb05_03.edf,0,0.9996301194286404
auto-,chb05,chb05_03.edf,0,0.9996342362074175
auto-,chb05,chb05_03.edf,0,0.9996498680983179
auto-,chb05,chb05_03.edf,0,0.9996777694710486
auto-,chb05,chb05_04.edf,0,0.9101811075495168
auto-,chb05,chb05_04.edf,0,0.7242142228657217
auto-,chb05,chb05_04.edf,0,0.9331662143203074
auto-,chb05,chb05_04.edf,0,0.999562455918543
auto-,chb05,chb05_04.edf,0,0.7534105325544126
auto-,chb05,chb05_04.edf,0,0.7925417164796095
auto-,chb05,chb05_04.edf,0,0.8930780046902437
auto-,chb05,chb05_05.edf,0,0.62689501811331
auto-,chb05,chb05_05.edf,0,0.9671231472150222
auto-,chb05,chb05_05.edf,0,0.7874092114696806
auto-,chb05,chb05_05.edf,0,0.9322394660868631
auto-,chb05,chb05_05.edf,0,0.6549631621613221
auto-,chb05,chb05_05.edf,0,0.8554040853367147
auto-,chb05,chb05_05.edf,0,0.7526796710604461
auto-,chb05,chb05_05.edf,0,0.9950804359529115
auto-,chb05,chb05_06.edf,1,0.9997985889155274
auto-,chb05,chb05_06.edf,1,0.9998969324093768
auto-,chb05,chb05_06.edf,1,0.9998939934445167
auto-,chb05,chb05_06.edf,1,0.9998570755903475
auto-,chb05,chb05_06.edf,1,0.9998449854754303
auto-,chb05,chb05_06.edf,1,0.9998739250996158
auto-,chb05,chb05_06.edf,1,0.9998647625359368
auto-,chb05,chb05_06.edf,1,0.9997949872308047
auto-,chb05,chb05_06.edf,1,0.9997417854392261
auto-,chb05,chb05_06.edf,1,0.9997093534702416
auto-,chb05,chb05_06.edf,1,0.999571350707325
auto-,chb05,chb05_06.edf,1,0.9995796521789427
auto-,chb05,chb05_06.edf,1,0.9994797072393236
auto-,chb05,chb05_06.edf,0,0.9986658935120564
auto-,chb05,chb05_06.edf,0,0.9991102017953832
auto-,chb05,chb05_06.edf,0,0.9995847056295953
auto-,chb05,chb05_06.edf,0,0.9994738257129029
auto-,chb05,chb05_06.edf,0,0.9994503142044643
auto-,chb05,chb05_06.edf,0,0.9994112535623565
auto-,chb05,chb05_07.edf,0,0.9993500300649552
auto-,chb05,chb05_07.edf,0,0.9993458326157305
auto-,chb05,chb05_07.edf,0,0.9994181171969816
auto-,chb05,chb05_07.edf,0,0.9993593849556859
auto-,chb05,chb05_07.edf,0,0.9994249858668225
auto-,chb05,chb05_07.edf,0,0.9994349288249703
auto-,chb05,chb05_07.edf,0,0.9993837832519622
auto-,chb05,chb05_07.edf,0,0.9992627460145482
auto-,chb05,chb05_08.edf,0,0.9990042230650374
auto-,chb05,chb05_08.edf,0,0.9990913164679469
auto-,chb05,chb05_08.edf,0,0.9993616372219026
auto-,chb05,chb05_08.edf,0,0.9994391491270218
auto-,chb05,chb05_08.edf,0,0.9993740192875179
auto-,chb05,chb05_09.edf,0,0.999518022595842
auto-,chb05,chb05_09.edf,0,0.9991313787848978
auto-,chb05,chb05_09.edf,0,0.9992909261114512
auto-,chb05,chb05_09.edf,0,0.9992853765376702
auto-,chb05,chb05_09.edf,0,0.9995155794885471
auto-,chb05,chb05_09.edf,0,0.999251827746032
auto-,chb05,chb05_10.edf,0,0.9993719925664598
auto-,chb05,chb05_10.edf,0,0.9993692933891811
auto-,chb05,chb05_10.edf,0,0.9993995086229636
auto-,chb05,chb05_10.edf,0,0.9992872238047068
auto-,chb05,chb05_10.edf,0,0.9994121007639127
auto-,chb05,chb05_10.edf,0,0.9994216030218638
auto-,chb05,chb05_10.edf,0,0.9996422978747179
auto-,chb05,chb05_11.edf,0,0.9994030038327688
auto-,chb05,chb05_11.edf,0,0.999338017136385
auto-,chb05,chb05_11.edf,0,0.9995173709506027
auto-,chb05,chb05_11.edf,0,0.9995103174408709
auto-,chb05,chb05_11.edf,0,0.9993083903052177
auto-,chb05,chb05_11.edf,0,0.9994905770126871
auto-,chb05,chb05_11.edf,0,0.9991088979363855
auto-,chb05,chb05_11.edf,0,0.9992856288274732
auto-,chb05,chb05_11.edf,0,0.999419539092289
auto-,chb05,chb05_12.edf,0,0.9994183428816105
auto-,chb05,chb05_12.edf,0,0.9993621781039003
auto-,chb05,chb05_12.edf,0,0.9992742933490696
auto-,chb05,chb05_12.edf,0,0.9995125051205896
auto-,chb05,chb05_12.edf,0,0.9993316913398036
auto-,chb05,chb05_13.edf,1,0.9995615832220883
auto-,chb05,chb05_13.edf,1,0.9999379588592266
auto-,chb05,chb05_13.edf,1,0.999951439930295
auto-,chb05,chb05_13.edf,1,0.9999363502690145
auto-,chb05,chb05_13.edf,1,0.999847499383773
auto-,chb05,chb05_13.edf,1,0.9998699259108391
auto-,chb05,chb05_13.edf,1,0.9998308939716055
auto-,chb05,chb05_13.edf,1,0.9997782323764096
auto-,chb05,chb05_13.edf,1,0.9997135873309162
auto-,chb05,chb05_13.edf,1,0.9996571922954913
auto-,chb05,chb05_13.edf,1,0.9995763946738605
auto-,chb05,chb05_13.edf,1,0.9995769457817336
auto-,chb05,chb05_13.edf,0,0.9995130452210413
auto-,chb05,chb05_13.edf,0,0.9994194240747356
auto-,chb05,chb05_13.edf,0,0.9993551409202519
auto-,chb05,chb05_13.edf,0,0.9995126083761187
auto-,chb05,chb05_14.edf,0,0.9993218136804907
auto-,chb05,chb05_14.edf,0,0.9992671741070461
auto-,chb05,chb05_14.edf,0,0.9993673023876448
auto-,chb05,chb05_14.edf,0,0.9992460428327613
auto-,chb05,chb05_14.edf,0,0.9990969407405836
auto-,chb05,chb05_14.edf,0,0.999050570497919
auto-,chb05,chb05_14.edf,0,0.9994770164602277
auto-,chb05,chb05_15.edf,0,0.999335002612034
auto-,chb05,chb05_15.edf,0,0.9992400417796184
auto-,chb05,chb05_15.edf,0,0.9994004936636173
auto-,chb05,chb05_15.edf,0,0.9993049695408294
auto-,chb05,chb05_15.edf,0,0.9995746859156823
auto-,chb05,chb05_15.edf,0,0.9993187497134995
auto-,chb05,chb05_15.edf,0,0.999396290605471
auto-,chb05,chb05_15.edf,0,0.999529858378719
auto-,chb05,chb05_16.edf,0,0.9993856694550227
auto-,chb05,chb05_16.edf,0,0.9994242556146907
auto-,chb05,chb05_16.edf,0,0.9995142441063962
auto-,chb05,chb05_16.edf,1,0.9995388608035857
auto-,chb05,chb05_16.edf,1,0.9997346737714621
auto-,chb05,chb05_16.edf,1,0.9998495786731914
auto-,chb05,chb05_16.edf,1,0.9996391245113401
auto-,chb05,chb05_16.edf,1,0.999938994825215
auto-,chb05,chb05_16.edf,1,0.9999237647172237
auto-,chb05,chb05_16.edf,1,0.9999220920843824
auto-,chb05,chb05_16.edf,1,0.9998740250439357
auto-,chb05,chb05_16.edf,1,0.9998167081483608
auto-,chb05,chb05_16.edf,1,0.9995596783810947
auto-,chb05,chb05_16.edf,1,0.999700814176619
auto-,chb05,chb05_16.edf,0,0.9991539801217451
auto-,chb05,chb05_16.edf,0,0.9994523302791387
auto-,chb05,chb05_16.edf,0,0.9995375264037559
auto-,chb05,chb05_16.edf,0,0.9996574989613224
auto-,chb05,chb05_17.edf,0,0.9993199067105802
auto-,chb05,chb05_17.edf,0,0.9994277807799279
auto-,chb05,chb05_17.edf,0,0.9995147685148048
auto-,chb05,chb05_17.edf,1,0.9997374221576409
auto-,chb05,chb05_17.edf,1,0.9997893082694039
auto-,chb05,chb05_17.edf,1,0.9997513988396941
auto-,chb05,chb05_17.edf,1,0.9996959833091345
auto-,chb05,chb05_17.edf,1,0.9997518297846917
auto-,chb05,chb05_17.edf,1,0.9997495192209056
auto-,chb05,chb05_17.edf,1,0.9999514527299299
auto-,chb05,chb05_17.edf,1,0.999915753379827
auto-,chb05,chb05_17.edf,1,0.9999287857695369
auto-,chb05,chb05_17.edf,1,0.999889923036992
auto-,chb05,chb05_17.edf,1,0.9998114504734564
auto-,chb05,chb05_17.edf,1,0.9996472705933616
auto-,chb05,chb05_17.edf,1,0.9995391788495754
auto-,chb05,chb05_17.edf,0,0.9994178061814638
auto-,chb05,chb05_18.edf,0,0.999433717563626
auto-,chb05,chb05_18.edf,0,0.9996155884223688
auto-,chb05,chb05_18.edf,0,0.9993884939964202
auto-,chb05,chb05_18.edf,0,0.9995081278364731
auto-,chb05,chb05_18.edf,0,0.9995500355404748
auto-,chb05,chb05_18.edf,0,0.9992720457675545
auto-,chb05,chb05_18.edf,0,0.9994406513252345
auto-,chb05,chb05_19.edf,0,0.999462519370638
auto-,chb05,chb05_19.edf,0,0.9994737274780741
auto-,chb05,chb05_19.edf,0,0.9994423370418873
auto-,chb05,chb05_19.edf,0,0.9993518750350148
auto-,chb05,chb05_19.edf,0,0.9993981764378977
auto-,chb05,chb05_20.edf,0,0.9994443532157422
auto-,chb05,chb05_20.edf,0,0.9995885772408912
auto-,chb05,chb05_20.edf,0,0.9996147885324522
auto-,chb05,chb05_20.edf,0,0.9995101456230151
auto-,chb05,chb05_20.edf,0,0.9995570436384427
auto-,chb05,chb05_20.edf,0,0.9994473774316691
auto-,chb05,chb05_20.edf,0,0.9994437813336203
auto-,chb05,chb05_20.edf,0,0.9995936113091152
auto-,chb05,chb05_20.edf,0,0.9996391332268352
auto-,chb05,chb05_20.edf,0,0.9995863910349838
auto-,chb05,chb05_21.edf,0,0.9996821375804898
auto-,chb05,chb05_21.edf,0,0.9995352875507442
auto-,chb05,chb05_21.edf,0,0.9995160657522986
auto-,chb05,chb05_21.edf,0,0.999633103798617
auto-,chb05,chb05_21.edf,0,0.9995714202412309
auto-,chb05,chb05_21.edf,0,0.9995900391057386
auto-,chb05,chb05_21.edf,0,0.9995861609938155
auto-,chb05,chb05_21.edf,0,0.999351295391398
auto-,chb05,chb05_22.edf,0,0.999493704626514
auto-,chb05,chb05_22.edf,0,0.9994667792183779
auto-,chb05,chb05_22.edf,0,0.9995780852820356
auto-,chb05,chb05_22.edf,1,0.9996654523061875
auto-,chb05,chb05_22.edf,1,0.9996791047501524
auto-,chb05,chb05_22.edf,1,0.9997412028384143
auto-,chb05,chb05_22.edf,1,0.9999047797112807
auto-,chb05,chb05_22.edf,1,0.9999390441807147
auto-,chb05,chb05_22.edf,1,0.9999354125102263
auto-,chb05,chb05_22.edf,1,0.9998735456021363
auto-,chb05,chb05_22.edf,1,0.9998048741398008
auto-,chb05,chb05_22.edf,1,0.9997734853765909
auto-,chb05,chb05_22.edf,1,0.9997268994949485
auto-,chb05,chb05_22.edf,1,0.9996414932112524
auto-,chb05,chb05_22.edf,1,0.9995994789339963
auto-,chb05,chb05_22.edf,1,0.9995480405982698
auto-,chb05,chb05_22.edf,0,0.9989306334800735
auto-,chb05,chb05_22.edf,0,0.9995070162240423
auto-,chb05,chb05_23.edf,0,0.9992683757112669
auto-,chb05,chb05_23.edf,0,0.9992472050485436
auto-,chb05,chb05_23.edf,0,0.999144337850674
auto-,chb05,chb05_23.edf,0,0.999309305407554
auto-,chb05,chb05_23.edf,0,0.999205374915913
auto-,chb05,chb05_23.edf,0,0.9991461024284214
auto-,chb05,chb05_23.edf,0,0.9992501182569907
auto-,chb05,chb05_23.edf,0,0.9989945621178961
auto-,chb05,chb05_24.edf,0,0.9991215130438027
auto-,chb05,chb05_24.edf,0,0.9993010900189997
auto-,chb05,chb05_24.edf,0,0.9994073823067062
auto-,chb05,chb05_24.edf,0,0.9991608306642902
auto-,chb05,chb05_24.edf,0,0.9992034364360279
auto-,chb05,chb05_24.edf,0,0.9993599954641816
auto-,chb05,chb05_24.edf,0,0.999217983133461
auto-,chb05,chb05_24.edf,0,0.9994977943287064
auto-,chb05,chb05_25.edf,0,0.9994801432508151
auto-,chb05,chb05_25.edf,0,0.9992996993434776
auto-,chb05,chb05_25.edf,0,0.9993235105247354
auto-,chb05,chb05_25.edf,0,0.9993270353984178
auto-,chb05,chb05_26.edf,0,0.9991096624257386
auto-,chb05,chb05_27.edf,0,0.9994233414003575
auto-,chb05,chb05_27.edf,0,0.9990896012896995
auto-,chb05,chb05_28.edf,0,0.9991625033476126
auto-,chb05,chb05_28.edf,0,0.9995579142782874
auto-,chb05,chb05_28.edf,0,0.9993308796382886
auto-,chb05,chb05_28.edf,0,0.9994260091868685
auto-,chb05,chb05_28.edf,0,0.99914567238611
auto-,chb05,chb05_28.edf,0,0.9994659224349772
auto-,chb05,chb05_29.edf,0,0.9388432808310679
auto-,chb05,chb05_29.edf,0,0.8355527527143902
auto-,chb05,chb05_29.edf,0,0.9995372789956349
auto-,chb05,chb05_29.edf,0,0.7610185481386048
auto-,chb05,chb05_29.edf,0,0.8852563922939832
auto-,chb05,chb05_29.edf,0,0.688013402300715
auto-,chb05,chb05_29.edf,0,0.8452467841977265
auto-,chb05,chb05_29.edf,0,0.9698778897162108
auto-,chb05,chb05_29.edf,0,0.8964094372802967
auto-,chb05,chb05_30.edf,0,0.9995767867211511
auto-,chb05,chb05_30.edf,0,0.9995010084825366
auto-,chb05,chb05_30.edf,0,0.9994230269824586
auto-,chb05,chb05_30.edf,0,0.9994557784765334
auto-,chb05,chb05_30.edf,0,0.9992351677461919
auto-,chb05,chb05_30.edf,0,0.9990983512893852
auto-,chb05,chb05_30.edf,0,0.9994948432538563
auto-,chb05,chb05_31.edf,0,0.999404057069859
auto-,chb05,chb05_31.edf,0,0.9994392817488813
auto-,chb05,chb05_31.edf,0,0.9993429845597865
auto-,chb05,chb05_31.edf,0,0.999402706650491
auto-,chb05,chb05_31.edf,0,0.9994407604822724
auto-,chb05,chb05_31.edf,0,0.9995184027936165
auto-,chb05,chb05_31.edf,0,0.9994093278440948
auto-,chb05,chb05_31.edf,0,0.9993898321405568
auto-,chb05,chb05_31.edf,0,0.9994378146463062
auto-,chb05,chb05_31.edf,0,0.999260503049315
auto-,chb05,chb05_32.edf,0,0.9990818938747477
auto-,chb05,chb05_32.edf,0,0.9992958513221393
auto-,chb05,chb05_32.edf,0,0.9993958616477048
auto-,chb05,chb05_32.edf,0,0.9994531821979483
auto-,chb05,chb05_33.edf,0,0.9993853246745227
auto-,chb05,chb05_33.edf,0,0.9990774841854464
auto-,chb05,chb05_33.edf,0,0.999111550643299
auto-,chb05,chb05_33.edf,0,0.9994565517342634
auto-,chb05,chb05_33.edf,0,0.9993374628881445
auto-,chb05,chb05_33.edf,0,0.9994763509812892
auto-,chb05,chb05_33.edf,0,0.9993720157033962
auto-,chb05,chb05_34.edf,0,0.9993948542834766
auto-,chb05,chb05_34.edf,0,0.99923819937245
auto-,chb05,chb05_34.edf,0,0.9992806738332702
auto-,chb05,chb05_35.edf,0,0.9994458720596683
auto-,chb05,chb05_35.edf,0,0.9994396631224934
auto-,chb05,chb05_35.edf,0,0.999284428790274
auto-,chb05,chb05_35.edf,0,0.9994153593230692
auto-,chb05,chb05_35.edf,0,0.999319537581171
auto-,chb05,chb05_36.edf,0,0.9983480542889732
auto-,chb05,chb05_36.edf,0,0.9993599345784405
auto-,chb05,chb05_36.edf,0,0.9992603952167035
auto-,chb05,chb05_36.edf,0,0.999336741480207
auto-,chb05,chb05_36.edf,0,0.9992581441554568
auto-,chb05,chb05_36.edf,0,0.9994224014987814
auto-,chb05,chb05_36.edf,0,0.9992720256491504
auto-,chb05,chb05_37.edf,0,0.9993047965567232
auto-,chb05,chb05_37.edf,0,0.9993355493700807
auto-,chb05,chb05_37.edf,0,0.9995089178282952
auto-,chb05,chb05_37.edf,0,0.9992764278182427
auto-,chb05,chb05_38.edf,0,0.999317388660521
auto-,chb05,chb05_38.edf,0,0.9991611200817723
auto-,chb05,chb05_38.edf,0,0.9994394184090637
auto-,chb05,chb05_38.edf,0,0.9994025745779958
auto-,chb05,chb05_38.edf,0,0.9994392630843879
auto-,chb05,chb05_38.edf,0,0.9995841502404018
auto-,chb05,chb05_38.edf,0,0.9993261909223896
auto-,chb05,chb05_38.edf,0,0.9993412823366914
auto-,chb05,chb05_38.edf,0,0.9994027791793229
auto-,chb05,chb05_39.edf,0,0.9992099119169888
auto-,chb05,chb05_39.edf,0,0.9993955134280411
auto-,chb05,chb05_39.edf,0,0.9995341688804414
auto-,chb05,chb05_39.edf,0,0.9990321753692192
auto-,chb05,chb05_39.edf,0,0.999434535258835
auto-,chb05,chb05_39.edf,0,0.9993738216548433
auto-,chb05,chb05_39.edf,0,0.9993442127821109
auto-,chb05,chb05_39.edf,0,0.9993669394099133
auto-,chb05,chb05_39.edf,0,0.9994934054056541
auto-,chb05,chb05_39.edf,0,0.9994567138649888
auto-,chb08,chb08_02.edf,0,0.9988135006998046
auto-,chb08,chb08_02.edf,0,0.9989505346386456
auto-,chb08,chb08_02.edf,0,0.9994647193669132
auto-,chb08,chb08_02.edf,0,0.9990823456468757
auto-,chb08,chb08_02.edf,0,0.9990732031059675
auto-,chb08,chb08_02.edf,0,0.9991589329688493
auto-,chb08,chb08_02.edf,0,0.9986792264728432
auto-,chb08,chb08_02.edf,0,0.9994476556319424
auto-,chb08,chb08_02.edf,0,0.9994202319273983
auto-,chb08,chb08_02.edf,0,0.9993919024576831
auto-,chb08,chb08_02.edf,0,0.9995282763776793
auto-,chb08,chb08_02.edf,0,0.9992611080876864
auto-,chb08,chb08_02.edf,0,0.9991556948326268
auto-,chb08,chb08_02.edf,0,0.999025695761843
auto-,chb08,chb08_02.edf,0,0.9993171792851212
auto-,chb08,chb08_02.edf,0,0.9994682141444234
auto-,chb08,chb08_02.edf,1,0.9995390541420958
auto-,chb08,chb08_02.edf,1,0.9996725205216763
auto-,chb08,chb08_02.edf,1,0.9996366592757461
auto-,chb08,chb08_02.edf,1,0.999575788594446
auto-,chb08,chb08_02.edf,1,0.9994719462159157
auto-,chb08,chb08_02.edf,1,0.9991410618943217
auto-,chb08,chb08_02.edf,1,0.9988581042581369
auto-,chb08,chb08_02.edf,1,0.9991717414787342
auto-,chb08,chb08_02.edf,1,0.9991615934577407
auto-,chb08,chb08_02.edf,1,0.9993461246793408
auto-,chb08,chb08_02.edf,1,0.9992537663141204
auto-,chb08,chb08_02.edf,1,0.9993777926095715
auto-,chb08,chb08_02.edf,1,0.9994696837700063
auto-,chb08,chb08_02.edf,1,0.999500822671717
auto-,chb08,chb08_02.edf,1,0.9993516800863477
auto-,chb08,chb08_02.edf,1,0.9994066293043579
auto-,chb08,chb08_02.edf,1,0.9994013131400504
auto-,chb08,chb08_02.edf,1,0.9993322232856369
auto-,chb08,chb08_02.edf,0,0.9992038677703613
auto-,chb08,chb08_02.edf,0,0.9993846801090676
auto-,chb08,chb08_02.edf,0,0.9994279522749141
auto-,chb08,chb08_03.edf,0,0.9993777452500193
auto-,chb08,chb08_03.edf,0,0.9991447773497919
auto-,chb08,chb08_03.edf,0,0.9993307189171382
auto-,chb08,chb08_03.edf,0,0.9992543244411443
auto-,chb08,chb08_03.edf,0,0.9994777749572386
auto-,chb08,chb08_03.edf,0,0.9992682870400971
auto-,chb08,chb08_03.edf,0,0.999602873515596
auto-,chb08,chb08_03.edf,0,0.9989828881323292
auto-,chb08,chb08_03.edf,0,0.9992528021103394
auto-,chb08,chb08_03.edf,0,0.9993268520361079
auto-,chb08,chb08_03.edf,0,0.999335214739683
auto-,chb08,chb08_03.edf,0,0.9993357453843025
auto-,chb08,chb08_03.edf,0,0.9993128176375025
auto-,chb08,chb08_03.edf,0,0.9992301862508952
auto-,chb08,chb08_03.edf,0,0.9992942327075184
auto-,chb08,chb08_03.edf,0,0.9994245353949446
auto-,chb08,chb08_03.edf,0,0.9994460034920873
auto-,chb08,chb08_03.edf,0,0.9994829979322142
auto-,chb08,chb08_04.edf,0,0.9992103784457359
auto-,chb08,chb08_04.edf,0,0.9992927027940893
auto-,chb08,chb08_04.edf,0,0.9992857975446635
auto-,chb08,chb08_04.edf,0,0.9990573436944592
auto-,chb08,chb08_04.edf,0,0.9992084533769187
auto-,chb08,chb08_04.edf,0,0.9993152271520725
auto-,chb08,chb08_04.edf,0,0.9992575535967182
auto-,chb08,chb08_04.edf,0,0.9992761223021384
auto-,chb08,chb08_04.edf,0,0.9992810211591061
auto-,chb08,chb08_04.edf,0,0.9993090069853702
auto-,chb08,chb08_04.edf,0,0.9991922713675833
auto-,chb08,chb08_04.edf,0,0.9991503288083254
auto-,chb08,chb08_04.edf,0,0.999318464007945
auto-,chb08,chb08_04.edf,0,0.9994510353686655
auto-,chb08,chb08_04.edf,0,0.9993906101148232
auto-,chb08,chb08_04.edf,0,0.9992045272135194
auto-,chb08,chb08_04.edf,0,0.9992578624667047
auto-,chb08,chb08_04.edf,0,0.9993442952149831
auto-,chb08,chb08_04.edf,0,0.998984902177384
auto-,chb08,chb08_04.edf,0,0.9993620226571315
auto-,chb08,chb08_04.edf,0,0.999377815345398
auto-,chb08,chb08_04.edf,0,0.9992793801567394
auto-,chb08,chb08_05.edf,0,0.9992309410838845
auto-,chb08,chb08_05.edf,0,0.9992862351598649
auto-,chb08,chb08_05.edf,0,0.999328050624541
auto-,chb08,chb08_05.edf,0,0.9992793105162956
auto-,chb08,chb08_05.edf,0,0.9989719950703742
auto-,chb08,chb08_05.edf,0,0.9989378920831172
auto-,chb08,chb08_05.edf,0,0.9990447380615911
auto-,chb08,chb08_05.edf,0,0.9992633053691453
auto-,chb08,chb08_05.edf,0,0.9993278020998515
auto-,chb08,chb08_05.edf,0,0.99920222848842
auto-,chb08,chb08_05.edf,0,0.9991536136034774
auto-,chb08,chb08_05.edf,0,0.9993913768571897
auto-,chb08,chb08_05.edf,0,0.9994812835755367
auto-,chb08,chb08_05.edf,0,0.9992083051403292
auto-,chb08,chb08_05.edf,1,0.9993850487567438
auto-,chb08,chb08_05.edf,1,0.9995508680205629
auto-,chb08,chb08_05.edf,1,0.9996804627407784
auto-,chb08,chb08_05.edf,1,0.9996023460946789
auto-,chb08,chb08_05.edf,1,0.99961630755734
auto-,chb08,chb08_05.edf,1,0.9995685014198704
auto-,chb08,chb08_05.edf,1,0.9993960587067171
auto-,chb08,chb08_05.edf,1,0.999189819487248
auto-,chb08,chb08_05.edf,1,0.9990767450081477
auto-,chb08,chb08_05.edf,1,0.999232588421157
auto-,chb08,chb08_05.edf,1,0.9992357260035956
auto-,chb08,chb08_05.edf,1,0.9989670919979914
auto-,chb08,chb08_05.edf,1,0.9992137070902953
auto-,chb08,chb08_05.edf,1,0.9992208969245191
auto-,chb08,chb08_05.edf,1,0.9989951198415611
auto-,chb08,chb08_05.edf,1,0.999272919322222
auto-,chb08,chb08_05.edf,1,0.9989398165575673
auto-,chb08,chb08_05.edf,1,0.998846996425511
auto-,chb08,chb08_05.edf,1,0.9993267880715833
auto-,chb08,chb08_05.edf,1,0.999340987188267
auto-,chb08,chb08_05.edf,0,0.9999891309280676
auto-,chb08,chb08_05.edf,0,0.9999859571897423
auto-,chb08,chb08_05.edf,0,0.999985351140675
auto-,chb08,chb08_10.edf,0,0.9995431791842561
auto-,chb08,chb08_10.edf,0,0.9992495373590524
auto-,chb08,chb08_10.edf,0,0.9995151897981757
auto-,chb08,chb08_10.edf,0,0.9992261043373861
auto-,chb08,chb08_10.edf,0,0.9996159210760939
auto-,chb08,chb08_10.edf,0,0.9993383441922037
auto-,chb08,chb08_10.edf,0,0.999391657446069
auto-,chb08,chb08_10.edf,0,0.9994640581071511
auto-,chb08,chb08_10.edf,0,0.9993501089439049
auto-,chb08,chb08_10.edf,0,0.9996001045358195
auto-,chb08,chb08_11.edf,0,0.9995170456278074
auto-,chb08,chb08_11.edf,0,0.9994424983729183
auto-,chb08,chb08_11.edf,0,0.9996787774370497
auto-,chb08,chb08_11.edf,0,0.9995761283089639
auto-,chb08,chb08_11.edf,0,0.9993840481603109
auto-,chb08,chb08_11.edf,0,0.999518535978074
auto-,chb08,chb08_11.edf,0,0.9994952733229046
auto-,chb08,chb08_11.edf,0,0.9995808493190255
auto-,chb08,chb08_11.edf,0,0.9995711984892479
auto-,chb08,chb08_11.edf,0,0.9995318271899086
auto-,chb08,chb08_11.edf,0,0.9995016817877839
auto-,chb08,chb08_11.edf,0,0.9996922782591171
auto-,chb08,chb08_11.edf,0,0.9993675585019813
auto-,chb08,chb08_11.edf,1,0.9994908719925077
auto-,chb08,chb08_11.edf,1,0.9994647065045537
auto-,chb08,chb08_11.edf,1,0.9996730702527171
auto-,chb08,chb08_11.edf,1,0.9997364558397657
auto-,chb08,chb08_11.edf,1,0.9996806550158798
auto-,chb08,chb08_11.edf,1,0.999668279200788
auto-,chb08,chb08_11.edf,1,0.9995649508286447
auto-,chb08,chb08_11.edf,1,0.9994133070547193
auto-,chb08,chb08_11.edf,1,0.9991253772402948
auto-,chb08,chb08_11.edf,1,0.9991866346206518
auto-,chb08,chb08_11.edf,1,0.9991121786179646
auto-,chb08,chb08_11.edf,1,0.9993748189936728
auto-,chb08,chb08_11.edf,1,0.9994472580543133
auto-,chb08,chb08_11.edf,1,0.9993244800484801
auto-,chb08,chb08_11.edf,1,0.9993606251358321
auto-,chb08,chb08_12.edf,0,0.9994124136142009
auto-,chb08,chb08_12.edf,0,0.9993735021970339
auto-,chb08,chb08_12.edf,0,0.9991901860750827
auto-,chb08,chb08_12.edf,0,0.9990182877173501
auto-,chb08,chb08_12.edf,0,0.9995477295763752
auto-,chb08,chb08_12.edf,0,0.9991701122705297
auto-,chb08,chb08_12.edf,0,0.9995168886367316
auto-,chb08,chb08_12.edf,0,0.9992733396075731
auto-,chb08,chb08_12.edf,0,0.9993647691224486
auto-,chb08,chb08_12.edf,0,0.9992570908054607
auto-,chb08,chb08_12.edf,0,0.9992723327644225
auto-,chb08,chb08_12.edf,0,0.9995537431257236
auto-,chb08,chb08_12.edf,0,0.999251027890467
auto-,chb08,chb08_12.edf,0,0.9990190641878834
auto-,chb08,chb08_12.edf,0,0.9994068361669993
auto-,chb08,chb08_13.edf,0,0.9995221851086799
auto-,chb08,chb08_13.edf,0,0.999455173847369
auto-,chb08,chb08_13.edf,0,0.999490220043837
auto-,chb08,chb08_13.edf,0,0.9995162694344378
auto-,chb08,chb08_13.edf,0,0.9995256548409888
auto-,chb08,chb08_13.edf,0,0.9995955814755263
auto-,chb08,chb08_13.edf,0,0.9994611507297192
auto-,chb08,chb08_13.edf,0,0.9996030643415124
auto-,chb08,chb08_13.edf,0,0.9990641956766433
auto-,chb08,chb08_13.edf,0,0.9995338111455115
auto-,chb08,chb08_13.edf,0,0.9993657162718519
auto-,chb08,chb08_13.edf,0,0.9995486454341125
auto-,chb08,chb08_13.edf,0,0.9993340500243272
auto-,chb08,chb08_13.edf,0,0.9994463969712778
auto-,chb08,chb08_13.edf,0,0.9996044406444199
auto-,chb08,chb08_13.edf,0,0.9996598559402516
auto-,chb08,chb08_13.edf,0,0.9997165858441195
auto-,chb08,chb08_13.edf,0,0.9993730172550881
auto-,chb08,chb08_13.edf,0,0.9994107119014118
auto-,chb08,chb08_13.edf,0,0.9994643725309246
auto-,chb08,chb08_13.edf,1,0.9994533665793085
auto-,chb08,chb08_13.edf,1,0.9996088266756837
auto-,chb08,chb08_13.edf,1,0.9996902718008238
auto-,chb08,chb08_13.edf,1,0.9996989998817774
auto-,chb08,chb08_13.edf,1,0.9996646007915652
auto-,chb08,chb08_13.edf,1,0.9994931837742728
auto-,chb08,chb08_13.edf,1,0.9994698662315576
auto-,chb08,chb08_13.edf,1,0.9994011391384044
auto-,chb08,chb08_13.edf,1,0.9994697365050397
auto-,chb08,chb08_13.edf,1,0.9993583811526988
auto-,chb08,chb08_13.edf,1,0.9994565576507607
auto-,chb08,chb08_13.edf,1,0.9993558659091561
auto-,chb08,chb08_13.edf,1,0.9995285316622068
auto-,chb08,chb08_13.edf,1,0.9995581194446824
auto-,chb08,chb08_13.edf,1,0.9993958082775306
auto-,chb08,chb08_13.edf,1,0.999533718193521
auto-,chb08,chb08_13.edf,1,0.9993322569139343
auto-,chb08,chb08_13.edf,0,0.9993466182978713
auto-,chb08,chb08_13.edf,0,0.9994803845685774
auto-,chb08,chb08_14.edf,0,0.9994149178527747
auto-,chb08,chb08_14.edf,0,0.9994668594510042
auto-,chb08,chb08_14.edf,0,0.9992016195695173
auto-,chb08,chb08_14.edf,0,0.9992062122292866
auto-,chb08,chb08_14.edf,0,0.9995789889658493
auto-,chb08,chb08_14.edf,0,0.9995197302763442
auto-,chb08,chb08_14.edf,0,0.9994855275725197
auto-,chb08,chb08_14.edf,0,0.9995194619604281
auto-,chb08,chb08_14.edf,0,0.9995876583275312
auto-,chb08,chb08_14.edf,0,0.9993595567573086
auto-,chb08,chb08_14.edf,0,0.9992773738982013
auto-,chb08,chb08_14.edf,0,0.9993733641555521
auto-,chb08,chb08_14.edf,0,0.9991953609216493
auto-,chb08,chb08_14.edf,0,0.9992251591664609
auto-,chb08,chb08_14.edf,0,0.9992518357415753
auto-,chb08,chb08_14.edf,0,0.9991454949861781
auto-,chb08,chb08_14.edf,0,0.9994481245100247
auto-,chb08,chb08_14.edf,0,0.9994704693178146
auto-,chb08,chb08_14.edf,0,0.9993482845211377
auto-,chb08,chb08_14.edf,0,0.9993078492664724
auto-,chb08,chb08_14.edf,0,0.9991593365985658
auto-,chb08,chb08_15.edf,0,0.9991206460635169
auto-,chb08,chb08_15.edf,0,0.9990165818669435
auto-,chb08,chb08_15.edf,0,0.9991693852778203
auto-,chb08,chb08_15.edf,0,0.9992716828617941
auto-,chb08,chb08_15.edf,0,0.9991461564146624
auto-,chb08,chb08_15.edf,0,0.9993548933729676
auto-,chb08,chb08_15.edf,0,0.9993811773699537
auto-,chb08,chb08_15.edf,0,0.9988264303648822
auto-,chb08,chb08_15.edf,0,0.9994729391023693
auto-,chb08,chb08_15.edf,0,0.9992649780732346
auto-,chb08,chb08_15.edf,0,0.9986976135510129
auto-,chb08,chb08_15.edf,0,0.9993482851229114
auto-,chb08,chb08_15.edf,0,0.9994635259487431
auto-,chb08,chb08_15.edf,0,0.9993121815340971
auto-,chb08,chb08_15.edf,0,0.9993780692964871
auto-,chb08,chb08_15.edf,0,0.9994395304754007
auto-,chb08,chb08_15.edf,0,0.99933553283726
auto-,chb08,chb08_15.edf,0,0.9993409262484101
auto-,chb08,chb08_15.edf,0,0.9994334030086786
auto-,chb08,chb08_15.edf,0,0.9993980270746029
auto-,chb08,chb08_15.edf,0,0.9993031672538629
auto-,chb08,chb08_15.edf,0,0.9994482521856682
auto-,chb08,chb08_16.edf,0,0.9994533002428659
auto-,chb08,chb08_16.edf,0,0.9994370172165916
auto-,chb08,chb08_16.edf,0,0.9991192218535822
auto-,chb08,chb08_16.edf,0,0.9994228781262859
auto-,chb08,chb08_16.edf,0,0.9992969304846125
auto-,chb08,chb08_16.edf,0,0.9993281948588738
auto-,chb08,chb08_16.edf,0,0.999050311813685
auto-,chb08,chb08_16.edf,0,0.9991171406583962
auto-,chb08,chb08_16.edf,0,0.999354755754433
auto-,chb08,chb08_16.edf,0,0.9991294329057231
auto-,chb08,chb08_16.edf,0,0.9992725439032066
auto-,chb08,chb08_16.edf,0,0.9992402047417611
auto-,chb08,chb08_16.edf,0,0.9991205821999087
auto-,chb08,chb08_16.edf,0,0.9994074112205993
auto-,chb08,chb08_16.edf,0,0.9992913019553956
auto-,chb08,chb08_16.edf,0,0.9994485674287131
auto-,chb08,chb08_16.edf,0,0.9994921551380044
auto-,chb08,chb08_16.edf,0,0.9992428055062839
auto-,chb08,chb08_16.edf,0,0.9991336107132829
auto-,chb08,chb08_16.edf,0,0.999437781997192
auto-,chb08,chb08_16.edf,0,0.999546641380304
auto-,chb08,chb08_16.edf,0,0.9993897500050698
auto-,chb08,chb08_17.edf,0,0.9993046253962303
auto-,chb08,chb08_17.edf,0,0.9993180162291829
auto-,chb08,chb08_17.edf,0,0.9993650774096322
auto-,chb08,chb08_17.edf,0,0.9992361776985584
auto-,chb08,chb08_17.edf,0,0.9992664401029823
auto-,chb08,chb08_17.edf,0,0.9992454979062805
auto-,chb08,chb08_17.edf,0,0.999237779534664
auto-,chb08,chb08_17.edf,0,0.9986653952958087
auto-,chb08,chb08_17.edf,0,0.9992580562185784
auto-,chb08,chb08_17.edf,0,0.9993186255863079
auto-,chb08,chb08_17.edf,0,0.9992956258580689
auto-,chb08,chb08_17.edf,0,0.9994066945027589
auto-,chb08,chb08_17.edf,0,0.9993602722122744
auto-,chb08,chb08_17.edf,0,0.9992495409631511
auto-,chb08,chb08_17.edf,0,0.9992900620307632
auto-,chb08,chb08_17.edf,0,0.9993646432008427
auto-,chb08,chb08_17.edf,0,0.999346762687764
auto-,chb08,chb08_17.edf,0,0.9993474323272905
auto-,chb08,chb08_17.edf,0,0.9991375360725913
auto-,chb08,chb08_17.edf,0,0.9992372662574192
auto-,chb08,chb08_17.edf,0,0.9991735237669326
auto-,chb08,chb08_17.edf,0,0.9993772122162247
auto-,chb08,chb08_17.edf,0,0.9990762275102212
auto-,chb08,chb08_17.edf,0,0.9993603627908935
auto-,chb08,chb08_18.edf,0,0.9993829419813378
auto-,chb08,chb08_18.edf,0,0.9993732405373532
auto-,chb08,chb08_18.edf,0,0.9993812119078708
auto-,chb08,chb08_18.edf,0,0.999359859075615
auto-,chb08,chb08_18.edf,0,0.9992970646996637
auto-,chb08,chb08_18.edf,0,0.9994044785281285
auto-,chb08,chb08_18.edf,0,0.9992649236642086
auto-,chb08,chb08_18.edf,0,0.9993761513987687
auto-,chb08,chb08_18.edf,0,0.999383937264255
auto-,chb08,chb08_18.edf,0,0.9992618712962857
auto-,chb08,chb08_18.edf,0,0.9993078296483131
auto-,chb08,chb08_18.edf,0,0.9993774356215931
auto-,chb08,chb08_18.edf,0,0.9992561079262355
auto-,chb08,chb08_18.edf,0,0.9991370206975251
auto-,chb08,chb08_18.edf,0,0.9994192737366213
auto-,chb08,chb08_18.edf,0,0.9991020603820405
auto-,chb08,chb08_18.edf,0,0.9992331871612317
auto-,chb08,chb08_18.edf,0,0.9992101172320682
auto-,chb08,chb08_18.edf,0,0.9991056248290764
auto-,chb08,chb08_18.edf,0,0.9991596291960615
auto-,chb08,chb08_18.edf,0,0.9992969917420961
auto-,chb08,chb08_18.edf,0,0.9991546475989246
auto-,chb08,chb08_18.edf,0,0.9991551001784074
auto-,chb08,chb08_18.edf,0,0.9992498807996381
auto-,chb08,chb08_18.edf,0,0.9994420120672318
auto-,chb08,chb08_19.edf,0,0.9993698831465029
auto-,chb08,chb08_19.edf,0,0.9994895950020823
auto-,chb08,chb08_19.edf,0,0.9992656701136517
auto-,chb08,chb08_19.edf,0,0.999362219410738
auto-,chb08,chb08_19.edf,0,0.9994252134058006
auto-,chb08,chb08_19.edf,0,0.9994278582760503
auto-,chb08,chb08_19.edf,0,0.9993675114052556
auto-,chb08,chb08_19.edf,0,0.9994688987707144
auto-,chb08,chb08_19.edf,0,0.9995411111862071
auto-,chb08,chb08_19.edf,0,0.9993499244852948
auto-,chb08,chb08_19.edf,0,0.9994025463993288
auto-,chb08,chb08_19.edf,0,0.9991421640459279
auto-,chb08,chb08_19.edf,0,0.9994512472421844
auto-,chb08,chb08_19.edf,0,0.9992671779030223
auto-,chb08,chb08_19.edf,0,0.9993802960628833
auto-,chb08,chb08_19.edf,0,0.999273025106035
auto-,chb08,chb08_20.edf,0,0.9993856778283886
auto-,chb08,chb08_20.edf,0,0.9993961918049502
auto-,chb08,chb08_20.edf,0,0.9992704675592121
auto-,chb08,chb08_20.edf,0,0.9994526911936733
auto-,chb08,chb08_20.edf,0,0.9993327379382079
auto-,chb08,chb08_20.edf,0,0.9992551357172864
auto-,chb08,chb08_20.edf,0,0.9993278076408529
auto-,chb08,chb08_20.edf,0,0.9993280214516422
auto-,chb08,chb08_20.edf,0,0.999328650050212
auto-,chb08,chb08_20.edf,0,0.9995254864308962
auto-,chb08,chb08_20.edf,0,0.9994594189297459
auto-,chb08,chb08_20.edf,0,0.9993576232289938
auto-,chb08,chb08_20.edf,0,0.9996234376236349
auto-,chb08,chb08_20.edf,0,0.9994071618961181
auto-,chb08,chb08_20.edf,0,0.999507440162432
auto-,chb08,chb08_20.edf,0,0.99928933744589
auto-,chb08,chb08_20.edf,0,0.9992044011282384
auto-,chb08,chb08_20.edf,0,0.99942798701666
auto-,chb08,chb08_20.edf,0,0.999352149454199
auto-,chb08,chb08_20.edf,0,0.9993870595596446
auto-,chb08,chb08_20.edf,0,0.9993785459403138
auto-,chb08,chb08_20.edf,0,0.9992786831090427
auto-,chb08,chb08_21.edf,0,0.999307247163335
auto-,chb08,chb08_21.edf,0,0.9994324798296139
auto-,chb08,chb08_21.edf,0,0.9996436688393913
auto-,chb08,chb08_21.edf,0,0.9994766334617842
auto-,chb08,chb08_21.edf,0,0.999537475509072
auto-,chb08,chb08_21.edf,0,0.9994665557996223
auto-,chb08,chb08_21.edf,0,0.9992078801803653
auto-,chb08,chb08_21.edf,0,0.9994603369723762
auto-,chb08,chb08_21.edf,0,0.9994892853505156
auto-,chb08,chb08_21.edf,0,0.999392752066493
auto-,chb08,chb08_21.edf,0,0.9992605369260773
auto-,chb08,chb08_21.edf,0,0.9993326604862786
auto-,chb08,chb08_21.edf,0,0.9995873760250187
auto-,chb08,chb08_21.edf,0,0.9996100923293701
auto-,chb08,chb08_21.edf,0,0.9997016043411201
auto-,chb08,chb08_21.edf,1,0.9995189346371299
auto-,chb08,chb08_21.edf,1,0.99963351063852
auto-,chb08,chb08_21.edf,1,0.9996928729115022
auto-,chb08,chb08_21.edf,1,0.9994533708080177
auto-,chb08,chb08_21.edf,1,0.9995547648948704
auto-,chb08,chb08_21.edf,1,0.9993505732033676
auto-,chb08,chb08_21.edf,1,0.9989721916133395
auto-,chb08,chb08_21.edf,1,0.9991890535540341
auto-,chb08,chb08_21.edf,1,0.9991381337173915
auto-,chb08,chb08_21.edf,1,0.9992514880361419
auto-,chb08,chb08_21.edf,1,0.9993285396007574
auto-,chb08,chb08_21.edf,1,0.9993924272325659
auto-,chb08,chb08_21.edf,1,0.9994443257265724
auto-,chb08,chb08_21.edf,1,0.9994730695419618
auto-,chb08,chb08_21.edf,1,0.9992249700499225
auto-,chb08,chb08_21.edf,1,0.9993335616269476
auto-,chb08,chb08_21.edf,1,0.999265372965818
auto-,chb08,chb08_21.edf,1,0.9992396990427841
auto-,chb08,chb08_21.edf,1,0.9993850962169578
auto-,chb08,chb08_21.edf,1,0.9991273639344889
auto-,chb08,chb08_21.edf,1,0.9993273746826926
auto-,chb08,chb08_21.edf,1,0.9994766307188496
auto-,chb08,chb08_21.edf,1,0.9992390793819149
auto-,chb08,chb08_21.edf,1,0.9993908045837445
auto-,chb08,chb08_21.edf,1,0.999445503221494
auto-,chb08,chb08_21.edf,1,0.9994539961171439
auto-,chb08,chb08_21.edf,1,0.9992712588463716
auto-,chb08,chb08_21.edf,0,0.9995669206126514
auto-,chb08,chb08_21.edf,0,0.9991109290503858
auto-,chb08,chb08_21.edf,0,0.9992473698181107
auto-,chb08,chb08_21.edf,0,0.999537308455616
auto-,chb08,chb08_21.edf,0,0.9991775164460357
auto-,chb08,chb08_21.edf,0,0.9995022487332944
auto-,chb08,chb08_21.edf,0,0.998894200303469
auto-,chb08,chb08_22.edf,0,0.9994521555972039
auto-,chb08,chb08_22.edf,0,0.9994488007261827
auto-,chb08,chb08_22.edf,0,0.9995001209518842
auto-,chb08,chb08_22.edf,0,0.9994168998196248
auto-,chb08,chb08_22.edf,0,0.9993050740386703
auto-,chb08,chb08_22.edf,0,0.9995334781207215
auto-,chb08,chb08_22.edf,0,0.9995266663140014
auto-,chb08,chb08_22.edf,0,0.9993384874059246
auto-,chb08,chb08_22.edf,0,0.9992141815087819
auto-,chb08,chb08_22.edf,0,0.9993059400242046
auto-,chb08,chb08_22.edf,0,0.9992626184426594
auto-,chb08,chb08_22.edf,0,0.9992278638944055
auto-,chb08,chb08_22.edf,0,0.9992017363735695
auto-,chb08,chb08_22.edf,0,0.9991113891779037
auto-,chb08,chb08_22.edf,0,0.9989573151385904
auto-,chb08,chb08_22.edf,0,0.9993665445683954
auto-,chb08,chb08_22.edf,0,0.9993445355071607
auto-,chb08,chb08_22.edf,0,0.9994482108293852
auto-,chb08,chb08_22.edf,0,0.9992520382863749
auto-,chb08,chb08_22.edf,0,0.9991332869305849
auto-,chb08,chb08_23.edf,0,0.9989390996472127
auto-,chb08,chb08_23.edf,0,0.9993888131078713
auto-,chb08,chb08_23.edf,0,0.9992069483789443
auto-,chb08,chb08_23.edf,0,0.9992313829855225
auto-,chb08,chb08_23.edf,0,0.9991923122010324
auto-,chb08,chb08_23.edf,0,0.9991320607171053
auto-,chb08,chb08_23.edf,0,0.9994913313113827
auto-,chb08,chb08_23.edf,0,0.9993149635814048
auto-,chb08,chb08_23.edf,0,0.9992192640623876
auto-,chb08,chb08_23.edf,0,0.9992830253396796
auto-,chb08,chb08_23.edf,0,0.9993692701384298
auto-,chb08,chb08_23.edf,0,0.9994087552969778
auto-,chb08,chb08_23.edf,0,0.9992749105749323
auto-,chb08,chb08_23.edf,0,0.9993288531426014
auto-,chb08,chb08_23.edf,0,0.9990829021053923
auto-,chb08,chb08_23.edf,0,0.9994966979835735
auto-,chb08,chb08_23.edf,0,0.9993140503813817
auto-,chb08,chb08_24.edf,0,0.9993123821527778
auto-,chb08,chb08_24.edf,0,0.9993526127567864
auto-,chb08,chb08_24.edf,0,0.9993463118548903
auto-,chb08,chb08_24.edf,0,0.9993986584270684
auto-,chb08,chb08_24.edf,0,0.9992906555188164
auto-,chb08,chb08_24.edf,0,0.9993606036178364
auto-,chb08,chb08_24.edf,0,0.99934009159807
auto-,chb08,chb08_24.edf,0,0.9993381415997827
auto-,chb08,chb08_24.edf,0,0.9996364796953503
auto-,chb08,chb08_24.edf,0,0.9994060459456787
auto-,chb08,chb08_24.edf,0,0.9994945738709372
auto-,chb08,chb08_24.edf,0,0.9994878668983446
auto-,chb08,chb08_24.edf,0,0.9992163645838528
auto-,chb08,chb08_24.edf,0,0.999461708427073
auto-,chb08,chb08_24.edf,0,0.9995699017365014
auto-,chb08,chb08_24.edf,0,0.9995704722781418
auto-,chb08,chb08_24.edf,0,0.9995153902781749
auto-,chb08,chb08_24.edf,0,0.9994790180709043
auto-,chb08,chb08_24.edf,0,0.9995192955507827
auto-,chb08,chb08_24.edf,0,0.9994322976982749
auto-,chb08,chb08_29.edf,0,0.9891216300610448
auto-,chb08,chb08_29.edf,0,0.9993847450208632
auto-,chb08,chb08_29.edf,0,0.9994569582098602
auto-,chb08,chb08_29.edf,0,0.999434375020171
auto-,chb08,chb08_29.edf,0,0.999162856673165
auto-,chb08,chb08_29.edf,0,0.9992775517838468
auto-,chb08,chb08_29.edf,0,0.9992492480140313
auto-,chb08,chb08_29.edf,0,0.9991591433403952
auto-,chb08,chb08_29.edf,0,0.999508591015334
auto-,chb08,chb08_29.edf,0,0.999484215660412
auto-,chb08,chb08_29.edf,0,0.9993161083942078
auto-,chb08,chb08_29.edf,0,0.9993399480140709
auto-,chb08,chb08_29.edf,0,0.9992737520084631
auto-,chb08,chb08_29.edf,0,0.9994736238739559
auto-,chb08,chb08_29.edf,0,0.9992269786558634
auto-,chb08,chb08_29.edf,0,0.9990778291679375
auto-,chb08,chb08_29.edf,0,0.9993478784145371
auto-,chb08,chb08_29.edf,0,0.9992905264711284
auto-,chb08,chb08_29.edf,0,0.9991675056369804
auto-,chb08,chb08_29.edf,0,0.9994547276507563
auto-,chb08,chb08_29.edf,0,0.9994334281671619
auto-,chb12,chb12_06.edf,0,0.996913421791931
auto-,chb12,chb12_06.edf,0,0.9993841486178093
auto-,chb12,chb12_06.edf,0,0.9994799854478272
auto-,chb12,chb12_06.edf,0,0.9994767283034822
auto-,chb12,chb12_06.edf,0,0.9993334481915226
auto-,chb12,chb12_06.edf,0,0.9996187580756428
auto-,chb12,chb12_06.edf,0,0.999741506448516
auto-,chb12,chb12_06.edf,0,0.9983242222501781
auto-,chb12,chb12_06.edf,0,0.9997224190060608
auto-,chb12,chb12_06.edf,0,0.9993910599792839
auto-,chb12,chb12_06.edf,1,0.9995088481179326
auto-,chb12,chb12_06.edf,1,0.999768798701068
auto-,chb12,chb12_06.edf,1,0.9994931840278817
auto-,chb12,chb12_06.edf,1,0.999608624141112
auto-,chb12,chb12_06.edf,1,0.9996253786477831
auto-,chb12,chb12_06.edf,1,0.9995944666463568
auto-,chb12,chb12_06.edf,1,0.9995410381104487
auto-,chb12,chb12_06.edf,0,0.9994025452926452
auto-,chb12,chb12_06.edf,0,0.9993908458080595
auto-,chb12,chb12_06.edf,0,0.9991534544191396
auto-,chb12,chb12_06.edf,0,0.9992552743948496
auto-,chb12,chb12_06.edf,0,0.9992397591403007
auto-,chb12,chb12_06.edf,0,0.9992059747026364
auto-,chb12,chb12_06.edf,0,0.9991965142005629
auto-,chb12,chb12_06.edf,0,0.9992748121034841
auto-,chb12,chb12_06.edf,0,0.9992828020396233
auto-,chb12,chb12_06.edf,1,0.9995593339020505
auto-,chb12,chb12_06.edf,1,0.9996044164105548
auto-,chb12,chb12_06.edf,1,0.9996623700311766
auto-,chb12,chb12_06.edf,1,0.9994135006215557
auto-,chb12,chb12_06.edf,0,0.9994571289941054
auto-,chb12,chb12_06.edf,0,0.9998092669328653
auto-,chb12,chb12_08.edf,0,0.9973090632407321
auto-,chb12,chb12_08.edf,0,0.9995897251034318
auto-,chb12,chb12_08.edf,0,0.9995403445095793
auto-,chb12,chb12_08.edf,0,0.9996306589498849
auto-,chb12,chb12_08.edf,0,0.9993855171833363
auto-,chb12,chb12_08.edf,1,0.9993724945795202
auto-,chb12,chb12_08.edf,1,0.9995778413812582
auto-,chb12,chb12_08.edf,0,0.9994113852915905
auto-,chb12,chb12_08.edf,0,0.9995414986295224
auto-,chb12,chb12_08.edf,0,0.9992928032101791
auto-,chb12,chb12_08.edf,1,0.9995148827419453
auto-,chb12,chb12_08.edf,1,0.9995869839884979
auto-,chb12,chb12_08.edf,1,0.9993422441391946
auto-,chb12,chb12_08.edf,0,0.9992519803724835
auto-,chb12,chb12_08.edf,0,0.9994098093038188
auto-,chb12,chb12_08.edf,0,0.9994399911444973
auto-,chb12,chb12_08.edf,1,0.9995337516239291
auto-,chb12,chb12_08.edf,1,0.9996916040749224
auto-,chb12,chb12_08.edf,1,0.9995278535948354
auto-,chb12,chb12_08.edf,0,0.9995017200034428
auto-,chb12,chb12_08.edf,0,0.9993967823441642
auto-,chb12,chb12_08.edf,0,0.9995128788500837
auto-,chb12,chb12_08.edf,0,0.9994272985380499
auto-,chb12,chb12_08.edf,0,0.9994137665891301
auto-,chb12,chb12_08.edf,1,0.9992689870847723
auto-,chb12,chb12_08.edf,1,0.9994021050840886
auto-,chb12,chb12_08.edf,1,0.9996136250368494
auto-,chb12,chb12_08.edf,1,0.999365575427452
auto-,chb12,chb12_08.edf,0,0.9992047328679146
auto-,chb12,chb12_08.edf,0,0.9994174858433144
auto-,chb12,chb12_08.edf,0,0.9993922238723428
auto-,chb12,chb12_08.edf,0,0.9995034238192697
auto-,chb12,chb12_09.edf,0,0.9992200972150412
auto-,chb12,chb12_09.edf,0,0.9993665759537042
auto-,chb12,chb12_09.edf,0,0.9994234927895604
auto-,chb12,chb12_09.edf,0,0.9993743860862307
auto-,chb12,chb12_09.edf,0,0.9993205482439536
auto-,chb12,chb12_09.edf,0,0.9994612522201005
auto-,chb12,chb12_09.edf,0,0.9993970463996248
auto-,chb12,chb12_09.edf,0,0.9993383090143081
auto-,chb12,chb12_09.edf,0,0.9992944999087658
auto-,chb12,chb12_09.edf,0,0.9992063797529224
auto-,chb12,chb12_09.edf,0,0.999315949584089
auto-,chb12,chb12_09.edf,0,0.9996298780562264
auto-,chb12,chb12_09.edf,0,0.9995926074534359
auto-,chb12,chb12_09.edf,0,0.9995221589706139
auto-,chb12,chb12_09.edf,0,0.9992426219213945
auto-,chb12,chb12_09.edf,0,0.9994363236535129
auto-,chb12,chb12_09.edf,0,0.9989014107072347
auto-,chb12,chb12_09.edf,0,0.9992765477900576
auto-,chb12,chb12_09.edf,0,0.9995782415576061
auto-,chb12,chb12_09.edf,0,0.9994152715464475
auto-,chb12,chb12_09.edf,0,0.9995413437469123
auto-,chb12,chb12_09.edf,0,0.9995216132409247
auto-,chb12,chb12_09.edf,1,0.9997386514545434
auto-,chb12,chb12_09.edf,1,0.9993600831452857
auto-,chb12,chb12_09.edf,1,0.9997083566040306
auto-,chb12,chb12_09.edf,1,0.9991900477329237
auto-,chb12,chb12_09.edf,0,0.9986169536640929
auto-,chb12,chb12_09.edf,0,0.9994306763386868
auto-,chb12,chb12_09.edf,0,0.9994890287529997
auto-,chb12,chb12_09.edf,1,0.9996046658395219
auto-,chb12,chb12_09.edf,1,0.9998457799138211
auto-,chb12,chb12_09.edf,1,0.999769675876803
auto-,chb12,chb12_09.edf,1,0.9994618981762424
auto-,chb12,chb12_10.edf,0,0.9994921592118567
auto-,chb12,chb12_10.edf,0,0.9995274840639043
auto-,chb12,chb12_10.edf,0,0.9992673888438963
auto-,chb12,chb12_10.edf,1,0.9994741742313171
auto-,chb12,chb12_10.edf,1,0.9997131887353216
auto-,chb12,chb12_10.edf,1,0.9997371420026473
auto-,chb12,chb12_10.edf,1,0.9994811120093172
auto-,chb12,chb12_10.edf,0,0.9993817547739601
auto-,chb12,chb12_10.edf,0,0.999222566267119
auto-,chb12,chb12_10.edf,1,0.9995780235189177
auto-,chb12,chb12_10.edf,1,0.9995883707226197
auto-,chb12,chb12_10.edf,1,0.999759177877668
auto-,chb12,chb12_10.edf,1,0.9997329300550334
auto-,chb12,chb12_10.edf,1,0.9995828669954177
auto-,chb12,chb12_10.edf,0,0.9994009582076767
auto-,chb12,chb12_10.edf,0,0.9992990462476085
auto-,chb12,chb12_10.edf,0,0.999320003432031
auto-,chb12,chb12_10.edf,0,0.9991048092026905
auto-,chb12,chb12_10.edf,0,0.9992724534560583
auto-,chb12,chb12_10.edf,0,0.9992283233884776
auto-,chb12,chb12_10.edf,0,0.9992538126744286
auto-,chb12,chb12_10.edf,0,0.999101857098724
auto-,chb12,chb12_10.edf,0,0.9993105640933999
auto-,chb12,chb12_10.edf,0,0.9991962627514884
auto-,chb12,chb12_10.edf,0,0.9989710741767743
auto-,chb12,chb12_10.edf,0,0.9990989561724605
auto-,chb12,chb12_10.edf,0,0.9993691022554666
auto-,chb12,chb12_10.edf,0,0.9993039708348784
auto-,chb12,chb12_10.edf,0,0.999174671928097
auto-,chb12,chb12_10.edf,0,0.9991227904888206
auto-,chb12,chb12_10.edf,0,0.9992613596003953
auto-,chb12,chb12_11.edf,0,0.9989817511210805
auto-,chb12,chb12_11.edf,1,0.9992525939039892
auto-,chb12,chb12_11.edf,1,0.9995659382815274
auto-,chb12,chb12_11.edf,1,0.9995857293866653
auto-,chb12,chb12_11.edf,1,0.9996618581837772
auto-,chb12,chb12_11.edf,1,0.9988155297345375
auto-,chb12,chb12_11.edf,0,0.9995921785499208
auto-,chb12,chb12_11.edf,0,0.999631883686019
auto-,chb12,chb12_11.edf,0,0.9996067748582466
auto-,chb12,chb12_11.edf,0,0.999659746923647
auto-,chb12,chb12_11.edf,0,0.9997246873623854
auto-,chb12,chb12_11.edf,0,0.9995509611049093
auto-,chb12,chb12_11.edf,0,0.9995217431095954
auto-,chb12,chb12_11.edf,0,0.9995164383649587
auto-,chb12,chb12_11.edf,0,0.9996269471025803
auto-,chb12,chb12_19.edf,0,0.999617558742588
auto-,chb12,chb12_19.edf,0,0.9995308098750014
auto-,chb12,chb12_19.edf,0,0.9995370280344288
auto-,chb12,chb12_19.edf,0,0.9994387512141255
auto-,chb12,chb12_19.edf,0,0.9994207964051283
auto-,chb12,chb12_19.edf,0,0.9994780703462947
auto-,chb12,chb12_19.edf,0,0.9993759282392288
auto-,chb12,chb12_19.edf,0,0.9992662496985913
auto-,chb12,chb12_19.edf,0,0.999417284511369
auto-,chb12,chb12_19.edf,0,0.9994814052656305
auto-,chb12,chb12_19.edf,0,0.9994355993101091
auto-,chb12,chb12_19.edf,0,0.9994852807559895
auto-,chb12,chb12_19.edf,0,0.9994619814152047
auto-,chb12,chb12_19.edf,0,0.9994361796714971
auto-,chb12,chb12_19.edf,0,0.9995701161272049
auto-,chb12,chb12_19.edf,0,0.9994836990446843
auto-,chb12,chb12_19.edf,0,0.9995116812767754
auto-,chb12,chb12_19.edf,0,0.9994306940772973
auto-,chb12,chb12_19.edf,0,0.9995641191958279
auto-,chb12,chb12_19.edf,0,0.9994166086370024
auto-,chb12,chb12_19.edf,0,0.9993623835110387
auto-,chb12,chb12_19.edf,0,0.9993680486049752
auto-,chb12,chb12_19.edf,0,0.9992618978428311
auto-,chb12,chb12_19.edf,0,0.9991934859743219
auto-,chb12,chb12_19.edf,0,0.999310342246897
auto-,chb12,chb12_19.edf,0,0.9994933677637922
auto-,chb12,chb12_19.edf,0,0.9994913476045247
auto-,chb12,chb12_19.edf,0,0.9993309777387238
auto-,chb12,chb12_19.edf,0,0.9994399195025936
auto-,chb12,chb12_19.edf,0,0.9993503615651141
auto-,chb12,chb12_19.edf,0,0.9995228480029692
auto-,chb12,chb12_20.edf,0,0.9991878860737159
auto-,chb12,chb12_20.edf,0,0.9994177492678546
auto-,chb12,chb12_20.edf,0,0.9993909716679508
auto-,chb12,chb12_20.edf,0,0.999020414988238
auto-,chb12,chb12_20.edf,0,0.9994987161972946
auto-,chb12,chb12_20.edf,0,0.9992683297336332
auto-,chb12,chb12_20.edf,0,0.9995215246598697
auto-,chb12,chb12_20.edf,0,0.9993384413696894
auto-,chb12,chb12_20.edf,0,0.9995661729979344
auto-,chb12,chb12_20.edf,0,0.9993949175090834
auto-,chb12,chb12_20.edf,0,0.9996299599847571
auto-,chb12,chb12_20.edf,0,0.9995949114251607
auto-,chb12,chb12_20.edf,0,0.9994285011864839
auto-,chb12,chb12_20.edf,0,0.9995790112136538
auto-,chb12,chb12_20.edf,0,0.9996153313050383
auto-,chb12,chb12_20.edf,0,0.9994930242858167
auto-,chb12,chb12_20.edf,0,0.9994954992915213
auto-,chb12,chb12_20.edf,0,0.9992078650707099
auto-,chb12,chb12_20.edf,0,0.999515895489878
auto-,chb12,chb12_20.edf,0,0.9995131682750623
auto-,chb12,chb12_20.edf,0,0.9995281093945182
auto-,chb12,chb12_20.edf,0,0.9994760480419099
auto-,chb12,chb12_20.edf,0,0.9993228775242775
auto-,chb12,chb12_20.edf,0,0.9995768596095036
auto-,chb12,chb12_20.edf,0,0.9995104750078619
auto-,chb12,chb12_20.edf,0,0.9993543657689264
auto-,chb12,chb12_20.edf,0,0.9994773456116199
auto-,chb12,chb12_20.edf,0,0.9995171496541785
auto-,chb12,chb12_20.edf,0,0.9994430236837798
auto-,chb12,chb12_21.edf,0,0.5386029304555245
auto-,chb12,chb12_21.edf,0,0.5284698592771074
auto-,chb12,chb12_21.edf,0,0.5973959373906743
auto-,chb12,chb12_21.edf,0,0.571311045348806
auto-,chb12,chb12_21.edf,0,0.5866035303133954
auto-,chb12,chb12_21.edf,0,0.5945462319875795
auto-,chb12,chb12_21.edf,0,0.4984940092870763
auto-,chb12,chb12_21.edf,0,0.5697079339930573
auto-,chb12,chb12_21.edf,0,0.5639814905120301
auto-,chb12,chb12_21.edf,0,0.4961693054663394
auto-,chb12,chb12_21.edf,0,0.4345233839820735
auto-,chb12,chb12_21.edf,0,0.5008819008635027
auto-,chb12,chb12_21.edf,0,0.5752807601935083
auto-,chb12,chb12_21.edf,0,0.5440879009092602
auto-,chb12,chb12_21.edf,0,0.5304903665773198
auto-,chb12,chb12_21.edf,0,0.5400162718478604
auto-,chb12,chb12_21.edf,0,0.5221298743275951
auto-,chb12,chb12_21.edf,0,0.5381305455290135
auto-,chb12,chb12_21.edf,0,0.43528043962793356
auto-,chb12,chb12_21.edf,0,0.4443027078407776
auto-,chb12,chb12_21.edf,0,0.4200772769322533
auto-,chb12,chb12_21.edf,0,0.520295442155632
auto-,chb12,chb12_21.edf,0,0.5347631461905807
auto-,chb12,chb12_21.edf,0,0.4436044349760211
auto-,chb12,chb12_21.edf,0,0.4629355579068326
auto-,chb12,chb12_23.edf,0,0.8966684613897546
auto-,chb12,chb12_23.edf,0,0.9994486613354007
auto-,chb12,chb12_23.edf,1,0.9995044541170617
auto-,chb12,chb12_23.edf,1,0.9997119230193294
auto-,chb12,chb12_23.edf,1,0.9995983653297167
auto-,chb12,chb12_23.edf,1,0.9875227568885141
auto-,chb12,chb12_23.edf,1,0.9929743251092159
auto-,chb12,chb12_23.edf,1,0.9996131848016174
auto-,chb12,chb12_23.edf,1,0.9995539948261373
auto-,chb12,chb12_23.edf,1,0.9995481375209345
auto-,chb12,chb12_23.edf,1,0.9993709603033001
auto-,chb12,chb12_23.edf,0,0.9994719231969388
auto-,chb12,chb12_23.edf,0,0.9935775551332532
auto-,chb12,chb12_23.edf,1,0.9995411288964801
auto-,chb12,chb12_23.edf,1,0.7932562359753573
auto-,chb12,chb12_23.edf,1,0.8940821898341506
auto-,chb12,chb12_23.edf,1,0.8480995313191901
auto-,chb12,chb12_23.edf,1,0.9996079354914108
auto-,chb12,chb12_23.edf,1,0.9995012864486019
auto-,chb12,chb12_23.edf,1,0.9995734621168689
auto-,chb12,chb12_23.edf,1,0.9995541009965985
auto-,chb12,chb12_23.edf,1,0.999538102623145
auto-,chb12,chb12_23.edf,1,0.9995492288890775
auto-,chb12,chb12_23.edf,1,0.9993474496298529
auto-,chb12,chb12_23.edf,0,0.8531753859690697
auto-,chb12,chb12_23.edf,1,0.9996768124859511
auto-,chb12,chb12_23.edf,1,0.9994807677668347
auto-,chb12,chb12_23.edf,1,0.9995439139837446
auto-,chb12,chb12_23.edf,1,0.9357867168726596
auto-,chb12,chb12_23.edf,0,0.947483740748888
auto-,chb12,chb12_23.edf,0,0.9996877140367739
auto-,chb12,chb12_23.edf,0,0.9020559522996909
auto-,chb12,chb12_23.edf,0,0.9448969470141038
auto-,chb12,chb12_23.edf,0,0.8358985769986759
auto-,chb12,chb12_23.edf,0,0.8795949823928736
auto-,chb12,chb12_23.edf,0,0.9121005870075004
auto-,chb12,chb12_23.edf,0,0.7981774712361169
auto-,chb12,chb12_23.edf,0,0.9257122557464328
auto-,chb12,chb12_23.edf,0,0.922401085297389
auto-,chb12,chb12_23.edf,0,0.94214575074193
auto-,chb12,chb12_23.edf,0,0.99915883116839
auto-,chb12,chb12_23.edf,0,0.9401783550267409
auto-,chb12,chb12_23.edf,0,0.9919829348382543
auto-,chb12,chb12_23.edf,0,0.8860241266072665
auto-,chb12,chb12_23.edf,0,0.9964909228790989
auto-,chb12,chb12_23.edf,0,0.8096098431578354
auto-,chb12,chb12_23.edf,0,0.8646006291095758
auto-,chb12,chb12_23.edf,0,0.9766836745064067
auto-,chb12,chb12_23.edf,0,0.9486717218609596
auto-,chb12,chb12_23.edf,0,0.9045092219868791
auto-,chb12,chb12_23.edf,0,0.9910482031720893
auto-,chb12,chb12_23.edf,0,0.9259232183081327
auto-,chb12,chb12_23.edf,0,0.9994513738948876
auto-,chb12,chb12_24.edf,0,0.5288316444737172
auto-,chb12,chb12_24.edf,0,0.51329127492064
auto-,chb12,chb12_24.edf,0,0.5039639029539968
auto-,chb12,chb12_24.edf,0,0.5085045993540208
auto-,chb12,chb12_24.edf,0,0.5536902019845819
auto-,chb12,chb12_24.edf,0,0.5223695322711651
auto-,chb12,chb12_24.edf,0,0.5704034364793287
auto-,chb12,chb12_24.edf,0,0.5051005268496948
auto-,chb12,chb12_24.edf,0,0.5394716791273166
auto-,chb12,chb12_24.edf,0,0.34638809983372626
auto-,chb12,chb12_24.edf,0,0.5053852223703894
auto-,chb12,chb12_24.edf,0,0.4930878764806578
auto-,chb12,chb12_24.edf,0,0.515309520262451
auto-,chb12,chb12_24.edf,0,0.4954977907287882
auto-,chb12,chb12_24.edf,0,0.57184788939643
auto-,chb12,chb12_24.edf,0,0.5512305405071765
auto-,chb12,chb12_24.edf,0,0.548560613472197
auto-,chb12,chb12_24.edf,0,0.5098384988697082
auto-,chb12,chb12_24.edf,0,0.5552770660359581
auto-,chb12,chb12_24.edf,0,0.5340743401024856
auto-,chb12,chb12_24.edf,0,0.5607851732059005
auto-,chb12,chb12_24.edf,0,0.5338523952259607
auto-,chb12,chb12_24.edf,0,0.5902630130014002
auto-,chb12,chb12_24.edf,0,0.5718684449394082
auto-,chb12,chb12_32.edf,0,0.8657454399973593
auto-,chb12,chb12_32.edf,0,0.9978179099550101
auto-,chb12,chb12_32.edf,0,0.9289958978619616
auto-,chb12,chb12_32.edf,0,0.999592610594192
auto-,chb12,chb12_32.edf,0,0.9992631582108066
auto-,chb12,chb12_32.edf,0,0.9395284694011485
auto-,chb12,chb12_32.edf,0,0.8697215682579525
auto-,chb12,chb12_32.edf,0,0.9995534972105076
auto-,chb12,chb12_32.edf,0,0.9996854932505718
auto-,chb12,chb12_32.edf,0,0.5455124483193179
auto-,chb12,chb12_32.edf,0,0.7756555333958253
auto-,chb12,chb12_32.edf,0,0.2533975876630447
auto-,chb12,chb12_32.edf,0,0.6665797457492256
auto-,chb12,chb12_32.edf,0,0.910505079227088
auto-,chb12,chb12_32.edf,0,0.6210241175061771
auto-,chb12,chb12_32.edf,0,0.8073238188114674
auto-,chb12,chb12_32.edf,0,0.9090966051358514
auto-,chb12,chb12_32.edf,0,0.98336606876507
auto-,chb12,chb12_32.edf,0,0.9996086206031485
auto-,chb12,chb12_32.edf,0,0.9181655743934963
auto-,chb12,chb12_32.edf,0,0.9996341114018381
auto-,chb12,chb12_32.edf,0,0.9996782992239347
auto-,chb12,chb12_32.edf,0,0.9996953497486153
auto-,chb12,chb12_32.edf,0,0.9996368206126159
auto-,chb12,chb12_32.edf,0,0.9996409539484739
auto-,chb12,chb12_32.edf,0,0.9699781572703394
auto-,chb12,chb12_32.edf,0,0.9995584530966312
auto-,chb12,chb12_32.edf,0,0.9995438208409491
auto-,chb12,chb12_32.edf,0,0.9996585882047745
auto-,chb12,chb12_32.edf,0,0.9997300917462606
auto-,chb12,chb12_33.edf,0,0.9996300560597633
auto-,chb12,chb12_33.edf,0,0.9996424813323556
auto-,chb12,chb12_33.edf,0,0.999527917749873
auto-,chb12,chb12_33.edf,0,0.9995793102586938
auto-,chb12,chb12_33.edf,0,0.999309166562427
auto-,chb12,chb12_33.edf,0,0.9996801619676541
auto-,chb12,chb12_33.edf,0,0.9996071118747303
auto-,chb12,chb12_33.edf,0,0.9995616644320791
auto-,chb12,chb12_33.edf,0,0.9996812248566566
auto-,chb12,chb12_33.edf,0,0.9996421231928181
auto-,chb12,chb12_33.edf,0,0.999584574475744
auto-,chb12,chb12_33.edf,0,0.9994144420392562
auto-,chb12,chb12_33.edf,0,0.9994315800826471
auto-,chb12,chb12_33.edf,0,0.9993273302622074
auto-,chb12,chb12_33.edf,0,0.9992590185685153
auto-,chb12,chb12_33.edf,0,0.9994083557749377
auto-,chb12,chb12_33.edf,0,0.998959275861044
auto-,chb12,chb12_33.edf,0,0.9995926096983958
auto-,chb12,chb12_33.edf,0,0.9994442438698093
auto-,chb12,chb12_33.edf,1,0.9994263038035387
auto-,chb12,chb12_33.edf,1,0.9996707443253403
auto-,chb12,chb12_33.edf,1,0.999005784946224
auto-,chb12,chb12_33.edf,0,0.9994570019293765
auto-,chb12,chb12_33.edf,0,0.9993750549965921
auto-,chb12,chb12_33.edf,0,0.9994559655072482
auto-,chb12,chb12_33.edf,1,0.9993899355598493
auto-,chb12,chb12_33.edf,1,0.9995098452864236
auto-,chb12,chb12_33.edf,1,0.999410325835105
auto-,chb12,chb12_33.edf,0,0.9989065380904966
auto-,chb12,chb12_33.edf,0,0.9989023828586275
auto-,chb12,chb12_33.edf,0,0.9988037160762651
auto-,chb12,chb12_33.edf,0,0.9995914462577848
auto-,chb12,chb12_33.edf,0,0.9992113768455462
auto-,chb12,chb12_33.edf,0,0.9995269104001671
auto-,chb12,chb12_33.edf,0,0.9995783059659403
auto-,chb12,chb12_34.edf,0,0.9995706018816988
auto-,chb12,chb12_34.edf,0,0.9994640576462522
auto-,chb12,chb12_34.edf,0,0.9993737770081164
auto-,chb12,chb12_34.edf,0,0.9995615225828645
auto-,chb12,chb12_34.edf,0,0.9996326490026511
auto-,chb12,chb12_34.edf,0,0.9995470261396594
auto-,chb12,chb12_34.edf,0,0.9995281575041463
auto-,chb12,chb12_34.edf,0,0.9994674588385626
auto-,chb12,chb12_34.edf,0,0.9995004909687317
auto-,chb12,chb12_34.edf,0,0.9996578922828994
auto-,chb12,chb12_34.edf,0,0.9996274048016817
auto-,chb12,chb12_34.edf,0,0.9995620278818562
auto-,chb12,chb12_34.edf,0,0.9995521579173472
auto-,chb12,chb12_34.edf,0,0.999565522597825
auto-,chb12,chb12_34.edf,0,0.9995114364229596
auto-,chb12,chb12_34.edf,0,0.9992044027842432
auto-,chb12,chb12_34.edf,0,0.998116188514849
auto-,chb12,chb12_34.edf,0,0.9993591741126446
auto-,chb12,chb12_34.edf,0,0.9995274362220307
auto-,chb12,chb12_34.edf,0,0.999592472174975
auto-,chb12,chb12_35.edf,0,0.9995752675864693
auto-,chb12,chb12_35.edf,0,0.999538958423305
auto-,chb12,chb12_35.edf,0,0.9987195632916578
auto-,chb12,chb12_35.edf,0,0.9995859201495327
auto-,chb12,chb12_35.edf,0,0.9994449104836264
auto-,chb12,chb12_35.edf,0,0.9991803014349385
auto-,chb12,chb12_35.edf,0,0.9990495816237275
auto-,chb12,chb12_35.edf,0,0.9991437923796122
auto-,chb12,chb12_35.edf,0,0.9992282198135197
auto-,chb12,chb12_35.edf,0,0.9992936371292631
auto-,chb12,chb12_35.edf,0,0.9993683748845866
auto-,chb12,chb12_35.edf,0,0.9993438862413034
auto-,chb12,chb12_35.edf,0,0.9992952528505675
auto-,chb12,chb12_35.edf,0,0.9992669335845974
auto-,chb12,chb12_35.edf,0,0.9996390296536829
auto-,chb12,chb12_35.edf,0,0.9994344836307233
auto-,chb12,chb12_35.edf,0,0.9995571688271534
auto-,chb12,chb12_35.edf,0,0.9991973219476212
auto-,chb12,chb12_35.edf,0,0.999301185183224
auto-,chb12,chb12_35.edf,0,0.9995766008470384
auto-,chb12,chb12_36.edf,0,0.9987104354175407
auto-,chb12,chb12_36.edf,0,0.9995257110488267
auto-,chb12,chb12_36.edf,0,0.9992756463508805
auto-,chb12,chb12_36.edf,0,0.9994673058604029
auto-,chb12,chb12_36.edf,0,0.9995441001160719
auto-,chb12,chb12_36.edf,0,0.9994694006051577
auto-,chb12,chb12_36.edf,0,0.9995989039737221
auto-,chb12,chb12_36.edf,0,0.9995465664422529
auto-,chb12,chb12_36.edf,0,0.9994881439468122
auto-,chb12,chb12_36.edf,0,0.9993060576294114
auto-,chb12,chb12_36.edf,1,0.9995100293955651
auto-,chb12,chb12_36.edf,1,0.999608242215499
auto-,chb12,chb12_36.edf,1,0.9996498344160079
auto-,chb12,chb12_36.edf,0,0.9995899511476168
auto-,chb12,chb12_36.edf,0,0.9994667442776911
auto-,chb12,chb12_36.edf,0,0.999370115369037
auto-,chb12,chb12_36.edf,0,0.9994058248923502
auto-,chb12,chb12_36.edf,0,0.999495555547081
auto-,chb12,chb12_36.edf,0,0.9992996961452009
auto-,chb12,chb12_36.edf,0,0.9992272913004155
auto-,chb12,chb12_36.edf,0,0.9993503126847428
auto-,chb12,chb12_36.edf,0,0.9992637153618655
auto-,chb12,chb12_36.edf,0,0.9994717589993283
auto-,chb12,chb12_36.edf,0,0.999604428535728
auto-,chb12,chb12_36.edf,0,0.9992993581068252
auto-,chb12,chb12_36.edf,0,0.9990557264377333
auto-,chb12,chb12_36.edf,0,0.9992068095527278
auto-,chb12,chb12_36.edf,0,0.9993317082670315
auto-,chb12,chb12_36.edf,0,0.9990163335076645
auto-,chb12,chb12_36.edf,0,0.9983097792816615
auto-,chb12,chb12_36.edf,0,0.9996174668188872
auto-,chb12,chb12_36.edf,0,0.9985360701673762
auto-,chb12,chb12_36.edf,0,0.9993251532556311
auto-,chb12,chb12_36.edf,0,0.9992483218745074
auto-,chb12,chb12_37.edf,0,0.9985621950532869
auto-,chb12,chb12_37.edf,0,0.9996164675345276
auto-,chb12,chb12_37.edf,0,0.9992562441583871
auto-,chb12,chb12_37.edf,0,0.998976982509069
auto-,chb12,chb12_37.edf,0,0.9982145198535022
auto-,chb12,chb12_37.edf,0,0.9995079631868989
auto-,chb12,chb12_37.edf,0,0.999675575912726
auto-,chb12,chb12_37.edf,0,0.9994554203569751
auto-,chb12,chb12_37.edf,0,0.9995119935887716
auto-,chb12,chb12_37.edf,0,0.9993234570731613
auto-,chb12,chb12_37.edf,0,0.9993141714155325
auto-,chb12,chb12_37.edf,0,0.9994333397783786
auto-,chb12,chb12_37.edf,0,0.9992523814097833
auto-,chb12,chb12_37.edf,0,0.9994082977657263
auto-,chb12,chb12_37.edf,0,0.9993077691212071
auto-,chb12,chb12_37.edf,0,0.9991834992873662
auto-,chb12,chb12_37.edf,0,0.9992964184806347
auto-,chb12,chb12_37.edf,0,0.9992859125136344
auto-,chb12,chb12_37.edf,0,0.9992614163395281
auto-,chb12,chb12_37.edf,0,0.9993188561263546
auto-,chb12,chb12_37.edf,0,0.9992269676405076
auto-,chb12,chb12_37.edf,0,0.9993207739925782
auto-,chb12,chb12_37.edf,0,0.9991465882526767
auto-,chb12,chb12_37.edf,0,0.9991855325191918
auto-,chb12,chb12_37.edf,0,0.9992837215427013
auto-,chb12,chb12_37.edf,0,0.9990410831055369
auto-,chb12,chb12_37.edf,0,0.9991721413482404
auto-,chb12,chb12_38.edf,0,0.9992585673969508
auto-,chb12,chb12_38.edf,0,0.9989551629310526
auto-,chb12,chb12_38.edf,0,0.9992572097339193
auto-,chb12,chb12_38.edf,0,0.9993298189463629
auto-,chb12,chb12_38.edf,0,0.9993085164024272
auto-,chb12,chb12_38.edf,0,0.9991897463453053
auto-,chb12,chb12_38.edf,0,0.9991885026874523
auto-,chb12,chb12_38.edf,0,0.9993298930449072
auto-,chb12,chb12_38.edf,0,0.9991935388250195
auto-,chb12,chb12_38.edf,0,0.999116750820257
auto-,chb12,chb12_38.edf,1,0.999411145112489
auto-,chb12,chb12_38.edf,1,0.9993769570809128
auto-,chb12,chb12_38.edf,1,0.9995103177155359
auto-,chb12,chb12_38.edf,1,0.9993921349587962
auto-,chb12,chb12_38.edf,0,0.9993348801598969
auto-,chb12,chb12_38.edf,0,0.9988789677522445
auto-,chb12,chb12_38.edf,0,0.9992175638073232
auto-,chb12,chb12_38.edf,0,0.999288322163924
auto-,chb12,chb12_38.edf,0,0.9995747529040043
auto-,chb12,chb12_38.edf,0,0.9995893699551658
auto-,chb12,chb12_38.edf,0,0.9993069130785764
auto-,chb12,chb12_38.edf,1,0.9994565539525069
auto-,chb12,chb12_38.edf,1,0.9996938122509799
auto-,chb12,chb12_38.edf,1,0.9995307103894786
auto-,chb12,chb12_38.edf,1,0.9986613139869183
auto-,chb12,chb12_38.edf,0,0.9993935435732549
auto-,chb12,chb12_38.edf,1,0.9993369694930481
auto-,chb12,chb12_38.edf,1,0.9995953596353886
auto-,chb12,chb12_38.edf,1,0.9994176277581507
auto-,chb12,chb12_38.edf,1,0.9986248841185352
auto-,chb12,chb12_38.edf,1,0.9993851487344434
auto-,chb12,chb12_38.edf,0,0.9993251147201592
auto-,chb12,chb12_38.edf,1,0.9995139796950959
auto-,chb12,chb12_38.edf,1,0.9996857524831056
auto-,chb12,chb12_38.edf,1,0.9992481955034392
auto-,chb12,chb12_38.edf,1,0.9991110195970965
auto-,chb12,chb12_38.edf,1,0.999603309329908
auto-,chb12,chb12_38.edf,1,0.9995928460836937
auto-,chb12,chb12_38.edf,1,0.9990987430201186
auto-,chb12,chb12_38.edf,0,0.9992761641516096
auto-,chb12,chb12_38.edf,1,0.9996014070160694
auto-,chb12,chb12_38.edf,1,0.9997572948030752
auto-,chb12,chb12_38.edf,1,0.9994800328962891
auto-,chb12,chb12_38.edf,1,0.9993311372747846
auto-,chb12,chb12_38.edf,1,0.9990145173148054
auto-,chb12,chb12_38.edf,0,0.9985638999762791
auto-,chb12,chb12_38.edf,0,0.999529457138176
auto-,chb12,chb12_39.edf,0,0.6350770247394906
auto-,chb12,chb12_39.edf,0,0.3443245135736247
auto-,chb12,chb12_39.edf,0,0.6915846298423933
auto-,chb12,chb12_39.edf,0,0.7212159600399943
auto-,chb12,chb12_39.edf,0,0.5849609721024238
auto-,chb12,chb12_39.edf,0,0.5728104503021615
auto-,chb12,chb12_39.edf,0,0.5586641161567296
auto-,chb12,chb12_39.edf,0,0.4399280312048184
auto-,chb12,chb12_39.edf,0,0.5539246074808964
auto-,chb12,chb12_39.edf,0,0.6682566369889267
auto-,chb12,chb12_39.edf,0,0.7017434276142659
auto-,chb12,chb12_39.edf,0,0.7019829514559237
auto-,chb12,chb12_39.edf,0,0.546311263527914
auto-,chb12,chb12_39.edf,0,0.7424324155289418
auto-,chb12,chb12_39.edf,0,0.5257469632553367
auto-,chb12,chb12_39.edf,0,0.5120383717504882
auto-,chb12,chb12_39.edf,0,0.7317172666715969
auto-,chb12,chb12_39.edf,0,0.7679267238823791
auto-,chb12,chb12_40.edf,0,0.9994049083548442
auto-,chb12,chb12_40.edf,0,0.9985546117553935
auto-,chb12,chb12_40.edf,0,0.9993955216184759
auto-,chb12,chb12_40.edf,0,0.9995913644522906
auto-,chb12,chb12_40.edf,0,0.9996564304896436
auto-,chb12,chb12_40.edf,0,0.9996656285304603
auto-,chb12,chb12_40.edf,0,0.999574181343958
auto-,chb12,chb12_40.edf,0,0.9993002655182248
auto-,chb12,chb12_40.edf,0,0.9993566760061926
auto-,chb12,chb12_40.edf,0,0.9994078101143166
auto-,chb12,chb12_40.edf,0,0.9992610891182835
auto-,chb12,chb12_40.edf,0,0.9994364046210676
auto-,chb12,chb12_40.edf,0,0.999251444639988
auto-,chb12,chb12_40.edf,0,0.9993450387094305
auto-,chb12,chb12_40.edf,0,0.9993757799318279
auto-,chb12,chb12_41.edf,0,0.9992467246436736
auto-,chb12,chb12_41.edf,0,0.9993418852089423
auto-,chb12,chb12_41.edf,0,0.9990869207153408
auto-,chb12,chb12_41.edf,0,0.9992629943839111
auto-,chb12,chb12_41.edf,0,0.9992282279227673
auto-,chb12,chb12_41.edf,0,0.9991824675027755
auto-,chb12,chb12_41.edf,0,0.9992314980038465
auto-,chb12,chb12_41.edf,0,0.9991570500271616
auto-,chb12,chb12_41.edf,0,0.9993758470650025
auto-,chb12,chb12_41.edf,0,0.999164814285147
auto-,chb12,chb12_41.edf,0,0.999203981737022
auto-,chb12,chb12_41.edf,0,0.9990723656007835
auto-,chb12,chb12_41.edf,0,0.9991567647960317
auto-,chb12,chb12_41.edf,0,0.9992455121444247
auto-,chb12,chb12_41.edf,0,0.9990736577895792
auto-,chb12,chb12_41.edf,0,0.9991942600565271
auto-,chb12,chb12_41.edf,0,0.9992301836712231
auto-,chb12,chb12_41.edf,0,0.9995012343412877
auto-,chb12,chb12_41.edf,0,0.9995262119968307
auto-,chb12,chb12_41.edf,0,0.999590954697428
auto-,chb12,chb12_42.edf,0,0.9995612364562493
auto-,chb12,chb12_42.edf,0,0.9994989023645051
auto-,chb12,chb12_42.edf,0,0.9995577617108634
auto-,chb12,chb12_42.edf,0,0.9995862750109765
auto-,chb12,chb12_42.edf,0,0.9995534892600056
auto-,chb12,chb12_42.edf,0,0.9993858668316512
auto-,chb12,chb12_42.edf,1,0.9994442526744275
auto-,chb12,chb12_42.edf,1,0.9996438126211616
auto-,chb12,chb12_42.edf,1,0.9997420788181403
auto-,chb12,chb12_42.edf,1,0.9997420717503648
auto-,chb12,chb12_42.edf,1,0.9996877917922387
auto-,chb12,chb12_42.edf,1,0.999499844048911
auto-,chb12,chb12_42.edf,0,0.9993557983248514
auto-,chb12,chb12_42.edf,1,0.9994785290217713
auto-,chb12,chb12_42.edf,1,0.9995797767864155
auto-,chb12,chb12_42.edf,1,0.9995174823664384
auto-,chb12,chb12_42.edf,1,0.9992591083084881
auto-,chb12,chb12_42.edf,1,0.9994363820049275
auto-,chb12,chb12_42.edf,1,0.9996114820205779
auto-,chb12,chb12_42.edf,1,0.9994504044639717
auto-,chb12,chb12_42.edf,0,0.9995171591958703
auto-,chb12,chb12_42.edf,0,0.9994296791712832
auto-,chb12,chb12_42.edf,0,0.9995345875722206
auto-,chb12,chb12_42.edf,1,0.9993495425226078
auto-,chb12,chb12_42.edf,1,0.999101725183685
auto-,chb12,chb12_42.edf,1,0.9996439366760764
auto-,chb12,chb12_42.edf,1,0.998618540826498
auto-,chb12,chb12_42.edf,0,0.9993335456738162
auto-,chb12,chb12_42.edf,0,0.9993237830849747
auto-,chb12,chb12_42.edf,0,0.9995685429349312
auto-,chb12,chb12_42.edf,0,0.9993832866158379
auto-,chb12,chb12_42.edf,1,0.9995694725027918
auto-,chb12,chb12_42.edf,1,0.9995341937043097
auto-,chb12,chb12_42.edf,1,0.9993939316946279
auto-,chb12,chb12_42.edf,0,0.9993663378003347
auto-,chb12,chb12_42.edf,0,0.9995016156386479
auto-,chb12,chb12_42.edf,0,0.9992446999380007
auto-,chb12,chb12_42.edf,0,0.9990906093182246
auto-,chb12,chb12_42.edf,0,0.9985945537533936
auto-,chb12,chb12_42.edf,0,0.9989162298112487
auto-,chb12,chb12_42.edf,0,0.9985999880635128
auto-,chb12,chb12_42.edf,0,0.9993719923158572
auto-,chb12,chb12_42.edf,0,0.9994633844580116
auto-,chb12,chb12_42.edf,0,0.9995281828683175
auto-,chb15,chb15_01.edf,0,0.5414685100207073
auto-,chb15,chb15_01.edf,0,0.5595123903880275
auto-,chb15,chb15_01.edf,0,0.7461932451892505
auto-,chb15,chb15_01.edf,0,0.7513191736459078
auto-,chb15,chb15_01.edf,0,0.7284800016909427
auto-,chb15,chb15_01.edf,0,0.5975313129366763
auto-,chb15,chb15_01.edf,0,0.6042856937537623
auto-,chb15,chb15_01.edf,0,0.7747453306827162
auto-,chb15,chb15_01.edf,0,0.5661953428218585
auto-,chb15,chb15_01.edf,0,0.5867987505958504
auto-,chb15,chb15_01.edf,0,0.646058914624879
auto-,chb15,chb15_01.edf,0,0.5480115830013911
auto-,chb15,chb15_01.edf,0,0.823651470943709
auto-,chb15,chb15_01.edf,0,0.7476414784573545
auto-,chb15,chb15_01.edf,0,0.8441395032170667
auto-,chb15,chb15_01.edf,0,0.8276255705842562
auto-,chb15,chb15_01.edf,0,0.8350532580026626
auto-,chb15,chb15_01.edf,0,0.8581902752955003
auto-,chb15,chb15_01.edf,0,0.8356331127259506
auto-,chb15,chb15_01.edf,0,0.8814563714090478
auto-,chb15,chb15_01.edf,0,0.8291062788442448
auto-,chb15,chb15_01.edf,0,0.8332472761452938
auto-,chb15,chb15_01.edf,0,0.8060535182795981
auto-,chb15,chb15_01.edf,0,0.7947380359390946
auto-,chb15,chb15_02.edf,0,0.39118549765290767
auto-,chb15,chb15_02.edf,0,0.35931278069842953
auto-,chb15,chb15_02.edf,0,0.39367816726942595
auto-,chb15,chb15_02.edf,0,0.23471573078064964
auto-,chb15,chb15_02.edf,0,0.2964977274375405
auto-,chb15,chb15_02.edf,0,0.4090529740267107
auto-,chb15,chb15_02.edf,0,0.3923080906775429
auto-,chb15,chb15_02.edf,0,0.3303289782084108
auto-,chb15,chb15_02.edf,0,0.3888361285903253
auto-,chb15,chb15_02.edf,0,0.3940015116691673
auto-,chb15,chb15_02.edf,0,0.4156506284593714
auto-,chb15,chb15_02.edf,0,0.38859960136037724
auto-,chb15,chb15_02.edf,0,0.40465969506713945
auto-,chb15,chb15_03.edf,0,0.9810398527714251
auto-,chb15,chb15_03.edf,0,0.7036344300583602
auto-,chb15,chb15_03.edf,0,0.6783270876222467
auto-,chb15,chb15_03.edf,0,0.6899317341308568
auto-,chb15,chb15_03.edf,0,0.8008384576339934
auto-,chb15,chb15_03.edf,0,0.9476098560814981
auto-,chb15,chb15_03.edf,0,0.8725271832731936
auto-,chb15,chb15_03.edf,0,0.9998416488863152
auto-,chb15,chb15_03.edf,0,0.9998475048643343
auto-,chb15,chb15_03.edf,0,0.9998395066863933
auto-,chb15,chb15_03.edf,0,0.9998710936735278
auto-,chb15,chb15_03.edf,0,0.9998504349945125
auto-,chb15,chb15_03.edf,0,0.9998324390429729
auto-,chb15,chb15_03.edf,0,0.967738671610039
auto-,chb15,chb15_03.edf,0,0.9998012155741236
auto-,chb15,chb15_03.edf,0,0.9727226501928085
auto-,chb15,chb15_03.edf,0,0.969503961334101
auto-,chb15,chb15_03.edf,0,0.9639991017337493
auto-,chb15,chb15_03.edf,0,0.999586430778586
auto-,chb15,chb15_03.edf,0,0.9687307359805453
auto-,chb15,chb15_04.edf,0,0.9995617371645489
auto-,chb15,chb15_04.edf,0,0.9993746163583822
auto-,chb15,chb15_04.edf,0,0.9995929878074978
auto-,chb15,chb15_04.edf,0,0.9993252763338891
auto-,chb15,chb15_04.edf,0,0.9992727912638599
auto-,chb15,chb15_04.edf,0,0.9995123252679189
auto-,chb15,chb15_04.edf,0,0.9997658079142336
auto-,chb15,chb15_04.edf,0,0.9998055702117264
auto-,chb15,chb15_04.edf,0,0.9997894376849739
auto-,chb15,chb15_04.edf,0,0.9997540632222158
auto-,chb15,chb15_04.edf,0,0.9997633914367092
auto-,chb15,chb15_04.edf,0,0.9998406898990566
auto-,chb15,chb15_04.edf,0,0.999526759479953
auto-,chb15,chb15_04.edf,0,0.9997565758823538
auto-,chb15,chb15_04.edf,0,0.9998531853986434
auto-,chb15,chb15_04.edf,0,0.9997761919463812
auto-,chb15,chb15_04.edf,0,0.9998250173244264
auto-,chb15,chb15_04.edf,0,0.9998054252190881
auto-,chb15,chb15_04.edf,0,0.9997539328562134
auto-,chb15,chb15_04.edf,0,0.9996464053122394
auto-,chb15,chb15_04.edf,0,0.9996998478119733
auto-,chb15,chb15_04.edf,0,0.9995338195507596
auto-,chb15,chb15_05.edf,0,0.9995354211661113
auto-,chb15,chb15_05.edf,0,0.9994343670396323
auto-,chb15,chb15_05.edf,0,0.9994539828905735
auto-,chb15,chb15_05.edf,0,0.9996733357076963
auto-,chb15,chb15_05.edf,0,0.9994107815994565
auto-,chb15,chb15_05.edf,0,0.999401374707023
auto-,chb15,chb15_05.edf,0,0.9995139157508922
auto-,chb15,chb15_05.edf,0,0.9995462842985682
auto-,chb15,chb15_05.edf,0,0.9993200569035506
auto-,chb15,chb15_05.edf,0,0.9992831720687054
auto-,chb15,chb15_05.edf,0,0.9994544412884259
auto-,chb15,chb15_05.edf,0,0.9997433221622074
auto-,chb15,chb15_05.edf,0,0.9992146736997787
auto-,chb15,chb15_05.edf,0,0.9991085658074579
auto-,chb15,chb15_05.edf,0,0.9996571662412301
auto-,chb15,chb15_05.edf,0,0.999690291035872
auto-,chb15,chb15_05.edf,0,0.9998051666073671
auto-,chb15,chb15_06.edf,0,0.999739580711321
auto-,chb15,chb15_06.edf,1,0.9998626373054856
auto-,chb15,chb15_06.edf,1,0.9998815430205678
auto-,chb15,chb15_06.edf,1,0.999818668910524
auto-,chb15,chb15_06.edf,1,0.9997965111544793
auto-,chb15,chb15_06.edf,1,0.9998087697556605
auto-,chb15,chb15_06.edf,1,0.9997160543891118
auto-,chb15,chb15_06.edf,1,0.9997299427626307
auto-,chb15,chb15_06.edf,1,0.9998315643559741
auto-,chb15,chb15_06.edf,1,0.9998389803883289
auto-,chb15,chb15_06.edf,1,0.9998304499846581
auto-,chb15,chb15_06.edf,1,0.9997772612596659
auto-,chb15,chb15_06.edf,1,0.9997764920127727
auto-,chb15,chb15_06.edf,1,0.9996361876458613
auto-,chb15,chb15_06.edf,0,0.9996058474798364
auto-,chb15,chb15_06.edf,0,0.9997376629933059
auto-,chb15,chb15_06.edf,0,0.9997339689719679
auto-,chb15,chb15_06.edf,0,0.9996920215702961
auto-,chb15,chb15_06.edf,0,0.9993200966363278
auto-,chb15,chb15_06.edf,0,0.9993973662972983
auto-,chb15,chb15_06.edf,0,0.9994404713021924
auto-,chb15,chb15_06.edf,0,0.9994815014511289
auto-,chb15,chb15_06.edf,0,0.9993593411378652
auto-,chb15,chb15_06.edf,0,0.9996420671641786
auto-,chb15,chb15_06.edf,0,0.9995981861128459
auto-,chb15,chb15_06.edf,0,0.9997368674251768
auto-,chb15,chb15_06.edf,0,0.9995110401773478
auto-,chb15,chb15_06.edf,0,0.999650635080113
auto-,chb15,chb15_06.edf,0,0.9995927491343058
auto-,chb15,chb15_06.edf,0,0.9998611685761302
auto-,chb15,chb15_06.edf,0,1.0005805194316288
auto-,chb15,chb15_07.edf,0,0.999730784851768
auto-,chb15,chb15_07.edf,0,0.9997887556684643
auto-,chb15,chb15_07.edf,0,0.9997972417394408
auto-,chb15,chb15_07.edf,0,0.9995604568437364
auto-,chb15,chb15_07.edf,0,0.999759850807868
auto-,chb15,chb15_07.edf,0,0.9997009395718113
auto-,chb15,chb15_07.edf,0,0.9995465433139392
auto-,chb15,chb15_07.edf,0,0.9997858857142606
auto-,chb15,chb15_07.edf,0,0.9997332792120449
auto-,chb15,chb15_07.edf,0,0.9996842054610756
auto-,chb15,chb15_07.edf,0,0.9996806383653251
auto-,chb15,chb15_07.edf,0,0.9996562380230498
auto-,chb15,chb15_07.edf,0,0.9997264830484741
auto-,chb15,chb15_07.edf,0,0.9997174782790073
auto-,chb15,chb15_07.edf,0,0.999670359290288
auto-,chb15,chb15_08.edf,0,0.9997733336637437
auto-,chb15,chb15_08.edf,0,0.999529320025332
auto-,chb15,chb15_08.edf,0,0.9995730224740632
auto-,chb15,chb15_08.edf,0,0.9996710767229464
auto-,chb15,chb15_08.edf,0,0.9994297648965283
auto-,chb15,chb15_08.edf,0,0.9994181626627895
auto-,chb15,chb15_08.edf,0,0.9994468373569414
auto-,chb15,chb15_08.edf,0,0.9992965865161842
auto-,chb15,chb15_08.edf,0,0.9994779728688045
auto-,chb15,chb15_08.edf,0,0.9998213761544442
auto-,chb15,chb15_08.edf,0,0.9997246920576863
auto-,chb15,chb15_08.edf,0,0.9996942527151813
auto-,chb15,chb15_08.edf,0,0.9996800244799133
auto-,chb15,chb15_08.edf,0,0.9997145401474334
auto-,chb15,chb15_08.edf,0,0.9994354526653928
auto-,chb15,chb15_08.edf,0,0.9997061288992877
auto-,chb15,chb15_08.edf,0,0.9998032723868937
auto-,chb15,chb15_09.edf,0,0.9997685815599929
auto-,chb15,chb15_09.edf,0,0.9998319719995625
auto-,chb15,chb15_09.edf,0,0.9997879166736792
auto-,chb15,chb15_09.edf,0,0.999704352032509
auto-,chb15,chb15_09.edf,0,0.9993314977864272
auto-,chb15,chb15_09.edf,0,0.9996216285651679
auto-,chb15,chb15_09.edf,0,0.9997788756136647
auto-,chb15,chb15_09.edf,0,0.9997560282865597
auto-,chb15,chb15_09.edf,0,0.9997299734170334
auto-,chb15,chb15_09.edf,0,0.9997638625554797
auto-,chb15,chb15_09.edf,0,0.9996925775538021
auto-,chb15,chb15_09.edf,0,0.9996871559009877
auto-,chb15,chb15_09.edf,0,0.9997765442861197
auto-,chb15,chb15_09.edf,0,0.9995186311841553
auto-,chb15,chb15_09.edf,0,0.9996114344919762
auto-,chb15,chb15_09.edf,0,0.9996420188582726
auto-,chb15,chb15_10.edf,0,0.9996669916870972
auto-,chb15,chb15_10.edf,0,0.999613831623413
auto-,chb15,chb15_10.edf,0,0.999800091290221
auto-,chb15,chb15_10.edf,0,0.9995807834859237
auto-,chb15,chb15_10.edf,0,0.999581352694661
auto-,chb15,chb15_10.edf,0,0.9997045545551541
auto-,chb15,chb15_10.edf,0,0.9997919561900065
auto-,chb15,chb15_10.edf,0,0.9997015335998076
auto-,chb15,chb15_10.edf,1,0.9998891122109635
auto-,chb15,chb15_10.edf,1,0.9998422104088089
auto-,chb15,chb15_10.edf,1,0.999691281890403
auto-,chb15,chb15_10.edf,1,0.9996946107087291
auto-,chb15,chb15_10.edf,0,0.9998991197336299
auto-,chb15,chb15_10.edf,0,0.9997836806892273
auto-,chb15,chb15_10.edf,0,0.9997285443443709
auto-,chb15,chb15_10.edf,0,0.9998748674665111
auto-,chb15,chb15_10.edf,0,0.9997607471727934
auto-,chb15,chb15_10.edf,0,0.9996923095160511
auto-,chb15,chb15_10.edf,0,0.9996475532712833
auto-,chb15,chb15_10.edf,0,0.9995591423282347
auto-,chb15,chb15_10.edf,0,0.9997354352768189
auto-,chb15,chb15_10.edf,0,0.9996827590538573
auto-,chb15,chb15_10.edf,0,0.9996063617821033
auto-,chb15,chb15_10.edf,0,0.9997312149883869
auto-,chb15,chb15_10.edf,0,0.999423729517269
auto-,chb15,chb15_10.edf,0,0.9992346425954065
auto-,chb15,chb15_11.edf,0,0.9994718895107456
auto-,chb15,chb15_11.edf,0,0.9996525079542329
auto-,chb15,chb15_11.edf,0,0.999268570420387
auto-,chb15,chb15_11.edf,0,0.9995368095073512
auto-,chb15,chb15_11.edf,0,0.9991681936870267
auto-,chb15,chb15_11.edf,0,0.9993868167499688
auto-,chb15,chb15_11.edf,0,0.9996628206600998
auto-,chb15,chb15_11.edf,0,0.9997080137037218
auto-,chb15,chb15_11.edf,0,0.9998022874353903
auto-,chb15,chb15_11.edf,0,0.9996302291862376
auto-,chb15,chb15_11.edf,0,0.9998768684455687
auto-,chb15,chb15_11.edf,0,0.9998171936761623
auto-,chb15,chb15_11.edf,0,0.9998337724784085
auto-,chb15,chb15_11.edf,0,0.9995515873925603
auto-,chb15,chb15_11.edf,0,0.999393246985282
auto-,chb15,chb15_11.edf,0,0.9997371671823291
auto-,chb15,chb15_11.edf,0,0.9993005506889338
auto-,chb15,chb15_11.edf,0,0.999601387798876
auto-,chb15,chb15_11.edf,0,0.9997902625726645
auto-,chb15,chb15_12.edf,0,0.9996348741369423
auto-,chb15,chb15_12.edf,0,0.999539991879901
auto-,chb15,chb15_12.edf,0,0.9997928433959636
auto-,chb15,chb15_12.edf,0,0.9997555413821744
auto-,chb15,chb15_12.edf,0,0.9996213440976004
auto-,chb15,chb15_12.edf,0,0.9995475884763906
auto-,chb15,chb15_12.edf,0,0.9997763038622668
auto-,chb15,chb15_12.edf,0,0.9995496393545
auto-,chb15,chb15_12.edf,0,0.9995610421692285
auto-,chb15,chb15_12.edf,0,0.999512319780583
auto-,chb15,chb15_12.edf,0,0.9996357201537437
auto-,chb15,chb15_12.edf,0,0.9997027312755009
auto-,chb15,chb15_12.edf,0,0.9997226053612412
auto-,chb15,chb15_12.edf,0,0.9995397849671938
auto-,chb15,chb15_12.edf,0,0.9996187030946562
auto-,chb15,chb15_12.edf,0,0.9996815940368287
auto-,chb15,chb15_12.edf,0,0.9993274223599281
auto-,chb15,chb15_12.edf,0,0.9992299025437632
auto-,chb15,chb15_12.edf,0,0.9993281322349529
auto-,chb15,chb15_13.edf,0,0.30008779230383514
auto-,chb15,chb15_13.edf,0,0.3080418379787307
auto-,chb15,chb15_13.edf,0,0.319428676746961
auto-,chb15,chb15_13.edf,0,0.34974952452702834
auto-,chb15,chb15_13.edf,0,0.3523481004799044
auto-,chb15,chb15_13.edf,0,0.37066824155580697
auto-,chb15,chb15_13.edf,0,0.3908388677771795
auto-,chb15,chb15_13.edf,0,0.31557148460514356
auto-,chb15,chb15_13.edf,0,0.3704405460823137
auto-,chb15,chb15_13.edf,0,0.31176672711348713
auto-,chb15,chb15_13.edf,0,0.3876445881145511
auto-,chb15,chb15_13.edf,0,0.31787193578228834
auto-,chb15,chb15_13.edf,0,0.35448231901354016
auto-,chb15,chb15_13.edf,0,0.35263352146176896
auto-,chb15,chb15_13.edf,0,0.3564304764444743
auto-,chb15,chb15_13.edf,0,0.29059311670348514
auto-,chb15,chb15_13.edf,0,0.3237812921282116
auto-,chb15,chb15_13.edf,0,0.39539461636609746
auto-,chb15,chb15_13.edf,0,0.30735988818105614
auto-,chb15,chb15_13.edf,0,0.28544172056783795
auto-,chb15,chb15_13.edf,0,0.29301500626307625
auto-,chb15,chb15_13.edf,0,0.3638235348999204
auto-,chb15,chb15_13.edf,0,0.39000913550932065
auto-,chb15,chb15_13.edf,0,0.2626971362969122
auto-,chb15,chb15_13.edf,0,0.3440644287109705
auto-,chb15,chb15_14.edf,0,0.9996682477464682
auto-,chb15,chb15_14.edf,0,0.9995223825249316
auto-,chb15,chb15_14.edf,0,0.9991071437495089
auto-,chb15,chb15_14.edf,0,0.999590845518159
auto-,chb15,chb15_14.edf,0,0.9997599867118827
auto-,chb15,chb15_14.edf,0,0.9996702392436585
auto-,chb15,chb15_14.edf,0,0.8804020904775878
auto-,chb15,chb15_14.edf,0,0.9990351266070172
auto-,chb15,chb15_14.edf,0,0.8121346491785756
auto-,chb15,chb15_14.edf,0,0.9993223408176575
auto-,chb15,chb15_14.edf,0,0.8493025686516105
auto-,chb15,chb15_14.edf,0,0.999205740263328
auto-,chb15,chb15_14.edf,0,0.9994094944665637
auto-,chb15,chb15_14.edf,0,0.7620620900371958
auto-,chb15,chb15_14.edf,0,0.8169094233891482
auto-,chb15,chb15_14.edf,0,0.9997767684003872
auto-,chb15,chb15_14.edf,0,0.7244175969154818
auto-,chb15,chb15_14.edf,0,0.9037870089364753
auto-,chb15,chb15_14.edf,0,0.9998267463335384
auto-,chb15,chb15_14.edf,0,0.999236535483376
auto-,chb15,chb15_14.edf,0,0.7863237117640435
auto-,chb15,chb15_14.edf,0,0.9997295934604147
auto-,chb15,chb15_14.edf,0,0.9997677249030031
auto-,chb15,chb15_14.edf,0,0.9996914159206151
auto-,chb15,chb15_15.edf,0,0.35581061093080213
auto-,chb15,chb15_15.edf,0,0.31975597305156095
auto-,chb15,chb15_15.edf,0,0.34400997953412665
auto-,chb15,chb15_15.edf,0,0.34858432920863136
auto-,chb15,chb15_15.edf,0,0.38203213668042285
auto-,chb15,chb15_15.edf,0,0.3494204229627298
auto-,chb15,chb15_15.edf,0,0.28070981286888014
auto-,chb15,chb15_15.edf,1,0.2532021749243
auto-,chb15,chb15_15.edf,1,0.33148084863360383
auto-,chb15,chb15_15.edf,1,0.32129045979976184
auto-,chb15,chb15_15.edf,1,0.2553387909359634
auto-,chb15,chb15_15.edf,1,0.28612231752646267
auto-,chb15,chb15_15.edf,1,0.2996941934892196
auto-,chb15,chb15_15.edf,1,0.2895256526117388
auto-,chb15,chb15_15.edf,1,0.3182068013444437
auto-,chb15,chb15_15.edf,1,0.24787939729477027
auto-,chb15,chb15_15.edf,1,0.2744612840620323
auto-,chb15,chb15_15.edf,1,0.29745777359182385
auto-,chb15,chb15_15.edf,1,0.3163139388540499
auto-,chb15,chb15_15.edf,1,0.3386273708361588
auto-,chb15,chb15_15.edf,1,0.3591037391963989
auto-,chb15,chb15_15.edf,1,0.3425611729959841
auto-,chb15,chb15_15.edf,1,0.3239872676994812
auto-,chb15,chb15_15.edf,0,0.39456699033490944
auto-,chb15,chb15_15.edf,0,0.37232975591282996
auto-,chb15,chb15_15.edf,0,0.3205457731576203
auto-,chb15,chb15_15.edf,0,0.36276337371679857
auto-,chb15,chb15_15.edf,0,0.21328648558108249
auto-,chb15,chb15_15.edf,0,0.30790551785885073
auto-,chb15,chb15_15.edf,0,0.20467955090632695
auto-,chb15,chb15_15.edf,0,0.14047165187051275
auto-,chb15,chb15_15.edf,0,0.21861420457653472
auto-,chb15,chb15_15.edf,0,0.3641212166101619
auto-,chb15,chb15_15.edf,0,0.15038530768948127
auto-,chb15,chb15_15.edf,0,0.17339034351616237
auto-,chb15,chb15_15.edf,0,0.31643500230906213
auto-,chb15,chb15_15.edf,0,0.11978845627162392
auto-,chb15,chb15_15.edf,0,0.2692936758451307
auto-,chb15,chb15_15.edf,0,0.30897390504882327
auto-,chb15,chb15_15.edf,0,0.3144812657509925
auto-,chb15,chb15_16.edf,0,0.6422696962562408
auto-,chb15,chb15_16.edf,0,0.3947490864608025
auto-,chb15,chb15_16.edf,0,0.7433577671002132
auto-,chb15,chb15_16.edf,0,0.6694959334318685
auto-,chb15,chb15_16.edf,0,0.5901071378740399
auto-,chb15,chb15_16.edf,0,0.6138720908411296
auto-,chb15,chb15_16.edf,0,0.6533061578736657
auto-,chb15,chb15_16.edf,0,0.6077549484418205
auto-,chb15,chb15_16.edf,0,0.8201282799001094
auto-,chb15,chb15_16.edf,0,0.7322376812006527
auto-,chb15,chb15_16.edf,0,0.5618813848512546
auto-,chb15,chb15_16.edf,0,0.6889857761366808
auto-,chb15,chb15_16.edf,0,0.7232049399915272
auto-,chb15,chb15_16.edf,0,0.6285175925952425
auto-,chb15,chb15_16.edf,0,0.8971107419430036
auto-,chb15,chb15_16.edf,0,0.8617906003141842
auto-,chb15,chb15_16.edf,0,0.869599705627895
auto-,chb15,chb15_16.edf,0,0.8940420766614221
auto-,chb15,chb15_16.edf,0,0.9326074323090434
auto-,chb15,chb15_16.edf,0,0.9301183693120855
auto-,chb15,chb15_16.edf,0,0.8528362483842081
auto-,chb15,chb15_16.edf,0,0.8767543350193384
auto-,chb15,chb15_16.edf,0,0.9804608554997112
auto-,chb15,chb15_16.edf,0,0.9104583130828974
auto-,chb15,chb15_17.edf,0,0.9996418395085519
auto-,chb15,chb15_17.edf,0,0.999791515013902
auto-,chb15,chb15_17.edf,0,0.9996869017092036
auto-,chb15,chb15_17.edf,0,0.9997611183893583
auto-,chb15,chb15_17.edf,0,0.9998050260580561
auto-,chb15,chb15_17.edf,0,0.9998395802711461
auto-,chb15,chb15_17.edf,0,0.9998127666946015
auto-,chb15,chb15_17.edf,0,0.9997882770122198
auto-,chb15,chb15_17.edf,0,0.9997513976491061
auto-,chb15,chb15_17.edf,0,0.9997407697765973
auto-,chb15,chb15_17.edf,0,0.9998982225753731
auto-,chb15,chb15_17.edf,0,0.9999091804265756
auto-,chb15,chb15_17.edf,0,0.9998418285737788
auto-,chb15,chb15_17.edf,0,0.9998404648660553
auto-,chb15,chb15_17.edf,1,0.9998819946604565
auto-,chb15,chb15_17.edf,1,0.9998890086864481
auto-,chb15,chb15_17.edf,1,0.9998679464066036
auto-,chb15,chb15_17.edf,1,0.9997633155867036
auto-,chb15,chb15_17.edf,0,0.9998617663274536
auto-,chb15,chb15_17.edf,0,0.9998521513248302
auto-,chb15,chb15_17.edf,0,0.9998183716976811
auto-,chb15,chb15_17.edf,0,0.999780470765388
auto-,chb15,chb15_17.edf,0,0.9997715517027305
auto-,chb15,chb15_17.edf,0,0.9998236184609669
auto-,chb15,chb15_17.edf,0,0.9998026217037512
auto-,chb15,chb15_17.edf,0,0.9998289868006648
auto-,chb15,chb15_17.edf,0,0.9998452011837559
auto-,chb15,chb15_19.edf,0,0.3650911162498895
auto-,chb15,chb15_19.edf,0,0.28875632769628407
auto-,chb15,chb15_19.edf,0,0.40102106345027394
auto-,chb15,chb15_19.edf,0,0.3034446193368654
auto-,chb15,chb15_19.edf,0,0.3057715604596342
auto-,chb15,chb15_19.edf,0,0.3312209874411756
auto-,chb15,chb15_19.edf,0,0.29859110323050847
auto-,chb15,chb15_19.edf,0,0.35435322101643396
auto-,chb15,chb15_19.edf,0,0.35960694470807303
auto-,chb15,chb15_19.edf,0,0.357121933292845
auto-,chb15,chb15_19.edf,0,0.34487373514324404
auto-,chb15,chb15_19.edf,0,0.3666120983448915
auto-,chb15,chb15_19.edf,0,0.36517116682360246
auto-,chb15,chb15_19.edf,0,0.29927362641228805
auto-,chb15,chb15_19.edf,0,0.29572722143300045
auto-,chb15,chb15_19.edf,0,0.35264579583072725
auto-,chb15,chb15_19.edf,0,0.29369903779376644
auto-,chb15,chb15_19.edf,0,0.3523775689940041
auto-,chb15,chb15_19.edf,0,0.3203886984311384
auto-,chb15,chb15_19.edf,0,0.32694061122728824
auto-,chb15,chb15_19.edf,0,0.3687646126435929
auto-,chb15,chb15_19.edf,0,0.3079991775125364
auto-,chb15,chb15_19.edf,0,0.34415633337089274
auto-,chb15,chb15_19.edf,0,0.32404225606721276
auto-,chb15,chb15_19.edf,0,0.2409419612541531
auto-,chb15,chb15_19.edf,0,0.15689974625737543
auto-,chb15,chb15_19.edf,0,0.37208107405146956
auto-,chb15,chb15_19.edf,0,0.1467295107032061
auto-,chb15,chb15_19.edf,0,0.19467224182382895
auto-,chb15,chb15_19.edf,0,0.4075705661092096
auto-,chb15,chb15_19.edf,0,0.18846866574213578
auto-,chb15,chb15_20.edf,0,0.1498979748743216
auto-,chb15,chb15_20.edf,0,0.1722247124519892
auto-,chb15,chb15_20.edf,0,0.35673135146776314
auto-,chb15,chb15_20.edf,0,0.39698284592089184
auto-,chb15,chb15_20.edf,0,0.15924373165533104
auto-,chb15,chb15_20.edf,0,0.26758190519579866
auto-,chb15,chb15_20.edf,0,0.40680439323878975
auto-,chb15,chb15_20.edf,1,0.35221306168681954
auto-,chb15,chb15_20.edf,1,0.37864765106374015
auto-,chb15,chb15_20.edf,1,0.30358775738501664
auto-,chb15,chb15_20.edf,1,0.34094886009959036
auto-,chb15,chb15_20.edf,1,0.15008090425911053
auto-,chb15,chb15_20.edf,1,0.1564007436861544
auto-,chb15,chb15_20.edf,1,0.4057729647862058
auto-,chb15,chb15_20.edf,0,0.29130768928278855
auto-,chb15,chb15_20.edf,0,0.35691588640415556
auto-,chb15,chb15_20.edf,0,0.27057995864566253
auto-,chb15,chb15_20.edf,0,0.2864867002271526
auto-,chb15,chb15_20.edf,0,0.3799560609558333
auto-,chb15,chb15_20.edf,0,0.34142202149212453
auto-,chb15,chb15_20.edf,0,0.31228534639758804
auto-,chb15,chb15_20.edf,0,0.31547642317639757
auto-,chb15,chb15_20.edf,0,0.4255245206646485
auto-,chb15,chb15_20.edf,0,0.3788381155180718
auto-,chb15,chb15_20.edf,0,0.3610723871388695
auto-,chb15,chb15_20.edf,0,0.3775932006919397
auto-,chb15,chb15_20.edf,0,0.3810937164269446
auto-,chb15,chb15_20.edf,0,0.2517435840851654
auto-,chb15,chb15_20.edf,0,0.2670807694828634
auto-,chb15,chb15_20.edf,0,0.3509228495716195
auto-,chb15,chb15_20.edf,0,0.39412008980709534
auto-,chb15,chb15_20.edf,0,0.3996619572640661
auto-,chb15,chb15_20.edf,0,0.3303828544081028
auto-,chb15,chb15_20.edf,0,0.38825890361350857
auto-,chb15,chb15_20.edf,0,0.28912624193774633
auto-,chb15,chb15_20.edf,0,0.34557673405293504
auto-,chb15,chb15_20.edf,0,0.2811243168513405
auto-,chb15,chb15_20.edf,0,0.3688443978127691
auto-,chb15,chb15_20.edf,0,0.3305136227838106
auto-,chb15,chb15_22.edf,0,0.9990785941777885
auto-,chb15,chb15_22.edf,0,0.9994784025727179
auto-,chb15,chb15_22.edf,0,0.9994180931759873
auto-,chb15,chb15_22.edf,0,0.9995804220564011
auto-,chb15,chb15_22.edf,1,0.9995492560108119
auto-,chb15,chb15_22.edf,1,0.9996256379529016
auto-,chb15,chb15_22.edf,1,0.9997071179322179
auto-,chb15,chb15_22.edf,1,0.9997946711480719
auto-,chb15,chb15_22.edf,1,0.9995796907422887
auto-,chb15,chb15_22.edf,1,0.9992104910807734
auto-,chb15,chb15_22.edf,1,0.9991983991253749
auto-,chb15,chb15_22.edf,1,0.9992332451967141
auto-,chb15,chb15_22.edf,1,0.9996565927306029
auto-,chb15,chb15_22.edf,1,0.9997713768483991
auto-,chb15,chb15_22.edf,1,0.9998131882783797
auto-,chb15,chb15_22.edf,1,0.9993983889572486
auto-,chb15,chb15_22.edf,1,0.9992773022836683
auto-,chb15,chb15_22.edf,1,0.9993198558089157
auto-,chb15,chb15_22.edf,1,0.9992147447327827
auto-,chb15,chb15_22.edf,1,0.9993849350291683
auto-,chb15,chb15_22.edf,1,0.9996275336812911
auto-,chb15,chb15_22.edf,1,0.9995630955632959
auto-,chb15,chb15_22.edf,1,0.9997805340740871
auto-,chb15,chb15_22.edf,1,0.9996598409182661
auto-,chb15,chb15_22.edf,1,0.9995603567541854
auto-,chb15,chb15_22.edf,0,0.9992848108445439
auto-,chb15,chb15_22.edf,0,0.9995840712266827
auto-,chb15,chb15_22.edf,0,0.9993906438780318
auto-,chb15,chb15_22.edf,0,0.9995676245116072
auto-,chb15,chb15_22.edf,0,0.9995343191075383
auto-,chb15,chb15_22.edf,0,0.9994944603131233
auto-,chb15,chb15_22.edf,0,0.9996211000659911
auto-,chb15,chb15_22.edf,0,0.9998163048820199
auto-,chb15,chb15_22.edf,0,0.9996698518913765
auto-,chb15,chb15_22.edf,0,0.9991949013690067
auto-,chb15,chb15_22.edf,0,0.9989887790012711
auto-,chb15,chb15_22.edf,0,0.9991440162054684
auto-,chb15,chb15_22.edf,0,0.9993639736454881
auto-,chb15,chb15_22.edf,0,0.9995914559889916
auto-,chb15,chb15_26.edf,0,0.3407120033400854
auto-,chb15,chb15_26.edf,0,0.42523761030232843
auto-,chb15,chb15_26.edf,0,0.40009331568542095
auto-,chb15,chb15_26.edf,0,0.42393646471122004
auto-,chb15,chb15_26.edf,0,0.44241470020882323
auto-,chb15,chb15_26.edf,0,0.36850160378001867
auto-,chb15,chb15_26.edf,0,0.3833109693729539
auto-,chb15,chb15_26.edf,0,0.3870909537143832
auto-,chb15,chb15_26.edf,0,0.4848018044570247
auto-,chb15,chb15_26.edf,0,0.37195738387669003
auto-,chb15,chb15_26.edf,0,0.3127183402010788
auto-,chb15,chb15_26.edf,0,0.3427621209516076
auto-,chb15,chb15_26.edf,0,0.40599811848131495
auto-,chb15,chb15_26.edf,0,0.3539454503326592
auto-,chb15,chb15_28.edf,0,0.5114926770932365
auto-,chb15,chb15_28.edf,0,0.7572375007916918
auto-,chb15,chb15_28.edf,0,0.5209363455065188
auto-,chb15,chb15_28.edf,0,0.5124850096182401
auto-,chb15,chb15_28.edf,0,0.4602581379860337
auto-,chb15,chb15_28.edf,0,0.5441801598096949
auto-,chb15,chb15_28.edf,0,0.4593794258328896
auto-,chb15,chb15_28.edf,0,0.581343244527622
auto-,chb15,chb15_28.edf,1,0.49714418583916015
auto-,chb15,chb15_28.edf,1,0.5771516107323963
auto-,chb15,chb15_28.edf,1,0.5863177833453664
auto-,chb15,chb15_28.edf,1,0.4648139223484155
auto-,chb15,chb15_28.edf,1,0.444758131122043
auto-,chb15,chb15_28.edf,1,0.42173709233998874
auto-,chb15,chb15_28.edf,1,0.5156664181766536
auto-,chb15,chb15_28.edf,1,0.4939598864547555
auto-,chb15,chb15_28.edf,1,0.5069164974291832
auto-,chb15,chb15_28.edf,1,0.5647469535828752
auto-,chb15,chb15_28.edf,1,0.5845518171163134
auto-,chb15,chb15_28.edf,1,0.5761557549332762
auto-,chb15,chb15_28.edf,1,0.5582304083434428
auto-,chb15,chb15_28.edf,1,0.6308210204566606
auto-,chb15,chb15_28.edf,1,0.5580231540175375
auto-,chb15,chb15_28.edf,1,0.6158275817421169
auto-,chb15,chb15_28.edf,1,0.4840527185276854
auto-,chb15,chb15_28.edf,1,0.5059518036735892
auto-,chb15,chb15_28.edf,1,0.577661672648739
auto-,chb15,chb15_28.edf,1,0.4652886027030128
auto-,chb15,chb15_28.edf,0,0.7752238887022119
auto-,chb15,chb15_28.edf,0,0.8381809283992124
auto-,chb15,chb15_28.edf,0,0.7751768844400492
auto-,chb15,chb15_28.edf,0,0.7606440882988293
auto-,chb15,chb15_28.edf,0,0.7209655002524802
auto-,chb15,chb15_28.edf,0,0.8089858217964179
auto-,chb15,chb15_28.edf,0,0.7999234632216659
auto-,chb15,chb15_28.edf,0,0.7517599217541998
auto-,chb15,chb15_28.edf,0,0.7305153297090531
auto-,chb15,chb15_29.edf,0,0.9994680092054901
auto-,chb15,chb15_29.edf,0,0.9995538014601497
auto-,chb15,chb15_29.edf,0,0.9994953458363786
auto-,chb15,chb15_29.edf,0,0.9996076950798836
auto-,chb15,chb15_29.edf,0,0.999475278503616
auto-,chb15,chb15_29.edf,0,0.9994058502746423
auto-,chb15,chb15_29.edf,0,0.9993992680773293
auto-,chb15,chb15_29.edf,0,0.999455650558624
auto-,chb15,chb15_29.edf,0,0.9994027970266186
auto-,chb15,chb15_29.edf,0,0.9993045292194516
auto-,chb15,chb15_29.edf,0,0.9993674790296269
auto-,chb15,chb15_29.edf,0,0.9994932364508983
auto-,chb15,chb15_29.edf,0,0.9992453843313991
auto-,chb15,chb15_29.edf,0,0.9993117971223472
auto-,chb15,chb15_29.edf,0,0.9992617272437307
auto-,chb15,chb15_29.edf,0,0.9994356721179253
auto-,chb15,chb15_29.edf,0,0.9997268108105236
auto-,chb15,chb15_29.edf,0,0.9996361995361427
auto-,chb15,chb15_29.edf,0,0.9997631153742391
auto-,chb15,chb15_29.edf,0,0.999745040479884
auto-,chb15,chb15_29.edf,0,0.9996755090234973
auto-,chb15,chb15_29.edf,0,0.9997731062156846
auto-,chb15,chb15_29.edf,0,0.9997549524973179
auto-,chb15,chb15_30.edf,0,0.9998018254598052
auto-,chb15,chb15_30.edf,0,0.9996996376169255
auto-,chb15,chb15_30.edf,0,0.9996802971706807
auto-,chb15,chb15_30.edf,0,0.9997272546465911
auto-,chb15,chb15_30.edf,0,0.9993533240887423
auto-,chb15,chb15_30.edf,0,0.9996453718875952
auto-,chb15,chb15_30.edf,0,0.9992141372986518
auto-,chb15,chb15_30.edf,0,0.9994765755806818
auto-,chb15,chb15_30.edf,0,0.9993868284906573
auto-,chb15,chb15_30.edf,0,0.9994767798382699
auto-,chb15,chb15_30.edf,0,0.9994378196988613
auto-,chb15,chb15_30.edf,0,0.9993889279984569
auto-,chb15,chb15_30.edf,0,0.9995024968542736
auto-,chb15,chb15_30.edf,0,0.9992444659485419
auto-,chb15,chb15_30.edf,0,0.9993585200030544
auto-,chb15,chb15_30.edf,0,0.9995618279722908
auto-,chb15,chb15_30.edf,0,0.999345324743899
auto-,chb15,chb15_30.edf,0,0.9991783028394844
auto-,chb15,chb15_30.edf,0,0.9991516888967713
auto-,chb15,chb15_30.edf,0,0.999197755253579
auto-,chb15,chb15_30.edf,0,0.9993003740084321
auto-,chb15,chb15_30.edf,0,0.9986291437256645
auto-,chb15,chb15_30.edf,0,0.9995753827929801
auto-,chb15,chb15_30.edf,0,0.9991488083366613
auto-,chb15,chb15_30.edf,0,0.9993951386577814
auto-,chb15,chb15_30.edf,0,0.9996951642230825
auto-,chb15,chb15_31.edf,0,0.9996775896526002
auto-,chb15,chb15_31.edf,0,0.9996477357098706
auto-,chb15,chb15_31.edf,0,0.9997288270134307
auto-,chb15,chb15_31.edf,0,0.9997405043909802
auto-,chb15,chb15_31.edf,0,0.9997523069237136
auto-,chb15,chb15_31.edf,0,0.9994670857668357
auto-,chb15,chb15_31.edf,0,0.9986225450156178
auto-,chb15,chb15_31.edf,0,0.9997265986994616
auto-,chb15,chb15_31.edf,0,0.9995010846869857
auto-,chb15,chb15_31.edf,0,0.9992376959484023
auto-,chb15,chb15_31.edf,0,0.9997157533183603
auto-,chb15,chb15_31.edf,0,0.9996958243456682
auto-,chb15,chb15_31.edf,0,0.9996273801293963
auto-,chb15,chb15_31.edf,1,0.9997175367815926
auto-,chb15,chb15_31.edf,1,0.9997859655391366
auto-,chb15,chb15_31.edf,1,0.9998340918940769
auto-,chb15,chb15_31.edf,1,0.9998706053790064
auto-,chb15,chb15_31.edf,1,0.9998705587359841
auto-,chb15,chb15_31.edf,1,0.9998690926589325
auto-,chb15,chb15_31.edf,1,0.9999033890849109
auto-,chb15,chb15_31.edf,1,0.9998757793356783
auto-,chb15,chb15_31.edf,1,0.9998576265791417
auto-,chb15,chb15_31.edf,1,0.9997919687290674
auto-,chb15,chb15_31.edf,1,0.9997482856779005
auto-,chb15,chb15_31.edf,1,0.9997242445961202
auto-,chb15,chb15_31.edf,1,0.9996254889727288
auto-,chb15,chb15_31.edf,0,0.9996572346206681
auto-,chb15,chb15_31.edf,0,0.9997278990255472
auto-,chb15,chb15_31.edf,0,0.9996977454972097
auto-,chb15,chb15_31.edf,0,0.9997244714841663
auto-,chb15,chb15_31.edf,0,0.9996931196141404
auto-,chb15,chb15_31.edf,0,0.9997931488826072
auto-,chb15,chb15_31.edf,0,0.9998478095581066
auto-,chb15,chb15_31.edf,0,0.9997237172263584
auto-,chb15,chb15_31.edf,0,0.9996957988684594
auto-,chb15,chb15_31.edf,0,0.9997491859537675
auto-,chb15,chb15_32.edf,0,0.9995935528679868
auto-,chb15,chb15_32.edf,0,0.9996967848338422
auto-,chb15,chb15_32.edf,0,0.9993034259711344
auto-,chb15,chb15_32.edf,0,0.9993735544206817
auto-,chb15,chb15_32.edf,0,0.9996176823124405
auto-,chb15,chb15_32.edf,0,0.999440708925166
auto-,chb15,chb15_32.edf,0,0.999363762277668
auto-,chb15,chb15_32.edf,0,0.9994368520051815
auto-,chb15,chb15_32.edf,0,0.999449110366152
auto-,chb15,chb15_32.edf,0,0.9996379419619839
auto-,chb15,chb15_32.edf,0,0.9995933048424067
auto-,chb15,chb15_32.edf,0,0.9996593749561871
auto-,chb15,chb15_32.edf,0,0.9996514892330821
auto-,chb15,chb15_32.edf,0,0.999572409713485
auto-,chb15,chb15_32.edf,0,0.9996511180490731
auto-,chb15,chb15_32.edf,0,0.999725900209114
auto-,chb15,chb15_32.edf,0,0.9996572073977507
auto-,chb15,chb15_32.edf,0,0.9997014399194418
auto-,chb15,chb15_32.edf,0,0.999770712454635
auto-,chb15,chb15_32.edf,0,0.9996497662907968
auto-,chb15,chb15_32.edf,0,0.9996688800552117
auto-,chb15,chb15_32.edf,0,0.9995304873856721
auto-,chb15,chb15_32.edf,0,0.9996840231355353
auto-,chb15,chb15_32.edf,0,0.9997124149261444
auto-,chb15,chb15_32.edf,0,0.9997915461271373
auto-,chb15,chb15_33.edf,0,0.9919796468220214
auto-,chb15,chb15_33.edf,0,0.9997734786857458
auto-,chb15,chb15_33.edf,0,0.9997641924477664
auto-,chb15,chb15_33.edf,0,0.999707415094006
auto-,chb15,chb15_33.edf,0,0.9996687587755452
auto-,chb15,chb15_33.edf,0,0.999542395798045
auto-,chb15,chb15_33.edf,0,0.9997663145139567
auto-,chb15,chb15_33.edf,0,0.9996687537875043
auto-,chb15,chb15_33.edf,0,0.999600049736911
auto-,chb15,chb15_33.edf,0,0.99970139048581
auto-,chb15,chb15_33.edf,0,0.9994297899687766
auto-,chb15,chb15_33.edf,0,0.9996392739758775
auto-,chb15,chb15_33.edf,0,0.9992157957904634
auto-,chb15,chb15_33.edf,0,0.999390526396459
auto-,chb15,chb15_33.edf,0,0.9995252149085991
auto-,chb15,chb15_33.edf,0,0.999557133988703
auto-,chb15,chb15_33.edf,0,0.9994746545478882
auto-,chb15,chb15_33.edf,0,0.9994340815823981
auto-,chb15,chb15_33.edf,0,0.9993445106465324
auto-,chb15,chb15_33.edf,0,0.9991875324641869
auto-,chb15,chb15_33.edf,0,0.9994505458849445
auto-,chb15,chb15_33.edf,0,0.9994001291691045
auto-,chb15,chb15_33.edf,0,0.99947434081609
auto-,chb15,chb15_33.edf,0,0.9997070272304771
auto-,chb15,chb15_33.edf,0,0.9997086720721996
auto-,chb15,chb15_35.edf,0,0.9986882727492964
auto-,chb15,chb15_35.edf,0,0.9995722913914475
auto-,chb15,chb15_35.edf,0,0.999619410767638
auto-,chb15,chb15_35.edf,0,0.9993862165594583
auto-,chb15,chb15_35.edf,0,0.9992854880595091
auto-,chb15,chb15_35.edf,0,0.9995284251610886
auto-,chb15,chb15_35.edf,0,0.9995964320348952
auto-,chb15,chb15_35.edf,0,0.9998309223889931
auto-,chb15,chb15_35.edf,0,0.9997432399006866
auto-,chb15,chb15_35.edf,0,0.9997859187471171
auto-,chb15,chb15_35.edf,0,0.9996538902905228
auto-,chb15,chb15_35.edf,0,0.9995663826206326
auto-,chb15,chb15_35.edf,0,0.9998138494562702
auto-,chb15,chb15_35.edf,0,0.9995545927842997
auto-,chb15,chb15_35.edf,0,0.9996955868041822
auto-,chb15,chb15_35.edf,0,0.9995760877850663
auto-,chb15,chb15_35.edf,0,0.9997179589276596
auto-,chb15,chb15_35.edf,0,0.9995463581434937
auto-,chb15,chb15_35.edf,0,0.9993500086882902
auto-,chb15,chb15_35.edf,0,0.9997137277256773
auto-,chb15,chb15_35.edf,0,0.9997218694776219
auto-,chb15,chb15_35.edf,0,1.0002956961439227
auto-,chb15,chb15_37.edf,0,0.9988143424444162
auto-,chb15,chb15_37.edf,0,0.9996927575515387
auto-,chb15,chb15_37.edf,0,0.9997814843100392
auto-,chb15,chb15_37.edf,0,0.999684162274734
auto-,chb15,chb15_37.edf,0,0.9997881518087273
auto-,chb15,chb15_37.edf,0,0.9997730079790417
auto-,chb15,chb15_37.edf,0,0.9995742101349626
auto-,chb15,chb15_37.edf,0,0.9996491566917247
auto-,chb15,chb15_37.edf,0,0.9997278842288285
auto-,chb15,chb15_37.edf,0,0.9997542156522827
auto-,chb15,chb15_37.edf,0,0.9996571019543442
auto-,chb15,chb15_37.edf,0,0.9995043493516084
auto-,chb15,chb15_37.edf,0,0.9996046240821423
auto-,chb15,chb15_37.edf,0,0.9996660031535699
auto-,chb15,chb15_37.edf,0,0.9996899323797461
auto-,chb15,chb15_37.edf,0,0.9996914367008491
auto-,chb15,chb15_37.edf,0,0.999738436934687
auto-,chb15,chb15_37.edf,0,0.9997774094907259
auto-,chb15,chb15_37.edf,0,0.9997464309724763
auto-,chb15,chb15_37.edf,0,0.9997728438245718
auto-,chb15,chb15_37.edf,0,0.9997960535293299
auto-,chb15,chb15_37.edf,0,0.9997594189719802
auto-,chb15,chb15_37.edf,0,0.99968014597691
auto-,chb15,chb15_37.edf,0,0.999589839515592
auto-,chb15,chb15_37.edf,0,0.999559609413923
auto-,chb15,chb15_37.edf,0,0.9995951916112611
auto-,chb15,chb15_40.edf,0,0.43325386988596537
auto-,chb15,chb15_40.edf,0,0.3716148007852183
auto-,chb15,chb15_40.edf,0,0.43585874042611517
auto-,chb15,chb15_40.edf,0,0.4197136560892732
auto-,chb15,chb15_40.edf,0,0.47753629280818666
auto-,chb15,chb15_40.edf,0,0.3827571007015865
auto-,chb15,chb15_40.edf,0,0.3633243654018368
auto-,chb15,chb15_40.edf,1,0.39656803798630913
auto-,chb15,chb15_40.edf,1,0.48324453009287116
auto-,chb15,chb15_40.edf,1,0.4828245785204535
auto-,chb15,chb15_40.edf,1,0.4269275752982883
auto-,chb15,chb15_40.edf,1,0.40221425149064105
auto-,chb15,chb15_40.edf,1,0.4038909890292643
auto-,chb15,chb15_40.edf,1,0.42341288365191243
auto-,chb15,chb15_40.edf,0,0.3947999891096619
auto-,chb15,chb15_40.edf,0,0.33574276903745354
auto-,chb15,chb15_40.edf,0,0.40846936846896686
auto-,chb15,chb15_40.edf,0,0.4407651590122071
auto-,chb15,chb15_40.edf,0,0.48208370769344283
auto-,chb15,chb15_40.edf,0,0.4383669026601186
auto-,chb15,chb15_40.edf,0,0.38670658953870746
auto-,chb15,chb15_40.edf,0,0.45887002804680976
auto-,chb15,chb15_40.edf,1,0.42002094317892996
auto-,chb15,chb15_40.edf,1,0.438259203408763
auto-,chb15,chb15_40.edf,1,0.44901606461799276
auto-,chb15,chb15_40.edf,1,0.40001133242104187
auto-,chb15,chb15_40.edf,1,0.4585062750230482
auto-,chb15,chb15_40.edf,1,0.41820418190638725
auto-,chb15,chb15_40.edf,1,0.387171700875266
auto-,chb15,chb15_40.edf,1,0.38989957621061394
auto-,chb15,chb15_40.edf,1,0.40568586397733514
auto-,chb15,chb15_40.edf,1,0.4031886651335496
auto-,chb15,chb15_40.edf,1,0.37804276952211385
auto-,chb15,chb15_40.edf,1,0.3593185570899381
auto-,chb15,chb15_40.edf,1,0.42942294769321104
auto-,chb15,chb15_40.edf,0,0.45782253725734595
auto-,chb15,chb15_40.edf,0,0.45422090159986755
auto-,chb15,chb15_40.edf,0,0.4196687746167226
auto-,chb15,chb15_40.edf,0,0.36396136179827393
auto-,chb15,chb15_40.edf,0,0.2523866466447922
auto-,chb15,chb15_40.edf,0,0.3543427606219275
auto-,chb15,chb15_40.edf,1,0.43168019551129394
auto-,chb15,chb15_40.edf,1,0.44858670090567193
auto-,chb15,chb15_40.edf,1,0.43303650254355036
auto-,chb15,chb15_40.edf,1,0.40192602453453596
auto-,chb15,chb15_40.edf,1,0.38898249638668764
auto-,chb15,chb15_40.edf,1,0.35239054243148155
auto-,chb15,chb15_40.edf,1,0.3903562463281896
auto-,chb15,chb15_45.edf,0,0.9996359060133442
auto-,chb15,chb15_45.edf,0,0.9998222899168103
auto-,chb15,chb15_45.edf,0,0.9996152147229842
auto-,chb15,chb15_45.edf,0,0.9992262694024359
auto-,chb15,chb15_45.edf,0,0.9997223628553319
auto-,chb15,chb15_45.edf,0,0.9994803737049477
auto-,chb15,chb15_45.edf,0,0.9985734010750584
auto-,chb15,chb15_45.edf,0,0.9995879244787321
auto-,chb15,chb15_45.edf,0,0.9997141553326969
auto-,chb15,chb15_45.edf,0,0.9996723021421884
auto-,chb15,chb15_45.edf,0,0.9995425629701463
auto-,chb15,chb15_45.edf,0,0.9989440845713815
auto-,chb15,chb15_45.edf,0,0.9997450103137067
auto-,chb15,chb15_45.edf,0,0.9994704582477787
auto-,chb15,chb15_45.edf,0,0.9990921416316217
auto-,chb15,chb15_45.edf,0,0.9993606643829289
auto-,chb15,chb15_45.edf,0,0.9998240394925844
auto-,chb15,chb15_45.edf,0,0.9991749174951383
auto-,chb15,chb15_45.edf,0,0.9993745806031498
auto-,chb15,chb15_45.edf,0,0.9995357570138352
auto-,chb15,chb15_46.edf,0,0.9997811360935686
auto-,chb15,chb15_46.edf,0,0.99940009624923
auto-,chb15,chb15_46.edf,0,0.999255026683084
auto-,chb15,chb15_46.edf,0,0.9993671012253288
auto-,chb15,chb15_46.edf,0,0.9997114631723913
auto-,chb15,chb15_46.edf,0,0.9996316971655909
auto-,chb15,chb15_46.edf,0,0.9991840857990426
auto-,chb15,chb15_46.edf,0,0.999338527009049
auto-,chb15,chb15_46.edf,0,0.9992159271045749
auto-,chb15,chb15_46.edf,0,0.9997389245731197
auto-,chb15,chb15_46.edf,0,0.9994832091510213
auto-,chb15,chb15_46.edf,0,0.9994389028439103
auto-,chb15,chb15_46.edf,0,0.9994148175328179
auto-,chb15,chb15_46.edf,0,0.9998748953841415
auto-,chb15,chb15_46.edf,0,0.9993715987184497
auto-,chb15,chb15_46.edf,0,0.9997898028087318
auto-,chb15,chb15_46.edf,0,0.999551592630181
auto-,chb15,chb15_46.edf,0,0.9996822581033977
auto-,chb15,chb15_46.edf,0,0.9992858661712444
auto-,chb15,chb15_46.edf,0,0.9994699361677394
auto-,chb15,chb15_46.edf,0,0.9993225570649829
auto-,chb15,chb15_46.edf,0,0.9995604447479559
auto-,chb15,chb15_46.edf,0,0.9993371515057258
auto-,chb15,chb15_46.edf,0,0.9994262105794874
auto-,chb15,chb15_46.edf,1,0.9994503664442356
auto-,chb15,chb15_46.edf,1,0.9995368752300068
auto-,chb15,chb15_46.edf,1,0.9995186220458844
auto-,chb15,chb15_46.edf,1,0.999300889287695
auto-,chb15,chb15_46.edf,1,0.9996085437723286
auto-,chb15,chb15_46.edf,1,0.9996753872512331
auto-,chb15,chb15_46.edf,1,0.9999055830666911
auto-,chb15,chb15_46.edf,1,0.99983210048071
auto-,chb15,chb15_46.edf,1,0.9996953417094395
auto-,chb15,chb15_46.edf,1,0.9995334521795736
auto-,chb15,chb15_46.edf,1,0.9994373296084577
auto-,chb15,chb15_46.edf,0,0.9988809034691613
auto-,chb15,chb15_49.edf,0,0.9996049524632861
auto-,chb15,chb15_49.edf,0,0.999883203098063
auto-,chb15,chb15_49.edf,0,0.9994351966980988
auto-,chb15,chb15_49.edf,0,0.9995652751119484
auto-,chb15,chb15_49.edf,1,0.9992650219188971
auto-,chb15,chb15_49.edf,1,0.9998178916705805
auto-,chb15,chb15_49.edf,1,0.9998834096530504
auto-,chb15,chb15_49.edf,1,0.9994494837977875
auto-,chb15,chb15_49.edf,1,0.9995734964464122
auto-,chb15,chb15_49.edf,1,0.9995188765467338
auto-,chb15,chb15_49.edf,1,0.9997884333496583
auto-,chb15,chb15_49.edf,1,0.9997771937471965
auto-,chb15,chb15_49.edf,1,0.9997407528291173
auto-,chb15,chb15_49.edf,1,0.9995851022279217
auto-,chb15,chb15_49.edf,1,0.9994800054134468
auto-,chb15,chb15_49.edf,1,0.999536927195445
auto-,chb15,chb15_49.edf,1,0.9993914255181565
auto-,chb15,chb15_49.edf,1,0.9994530004663295
auto-,chb15,chb15_49.edf,1,0.999016777306897
auto-,chb15,chb15_49.edf,0,0.9991961868478058
auto-,chb15,chb15_49.edf,0,0.9996581700171423
auto-,chb15,chb15_49.edf,0,0.9995210858156864
auto-,chb15,chb15_49.edf,0,0.9997326389687253
auto-,chb15,chb15_49.edf,0,0.9993275510357427
auto-,chb15,chb15_49.edf,0,0.9995488731767295
auto-,chb15,chb15_49.edf,0,0.999007728749414
auto-,chb15,chb15_49.edf,0,0.9992833075777776
auto-,chb15,chb15_49.edf,0,0.999645381597302
auto-,chb15,chb15_49.edf,0,0.9994089159378675
auto-,chb15,chb15_49.edf,0,0.9994517685710853
auto-,chb15,chb15_49.edf,0,0.9995571484275152
auto-,chb15,chb15_49.edf,0,0.9996819393025544
auto-,chb15,chb15_49.edf,0,0.9986722189608163
auto-,chb15,chb15_49.edf,0,0.9993805276824568
auto-,chb15,chb15_49.edf,0,1.0004860050176771
auto-,chb15,chb15_50.edf,0,0.9988051125268939
auto-,chb15,chb15_50.edf,0,0.9989029014662543
auto-,chb15,chb15_50.edf,0,0.9994517607386119
auto-,chb15,chb15_50.edf,0,0.9994470028185672
auto-,chb15,chb15_50.edf,0,0.9991456889381922
auto-,chb15,chb15_50.edf,0,0.9997892514346082
auto-,chb15,chb15_50.edf,0,0.9998641311061999
auto-,chb15,chb15_50.edf,0,0.9997686805634067
auto-,chb15,chb15_50.edf,0,0.9993526666835976
auto-,chb15,chb15_50.edf,0,0.9996564425116454
auto-,chb15,chb15_50.edf,0,0.999821066329673
auto-,chb15,chb15_50.edf,0,0.9998216824827255
auto-,chb15,chb15_50.edf,0,0.9997136107919171
auto-,chb15,chb15_50.edf,0,0.999579912201014
auto-,chb15,chb15_50.edf,0,0.9991690226485851
auto-,chb15,chb15_51.edf,0,0.9908888218711991
auto-,chb15,chb15_51.edf,0,0.9998627035078467
auto-,chb15,chb15_51.edf,0,0.9996168257976247
auto-,chb15,chb15_51.edf,0,0.9998578337851401
auto-,chb15,chb15_51.edf,0,0.9997743589593785
auto-,chb15,chb15_51.edf,0,0.9998035607926348
auto-,chb15,chb15_51.edf,0,0.9998267647093486
auto-,chb15,chb15_51.edf,0,0.9996520386932723
auto-,chb15,chb15_51.edf,0,0.9998482155827113
auto-,chb15,chb15_51.edf,0,0.9998769753665441
auto-,chb15,chb15_51.edf,0,0.9998276383709991
auto-,chb15,chb15_51.edf,0,0.9997188742706555
auto-,chb15,chb15_51.edf,0,0.999798798678643
auto-,chb15,chb15_51.edf,0,0.9992780921330254
auto-,chb15,chb15_51.edf,0,0.9996543325849634
auto-,chb15,chb15_51.edf,0,0.9997247323034807
auto-,chb15,chb15_51.edf,0,0.9998346986226089
auto-,chb15,chb15_51.edf,0,0.9998194148221102
auto-,chb15,chb15_51.edf,0,0.9997198784246168
auto-,chb15,chb15_51.edf,0,0.9998587619500441
auto-,chb15,chb15_51.edf,0,0.9998635154323718
auto-,chb15,chb15_51.edf,0,0.9998628750228179
auto-,chb15,chb15_51.edf,0,0.9997805143764134
auto-,chb15,chb15_51.edf,0,0.9990868039179759
auto-,chb15,chb15_52.edf,0,0.6614195558350057
auto-,chb15,chb15_52.edf,0,0.5482299853226451
auto-,chb15,chb15_52.edf,0,0.44955248738850484
auto-,chb15,chb15_52.edf,1,0.5827988765800319
auto-,chb15,chb15_52.edf,1,0.5149816494530335
auto-,chb15,chb15_52.edf,1,0.5839774055908407
auto-,chb15,chb15_52.edf,1,0.5656733673773975
auto-,chb15,chb15_52.edf,1,0.5455723482397633
auto-,chb15,chb15_52.edf,1,0.530392256369533
auto-,chb15,chb15_52.edf,1,0.4967915106187586
auto-,chb15,chb15_52.edf,1,0.6059923805604417
auto-,chb15,chb15_52.edf,0,0.5093568699156622
auto-,chb15,chb15_52.edf,0,0.48484390306634234
auto-,chb15,chb15_52.edf,0,0.5063882142419067
auto-,chb15,chb15_52.edf,0,0.428557053411517
auto-,chb15,chb15_52.edf,0,0.48467046732826885
auto-,chb15,chb15_52.edf,0,0.44663657785812816
auto-,chb15,chb15_52.edf,0,0.7562004165626984
auto-,chb15,chb15_52.edf,0,0.5434176500268136
auto-,chb15,chb15_52.edf,0,0.4891369629590695
auto-,chb15,chb15_52.edf,0,0.5001544679673264
auto-,chb15,chb15_52.edf,0,0.7190929321663091
auto-,chb15,chb15_52.edf,0,0.7124139509089275
auto-,chb15,chb15_52.edf,0,0.7322342218093593
auto-,chb15,chb15_52.edf,0,0.6271767094759518
auto-,chb15,chb15_52.edf,0,0.4109634968423103
auto-,chb15,chb15_52.edf,0,0.7649059231354568
auto-,chb15,chb15_52.edf,0,0.7540084656660812
auto-,chb15,chb15_54.edf,0,0.9997411449693356
auto-,chb15,chb15_54.edf,1,0.9995916809244015
auto-,chb15,chb15_54.edf,1,0.9997489808617396
auto-,chb15,chb15_54.edf,1,0.9995398206554384
auto-,chb15,chb15_54.edf,1,0.9998567388399452
auto-,chb15,chb15_54.edf,1,0.9991366387423254
auto-,chb15,chb15_54.edf,1,0.9994108044567308
auto-,chb15,chb15_54.edf,0,0.9998087238828263
auto-,chb15,chb15_54.edf,0,0.9997646419575681
auto-,chb15,chb15_54.edf,1,0.9997207105281525
auto-,chb15,chb15_54.edf,1,0.9997678859025357
auto-,chb15,chb15_54.edf,1,0.9996900997771352
auto-,chb15,chb15_54.edf,1,0.9998222419998999
auto-,chb15,chb15_54.edf,1,0.9998602982267104
auto-,chb15,chb15_54.edf,1,0.9997699125220604
auto-,chb15,chb15_54.edf,1,0.9995952426086314
auto-,chb15,chb15_54.edf,1,0.9993476620877638
auto-,chb15,chb15_54.edf,1,0.9995783515447675
auto-,chb15,chb15_54.edf,1,0.9993615407163293
auto-,chb15,chb15_54.edf,1,0.9998574259783075
auto-,chb15,chb15_54.edf,1,0.9997496090160907
auto-,chb15,chb15_54.edf,1,0.9996720060848121
auto-,chb15,chb15_54.edf,1,0.9996678472937829
auto-,chb15,chb15_54.edf,1,0.999645271875934
auto-,chb15,chb15_54.edf,1,0.9997371344254784
auto-,chb15,chb15_54.edf,1,0.9996377917394991
auto-,chb15,chb15_54.edf,1,0.9996323103184264
auto-,chb15,chb15_54.edf,0,0.9997517624258858
auto-,chb15,chb15_54.edf,0,0.9992341723486484
auto-,chb15,chb15_54.edf,0,0.9996768110172096
auto-,chb15,chb15_54.edf,0,0.9995253693281098
auto-,chb15,chb15_54.edf,0,0.9997625896390101
auto-,chb15,chb15_54.edf,1,0.9998097165574047
auto-,chb15,chb15_54.edf,1,0.9997312936081096
auto-,chb15,chb15_54.edf,1,0.9997178906578347
auto-,chb15,chb15_54.edf,1,0.9998215500495843
auto-,chb15,chb15_54.edf,1,0.9995483933755497
auto-,chb15,chb15_54.edf,1,0.9997204924208648
auto-,chb15,chb15_54.edf,1,0.9997317859545191
auto-,chb15,chb15_54.edf,1,0.9997140523784114
auto-,chb15,chb15_54.edf,0,0.9988824704758511
auto-,chb15,chb15_54.edf,0,0.9996594142875842
auto-,chb15,chb15_54.edf,0,0.9996133229910007
auto-,chb15,chb15_54.edf,0,0.9997208949056287
auto-,chb15,chb15_54.edf,1,0.9997399440521134
auto-,chb15,chb15_54.edf,1,0.999836698808257
auto-,chb15,chb15_54.edf,1,0.9998371401499498
auto-,chb15,chb15_54.edf,1,0.9998277219560997
auto-,chb15,chb15_54.edf,1,0.9997528132805343
auto-,chb15,chb15_54.edf,1,0.999738061004468
auto-,chb15,chb15_54.edf,1,0.9996922319258479
auto-,chb15,chb15_54.edf,1,0.999607516928162
auto-,chb15,chb15_54.edf,0,0.99978782681748
auto-,chb15,chb15_54.edf,0,0.9993180461696034
auto-,chb15,chb15_54.edf,0,0.999429761461811
auto-,chb15,chb15_54.edf,0,0.9994216261507276
auto-,chb15,chb15_54.edf,0,0.9993795510450832
auto-,chb15,chb15_54.edf,0,0.9996228412990077
auto-,chb15,chb15_54.edf,1,0.9993859756941468
auto-,chb15,chb15_54.edf,1,0.999342853066753
auto-,chb15,chb15_54.edf,1,0.9994954070495005
auto-,chb15,chb15_54.edf,1,0.9992095221451683
auto-,chb15,chb15_61.edf,0,0.9997662793453207
auto-,chb15,chb15_61.edf,0,0.9831433442262959
auto-,chb15,chb15_61.edf,0,0.9995781557201556
auto-,chb15,chb15_61.edf,0,0.9996910567656953
auto-,chb15,chb15_61.edf,0,0.9996216406729624
auto-,chb15,chb15_61.edf,0,0.5974435205593068
auto-,chb15,chb15_61.edf,0,0.6247733786860646
auto-,chb15,chb15_61.edf,0,0.7009244296742815
auto-,chb15,chb15_61.edf,0,0.9994361317349773
auto-,chb15,chb15_61.edf,0,0.9995796088089661
auto-,chb15,chb15_61.edf,0,0.9997253989433169
auto-,chb15,chb15_61.edf,0,0.9998081826637129
auto-,chb15,chb15_61.edf,0,0.9997944824676989
auto-,chb15,chb15_61.edf,0,0.8976810798482128
auto-,chb15,chb15_61.edf,0,0.9997201611196779
auto-,chb15,chb15_61.edf,0,0.9996902231501501
auto-,chb15,chb15_61.edf,0,0.9997087113820795
auto-,chb15,chb15_61.edf,0,0.9818552979176599
auto-,chb15,chb15_61.edf,0,0.9998056427376775
auto-,chb15,chb15_61.edf,0,0.9997015339622236
auto-,chb15,chb15_61.edf,0,0.9276441361632635
auto-,chb15,chb15_61.edf,0,0.9995461529628397
auto-,chb15,chb15_61.edf,0,0.9993987923724941
auto-,chb15,chb15_62.edf,0,0.9997532624270145
auto-,chb15,chb15_62.edf,0,0.9997505046191404
auto-,chb15,chb15_62.edf,0,0.9998028189571955
auto-,chb15,chb15_62.edf,1,0.9998874267737589
auto-,chb15,chb15_62.edf,1,0.9998894584267719
auto-,chb15,chb15_62.edf,1,0.9998828990816048
auto-,chb15,chb15_62.edf,1,0.999802610848352
auto-,chb15,chb15_62.edf,1,0.9998194440246861
auto-,chb15,chb15_62.edf,1,0.9994754636494522
auto-,chb15,chb15_62.edf,1,0.9995098976231584
auto-,chb15,chb15_62.edf,1,0.999828260364147
auto-,chb15,chb15_62.edf,1,0.9999185814681699
auto-,chb15,chb15_62.edf,1,0.9998996997929291
auto-,chb15,chb15_62.edf,1,0.999697732220318
auto-,chb15,chb15_62.edf,0,0.9997781857477039
auto-,chb15,chb15_62.edf,0,0.9992448621496811
auto-,chb15,chb15_62.edf,0,0.9996713010879119
auto-,chb15,chb15_62.edf,0,0.9996051530483805
auto-,chb15,chb15_62.edf,0,0.9996607105204751
auto-,chb15,chb15_62.edf,0,0.9996144296335739
auto-,chb15,chb15_62.edf,0,0.9997612489805093
auto-,chb15,chb15_62.edf,0,0.9996565432947206
auto-,chb15,chb15_62.edf,0,0.9996998859024112
auto-,chb15,chb15_62.edf,0,0.9997000254412699
auto-,chb15,chb15_62.edf,0,0.9996150764177912
auto-,chb15,chb15_62.edf,0,0.9996824108709453
auto-,chb15,chb15_62.edf,0,0.9996722573105393
auto-,chb15,chb15_62.edf,0,0.9994910680585778
auto-,chb15,chb15_62.edf,0,0.9996901951423542
auto-,chb15,chb15_62.edf,0,0.9995752469902226
auto-,chb15,chb15_62.edf,0,0.9996816285378628
auto-,chb15,chb15_62.edf,0,0.9996828943285356
auto-,chb15,chb15_62.edf,0,0.9997373438778201
auto-,chb15,chb15_62.edf,0,0.9996275112976015
auto-,chb15,chb15_62.edf,0,0.9993944407670236
auto-,chb15,chb15_63.edf,0,0.9994696186205617
auto-,chb15,chb15_63.edf,0,0.9992867549582626
auto-,chb15,chb15_63.edf,0,0.9995192370148334
auto-,chb15,chb15_63.edf,0,0.999528367924816
auto-,chb15,chb15_63.edf,0,0.9996070693916135
auto-,chb15,chb15_63.edf,0,0.9996493935954937
auto-,chb15,chb15_63.edf,0,0.9996717257425425
auto-,chb15,chb15_63.edf,0,0.9994636109736852
auto-,chb15,chb15_63.edf,0,0.9995533038928024
auto-,chb15,chb15_63.edf,0,0.9994782871883864
auto-,chb15,chb15_63.edf,0,0.9996616135960199
auto-,chb15,chb15_63.edf,0,0.9994009371790988
auto-,chb15,chb15_63.edf,0,0.999661643109411
auto-,chb15,chb15_63.edf,0,0.9996452289194466
auto-,chb15,chb15_63.edf,0,0.9996690077555718
auto-,chb15,chb15_63.edf,0,0.9997917565090194
auto-,chb15,chb15_63.edf,0,0.9987784122969168
auto-,chb15,chb15_63.edf,0,0.9998133845217754
auto-,chb15,chb15_63.edf,0,0.9997406062111217
auto-,chb15,chb15_63.edf,0,0.9358510377645298
auto-,chb15,chb15_63.edf,0,0.999473906151486
auto-,chb15,chb15_63.edf,0,0.998787583339417
