record_id,sources,title,authors,year,venue,doi,arxiv_id,doc_type,abstract,verified,verify_note,stage1,stage1_reason,stage1_note
A0001,scopus;wos,EEG-SF2Net: A Dual-Stream Squeezeformer Fusion Network for Multiclass Classification of IIIC Events in Epileptiform and Periodic Brain Activities,Jiang Y.; Zhou Y.; Zhang Y.; Su J.,2027,Lecture Notes in Computer Science,10.1007/978-981-92-3485-1_27,,Conference paper,,yes,Crossref: Lecture Notes in Computer Science 2026,include,,1D-CNN raw + 2D-CNN Mel-spectrogram fusion; IIIC incl. seizure class
A0002,scopus,Graph Priors Improve Seizure Onset Zone Identification in a Graph Convolutional Network of StereoEEG,Pan B.; Sun X.; Looti A.Z.L.; Geronimo A.,2027,Lecture Notes in Computer Science,10.1007/978-3-032-35387-0_6,,Conference paper,,yes,Crossref: Lecture Notes in Computer Science 2026,exclude,1,"seizure onset zone localisation, not detection/prediction"
A0003,scopus;wos,Improved Cross-Branch Fusion Method and Contrastive Learning for Seizure Type Recognition,Li Z.; Yuan M.; Jiang C.; Qi L.; Yuan S.,2027,Lecture Notes in Computer Science,10.1007/978-981-92-3495-0_3,,Conference paper,,check,first author not in Crossref author list,exclude,2,"branches are HVD subcomponents of one signal (multi-band), no distinct representations"
A0004,scopus,"13th International Conference on Big Data Analytics, BDA 2025",,2026,Lecture Notes in Computer Science,,,Conference review,,,no DOI or arXiv id,exclude,1,"proceedings front matter, not a study"
A0005,scopus,"14th International Conference on Health Information Science, HIS 2025",,2026,Lecture Notes in Computer Science,,,Conference review,,,no DOI or arXiv id,exclude,1,"proceedings front matter, not a study"
A0006,scopus,"17th International Joint Conference on Biomedical Engineering Systems and Technologies, BIOSTEC 2024",,2026,Communications in Computer and Information Science,,,Conference review,,,no DOI or arXiv id,exclude,1,"proceedings front matter, not a study"
A0007,scopus,"2026 6th International Conference on Sensors and Information Technology, ICSI 2026",,2026,"2026 6th International Conference on Sensors and Information Technology, ICSI 2026",,,Conference review,,,no DOI or arXiv id,exclude,1,"proceedings front matter, not a study"
A0008,scopus,"2026 International Conference on Data Science for Cyber-Physical Systems Resilience using Advanced Applications, ICDCA 2026",,2026,"2026 International Conference on Data Science for Cyber-Physical Systems Resilience using Advanced Applications, ICDCA 2026",,,Conference review,,,no DOI or arXiv id,exclude,1,"proceedings front matter, not a study"
A0009,scopus,"2nd International Conference on Advances in Artificial Intelligence and Machine Learning in Big Data Processing, AAIMB 2024",,2026,Communications in Computer and Information Science,,,Conference review,,,no DOI or arXiv id,exclude,1,"proceedings front matter, not a study"
A0010,scopus,"3rd International Conference on Artificial Intelligence: Theory and Applications, AITA 2025",,2026,Lecture Notes in Networks and Systems,,,Conference review,,,no DOI or arXiv id,exclude,1,"proceedings front matter, not a study"
A0011,scopus,"5th International Conference on Frontiers of Electronics, Information and Computation Technologies, ICFEICT 2025",,2026,Lecture Notes in Electrical Engineering,,,Conference review,,,no DOI or arXiv id,exclude,1,"proceedings front matter, not a study"
A0012,scopus,"6th International Conference on Communication and Intelligent Systems, ICCIS 2024",,2026,Lecture Notes in Networks and Systems,,,Conference review,,,no DOI or arXiv id,exclude,1,"proceedings front matter, not a study"
A0013,scopus,"9th International Conference on Information and Communication Technology for Intelligent Systems, ICTIS 2025",,2026,Lecture Notes in Networks and Systems,,,Conference review,,,no DOI or arXiv id,exclude,1,"proceedings front matter, not a study"
A0014,scopus;wos,A causal attention network with time frequency channel feature fusion for epileptic seizure prediction,Qu Y.; Rao S.; Li T.; Li Y.; Niu Y.; Chang R.; Chen X.; Wang B.,2026,Journal of Neuroscience Methods,10.1016/j.jneumeth.2025.110665,,Article,,check,first author not in Crossref author list,include,,time-frequency-channel feature fusion; prediction
A0015,scopus;ieee,A Comprehensive Analysis of Biomarkers for Neurological Disorder Detections,Bhardwaj K.; Sharma S.,2026,"Proceedings - IEEE Madhya Pradesh Section Conference, MPCON 2026",10.1109/mpcon69668.2026.11509017,,Conference paper,,check,venue 'Proceedings - IEEE Madhya Pradesh Sectio' vs Crossref '2026 IEEE Madhya Pradesh Section Confere',exclude,3,review
A0016,scopus;ieee,A Comprehensive Survey on Epilepsy Prediction Using Deep Learning Models with EEG Signals,Arathi; Prabha R.; Shylaja K.R.,2026,"Proceedings of the 2026 13th International Conference on Computing for Sustainable Global Development, INDIACom 2026",10.23919/indiacom70271.2026.11526435,,Conference paper,,check,venue 'Proceedings of the 2026 13th Internation' vs Crossref '2026 13th International Conference on Co',exclude,3,review
A0017,ieee,Adaptive Multimodal Fusion Network with Attention Mechanisms for Robust Medical Signal Classification,S. Jirapattarasakul; N. Joijinda; R. Rattanakanpirom; T. Akkaralaertsest; T. Yingthawornsuk,2026,"2026 23rd International Conference on Electrical Engineering/Electronics, Computer, Telecommunications and Information Technology (ECTI-CON)",10.1109/ecti-con68836.2026.11608561,,CONF,,yes,"Crossref: 2026 23rd International Conference on Electrical Engineering/Electronics, Computer, Telecommunications and Information Technology (ECTI-CON) 2026",exclude,1,"ECG/EEG/EMG signal classification benchmark, not seizure detection/prediction"
A0018,scopus;ieee,Adaptive Multi-Scale Fusion and Uncertainty-Aware CNN-ViT for EEG Seizure Detection,Chawla S.; Ranjan R.; Narayan Y.,2026,"Proceeding - 2026 IEEE 6th International Conference on Computing, Power, and Communication Technologies, IC2PCT 2026",10.1109/ic2pct68894.2026.11584424,,Conference paper,,check,venue 'Proceeding - 2026 IEEE 6th International' vs Crossref '2026 IEEE 6th International Conference o',unclear,,local time-frequency + global ViT adaptive fusion; inputs unclear
A0019,arxiv,A dual-system approach for epilepsy diagnosis: integrating mamba-Bi-LSTM architecture with SHAP-based verification,Mufeng Chen; Jia Xie; Fuchang Luo; Quansheng Ren,2026,arXiv (preprint); Biomedical Engineering Advances 11 (2026) 100218,10.1016/j.bea.2026.100218,2606.08240,preprint,"This study develops a medical AI-assisted diagnosis system based on deep learning, which provides intelligent diagnostic solutions for epilepsy, a disease that seriously threatens the life and health of patients. Epilepsy has sudden and unpredictable seizures. Traditional diagnostic methods mainly rely on doctors' manual interpretation of EEG, which is time-consuming and dependent by experience. In response to the above challenges, this study designed a dual-system intelligent diagnosis framework, which includes two core components: the main discrimination system and the verification system. The main discrimination system uses a deep learning model that combines the innovative Mamba architecture with the Bi-LSTM structure to integrate and analyze heterogeneous data to achieve extremely high diagnostic accuracy; the verification system provides an explainable diagnostic basis through the SHAP method to enhance the credibility of the results. This system establishes a cross-modal database to realize intelligent analysis of multi-source heterogeneous data-fusion EEG signals and clinical text data for epilepsy. The system outputs results based on diagnostic consistency and confidence levels, and high-confidence predictions can also be used as automatic feedback sources to optimize the model. The experimental results show that the accuracy of the main discriminant model of the intelligent diagnosis system for epilepsy has increased from 92.6% to 98.7% and the F1 score has increased from 0.895 to 0.992, all of which have exceeded the existing optimal methods; the average processing time for verification system feedback integration is only 220 ms, which increases the overall diagnostic accuracy by 5.1%.",yes,Crossref: Biomedical Engineering Advances 2026,unclear,,EEG + clinical text fusion; epilepsy diagnosis rather than seizure detection
A0020,scopus;wos,Advanced EEG-based brain monitoring for early detection of harmful neural activities using EfficientNet architecture,Awan T.; Aftab M.; Naveed A.; Shahid M.H.; Sajid A.; Khan K.B.,2026,Biomedical Signal Processing and Control,10.1016/j.bspc.2025.108360,,Article,,yes,Crossref: Biomedical Signal Processing and Control 2026,exclude,2,spectrogram only (EfficientNet)
A0021,ieee,Advances in Multimodal Machine Learning for Brain Disorder Classification: A Comprehensive Review and Research Roadmap,P. Vishalini; T. Anuradha,2026,"2026 5th International Conference on Communication, Computing and Electronics Systems (ICCCES)",10.1109/iccces62661.2026.11437067,,CONF,,yes,"Crossref: 2026 5th International Conference on Communication, Computing and Electronics Systems (ICCCES) 2026",exclude,3,review
A0022,ieee,AdViT-RE: Adversarial Vision Transformer with Rényi Entropy for Multimodal Epileptic Seizure Prediction Using Wearable EEG and ECG,A. K. Phuyal; B. I. Morshed,2026,2026 IEEE International Conference on Electro Information Technology (eIT),10.1109/eit68936.2026.11670343,,CONF,,yes,Crossref: 2026 IEEE International Conference on Electro Information Technology (eIT) 2026,include,,EEG+ECG fusion; prediction
A0023,scopus;wos,A dynamic graph learning framework with neural attenuation priors for EEG-based seizure classification,Li M.; Shi Y.; Li Y.,2026,Biomedical Signal Processing and Control,10.1016/j.bspc.2026.110890,,Article,,check,first author not in Crossref author list,exclude,2,graph network on one input
A0024,scopus;ieee,A Frequency-Aware CNN-Vision Transformer with Adaptive Multi-Scale Feature Fusion Framework for Real-Time EEG-Based Epileptic Seizure Detection,Chawla S.; Ranjan R.; Narayan Y.,2026,"2026 International Conference on Emerging Smart Computing and Informatics, ESCI 2026",10.1109/esci68015.2026.11493313,,Conference paper,,yes,Crossref: 2026 International Conference on Emerging Smart Computing and Informatics (ESCI) 2026,include,,wavelet time-frequency and band-energy streams fused
A0025,scopus,A FREQUENCY-AWARE CNN–VISION TRANSFORMER WITH ADAPTIVE MULTI-STREAM FEATURE FUSION AND UNCERTAINTY ESTIMATION FOR EEG SEIZURE DETECTION,Chawla S.; Ranjan R.; Narayan Y.,2026,Journal of Mechanics of Continua and Mathematical Sciences,10.26782/jmcms.2026.05.00002,,Article,,yes,Crossref: JOURNAL OF MECHANICS OF CONTINUA AND MATHEMATICAL SCIENCES 2025,include,,"temporal, spectral, spatial multi-stream fusion"
A0026,scopus;wos,AI-Based Approaches for Analyzing EEG Signals to Identify Epileptic Seizures: A Survey,Tadesse D.M.; Gonfa O.M.; Workafesku N.D.; Bayessa E.G.; Kebede S.R.; Debele T.G.; Waldamichael F.G.; Mekonnen H.T.; Assore T.F.; Mehammed M.F.,2026,Applied Computational Intelligence and Soft Computing,10.1155/acis/3727976,,Review,,yes,Crossref: Applied Computational Intelligence and Soft Computing 2026,exclude,3,review
A0027,scopus;wos,A multi-feature fusion model with temporal convolution and vision transformer for epileptic seizure prediction,Li Z.; Heng S.; Zhang M.; Xu C.; Lu J.; Xie W.; Yang Z.; Chai F.; Hu B.,2026,Biomedical Signal Processing and Control,10.1016/j.bspc.2025.108628,,Article,,check,first author not in Crossref author list,include,,WaveConv and STFT branches with feature coupling; prediction
A0028,scopus;ieee,A Multi-Modal AI System for Epilepsy Diagnosis and Treatment Response,Gunathilaka S.; Ranaweera D.; Navodya S.; Himsara D.; Rathnayake S.; Thelijjagoda S.,2026,IEEE International Conference on Electro Information Technology,10.1109/eit68936.2026.11670359,,Conference paper,,check,venue 'IEEE International Conference on Electro' vs Crossref '2026 IEEE International Conference on El',unclear,,multi-task system; EEG time-frequency + GNN; MRI separate
A0029,scopus;wos,A multimodal epilepsy dataset of paired 3-Tesla and 7-Tesla MRI and intracranial EEG,Imtiaz T.; Lucas A.; Josyula M.; Petillo N.; Wagenaar J.; Stein J.M.; Das S.; Sinha N.; Davis K.A.,2026,Scientific Data,10.1038/s41597-026-07540-5,,Data paper,,yes,Crossref: Scientific Data 2026,exclude,1,"dataset paper, no detection/prediction model"
A0030,scopus,A multimodal explainable-ai approach for deep-learning-based epileptic seizure detection,Patil A.; Patil M.,2026,"Journal of Electronics, Electromedical Engineering, and Medical Informatics",10.35882/jeeemi.v8i2.1380,,Article,,yes,"Crossref: Journal of Electronics, Electromedical Engineering, and Medical Informatics 2026",include,,DL features fused with handcrafted time/frequency/spatial features
A0031,scopus;wos,A multimodal temporal attention network for seizure classification via one-dimensional convolutional neural architecture,Guhdar M.; Mstafa R.J.; Mohammed A.O.,2026,Biomedical Signal Processing and Control,10.1016/j.bspc.2025.108495,,Article,,yes,Crossref: Biomedical Signal Processing and Control 2026,exclude,2,single wavelet+1D CNN pipeline
A0032,scopus;wos;ieee;arxiv,An Active Dry-Contact Continuous EEG Monitoring System for Seizure Detection Applications in Clinical Neurophysiology,Wickramasinghe N.L.; Udayantha D.S.; Abeyratne A.; Weerasinghe K.; Wickremasinghe K.; Wanigasinghe J.; De Silva A.; Edussooriya C.U.S.,2026,IEEE Transactions on Biomedical Engineering,10.1109/tbme.2025.3629563,2503.23338,Article,"Objective: Young children and infants, especially newborns, are highly susceptible to seizures, which, if undetected and untreated, can lead to severe long-term neurological consequences. Early detection typically requires continuous electroencephalography (cEEG) monitoring in hospital settings, involving costly equipment and highly trained specialists. This study presents a low-cost, active dry-contact electrode-based, adjustable electroencephalography (EEG) headset, combined with an explainable deep learning model for seizure detection from reduced-montage EEG, and a multimodal artifact removal algorithm to enhance signal quality. Methods: EEG signals were acquired via active electrodes and processed through a custom-designed analog front end for filtering and digitization. The adjustable headset was fabricated using three-dimensional printing and laser cutting to accommodate varying head sizes. The deep learning model was trained to detect neonatal seizures in real time, and a dedicated multimodal algorithm was implemented for artifact removal while preserving seizure-relevant information. System performance was evaluated in a representative clinical setting on a pediatric patient with absence seizures, with simultaneous recordings obtained from the proposed device and a commercial wet-electrode cEEG system for comparison. Results: Signals from the proposed system exhibited a correlation coefficient exceeding 0.8 with those from the commercial device. Signal-to-noise ratio analysis indicated noise mitigation performance comparable to the commercial system. The deep learning model achieved accuracy and recall improvements of 2.76% and 16.33%, respectively, over state-of-the-art approaches. The artifact removal algorithm effectively identified and eliminated noise while preserving seizure-related EEG features.",yes,arXiv,exclude,2,hardware + single model
A0033,scopus,An adaptive epilepsy detection system using federated learning,ElHadidi H.H.; Saad H.H.; Behery G.M.,2026,Multimedia Tools and Applications,10.1007/s11042-026-21858-7,,Article,,yes,Crossref: Multimedia Tools and Applications 2026,exclude,2,"EEG and MRI models trained separately, no fusion"
A0034,scopus;ieee,An Advanced Deep Representation and Heuristic-based Model for Reliable Epileptic Seizure Detection from Electroencephalogram Signals,Selvam R.; Mahalakshmi R.,2026,"Proceedings of 9th International Conference on Trends in Electronics and Informatics, ICOEI 2026",10.1109/icoei68323.2026.11541928,,Conference paper,,check,venue 'Proceedings of 9th International Confere' vs Crossref '2026 9th International Conference on Tre',exclude,2,single DL model + metaheuristic tuning
A0035,scopus;wos;ieee,An AI-Driven Interpretable Multiview Feature Learning Approach for EEG Based Epileptic Seizure Detection,Ahmad I.; Ayouni S.; Ahmad F.; Li H.; Aboyeji S.T.; Bilal H.; Ullah I.; Atoum M.S.; Choi C.; Nawaz R.; Lei B.,2026,IEEE Journal of Biomedical and Health Informatics,10.1109/jbhi.2025.3604638,,Article,,yes,Crossref: IEEE Journal of Biomedical and Health Informatics 2026,include,,time-domain and DFT frequency views fused
A0036,ieee,An Efficient Dual-Specialist Framework for Real-Time Epileptic Seizure Detection and Prediction,P. A. Akor; H. Larijani; R. R. Singh; M. Usman; G. Enemali,2026,"2026 15th International Symposium on Communication Systems, Networks and Digital Signal Processing (CSNDSP)",10.1109/csndsp68462.2026.11654417,,CONF,,yes,"Crossref: 2026 15th International Symposium on Communication Systems, Networks and Digital Signal Processing (CSNDSP) 2026",exclude,2,"detection and prediction specialists, no representation fusion"
A0037,scopus;wos,An Enhanced Machine Learning–Based Multimodal Framework for Seizure Detection Using EEG and MRI Data,Dharani V.; Lakshmanan L.,2026,Developmental Neurobiology,10.1002/dneu.70049,,Article,,yes,Crossref: Developmental Neurobiology 2026,include,,EEG+MRI fusion; detection
A0038,scopus;wos,An explainable multi-view representation fusion learning framework with hybrid MetaFormer for EEG-based epileptic seizure detection,Wang J.; Wei L.; Qian Z.; Shi C.; Liu Y.; Xu Y.,2026,Neurocomputing,10.1016/j.neucom.2026.132929,,Article,,yes,Crossref: Neurocomputing 2026,include,,multi-view representation fusion vs decision aggregation; detection
A0039,scopus,ANFIS Granger Causality for Estimating Effective Brain Connectivity and Mutual Information for Connectivity Type Determination Using MEG and EEG Data: Application to Epilepsy,Vajdi E.; Fattahi M.; Soltanian-Zadeh H.,2026,AUT Journal of Electrical Engineering,10.22060/eej.2025.23832.5645,,Article,,no,DOI not found in Crossref,exclude,1,"connectivity estimation, not detection/prediction"
A0040,scopus,Applications of quantum AI in brain disorder diagnosis: A systematic review,Jafari M.; Tang Z.; Acharya U.; Li Y.,2026,Computer Methods and Programs in Biomedicine,10.1016/j.cmpb.2026.109565,,Review,,yes,Crossref: Computer Methods and Programs in Biomedicine 2026,exclude,3,review
A0041,scopus;wos,A pre-modeling interpretable epilepsy detection model with multi-feature fusion and graph attention network,Jing Z.; Wang J.; Yuan M.; Wang R.; Wu Y.,2026,European Physical Journal: Special Topics,10.1140/epjs/s11734-025-02053-5,,Article,,check,venue 'European Physical Journal: Special Topic' vs Crossref 'The European Physical Journal Special To',exclude,2,handcrafted node features into one GAT
A0042,scopus;ieee,A Review of AI-Powered Multimodal Monitoring and Neuromodulation Techniques for Epilepsy Management,Spandana A.P.; Shravya P.; Deepak D.J.,2026,"2026 1st IEEE International Conference on Intelligent Technologies for a Sustainable and Inclusive Future, ICITSIF 2026",10.1109/icitsif69060.2026.11608611,,Conference paper,,check,venue '2026 1st IEEE International Conference o' vs Crossref '2026 IEEE 1st International Conference o',exclude,3,review
A0043,scopus,A Review of Joint EEG-fMRI Methods for Visual Evoked Response Studies; [视觉诱发响应研究中EEG与fMRI联合应用方法综述],WEI Z.; XIAO X.; XU M.; MING D.,2026,Dianzi Yu Xinxi Xuebao/Journal of Electronics and Information Technology,10.11999/jeit250781,,Article,,no,DOI not found in Crossref,exclude,1,"EEG-fMRI visual evoked responses, review"
A0044,scopus;wos,Asynchronous 3D bias-aware graph convolutional network and its application,Dong K.; Zhang L.,2026,Communications in Nonlinear Science and Numerical Simulation,10.1016/j.cnsns.2026.110710,,Article,,yes,Crossref: Communications in Nonlinear Science and Numerical Simulation 2026,exclude,2,"generic dynamic graph model, one input"
A0045,scopus;wos,"A Systematic Review of AI and Hybrid Computational Models for Epileptic Seizure Prediction: Methods, Datasets, and Performance Insights",Tilwant S.; Kulkarni N.,2026,Lecture Notes in Networks and Systems,10.1007/978-3-032-28293-4_24,,Conference paper,,yes,Crossref: Lecture Notes in Networks and Systems 2026,exclude,3,review
A0046,scopus;wos,A time-frequency cross-attention network model for epileptic seizure detection,Wang R.; Tian L.; Li M.; Han J.,2026,Scientific Reports,10.1038/s41598-026-41636-7,,Article,,yes,Crossref: Scientific Reports 2026,include,,time-frequency cross-attention fusion; detection
A0047,scopus,A TRANSFER LEARNING APPROACH FOR EARLY DETECTION OF FEBRILE SEIZURES USING EEG AND CLINICAL FEATURES,Srinivas K.; Archana M.; Sushumna S.; Chakram D.V.; Krishna C.S.R.; Prasanna P.L.; Nancharaiah B.; Naresh M.,2026,Journal of Theoretical and Applied Information Technology,,,Article,,,no DOI or arXiv id,include,,EEG + clinical features attention fusion; febrile seizures
A0048,scopus;ieee,Automated Identification of Brain Disorders Using EEG and Hybrid Deep Learning Methodologies,Hasan D.S.; Al-Gayem Q.; Al-Libawy H.,2026,"Proceedings of the International Colloquium on Signal Processing and Its Applications, CSPA",10.1109/cspa68262.2026.11517921,,Conference paper,,check,venue 'Proceedings of the International Colloqu' vs Crossref '2026 22nd IEEE International Colloquium ',exclude,2,hybrid temporal-spatial model on one input
A0049,scopus;wos,Automatic EEG artifact detection using a local-global feature fusion network in time and time-frequency domains,Yu Q.; Lin C.; Wang W.; Feng Z.; Wen M.,2026,Acta Epileptologica,10.1186/s42494-026-00248-4,,Article,,check,first author not in Crossref author list,exclude,1,"artefact detection, not seizure detection/prediction"
A0050,scopus,Brain network construction and analysis for epilepsy: A methodology review,Yang Y.; Wu D.; Gao Y.; Jiang T.; Yan C.; Yuan Y.; Zhang L.; Kashi S.; Qin P.,2026,Neural Networks,10.1016/j.neunet.2026.109294,,Review,,yes,Crossref: Neural Networks 2026,exclude,3,review
A0051,scopus,Bridging the Gap in Tonic Seizure Detection: A Systematic Review and Meta-Analysis of Automatic Detection Systems,Guerrero-Aranda A.; Quintero-Valdez J.R.; Vélez-Pérez H.; Romo-Vázquez R.,2026,Journal of Clinical Neurophysiology,10.1097/wnp.0000000000001217,,Review,,yes,Crossref: Journal of Clinical Neurophysiology 2025,exclude,3,review
A0052,scopus;wos,CMEpiNet: Complex-Valued Multimodal Epilepsy Detection Network Model,Su T.; Zhu H.; Chen S.; Wang H.,2026,Sensors,10.3390/s26134186,,Article,,check,first author not in Crossref author list,include,,complex-valued multimodal fusion; detection
A0053,scopus;wos,"Computational neuroelectrophysiology and artificial intelligence for drug-resistant epilepsy: recent advances, current challenges, and future directions",Wang Y.; Yan Z.; Gong Y.; Lin W.; Wang T.; Liu Y.; Han Y.; Yang M.; Liu M.; Chen W.; Hu B.,2026,Journal of Neural Engineering,10.1088/1741-2552/ae6bf4,,Review,,yes,Crossref: Journal of Neural Engineering 2026,exclude,3,review
A0054,scopus,Cross-subject seizure detection with isochronous time–frequency gated attention and incremental graph bias,Su S.; Hu M.; Wei L.; Yan Z.,2026,Biomedical Signal Processing and Control,10.1016/j.bspc.2026.109699,,Article,,check,first author not in Crossref author list,include,,time-frequency gated attention; detection
A0055,scopus;wos,DAFF-SNN: Dual Attention-Driven and Feature Fusion-Based Spiking Neural Network for Epilepsy Detection Based on Electroencephalogram,Zhang T.; He L.; Zhang D.; Li M.; Chang Z.,2026,IEEE Journal of Biomedical and Health Informatics,10.1109/jbhi.2025.3589392,,Article,,yes,Crossref: IEEE Journal of Biomedical and Health Informatics 2026,exclude,2,spatiotemporal fusion within one input (SNN)
A0056,scopus;ieee,DDFE-HCNN-E: A Dual-Domain Feature Fusion Hybrid CNN Ensemble Model for Automated Epileptic Seizure Detection,Gopi K.; Ramanujam E.; Thati J.; Kumar G.S.; Merugu N.B.,2026,ICCIDS 2026 - 9th International Conference on Computational Intelligence in Data Science,10.1109/iccids69108.2026.11407570,,Conference paper,,check,venue 'ICCIDS 2026 - 9th International Conferen' vs Crossref '2026 9th International Conference on Com',include,,dual-domain feature fusion CNN ensemble; detection
A0057,scopus;ieee,Deep Learning-Based Early Detection of Neurodevelopmental Disorders Using Multimodal Behavioral and EEG Data,Madhushika B.A.E.; Kulawansa K.A.D.T.; Chandrasiri M.D.N.,2026,"Proceedings - IEEE International Research Conference on Smart Computing and Systems Engineering, SCSE 2026",10.1109/scse70081.2026.11499783,,Conference paper,,check,venue 'Proceedings - IEEE International Researc' vs Crossref '2026 IEEE International Research Confere',exclude,1,"neurodevelopmental disorder classification, not seizure detection/prediction"
A0058,scopus,Deep Learning-Based Epileptic Seizure Classification in Neonates Using STFT-Transformed EEG Signals,Al-Jumaili S.; Alyassri S.; Mohammed A.A.; Duru A.D.; Uçan O.N.,2026,Time-Frequency Analysis in Biomedical Engineering: Contemporary Methods and Applications,10.1201/9781003611448-12,,Book chapter,,yes,Crossref: Time-Frequency Analysis in Biomedical Engineering 2026,unclear,,"spectrogram images, multi-branch fusion ""from several sources"""
A0059,scopus;wos,Deep learning-based epileptic seizure detection from EEG signals and PPG signals using LSTM and CNN models,B A.D.,2026,International Journal of Neuroscience,10.1080/00207454.2026.2621855,,Article,,check,first author not in Crossref author list,include,,EEG+PPG; detection
A0060,scopus,Deep Learning-Based Predictive Analysis for EEG Signal Processing in Epileptic Seizure Detection,Kanakalakshmi N.S.; Mohammad T.K.; Poornima R.,2026,AIP Conference Proceedings,10.1063/5.0342245,,Conference paper,,yes,Crossref: AIP Conference Proceedings 2026,exclude,2,LSTM only
A0061,scopus,"Deep Learning for EEG-based epilepsy seizure detection and prediction: a comprehensive review of datasets, architectures, and clinical challenges",Alqahtani H.; Ahuja P.; Shishah W.; Kumar G.,2026,Multimedia Tools and Applications,10.1007/s11042-026-21699-4,,Review,,yes,Crossref: Multimedia Tools and Applications 2026,exclude,3,review
A0062,scopus;wos,DTSF: A dual-branch temporal and spectral fusion model with data augmentation for intracranial EEG classification,Wang K.; Chen X.; Li C.; Qian R.; Liu A.,2026,Biomedical Signal Processing and Control,10.1016/j.bspc.2025.108507,,Article,,yes,Crossref: Biomedical Signal Processing and Control 2026,exclude,1,"iEEG event classification (pathological activity), not seizure detection; raw+STFT dual-branch design is relevant context"
A0063,scopus;wos,Dual-path complementary attention network for neonatal seizure detection,Qian Y.; Zheng W.; Zhou W.; Feng Y.; Li X.; Mo Q.,2026,Biomedical Signal Processing and Control,10.1016/j.bspc.2026.110151,,Article,,yes,Crossref: Biomedical Signal Processing and Control 2026,include,,dual-path domain-specific features with cross-domain interaction; neonatal
A0064,scopus;wos,Dual-topology dynamic graph convolution-based spatial-spectral feature fusion network for patient-specific seizure detection,Ma R.; Shi B.; Liu M.; Wang Y.,2026,Complex and Intelligent Systems,10.1007/s40747-026-02358-5,,Article,,check,first author not in Crossref author list; venue 'Complex and Intelligent Systems' vs Crossref 'Complex &amp; Intelligent Systems',include,,spatial-spectral multi-domain feature fusion; detection
A0065,scopus;wos,DuoQ-EpiNet: a dual-track quantum–classical convolutional neural network for EEG-based epilepsy seizure detection,Dutta S.S.; Sawant I.M.; S S.; Randhawa G.S.; Mistry R.; Ortega J.; P A.; B I.,2026,EPJ Quantum Technology,10.1140/epjqt/s40507-026-00500-3,,Article,,yes,Crossref: EPJ Quantum Technology 2026,include,,handcrafted+1D CNN track and scalogram track fused
A0066,scopus;ieee,Dynamic Spatio-Temporal Fusion Network Via Hierarchical Self-Attention for Seizure Prediction,Xiong T.; Zhang T.; Xiao Q.; Yang J.; Huang D.; Kong X.,2026,IEEE Journal of Biomedical and Health Informatics,10.1109/jbhi.2026.3714542,,Article,,yes,Crossref: IEEE Journal of Biomedical and Health Informatics 2026,exclude,2,single time-frequency representation
A0067,scopus;wos,EEG-based harmful brain activity classification using deep learning and feature fusion,Unnisa Z.; Jaffar A.; Akram S.; Din I.; Khan K.; Masood Bhatti S.,2026,Scientific Reports,10.1038/s41598-026-48670-5,,Article,,yes,Crossref: Scientific Reports 2026,include,,dual 1D CNN feature-level fusion; seizure and seizure-like patterns
A0068,scopus;wos,"EEG-Based Machine Learning in Pediatric Epilepsy Research: Worldwide Patterns, Recent Trends and Future Prospects: A Bibliometric Study",Bhat J.; Saikia A.; Pathak N.,2026,Journal of Scientometric Research,10.5530/jscires.20260172,,Article,,yes,Crossref: Journal of Scientometric Research 2026,exclude,3,bibliometric review
A0069,scopus,EEG-based machine-learning prognostication in comatose patients with indeterminate outcome after cardiac arrest,Xhepa S.; Degano G.; Francini N.; Rochat T.; Kleinschmidt A.; Quintard H.; De Stefano P.,2026,Critical Care,10.1186/s13054-026-05982-2,,Article,,yes,Crossref: Critical Care 2026,exclude,1,post-cardiac-arrest prognostication
A0070,scopus;ieee,EEG-Based Seizure Detection Using Temporal Convolutional Networks and Tree-Based Models,Reddy K.R.; Kadha V.; Surekha J.N.; Kumar P.A.; Mishra M.,2026,"Proceedings of the International Colloquium on Signal Processing and Its Applications, CSPA",10.1109/cspa68262.2026.11517706,,Conference paper,,check,venue 'Proceedings of the International Colloqu' vs Crossref '2026 22nd IEEE International Colloquium ',exclude,2,"TCN features + tree classifiers, no representation fusion"
A0071,ieee,EEGDM: Label-Efficient EEG Representation Learning with Generative Diffusion Model,J. H. Puah; S. K. Goh; Z. Zhang; Z. Ye; C. K. Chan; K. S. Lim; S. L. Fong; K. S. Woon; C. Guan,2026,IEEE Journal of Biomedical and Health Informatics,10.1109/jbhi.2026.3737616,,JOUR,,yes,Crossref: IEEE Journal of Biomedical and Health Informatics 2026,exclude,2,"diffusion representation, multi-layer latent fusion"
A0072,ieee;arxiv,EEG-FuseFormer: A Transformer-Driven Feature Fusion Framework for Seizure Onset Prediction,V. Hariharan; C. Reghuvaran; A. John; N. Pham; O. Rana; D. John; G. N. Iyer,2026,2026 IEEE International Instrumentation and Measurement Technology Conference (I2MTC),10.1109/i2mtc66907.2026.11694865,2606.02166,CONF,"Epilepsy is one of the most common neurological disorders globally, characterized by recurring seizures and significantly impacting the quality of life. Despite advancements in diagnostic techniques, the mitigation of risks faced by epilepsy patients remains challenging due to the unpredictability of seizure events. An accurate forecast of seizure onset helps to reduce risks in epilepsy patients. In this paper, we propose EEG-FuseFormer, a transformer-based feature fusion framework for seizure-onset prediction that combines intermediate features extracted from Convolutional Neural Networks-Long Short-Term Memory (CNN-LSTM) and ResNet-18 networks. The CNN-LSTM architecture captures both spatial and temporal features directly from the raw signal, whereas the ResNet-18 extracts features from the Short-Time Fourier Transform (STFT) representation of the EEG signals. Fusion is carried out using a transformer encoder, and the final prediction is generated using fully connected dense layers. The CHB-MIT dataset was used to validate the proposed model. The results show that the proposed model achieves a mean recall of 98.85% and outperforms most of the state-of-the-art methods. This study evaluates the ability of the proposed feature fusion model to generalize in cross-patient testing scenarios. Fine-tuning pre-trained models on limited target patient data (target adaptation) within the cross-patient validation framework results in higher recall, precision, and F1-score metrics in comparison to the conventional cross-patient validation approach. Finally, the runtime-based computational complexity of the model is assessed across diverse hardware platforms to highlight the performance-complexity trade-off.",yes,arXiv,include,,raw (CNN-LSTM) + STFT (ResNet-18) transformer fusion; prediction
A0073,arxiv,"Efficient EEG Seizure Detection Using INT8 Quantization, Channel Pruning, and Spiking Neural Networks",Kartikey Ahlawat,2026,arXiv (preprint),,2607.16296,preprint,"Continuous EEG monitoring for epilepsy is constrained by the limited power and memory budgets of wearable and implantable devices. Deep neural networks can detect seizures with high accuracy, but their computational cost and model size make them difficult to deploy on such platforms. In this work we use a single 1D CNN seizure detector on the CHB-MIT scalp EEG dataset as a common baseline, and then investigate three brain-inspired efficiency strategies: (i) conversion of the CNN into a spiking neural network (SNN) via parameter transfer, (ii) EEG channel pruning combined with 2:4 structured weight sparsity, and (iii) INT8 quantization using FX- and ONNX-based workflows, including quantization-aware training and operator fusion. The quantized CNN variants reduce stored model size from 1.63 MB to 0.44 MB, lower estimated energy per inference by up to 64%, and achieve as much as 2.8 times speedup in CPU latency while preserving, and in one case slightly improving, AUC. The pruned CNN halves the number of input channels and non-zero weights with only a modest accuracy drop, and the SNN conversion provides a spiking implementation with sparse temporal activity. Together, these experiments characterize three complementary efficiency directions for seizure detection.",yes,arXiv,exclude,2,"single 1D CNN, compression study, no fusion"
A0074,scopus;wos,"Enhancing Drug Response Prediction in Epilepsy with Emerging Multimodal Models: Focus on Clinical, Pharmacologic, and Genomic Factors",Anderson A.; Chang R.S.-K.; Howard M.; Chen Z.; Nhu D.; Ge Z.; Kwan P.,2026,CNS Drugs,10.1007/s40263-026-01295-8,,Review,,yes,Crossref: CNS Drugs 2026,exclude,1,drug response prediction
A0075,ieee,Enhancing EEG Data Quality with Explainable AI-Based Artifact Detection Models,S. Bansal; R. K. Verma; A. Dutt; R. Verma; A. Busad; R. P. R. Kumar,2026,2026 2nd International Conference on Big Data & Machine Learning (ICBDML),10.1109/icbdml68582.2026.11544650,,CONF,,yes,Crossref: 2026 2nd International Conference on Big Data &amp;amp; Machine Learning (ICBDML) 2026,exclude,1,artefact detection
A0076,scopus;wos,Enhancing Epileptic Seizure Classification via Multi-Feature Fusion in a Transformer-LSTM Architecture,Yuan G.; Qiu P.; Lin Q.; Lin J.; Li X.; Gao D.,2026,CMES - Computer Modeling in Engineering and Sciences,10.32604/cmes.2026.081152,,Article,,check,venue 'CMES - Computer Modeling in Engineering ' vs Crossref 'Computer Modeling in Engineering &amp; S',exclude,2,"handcrafted feature vector into one model, no fusion of representations in the network"
A0077,scopus;wos,Epilepsy detection based on spatiotemporal feature interaction fusion of EEG signals,Xu Z.; Ge H.; Huang W.; Lu H.,2026,Frontiers in Neurology,10.3389/fneur.2025.1478718,,Article,,check,first author not in Crossref author list,exclude,2,GAT+Transformer on one input
A0078,scopus;ieee,Epilepsy Diagnosis Based on a Multi-Scale Graph Convolution and Adaptive Attention Fusion Network,Rong S.; Liu Q.; Ma Y.; Xu M.; Chen Y.; Fei Y.,2026,"2026 10th International Conference on Electronic Information Technology and Computer Engineering, EITCE 2026",10.1109/eitce70137.2026.11634459,,Conference paper,,yes,Crossref: 2026 10th International Conference on Electronic Information Technology and Computer Engineering (EITCE) 2026,exclude,2,multi-scale graphs of one input
A0079,scopus;wos,Epilepsy seizure prediction based on ViT-2DCNN spatio-temporal fusion model,Yao D.; Chen D.,2026,Biomedical Physics and Engineering Express,10.1088/2057-1976/ae744a,,Article,,yes,Crossref: Biomedical Physics &amp; Engineering Express 2026,include,,STFT + spatial entropy map dual-branch gated fusion; prediction
A0080,scopus,Epileptical Seizure Classification from Electroencephalography Signals and 2-D Images: A Comprehensive Approach,Anita M.; Kowshalya A.M.; Elma K.J.; Muthuram A.; Peer Mohamed Appa M.A.Y.; Sivasakthi P.,2026,Communications in Computer and Information Science,10.1007/978-3-032-13026-6_17,,Conference paper,,yes,Crossref: Communications in Computer and Information Science 2026,include,,EEG signals + 2-D images; seizure classification
A0081,scopus;ieee,Epileptic Seizure Detection on Resource Constrained Edge Devices using Multi-Scale Temporal Convolutional Networks,Rahul Chiranjeevi V.; Ezhumalai P.; Sharmila V.,2026,"2026 3rd International Conference on Research Methodologies in Knowledge Management Artificial Intelligence and Telecommunication Engineering, RMKMATE 2026",10.1109/rmkmate69073.2026.11518642,,Conference paper,,yes,"Crossref: 2026 3rd International Conference on Research Methodologies in Knowledge Management, Artificial Intelligence and Telecommunication Engineering (RMKMATE) 2026",exclude,2,multi-scale TCN
A0082,scopus;wos,Epileptic Seizure Detection via TFN-GAT-Based Enhanced EEG Decoding,Ge Z.; Wang C.; Zou A.-M.; Zou R.; Cui J.; Liang G.,2026,Lecture Notes in Electrical Engineering,10.1007/978-981-95-4045-7_29,,Conference paper,,check,first author not in Crossref author list,include,,"time, frequency and nonlinear feature integration; detection"
A0083,scopus;wos,Epileptic seizure prediction based on a residual capsule network with multidimensional electroencephalography feature fusion,Xi Y.; Lan Z.; Meng T.; Chen Y.; Cao J.; Zhang L.,2026,Biomedical Signal Processing and Control,10.1016/j.bspc.2025.109370,,Article,,check,first author not in Crossref author list,exclude,2,multidimensional features within one network
A0084,scopus;wos,Equation-level parameterized fusion reformulation for multimodal epileptic seizure detection using interaction control and data-quality screening,Khalid A.-M.; Sulemana M.; Abdul I.W.,2026,Frontiers in Signal Processing,10.3389/frsip.2026.1745291,,Article,,yes,Crossref: Frontiers in Signal Processing 2026,include,,EEG+ECG+EMG+ACC parameterised fusion; detection
A0085,ieee,Explainable Convolutional Channel Ranking (ECCR) for EEG-Based Detection of Idiopathic Absence Seizures,F. Rajbdad; M. Aslam; J. Xu; M. Naraghi-Pour,2026,IEEE Journal of Biomedical and Health Informatics,10.1109/jbhi.2026.3678222,,JOUR,,yes,Crossref: IEEE Journal of Biomedical and Health Informatics 2026,exclude,2,channel ranking with single CNN
A0086,scopus;wos,Explainable End-to-End Seizure Prediction via Dynamic Multiscale Cross-Band Fusion Filter Network,Wang J.; Wang Y.; Nie W.; Yuan Q.,2026,International Journal of Neural Systems,10.1142/s0129065726500103,,Article,,yes,Crossref: International Journal of Neural Systems 2026,exclude,2,multiscale cross-band decomposition of one signal
A0087,scopus;wos,fastSeizureNet: Accurate and efficient knowledge-data fusion for semi-supervised seizure detection,An J.; Peng R.; Yang X.; Wu D.,2026,Neural Networks,10.1016/j.neunet.2026.109078,,Article,,check,first author not in Crossref author list,include,,"knowledge (handcrafted) and data (DL) fusion, several fusion strategies compared"
A0088,scopus;wos,Federated learning-enabled privacy-preserving framework for seizure forecasting and affective state analysis using multi-modal EEG-ECG data,Arulmurugan V.S.; Aarthy R.; Vidhya S.S.; K S.,2026,Scientific Reports,10.1038/s41598-026-50003-5,,Article,,yes,Crossref: Scientific Reports 2026,include,,EEG+ECG; forecasting
A0089,scopus;wos,FSG-Zero: An efficient end-to-end fusion framework for robust continual adaptation in EEG seizure prediction,Zhang H.; Zhang J.; Chen W.; Du G.,2026,Knowledge-Based Systems,10.1016/j.knosys.2025.115203,,Article,,yes,Crossref: Knowledge-Based Systems 2026,exclude,2,"fusion across subjects (domains), not representations"
A0090,scopus,Fusion-aware Ensemble Learning for Robust Multimodal Epileptic Seizure Detection Under Cross-dataset Distribution Shifts,Khalid A.-M.; Sulemana M.; Iddrisu W.A.,2026,International Journal of Intelligent Engineering and Systems,10.22266/ijies2026.0930.22,,Article,,yes,Crossref: International Journal of Intelligent Engineering and Systems 2026,include,,multimodal decision-level ensemble; detection
A0091,ieee,Fusion of ECG and EMG Signals for Non-EEG Based Epileptic Seizure Detection Using Deep Learning,N. O. K. A. Diab; A. A. F. A. Matar; A. Badawy,2026,"2026 Intelligent Methods, Systems, and Applications (IMSA)",10.1109/imsa70415.2026.11700315,,CONF,,yes,"Crossref: 2026 Intelligent Methods, Systems, and Applications (IMSA) 2026",exclude,1,ECG+EMG without EEG
A0092,ieee,GCF-SeizNet: A Dual-Modal Gated Co-Attention Fusion Network for Neonatal Seizure Detection,C. Yang; M. Zhu; X. Li; K. Zhang; S. T. Aboyeji; W. Hou; J. Yang; S. Chen,2026,2026 7th International Conference on Pattern Recognition and Machine Learning (PRML),10.1109/prml71097.2026.11687150,,CONF,,yes,Crossref: 2026 7th International Conference on Pattern Recognition and Machine Learning (PRML) 2026,include,,EEG+video gated co-attention; neonatal detection
A0093,scopus;ieee,HCFT: A Hierarchical Convolutional Fusion Transformer for Cross-Task EEG Decoding,Zhang H.; Zhu J.; Chen Y.; Li H.,2026,IEEE Journal of Biomedical and Health Informatics,10.1109/jbhi.2026.3721596,,Article,,yes,Crossref: IEEE Journal of Biomedical and Health Informatics 2026,exclude,2,time and time-space branches on one input
A0094,scopus;wos,IESS-FusionNet: Physiologically Inspired EEG-EMG Fusion with Linear Recurrent Attention for Infantile Epileptic Spasms Syndrome Detection,Feng J.; Liu Z.; Shen L.; Luo X.; Chen Y.; Li L.; Zhang T.,2026,Bioengineering,10.3390/bioengineering13010057,,Article,,yes,Crossref: Bioengineering 2025,include,,EEG+EMG; infantile spasms detection
A0095,scopus,Implementing a Novel Framework for Focal and Generalized Epilepsy Classification using Adaptive VAE with Dense Bi-GRU through Multimodal Data-guided Feature Fusion,Kumar M.; Kumar R.; Kumar S.,2026,International Journal of Intelligent Systems and Applications,10.5815/ijisa.2026.04.10,,Article,,yes,Crossref: International Journal of Intelligent Systems and Applications 2026,include,,STFT images + wearable sensor data fusion (different datasets; doubtful)
A0096,scopus;wos,Improved attention-based PCNN with GhostNet for epilepsy seizure detection using EEG and fMRI modalities: extractive pattern and histogram feature set,Mounika S.; S. R R.,2026,Frontiers in Artificial Intelligence,10.3389/frai.2025.1679218,,Article,,yes,Crossref: Frontiers in Artificial Intelligence 2026,include,,EEG+fMRI; detection
A0097,scopus,In-ear EEG wearables for brain activity assessment and cognitive rehabilitation: the emerging role of multimodal embedded intelligence,Channa A.; Jelinek H.F.; Belkacem A.N.; Atef M.; Elfadel I.A.M.,2026,Frontiers in Human Neuroscience,10.3389/fnhum.2026.1793705,,Review,,yes,Crossref: Frontiers in Human Neuroscience 2026,exclude,3,review
A0098,scopus;wos,Integrating deep learning and critical slowing theory for automated epileptic detection and seizure prediction,Yang X.; Liu H.; Yan F.; Cao J.,2026,Engineering Applications of Artificial Intelligence,10.1016/j.engappai.2026.114181,,Article,,yes,Crossref: Engineering Applications of Artificial Intelligence 2026,exclude,2,ResNet+GRU gated fusion of one input
A0099,scopus,Integrating Multimodal Neuroimaging for Neurological Disorders: A Systematic Framework for Clinical Translation,Lin Y.J.; Komperda I.,2026,SN Comprehensive Clinical Medicine,10.1007/s42399-026-02330-x,,Review,,yes,Crossref: SN Comprehensive Clinical Medicine 2026,exclude,3,review
A0100,ieee,KDF-DIL: Knowledge-Data Fusion for Domain Incremental Seizure Detection,J. An; D. Liu; X. Xu; D. Wu,2026,IEEE Journal of Biomedical and Health Informatics,10.1109/jbhi.2026.3738399,,JOUR,,check,first author not in Crossref author list,include,,manual features + deep representations fusion
A0101,scopus;ieee,LAG-EEGNet: A Length-Adaptive Global CNN-Transformer Framework for EEG-Based Epileptic Seizure Detection,Liu R.; Jia K.; Liu W.,2026,"2026 International Conference on Image, Signal Processing and Pattern Recognition, ISPP 2026",10.1109/ispp69262.2026.11543120,,Conference paper,,yes,"Crossref: 2026 International Conference on Image, Signal Processing and Pattern Recognition (ISPP) 2026",exclude,2,CNN-Transformer one input
A0102,scopus;wos,Learning feature-wise temporal-spatial gating with Kolmogorov-Arnold networks for EEG seizure detection,Basheer R.; Mishra D.,2026,Pattern Recognition Letters,10.1016/j.patrec.2026.07.016,,Article,,yes,Crossref: Pattern Recognition Letters 2026,unclear,,"temporal and hypergraph-spatial encoders, gating vs symmetric fusion compared"
A0103,scopus,LGFNet: A Local-Global Focused Network for EEG Seizure Detection,Hong C.; Sun J.; Wu Y.; Jiang Y.; Diao Y.; Wang L.; Fang H.,2026,ICIMH 2025 - Proceedings of the 6th International Conference on Intelligent Medicine and Health,10.1145/3784929.3784934,,Conference paper,,check,venue 'ICIMH 2025 - Proceedings of the 6th Inte' vs Crossref 'Proceedings of the 2025 6th Internationa',exclude,2,local-global one input
A0104,ieee,Machine Learning and Deep Learning in Neuroimaging: Review of Brain Connectivity Analysis for Diagnosis and Prognosis,A. J. Kumar; J. Singla,2026,2026 4th International Conference on Intelligent Data Communication Technologies and Internet of Things (IDCIoT),10.1109/idciot67589.2026.11455832,,CONF,,yes,Crossref: 2026 4th International Conference on Intelligent Data Communication Technologies and Internet of Things (IDCIoT) 2026,exclude,3,review
A0105,scopus;wos,Machine learning approaches for prediction of epilepsy risk across clinical pathways: a systematic review,Omar A.M.; Omisade A.; Gallivan J.P.; Winston G.P.,2026,Journal of Neural Engineering,10.1088/1741-2552/ae8eb1,,Review,,yes,Crossref: Journal of Neural Engineering 2026,exclude,3,review
A0106,scopus;ieee,Machine Learning-Driven EEG Signal Analysis for Neurological Diagnostics,Vandna; Banita,2026,"Proceedings of 2nd International Conference on Visual Analytics and Data Visualization, ICVADV 2026",10.1109/icvadv67766.2026.11470481,,Conference paper,,check,venue 'Proceedings of 2nd International Confere' vs Crossref '2026 International Conference on Visual ',exclude,1,"EEG emotion/pathology, not seizure detection"
A0107,scopus;wos,MAFNet: Dynamic multiscale anti-aliasing fusion network for end-to-end explainable seizure prediction,Wang J.; Wang Y.; Nie W.; Yuan Q.,2026,Applied Soft Computing,10.1016/j.asoc.2026.115554,,Article,,yes,Crossref: Applied Soft Computing 2026,exclude,2,multiscale decomposition of one signal
A0108,scopus;wos,MCLF: Montage consistent CNN–Liquid fusion for long-term scalp EEG seizure detection,Wang Y.; Zhao X.; Yin X.,2026,MethodsX,10.1016/j.mex.2026.103929,,Article,,yes,Crossref: MethodsX 2026,exclude,2,"cross-channel fusion, one input"
A0109,scopus;wos,MF-TopoNet: A Multi-Frequency Topological Neural Network for Epileptic Seizure Prediction,Mei Y.; Sun J.; Wang D.; An J.; Li H.; Li J.,2026,Sensors,10.3390/s26175623,,Article,,yes,Crossref: Sensors 2026,include,,raw EEG + functional brain network inputs; prediction
A0110,scopus;wos,Miniaturized Wearable System for Multimodal EEG/ECG/EMG Sensing and Real-Time Physiological Monitoring,Zhang Y.; Meng X.; Lu C.; He Y.; Liang X.,2026,Micromachines,10.3390/mi17060697,,Article,,yes,Crossref: Micromachines 2026,exclude,2,hardware; single CNN demonstration
A0111,scopus,MIVT: Medical-Informed Vision Transformer for Early Epilepsy Diagnosis,Masum Rana M.; Rizk R.; Santosh K.C.,2026,Lecture Notes in Networks and Systems,10.1007/978-981-96-9533-1_23,,Conference paper,,yes,Crossref: Lecture Notes in Networks and Systems 2025,unclear,,multimodal neuroimaging ViT; inputs unclear
A0112,scopus;wos,Modalities and algorithms for generalized motor seizure detection and prediction: a scoping review,Wesal A.; Hesham F.; Gad M.A.M.; Abdelrahim M.; Ahmed Sayed N.; Bahgat N.; Zaki N.A.; Rehan Youssef A.,2026,Expert Review of Medical Devices,10.1080/17434440.2026.2632757,,Review,,yes,Crossref: Expert Review of Medical Devices 2026,exclude,3,review
A0113,scopus;wos,Montage-guided fusion network for long-term scalp electroencephalography seizure detection,Yin H.; Yin X.,2026,Frontiers in Neuroinformatics,10.3389/fninf.2026.1942480,,Article,,yes,Crossref: Frontiers in Neuroinformatics 2026,exclude,2,"cross-derivation graph fusion, one input"
A0114,wos,MRI-informed multi-modal deep learning for EEG source imaging with subject-specific head structure recognition,"Phee, JH; Kang, DJ; Shin, M; Yoon, K",2026,COMPUTER METHODS AND PROGRAMS IN BIOMEDICINE,10.1016/j.cmpb.2026.109637,,Article,,yes,Crossref: Computer Methods and Programs in Biomedicine 2026,exclude,1,EEG source imaging
A0115,scopus;wos,MSM-TSFNet: A Multi-Stage Memory-augmented Temporal–Spectral Fusion Network for EEG-based epileptic seizure detection,Hou W.; Zhong S.; Li X.; Zhang K.; Wang X.; Yang C.; Aboyeji S.T.; Zhu M.; Zeng Z.; Cao S.; Chen S.,2026,Biomedical Signal Processing and Control,10.1016/j.bspc.2026.110712,,Article,,yes,Crossref: Biomedical Signal Processing and Control 2026,include,,temporal-spectral fusion; detection
A0116,scopus;ieee,MuGEP: Multiplex Graph-Based Brain Network Modeling for Epileptic Seizure Prediction Using Intracranial EEG,Zhou M.; Wu Y.; Tang Y.; Zhou X.; Zhang Y.; Gao R.; Jia W.; Zhang W.,2026,IEEE Journal of Biomedical and Health Informatics,10.1109/jbhi.2026.3679376,,Article,,yes,Crossref: IEEE Journal of Biomedical and Health Informatics 2026,exclude,2,multiplex graph of frequency bands
A0117,scopus;wos,Multi-band graph attention modeling of EEG for long-term epileptic seizure prediction,He T.; Sun Y.; Yi Z.; Li Z.,2026,Biomedical Signal Processing and Control,10.1016/j.bspc.2026.111333,,Article,,check,first author not in Crossref author list,exclude,2,multi-band graph of one signal
A0118,scopus;wos;ieee,Multi-Channel Fusion Deep Wavelet Spectrum Network for Epileptic Signal Classification,Sun J.; Cao Z.; Zhao J.,2026,IEEE Journal of Biomedical and Health Informatics,10.1109/jbhi.2025.3610433,,Article,,yes,Crossref: IEEE Journal of Biomedical and Health Informatics 2026,exclude,2,single CWT tensor
A0119,scopus;wos,Multi-kernel convolutional neural network with attention mechanism for RonS detection,Zhu T.; Hu D.; Jiang T.; Zhu S.; Zhao Y.; Cao J.,2026,Medical and Biological Engineering and Computing,10.1007/s11517-026-03521-3,,Article,,check,venue 'Medical and Biological Engineering and C' vs Crossref 'Medical &amp; Biological Engineering &am',exclude,1,ripples-on-spikes biomarker detection
A0120,scopus;ieee,"Multi-Modal Artificial Intelligence System for Early Detection of Neurological Diseases: A Comprehensive Approach to Alzheimer's, Parkinson's, and Epilepsy Diagnosis",Mukkawar S.; Anokar B.; Limaye K.; Gosavi C.; Pagaree R.,2026,"International Conference on Emerging Trends and Innovations in ICT, ICEI 2026",10.1109/icei65890.2026.11447679,,Conference paper,,check,venue 'International Conference on Emerging Tre' vs Crossref '2026 International Conference on Emergin',exclude,2,"separate models per disease, no fusion"
A0121,scopus,Multimodal brain image fusion for neurological disease detection and classification: a comprehensive review,Shaik M.; Gupta S.; Kishan Babu K.,2026,International Journal of Computers and Applications,10.1080/1206212x.2026.2690510,,Review,,yes,Crossref: International Journal of Computers and Applications 2026,exclude,3,review
A0122,scopus;wos,Multimodal feature representation and enhancement EEG signal processing for epilepsy detection,Zhao Y.; Kang Y.; Li W.; Zhou D.; Lyu X.; Lian C.; Wang S.,2026,Measurement: Journal of the International Measurement Confederation,10.1016/j.measurement.2025.119877,,Article,,check,venue 'Measurement: Journal of the Internationa' vs Crossref 'Measurement',include,,two image representations of EEG (original sequence and dynamic change imaging) fused
A0123,scopus;wos,Multi-modal Graph-Based Machine Learning for Predicting Surgical Outcome in Epilepsy Patients,Aharonyan A.A.; Amir S.A.; Wittayanakorn N.; Linguraru M.G.; Oluigbo C.; Anwar S.M.,2026,Lecture Notes in Computer Science,10.1007/978-3-032-05162-2_48,,Conference paper,,yes,Crossref: Lecture Notes in Computer Science 2025,exclude,1,surgical outcome prediction
A0124,scopus;wos,Multimodal machine learning for surgical decision support in epilepsy: Current evidence and translational gaps,Mercier M.; de Palma L.; Specchio N.,2026,Epilepsia,10.1111/epi.70019,,Article,,yes,Crossref: Epilepsia 2025,exclude,3,review
A0125,scopus;wos,Multiple epileptiform waves detection algorithm based on improved VMD and multidimensional feature fusion,Cai Q.; Hu D.; Gao F.; Lou X.; Cao J.,2026,Journal of Neuroscience Methods,10.1016/j.jneumeth.2026.110703,,Article,,yes,Crossref: Journal of Neuroscience Methods 2026,exclude,1,"epileptiform wave (spike/ripple) detection, not seizure"
A0126,scopus;ieee,Multiscale Deep Learning for EEG-Based Seizure Detection Bridging Validation Performance and Clinical Deployment,Chowdary M.H.; Munia M.R.; Sheakh M.A.; El-Shafai W.; Azar A.T.; Kamal N.A.,2026,"2026 International Conference on Control, Automation and Diagnosis, ICCAD 2026",10.1109/iccad69956.2026.11643149,,Conference paper,,yes,"Crossref: 2026 International Conference on Control, Automation and Diagnosis (ICCAD) 2026",include,,time- and frequency-domain dual-stream with attention fusion; also reports evaluation-deployment gap
A0127,scopus,Multi-scale spatio-temporal-spectral sparse attention-based hierarchical graph convolutional network for seizure prediction,Qin Y.; Yuan S.; Ma L.; Liu H.,2026,Knowledge-Based Systems,10.1016/j.knosys.2026.115429,,Article,,yes,Crossref: Knowledge-Based Systems 2026,include,,wavelet spectral transformer and temporal Mamba branches fused (with graph); prediction
A0128,scopus;wos,MWAM-CNN: A Multimodal Convolutional Neural Network Integrating Wavelet Transform and Attention Mechanism for Neonatal Seizures Detection,Qian Y.; Zheng W.; Wei X.; Li X.,2026,IRBM,10.1016/j.irbm.2026.100953,,Article,,yes,Crossref: IRBM 2026,unclear,,"four-path parallel CNN (spatial topographic, wavelet) adaptive fusion; inputs unclear"
A0129,scopus;wos,"Neonatal seizure detection: a review of current methods, challenges and future directions; [Anfallserkennung bei Neugeborenen: Übersicht über aktuelle Verfahren, Probleme und die zukünftige Ausrichtung]",Pavel A.M.; Mathieson S.R.; Boylan G.B.,2026,Clinical Epileptology,10.1007/s10309-026-00823-2,,Review,,check,"title differs: Crossref 'Neonatal seizure detection: a review of current methods, challenges and future d'",exclude,3,review
A0130,scopus;ieee,NeuroFusion: An Intelligent Multimodal AI Framework for Early Diagnosis and Risk Stratification of Neurological Disorders,Suriyapriya N.; Maheswari K.G.,2026,"Proceedings - ICSES 2026: 5th International Conference on Innovative Computing, Intelligent Communication and Smart Electrical Systems",10.1109/icses66558.2026.11478866,,Conference paper,,check,venue 'Proceedings - ICSES 2026: 5th Internatio' vs Crossref '2026 International Conference on Innovat',exclude,1,"multi-disorder diagnosis from imaging/EHR, not seizure detection"
A0131,scopus,Neurological disorder detection based on an adaptive self-supervised multi-scale spatiotemporal interaction network,Dong C.; Gu Z.; Li D.; Xi X.; Luo B.; Sun D.,2026,Expert Systems with Applications,10.1016/j.eswa.2026.133360,,Article,,yes,Crossref: Expert Systems with Applications 2026,exclude,2,"EEG and fMRI benchmarks evaluated separately, no cross-modal fusion"
A0132,scopus,Neuromorphic Innovations in Medical Imaging and Diagnostics,Prakash K.B.; Kumar V.P.,2026,Brain-Inspired Artificial Intelligence and Neuromorphic Computing in Healthcare,10.1002/9781394395477.ch20,,Book chapter,,yes,Crossref: Brain‐Inspired Artificial Intelligence and Neuromorphic Computing in Healthcare 2026,exclude,3,book chapter overview
A0133,scopus;ieee,Optimized Deep Learning Model for Precise Epileptic Seizure Detection from Electroencephalogram Signals Enhancing Accuracy Performance and Classification,Asha Saraswathi B.; Mevegar Q.; Halwegar W.A.,2026,"IEEE International Conference on Emerging Synergy Science and Technology, ICESST 2026",10.1109/icesst69086.2026.11582903,,Conference paper,,check,venue 'IEEE International Conference on Emergin' vs Crossref '2026 IEEE International Conference on Em',exclude,2,single ACRNN
A0134,scopus;wos,Optimized Edge AI Framework for Wearable Epilepsy Seizure Monitoring on Microcontrollers,Navarro-Lázaro J.; Lupión M.; González-Ruiz V.; Sanjuan J.F.; Ortigosa P.M.,2026,Lecture Notes in Networks and Systems,10.1007/978-3-032-16995-2_14,,Conference paper,,yes,Crossref: Lecture Notes in Networks and Systems 2026,exclude,1,"wearable EDA/EMG/temperature, no EEG"
A0135,scopus;wos,Optimized Seizure Detection in EEG Using Dual-Branch Feature Fusion and Machine Learning Technique,Hema P.; Vanithamani R.,2026,Developmental Neurobiology,10.1002/dneu.70014,,Article,,yes,Crossref: Developmental Neurobiology 2026,unclear,,dual-branch DL feature extractor (spatial-temporal and spectral) with classical classifiers
A0136,scopus;wos,Parameterized Multimodal Feature Fusion for Explainable Seizure Detection Using PCA and SHAP,Khalid A.-M.; Sulemana M.; Iddrisu W.A.,2026,AppliedMath,10.3390/appliedmath6030049,,Article,,yes,Crossref: AppliedMath 2026,include,,"EEG+ECG+EMG+ACC parameterised feature fusion, classical and DL classifiers"
A0137,scopus;wos,Pediatric SleepNet: a deep learning network for reliable pediatric sleep staging across developmental stages,Tripathi A.; Gupta A.; Ganglberger W.; Waters S.; Sun H.; Nasiri S.; Mitra A.; Stone K.L.; Mignot E.; Hwang D.; Reyna M.A.; Trotti L.M.; Clifford G.D.; Maski K.; Katwa U.; Thomas R.J.; Westover M.B.,2026,Sleep,10.1093/sleep/zsag064,,Article,,yes,Crossref: SLEEP 2026,exclude,1,sleep staging
A0138,scopus;wos,Power and Phase Fusion Spectrogram with Three-Dimensional Convolution and Vision Transformer for Seizure Detection,Jiang Y.; Wang Z.; Zhao Y.; Zhou W.; Liu G.,2026,Diagnostics,10.3390/diagnostics16132012,,Article,,yes,Crossref: Diagnostics 2026,include,,power and phase spectrogram fusion; detection
A0139,scopus,Prognosis of Neonatal Hypoxic-Ischemic Encephalopathy Using Multimodal Deep Learning on MRI and EEG: A Critical Review,Kalimumbalo Y.K.; Mubake M.W.; Kambale W.V.; Hamed M.; Kasereka S.; Kyamakya K.,2026,Lecture Notes in Networks and Systems,10.1007/978-3-032-26319-3_30,,Conference paper,,yes,Crossref: Lecture Notes in Networks and Systems 2026,exclude,3,review (HIE prognosis)
A0140,scopus;wos,Pyramid Vision Transformer-Enhanced Conformer Network for Epileptic Seizure Recognition Using Multichannel EEG Signals,Dong W.; Lian J.; Wang X.; Dong M.,2026,International Journal of Neural Systems,10.1142/s0129065726500504,,Article,,yes,Crossref: International Journal of Neural Systems 2026,exclude,2,Conformer+PVT on one input
A0141,scopus,Quantitative EEG enhances early assessment and prognostic stratification of brain dysfunction in infants with abusive head trauma,Hess V.; Doyen M.; Nabbout R.; Blauwblomme T.; Serrand B.; Balençon M.; Bar C.; Brissaud O.; Klein O.; Wiedemann A.; Kuchenbuch M.,2026,Neurophysiologie Clinique,10.1016/j.neucli.2025.103132,,Article,,yes,Crossref: Neurophysiologie Clinique 2026,exclude,1,qEEG in abusive head trauma
A0142,scopus;wos,Real-time EEG-based epileptic seizure prediction using artificial intelligence: A systematic review,Song Z.; Arrowsmith K.; Henare D.; Pedersen M.,2026,Artificial Intelligence in Medicine,10.1016/j.artmed.2026.103476,,Review,,yes,Crossref: Artificial Intelligence in Medicine 2026,exclude,3,review
A0143,scopus,Recent advances in artificial intelligence-assisted EEG analysis in diagnosis and treatment of epilepsy; [人工智能辅助脑电图分析在癫痫诊疗中的研究进展],Yao J.; Li J.; Lin J.; Meng H.,2026,Chinese Journal of Neuromedicine,10.3760/cma.j.cn115354-20251017-00633,,Article,,no,DOI not found in Crossref,exclude,3,review
A0144,scopus;wos,Reliable decision making on clinical EEG: Trusted multi-view learning with subjective logic for uncertainty quantification,Zuo Y.; Wang Y.; Chen D.; Gao T.; Chen J.,2026,Expert Systems with Applications,10.1016/j.eswa.2025.129453,,Article,,yes,Crossref: Expert Systems with Applications 2026,include,,"temporal, spectral and time-frequency views with belief fusion; seizure detection among four tasks"
A0145,ieee,Research on Epilepsy Warning Based on Multimodal Feature Fusion and Adaptive Deep Learning,Z. Zhu; H. Hu,2026,2026 2nd International Conference on Artificial Intelligence and Digital Ethics (ICAIDE),10.1109/icaide69370.2026.11604488,,CONF,,yes,Crossref: 2026 2nd International Conference on Artificial Intelligence and Digital Ethics (ICAIDE) 2026,unclear,,handcrafted spatio-temporal-spectral features + dual-path network; precursor detection
A0146,scopus,Research on Epileptic Seizure Detection in EEG Signals Based on a Dual-Stream Architecture,Wang Z.; Qin F.; Liu W.,2026,Lecture Notes in Electrical Engineering,10.1007/978-981-95-6817-8_9,,Conference paper,,yes,Crossref: Lecture Notes in Electrical Engineering 2026,include,,time-frequency dual-stream with adaptive weighting; detection
A0147,scopus;wos,SeiFuD: A novel deep learning framework leveraging domain generalization for cross-subject seizure prediction,Zhao S.; Zhang C.; Wang J.; Jiang H.; Li S.; Li T.; Pan G.,2026,Neurocomputing,10.1016/j.neucom.2025.132227,,Article,,yes,Crossref: Neurocomputing 2026,exclude,2,"time-frequency features into one spatio-temporal CNN, no separate representations fused"
A0148,scopus;wos;ieee,SemSTNet: Medical EEG Semantic Metric Learning With Class Prototypes Generated by Pretrained Language Model,Chen Q.; Ye C.; Xiao R.; Pan J.; Li J.,2026,IEEE Transactions on Biomedical Engineering,10.1109/tbme.2025.3620754,,Article,,yes,Crossref: IEEE Transactions on Biomedical Engineering 2026,exclude,2,"lightweight CNN with language-model prototypes, no representation fusion"
A0149,scopus,Sigma-1 Expression in Chronic Mouse Models of Temporal Lobe Epilepsy,Stocker V.M.; Lad C.; Markov A.; Potschka H.; von Rüden E.-L.,2026,Molecular Neurobiology,10.1007/s12035-026-06155-6,,Article,,yes,Crossref: Molecular Neurobiology 2026,exclude,1,animal molecular study
A0150,scopus,Smart Devices and Multimodal Systems for Mental Health Monitoring: From Theory to Application,Caragață A.V.; Hnatiuc M.; Geman O.; Halunga S.; Tulbure A.; Iov C.J.,2026,Bioengineering,10.3390/bioengineering13020165,,Review,,yes,Crossref: Bioengineering 2026,exclude,3,review
A0151,scopus,"Smart Wearable EEG Devices: A Review of Lightweight, Multi-Sensor Systems for Sleep and Everyday Neurophysiology",Kosnacova H.; Horvath D.; Vitazkova D.; Foltan E.; Pecik M.; Vavrinsky E.,2026,Biosensors,10.3390/bios16070374,,Review,,yes,Crossref: Biosensors 2026,exclude,3,review
A0152,scopus,Temporal Fusion Transformer-Based Multimodal Approach for Epileptic Seizure Prediction,Gnanaguru G.; Praveen B.M.; Silvia Priscila S.,2026,Lecture Notes in Networks and Systems,10.1007/978-3-032-23945-7_25,,Conference paper,,yes,Crossref: Lecture Notes in Networks and Systems 2026,unclear,,"""multimodal"" temporal fusion transformer; modalities not stated"
A0153,scopus;wos,TFFBN-HDLF: a hybrid deep learning framework based on time-frequency functional brain networks for epileptic seizure detection,Gu P.; Wang R.; Lin Y.; Zhang M.; Liu F.; Guo J.; Jiang B.,2026,Frontiers in Medicine,10.3389/fmed.2026.1788516,,Article,,check,first author not in Crossref author list,exclude,2,single fused connectivity network into CNN-Transformer
A0154,scopus,TinyML for Epileptic Seizure Detection: A State-of-the-Art Review,Yahyati C.; Lamaakal I.; Maleh Y.; El Makkaoui K.; Ouahbi I.,2026,Springer Proceedings in Physics,10.1007/978-3-032-19038-3_21,,Conference paper,,yes,Crossref: Springer Proceedings in Physics 2026,exclude,3,review
A0155,scopus;wos,TriFusionNet: Multiscale dual-stream and dimension-adaptive fusion network for epileptic seizure prediction,Zhai D.; Wang J.; Xiao H.; Zeng X.; Leng Y.; Nie W.; Yuan Q.,2026,Biomedical Signal Processing and Control,10.1016/j.bspc.2026.110671,,Article,,yes,Crossref: Biomedical Signal Processing and Control 2026,exclude,2,dual-stream CNN/Transformer on one input
A0156,scopus;wos,Validation of an Automated Seizure Detection Procedure for Multi-Channel Neonatal EEG,Micheli C.; Thelen A.; De Vos M.; Dereymaeker A.; Haueisen J.; Fiedler P.,2026,Applied Sciences (Switzerland),10.3390/app16010052,,Article,,yes,Crossref: Applied Sciences 2025,exclude,2,"SVM on handcrafted features, no DL fusion"
A0157,arxiv,Wave2Word: A Multimodal Transformer Framework for Joint EEG-Text Alignment and Multi-Task Representation Learning in Neurocritical Care,Argha Kamal Samanta; Deepak Mewada; Monalisa Sarma; Debasis Samanta,2026,arXiv (preprint),,2601.00670,preprint,"Continuous electroencephalography (EEG) is routinely used in neurocritical care to monitor seizures and other harmful brain activity, including rhythmic and periodic patterns that are clinically significant. Although deep learning methods have achieved high accuracy in seizure detection, most existing approaches remain seizure-centric, rely on discrete-label supervision, and are primarily evaluated using accuracy-based metrics. A central limitation of current EEG modeling practice is the weak correspondence between learned representations and how EEG findings are interpreted and summarized in clinical workflows. Harmful EEG activity exhibits overlapping patterns, graded expert agreement, and temporal persistence, which are not well captured by classification objectives alone. This work proposes a multimodal EEG representation learning framework that integrates signal-domain modeling with structured clinical language supervision. First, raw EEG is transformed into a longitudinal bipolar montage and time-frequency representations. Second, dual transformer-based encoders model complementary temporal and frequency-centric dependencies and are fused using an adaptive gating mechanism. Third, EEG embeddings are aligned with structured expert consensus descriptions through a contrastive objective. Finally, an EEG-conditioned text reconstruction loss is introduced as a representation-level constraint alongside standard classification loss. Experimental evaluation using a controlled train-validation-test split achieves a six-class test accuracy of 0.9797. Ablation analyses show that removing contrastive alignment reduces cross-modal retrieval performance from Recall@10 of 0.3390 to 0.0045, despite minimal change in classification accuracy. These findings demonstrate that discriminative accuracy does not reliably reflect representation quality for clinically meaningful EEG modeling.",yes,arXiv,unclear,,EEG-text alignment; seizure and harmful patterns
A0158,scopus;wos,Weakly supervised single-channel interictal epileptiform discharge detection with spatial priors,Wang C.; Luo W.; Shen J.; Jin B.; Yu F.,2026,Expert Systems with Applications,10.1016/j.eswa.2026.132136,,Article,,yes,Crossref: Expert Systems with Applications 2026,exclude,1,interictal epileptiform discharge detection
A0159,scopus,"Wearable seizure detection systems: Advancement, challenges, and future direction",Labeb O.A.; Ahmed M.A.; Salih M.M.; Abdulwahhab Z.T.,2026,AIP Conference Proceedings,10.1063/5.0328066,,Conference paper,,yes,Crossref: AIP Conference Proceedings 2026,exclude,3,review
A0160,scopus;wos,What is the across-subject performance of your Artificial Intelligence method for EEG analysis?,Gil D.; Hernández-Sabaté A.,2026,Biomedical Signal Processing and Control,10.1016/j.bspc.2026.110020,,Article,,yes,Crossref: Biomedical Signal Processing and Control 2026,exclude,2,"validation framework study, no fusion model (relevant to evaluation practice)"
A0161,scopus,"13th International Conference on Health Information Science, HIS 2024",,2025,Lecture Notes in Computer Science,,,Conference review,,,no DOI or arXiv id,exclude,1,"proceedings front matter, not a study"
A0162,scopus,"17th International Conference on Brain Informatics, BI 2024",,2025,Lecture Notes in Computer Science,,,Conference review,,,no DOI or arXiv id,exclude,1,"proceedings front matter, not a study"
A0163,scopus,"2025 IEEE International Conference on Advances in Computing Research on Science Engineering and Technology, ACROSET 2025",,2025,"2025 IEEE International Conference on Advances in Computing Research on Science Engineering and Technology, ACROSET 2025",,,Conference review,,,no DOI or arXiv id,exclude,1,"proceedings front matter, not a study"
A0164,scopus,"27th International Conference on Pattern Recognition Workshops, ICPRW 2024",,2025,Lecture Notes in Computer Science,,,Conference review,,,no DOI or arXiv id,exclude,1,"proceedings front matter, not a study"
A0165,scopus,"2nd International Conference on 6G Communications Networking and Signal Processing, SGCNSP 2024",,2025,Lecture Notes in Electrical Engineering,,,Conference review,,,no DOI or arXiv id,exclude,1,"proceedings front matter, not a study"
A0166,scopus,"4th IEEE International Conference on Distributed Computing and Electrical Circuits and Electronics, ICDCECE 2025",,2025,"4th IEEE International Conference on Distributed Computing and Electrical Circuits and Electronics, ICDCECE 2025",,,Conference review,,,no DOI or arXiv id,exclude,1,"proceedings front matter, not a study"
A0167,scopus,"4th International Workshop on Human Brain and Artificial Intelligence, HBAI 2024",,2025,Communications in Computer and Information Science,,,Conference review,,,no DOI or arXiv id,exclude,1,"proceedings front matter, not a study"
A0168,scopus;wos,A bibliometric analysis of electroencephalogram research in stroke: current trends and future directions,Liao X.-Y.; Jiang Y.-E.; Xu R.-J.; Qian T.-T.; Liu S.-L.; Che Y.,2025,Frontiers in Neurology,10.3389/fneur.2025.1539736,,Review,,yes,Crossref: Frontiers in Neurology 2025,exclude,1,stroke bibliometrics
A0169,scopus;wos,Adaptive multi-scale phase-aware fusion network for EEG seizure recognition,Liang Y.; Liu J.; Zhang X.,2025,Frontiers in Neurology,10.3389/fneur.2025.1631064,,Article,,yes,Crossref: Frontiers in Neurology 2025,exclude,2,multi-scale phase-aware fusion of one input
A0170,scopus,Advanced Epileptic Seizure Detection Model Using Adaptive Deep Learning Technique With Coordinate Attention- Based Feature Fusion Approach: A Proposal,Kumari N.; Kumar R.; Sharma R.,2025,Advancing Cybersecurity in Smart Factories through Autonomous Robotic Defenses,10.4018/979-8-3373-0583-7.ch017,,Book chapter,,check,title differs: Crossref 'Advanced Epileptic Seizure Detection Model Using Adaptive Deep Learning Techniqu'; venue 'Advancing Cybersecurity in Smart Factori' vs Crossref 'Advances in Computational Intelligence a',exclude,2,"proposal, single model with attention"
A0171,scopus;wos,Advancements in epilepsy classification: Current trends and future directions,Rai B R.; Rai B K.; A S M.; Sooda K.,2025,MethodsX,10.1016/j.mex.2025.103257,,Review,,yes,Crossref: MethodsX 2025,exclude,3,review
A0172,scopus;ieee,A Graph-Transformer Fusion Network Based on Multimodal Brain Connectivity for Epileptic Seizure Prediction,Lin Y.; Yu H.; Li H.,2025,"Proceeding of 2025 IEEE 4th International Conference on Computing, Communication, Perception and Quantum Technology, CCPQT 2025",10.1109/ccpqt66408.2025.11383053,,Conference paper,,check,venue 'Proceeding of 2025 IEEE 4th Internationa' vs Crossref '2025 IEEE 4th International Conference o',include,,"multimodal brain-network graph branch + Transformer sequence branch, cross-branch fusion; prediction"
A0173,scopus;wos,A hybrid CNN-Bi-LSTM model with feature fusion for accurate epilepsy seizure detection,Cao X.; Zheng S.; Zhang J.; Chen W.; Du G.,2025,BMC Medical Informatics and Decision Making,10.1186/s12911-024-02845-0,,Article,,yes,Crossref: BMC Medical Informatics and Decision Making 2025,exclude,2,handcrafted feature vector into CNN-BiLSTM
A0174,ieee,AI-Based Early Detection of Migraines Using a Fusion Machine Learning Model,Y. Daroshka; M. A. Sayeed,2025,"2025 3rd International Conference on Artificial Intelligence, Blockchain, and Internet of Things (AIBThings)",10.1109/aibthings66987.2025.11296238,,CONF,,yes,"Crossref: 2025 3rd International Conference on Artificial Intelligence, Blockchain, and Internet of Things (AIBThings) 2025",exclude,1,migraine
A0175,scopus;ieee,AI-Powered Multimodal Seizure Detection and Classification using CNN and GAN-based EEG Signal Analysis,Radhika V.; Harish S.P.; Sivaganesh M.; Akilan B.,2025,"3rd International Conference on Emerging Applications of Material Science and Technology, ICEAMST 2025",10.1109/iceamst67459.2025.11335834,,Conference paper,,check,venue '3rd International Conference on Emerging' vs Crossref '2025 Third International Conference on E',exclude,2,GAN augmentation + 3D CNN
A0176,scopus;wos,A model for epileptic EEG detection and recognition based on Multi-Attention mechanism and Spatiotemporal,Su J.; Huang Z.; Ma Y.; Shi H.; Yang Y.; Xi M.; Li B.,2025,Scientific Reports,10.1038/s41598-025-17256-y,,Article,,check,first author not in Crossref author list,exclude,2,attention model on raw EEG
A0177,scopus;wos,A Modified Transformer Network for Seizure Detection Using EEG Signals,Hu W.; Wang J.; Li F.; Ge D.; Wang Y.; Jia Q.; Yuan S.,2025,International Journal of Neural Systems,10.1142/s0129065725500030,,Article,,check,first author not in Crossref author list,exclude,2,CNN-Transformer on one input
A0178,scopus,A multi-domain feature fusion epilepsy seizure detection method based on spike matching and PLV functional networks,Fan Q.; Jiang L.; El Gohary A.; Dong F.; Wu D.; Jiang T.; Wang C.; Liu J.,2025,Journal of Neural Engineering,10.1088/1741-2552/adaef3,,Article,,yes,Crossref: Journal of Neural Engineering 2025,exclude,2,handcrafted multi-domain feature sequence into BiLSTM/Transformer
A0179,scopus,A Multi-head CNN for Interictal EEG Classification of Epilepsy and PNES,Lo Giudice M.; Mammone N.; Aguglia U.; Salvini A.; Morabito F.C.,2025,"Smart Innovation, Systems and Technologies",10.1007/978-981-96-0994-9_12,,Conference paper,,yes,"Crossref: Smart Innovation, Systems and Technologies 2025",exclude,1,"interictal epilepsy vs PNES diagnosis, not seizure detection"
A0180,scopus;wos,A multi-scale information fusion approach for brain network construction in epileptic EEG analysis,Ren Z.; Han D.,2025,Physica A: Statistical Mechanics and its Applications,10.1016/j.physa.2025.130415,,Article,,yes,Crossref: Physica A: Statistical Mechanics and its Applications 2025,exclude,2,"brain-network construction, no DL fusion model"
A0181,scopus,Analysis of Epileptic EEG Signals Based on Graph Capsule with Spatio-Temporal Spectral Hierarchical Residual Attention,Ge S.; Wang S.; Zhao X.; Wang X.; Yang Q.; Tian S.; Chen J.,2025,IAENG International Journal of Computer Science,,,Article,,,no DOI or arXiv id,exclude,2,time/frequency/spatial fusion within one graph capsule network
A0182,scopus,Analysis of the application effectiveness of privacy-preserving transfer learning technology in epileptic intracranial EEG spike signal recognition; [隐私保护迁移学习技术在癫痫颅内脑电棘波信号识别中的应用效果分析],Wang K.; Wang L.; Liu X.; Zhang D.; Qi Y.; Chen X.; Qian R.,2025,Chinese Journal of Neurosurgery,10.3760/cma.j.cn112050-20250403-00104,,Article,,no,DOI not found in Crossref,exclude,1,spike recognition
A0183,scopus;wos,An enhanced CNN-Bi-transformer based framework for detection of neurological illnesses through neurocardiac data fusion,Rawat K.; Sharma T.,2025,Scientific Reports,10.1038/s41598-025-96052-0,,Article,,yes,Crossref: Scientific Reports 2025,exclude,1,"mental illness prediction (MEG/EEG/ECG), not seizure detection"
A0184,scopus;wos,A Neural ODE-Enhanced Deep Learning Framework for Accurate and Real-Time Epilepsy Detection,Shawly T.; Alsheikhy A.A.,2025,CMES - Computer Modeling in Engineering and Sciences,10.32604/cmes.2025.065264,,Article,,check,venue 'CMES - Computer Modeling in Engineering ' vs Crossref 'Computer Modeling in Engineering &amp; S',exclude,2,neural ODE single model
A0185,scopus;ieee,An Iterative Analysis of Deep Learning Models Including LSTM and CNN-GRU for Real-Time Seizure Prediction,Sai R.U.; Parthiban L.,2025,"2nd International Conference on Machine Learning and Autonomous Systems, ICMLAS 2025 - Proceedings",10.1109/icmlas64557.2025.10968206,,Conference paper,,check,venue '2nd International Conference on Machine ' vs Crossref '2025 International Conference on Machine',exclude,2,LSTM and CNN-GRU single input
A0186,scopus,An On-Board Executable Multi-Feature Transfer-Enhanced Fusion Model for Three-Lead EEG Sensor-Assisted Depression Diagnosis,Tian F.; Zhang H.; Tan Y.; Zhu L.; Shen L.; Qian K.; Hu B.; Schuller B.W.; Yamamoto Y.,2025,IEEE Journal of Biomedical and Health Informatics,10.1109/jbhi.2024.3487012,,Article,,yes,Crossref: IEEE Journal of Biomedical and Health Informatics 2025,exclude,1,depression
A0187,arxiv,A Novel Data Augmentation Strategy for Robust Deep Learning Classification of Biomedical Time-Series Data: Application to ECG and EEG Analysis,Mohammed Guhdar; Ramadhan J. Mstafa; Abdulhakeem O. Mohammed,2025,arXiv (preprint),,2507.12645,preprint,"The increasing need for accurate and unified analysis of diverse biological signals, such as ECG and EEG, is paramount for comprehensive patient assessment, especially in synchronous monitoring. Despite advances in multi-sensor fusion, a critical gap remains in developing unified architectures that effectively process and extract features from fundamentally different physiological signals. Another challenge is the inherent class imbalance in many biomedical datasets, often causing biased performance in traditional methods. This study addresses these issues by proposing a novel and unified deep learning framework that achieves state-of-the-art performance across different signal types. Our method integrates a ResNet-based CNN with an attention mechanism, enhanced by a novel data augmentation strategy: time-domain concatenation of multiple augmented variants of each signal to generate richer representations. Unlike prior work, we scientifically increase signal complexity to achieve future-reaching capabilities, which resulted in the best predictions compared to the state of the art. Preprocessing steps included wavelet denoising, baseline removal, and standardization. Class imbalance was effectively managed through the combined use of this advanced data augmentation and the Focal Loss function. Regularization techniques were applied during training to ensure generalization. We rigorously evaluated the proposed architecture on three benchmark datasets: UCI Seizure EEG, MIT-BIH Arrhythmia, and PTB Diagnostic ECG. It achieved accuracies of 99.96%, 99.78%, and 100%, respectively, demonstrating robustness across diverse signal types and clinical contexts. Finally, the architecture requires ~130 MB of memory and processes each sample in ~10 ms, suggesting suitability for deployment on low-end or wearable devices.",yes,arXiv,exclude,2,"augmentation study, single model per signal"
A0188,scopus;wos,A novel dual-branch network for comprehensive spatiotemporal information integration for EEG-based epileptic seizure detection,Deng X.,2025,PLOS ONE,10.1371/journal.pone.0321942,,Article,,yes,Crossref: PLOS One 2025,exclude,2,spatial-graph and temporal branches on one input
A0189,scopus;ieee,An Overview of Machine Learning Approaches for ECG-Based Epileptic Seizure Detection,Jumakhan H.; Deriche M.,2025,"22nd IEEE International Multi-Conference on Systems, Signals and Devices, SSD 2025",10.1109/ssd64182.2025.10989891,,Conference paper,,check,venue '22nd IEEE International Multi-Conference' vs Crossref '2025 IEEE 22nd International Multi-Confe',exclude,3,review (ECG-based)
A0190,scopus;wos,Application of machine learning approaches to predict seizure-onset zones in patients with drug-resistant epilepsy: a systematic review,Bangash A.H.; Bercu M.M.; Byrne R.W.; Pavuluri S.; Salehi A.,2025,Frontiers in Neurology,10.3389/fneur.2025.1687144,,Review,,yes,Crossref: Frontiers in Neurology 2025,exclude,3,review
A0191,wos,Application of transfer learning for biomedical signals: A comprehensive review of the last decade (2014-2024),"Jafari, M; Tao, XH; Barua, P; Tan, RS; Acharya, UR",2025,INFORMATION FUSION,10.1016/j.inffus.2025.102982,,Review,,yes,Crossref: Information Fusion 2025,exclude,3,review
A0192,ieee,Artificial Intelligence in Action (2019-2024): A Review on Parkinson’s Disease Detection Using Non-Invasive Procedures,P. Patro; T. K. Das,2025,IEEE Access,10.1109/access.2025.3583572,,JOUR,,yes,Crossref: IEEE Access 2025,exclude,3,review
A0193,scopus;wos,Artificial intelligence in electroencephalography analysis for epilepsy diagnosis and management,Wang C.; Yuan X.; Jing W.,2025,Frontiers in Neurology,10.3389/fneur.2025.1615120,,Review,,yes,Crossref: Frontiers in Neurology 2025,exclude,3,review
A0194,ieee,Assessing Visual Reasoning of Multimodal Language Models in Biomedical Applications,S. Purba; A. Melles; D. Hackel; I. Obeid; J. Picone,2025,2025 IEEE Signal Processing in Medicine and Biology Symposium (SPMB),10.1109/spmb67169.2025.11345419,,CONF,,yes,Crossref: 2025 IEEE Signal Processing in Medicine and Biology Symposium (SPMB) 2025,exclude,2,"zero-shot MLLM image interpretation, no fusion"
A0195,scopus,A Temporal Multi-View Fuzzy Classifier for Fusion Identification on Epileptic Brain Network,Xia Z.; Xue W.; Zhai J.; Zhou T.; Su C.,2025,IEEE Transactions on Fuzzy Systems,10.1109/tfuzz.2024.3363623,,Article,,yes,Crossref: IEEE Transactions on Fuzzy Systems 2025,exclude,2,"fuzzy classifier on brain networks, no DL fusion"
A0196,scopus;wos;ieee,Automated Identification of Cyclic Alternating Patterns of Sleep Using Fusion of VGG16 and Vision Transformer,Telangore H.; Kumar Jha A.; Verma P.; Sharma M.; Sabareesh C.; Bhurane A.A.; Mir H.S.; Rajendra Acharya U.,2025,IEEE Access,10.1109/access.2025.3571145,,Article,,yes,Crossref: IEEE Access 2025,exclude,1,sleep CAP
A0197,scopus;wos,Automatic detection and prediction of epileptic EEG signals based on nonlinear dynamics and deep learning: a review,Tan S.; Tang Z.; He Q.; Li Y.; Cai Y.; Zhang J.; Fan D.; Guo Z.,2025,Frontiers in Neuroscience,10.3389/fnins.2025.1630664,,Review,,yes,Crossref: Frontiers in Neuroscience 2025,exclude,3,review
A0198,scopus,Automatic diagnostics of electroencephalography pathology based on multi-domain feature fusion,Chen S.; Huang D.; Liu X.; Chen J.; Kong X.; Zhang T.,2025,PLoS ONE,10.1371/journal.pone.0310348,,Article,,yes,Crossref: PLOS One 2025,exclude,1,"abnormal EEG (pathology) diagnosis, not seizure detection"
A0199,arxiv,"Biomedical Signal Processing: EEG and ECG Classification with Discrete Wavelet Transforms, Energy Distribution, and Convolutional Neural Networks",Justin London,2025,arXiv (preprint),,2508.08602,preprint,"Biomedical signal processing extract meaningful information from physiological signals like electrocardiograms (ECGs), electroencephalograms (EEGs), and electromyograms (EMGs) to diagnose, monitor, and treat medical conditions and diseases such as seizures, cardiomyopathy, and neuromuscular disorders, respectively. Traditional manual physician analysis of electrical recordings is prone to human error as subtle anomolies may not be detected. Recently, advanced deep learning has significantly improved the accuracy of biomedical signal analysis. A multi-modal deep learning model is proposed that utilizes discrete wavelet transforms for signal pre-processing to reduce noise. A multi-modal image fusion and multimodal feature fusion framework is utilized that converts numeric biomedical signals into 2D and 3D images for image processing using Gramian angular fields, recurrency plots, and Markov transition fields. In this paper, deep learning models are applied to ECG, EEG, and human activity signals using actual medical datasets, brain, and heart recordings. The results demonstrate that using a multi-modal approach using wavelet transforms improves the accuracy of disease and disorder classification.",yes,arXiv,unclear,,"multiple image encodings (GAF, RP, MTF) fused; seizure task among several"
A0200,scopus,BioSympNet: Adaptive Bio-Signal Cross-Linking for Multi-Disease Early Prediction,Janet A M.V.; Kathyani A.; Kavya A.; Athiban S.; Pradeepthika Kh.; Pavithra S.,2025,"International Conference on Communication, Computer and Information Technology, IC3IT 2025",10.1109/ic3it66137.2025.11341538,,Conference paper,,check,venue 'International Conference on Communicatio' vs Crossref '2025 International Conference on Communi',exclude,1,multi-disease prediction
A0201,scopus;wos,Blockchain-integrated multi-modal LSTM-CNN fusion for high-precision epileptic seizure detection from EEG signals,Mokhiamar M.O.; Mahmoud A.; Eldagla M.I.; Aribi Y.; Anter A.M.,2025,Knowledge-Based Systems,10.1016/j.knosys.2025.113703,,Article,,yes,Crossref: Knowledge-Based Systems 2025,unclear,,"spectrogram + LSTM-CNN ""multimodal""; branch inputs unclear"
A0202,scopus,Classification of EEG Signals Extracted Feature for Epilepsy Seizures Detection Based on Deep Learning,Mohammed M.R.; Sagheer A.M.,2025,AIP Conference Proceedings,10.1063/5.0260061,,Conference paper,,yes,Crossref: AIP Conference Proceedings 2025,exclude,2,feature selection + 1D CNN
A0203,scopus,Classification of FC and NFC EEG Signals Using ConVnet Bidirectional Long Short-Term Memory,Alabdeli H.; Obaid M.K.; Raju N.V.G.,2025,Lecture Notes in Electrical Engineering,10.1007/978-981-96-5388-1_14,,Conference paper,,yes,Crossref: Lecture Notes in Electrical Engineering 2026,exclude,1,"focal vs non-focal EEG classification (localisation), not seizure detection"
A0204,scopus;wos,CMTS-GNN: a cross-modal temporal-spectral graph neural network with cognitive network explainability,Wang Y.; Meng L.; Fan Y.,2025,Frontiers in Neurology,10.3389/fneur.2025.1700161,,Article,,yes,Crossref: Frontiers in Neurology 2025,include,,cross-modal temporal-spectral GNN; infantile spasms
A0205,scopus;ieee,Concept of a Pipeline System for Automatic Markup and Prediction of Epileptic Seizures Based on Multimodal Analysis of EEG and Video Data,Malinin I.I.; Molodyakov S.A.,2025,"Proceedings of 2025 28th International Conference on Soft Computing and Measurements, SCM 2025",10.1109/scm66446.2025.11060088,,Conference paper,,check,venue 'Proceedings of 2025 28th International C' vs Crossref '2025 XXVIII International Conference on ',include,,EEG+video pipeline (concept)
A0206,scopus,"Correction to: Employing Siamese Networks as Quantitative Biomarker for Assessing the Effect of Dolphin-Assisted Therapy on Pediatric Cerebral Palsy (Brain Sciences, (2024), 14, 8, (778), 10.3390/brainsci14080778)",Moreno Escobar J.J.; Morales Matamoros O.; Aguilar del Villar E.Y.; Quintana Espinosa H.; Chanona Hernández L.,2025,Brain Sciences,10.3390/brainsci15050425,,Erratum,,check,title differs: Crossref 'Correction: Moreno Escobar et al. Employing Siamese Networks as Quantitative Bio',exclude,1,correction notice
A0207,scopus,"COSMIC 2025 - 2nd IEEE International Conference on Computing, Semiconductor, Mechatronics, Intelligent Systems and Communications, Conference Proceedings",,2025,"COSMIC 2025 - 2nd IEEE International Conference on Computing, Semiconductor, Mechatronics, Intelligent Systems and Communications, Conference Proceedings",,,Conference review,,,no DOI or arXiv id,exclude,1,"proceedings front matter, not a study"
A0208,scopus;wos,CPRSCA-ResNet: a novel ResNet-based model with Channel-Partitioned Resolution Spatial-Channel Attention for EEG-based seizure detection,Ye S.; Chen G.; Li G.; Shen X.,2025,Frontiers in Neuroscience,10.3389/fnins.2025.1693079,,Article,,check,first author not in Crossref author list,exclude,2,"ResNet with attention, one input"
A0209,scopus,CrossConvPyramid: Deep Multimodal Fusion for Epileptic Magnetoencephalography Spike Detection,Zhang L.; Sheng S.; Wang X.; Gao J.-H.; Sun Y.; Xiao K.; Yang W.; Teng P.; Luan G.; Lv Z.,2025,IEEE Journal of Biomedical and Health Informatics,10.1109/jbhi.2025.3538582,,Article,,yes,Crossref: IEEE Journal of Biomedical and Health Informatics 2025,exclude,1,MEG spike detection
A0210,scopus;wos,"Deep Convolutional Neural Networks in Neurological Disorders Diagnosis: Comprehensive Review of Cutting-Edge Architectures, Challenges, and Future Directions",Zamani H.; Asghari Varzaneh Z.; Nadimi-Shahraki M.H.,2025,Archives of Computational Methods in Engineering,10.1007/s11831-025-10435-0,,Review,,yes,Crossref: Archives of Computational Methods in Engineering 2025,exclude,3,review
A0211,wos,Deep learning applied in epilepsy: Bibliometric and visual analysis,"Wu, YM; Wu, WQ",2025,DIGITAL HEALTH,10.1177/20552076251375840,,Article,,check,first author not in Crossref author list,exclude,3,bibliometric review
A0212,scopus;wos,Deep learning-based classification and segmentation of interictal epileptiform discharges using multichannel electroencephalography,Sun Y.; Guan M.; Chen X.; Feng F.; He R.; Huang L.; Tong X.; Zhou H.; Liu X.; Ming D.,2025,Epilepsia,10.1111/epi.18463,,Article,,check,title differs: Crossref 'Deep learning‐based classification and segmentation of interictal epileptiform d',exclude,1,IED detection
A0213,scopus,Deep Learning for the Prediction of Treatment Responses in Individuals With Epilepsy,Krauss G.L.; Habela C.W.,2025,Neurology,10.1212/wnl.0000000000214421,,Editorial,,yes,Crossref: Neurology 2025,exclude,1,treatment response prediction
A0214,scopus;wos,"Deep learning in intracranial EEG for seizure detection: advances, challenges, and clinical applications",Qamar W.U.R.; Lee M.-H.; Abibullaev B.,2025,Frontiers in Neuroscience,10.3389/fnins.2025.1677898,,Review,,yes,Crossref: Frontiers in Neuroscience 2025,exclude,3,review
A0215,scopus;wos,Deep Learning with Dual-Channel Feature Fusion for Epileptic EEG Signal Classification,Yu B.; Zuo M.; Sui L.,2025,Eng,10.3390/eng6070150,,Article,,check,first author not in Crossref author list,exclude,2,two channels on one input
A0216,scopus;wos,Development and validation of a multimodal automatic interictal epileptiform discharge detection model: a prospective multi-center study,Lin N.; Li L.; Gao W.; Hu P.; Yuan G.; Sun H.; Qi F.; Wang L.; Wang S.; Liang Z.; He H.; Dong Y.; Gao Z.; Shao X.; Cui L.; Lu Q.,2025,BMC Medicine,10.1186/s12916-025-04316-3,,Article,,yes,Crossref: BMC Medicine 2025,exclude,1,IED detection
A0217,wos,Differentially Private Multimodal Laplacian Dropout (DP-MLD) for EEG representative learning,"Fu, XW; Wang, BX; Guo, XZ; Liu, GQ; Xiang, Y",2025,NEURAL NETWORKS,10.1016/j.neunet.2025.107657,,Article,,check,first author not in Crossref author list,exclude,1,Parkinson freezing of gait
A0218,scopus;ieee;arxiv,DistilCLIP-EEG: Enhancing Epileptic Seizure Detection Through Multi-modal Learning and Knowledge Distillation,Wang Z.; Shi L.; Wu H.; Luo J.; Kong X.; Qi J.,2025,IEEE Journal of Biomedical and Health Informatics,10.1109/jbhi.2025.3603022,2510.13497,Article,"Epilepsy is a prevalent neurological disorder marked by sudden, brief episodes of excessive neuronal activity caused by abnormal electrical discharges, which may lead to some mental disorders. Most existing deep learning methods for epilepsy detection rely solely on unimodal EEG signals, neglecting the potential benefits of multimodal information. To address this, we propose a novel multimodal model, DistilCLIP-EEG, based on the CLIP framework, which integrates both EEG signals and text descriptions to capture comprehensive features of epileptic seizures. The model involves an EEG encoder based on the Conformer architecture as a text encoder, the proposed Learnable BERT (BERT-LP) as prompt learning within the encoders. Both operate in a shared latent space for effective cross-modal representation learning. To enhance efficiency and adaptability, we introduce a knowledge distillation method where the trained DistilCLIP-EEG serves as a teacher to guide a more compact student model to reduce training complexity and time. On the TUSZ, AUBMC, and CHB-MIT datasets, both the teacher and student models achieved accuracy rates exceeding 97%. Across all datasets, the F1-scores were consistently above 0.94, demonstrating the robustness and reliability of the proposed framework. Moreover, the student model's parameter count and model size are approximately 58.1% of those of the teacher model, significantly reducing model complexity and storage requirements while maintaining high performance. These results highlight the potential of our proposed model for EEG-based epilepsy detection and establish a solid foundation for deploying lightweight models in resource-constrained settings.",yes,Crossref: IEEE Journal of Biomedical and Health Informatics 2025,include,,EEG + text multimodal (CLIP) with distillation; detection
A0219,ieee,DSTSFN: A Dual-Path Dynamic-Static Feature Fusion Network for Robust Epileptic Seizure Detection,Z. Yang; X. Li; Z. Guo; C. Yang; K. Zhang; C. Wang; S. Chen,2025,2025 18th International Conference on Sensing Technology (ICST),10.1109/icst66402.2025.11512519,,CONF,,yes,Crossref: 2025 18th International Conference on Sensing Technology (ICST) 2025,exclude,2,dynamic-temporal and static-spatial paths on one input
A0220,scopus;wos,Dynamic Ensemble Selection for EEG Signal Classification in Distributed Data Environments,Przybyła-Kasperek M.; Sacewicz J.,2025,Applied Sciences (Switzerland),10.3390/app15116043,,Article,,yes,Crossref: Applied Sciences 2025,exclude,2,"distributed ensemble, no representation fusion"
A0221,scopus;wos,EAViz: a user-friendly deep learning-based epilepsy analysis visualizer using multimodal data,Xia Z.; Hu D.; Jiang T.; Zhu S.; Lou X.; Cao J.,2025,Journal of Supercomputing,10.1007/s11227-025-07494-2,,Article,,check,venue 'Journal of Supercomputing' vs Crossref 'The Journal of Supercomputing',exclude,2,"toolbox with separate EEG and video modules, no fusion"
A0222,ieee,EEG-based Recognition of Epileptic Seizure Patterns: A Lightweight Spiking Convolutional Neural Network with Human Memory Optimization Algorithm,K. S. Ramana; M. Nikitha; L. V. Arun Shalin; F. Tlajiya; S. Gurpur; L. Natrayan,2025,2025 6th International Conference on Electronics and Sustainable Communication Systems (ICESC),10.1109/icesc65114.2025.11212410,,CONF,,yes,Crossref: 2025 6th International Conference on Electronics and Sustainable Communication Systems (ICESC) 2025,exclude,2,spiking CNN single input
A0223,ieee,EEG-Based Seizure Detection and Type Classification with Structured State Space Modeling and Graph Neural Networks,X. Fan; G. Zhang; P. Ganzhang; G. Pei; Q. Zhao; S. -c. Bao; Z. Zhao; Z. Wang,2025,2025 IEEE International Conference on Bioinformatics and Biomedicine (BIBM),10.1109/bibm66473.2025.11356959,,CONF,,yes,Crossref: 2025 IEEE International Conference on Bioinformatics and Biomedicine (BIBM) 2025,exclude,2,two-stream GNN on one input
A0224,scopus;wos,EEG detection and recognition model for epilepsy based on dual attention mechanism,Huang Z.; Yang Y.; Ma Y.; Dong Q.; Su J.; Shi H.; Zhang S.; Hu L.,2025,Scientific Reports,10.1038/s41598-025-90315-6,,Article,,yes,Crossref: Scientific Reports 2025,exclude,2,dual attention one input
A0225,scopus;wos;ieee,EEG-TBSANet: Temporal-Spectral Fusion Network for Robust Epilepsy Diagnosis from EEG,Ji S.; Wang W.; Chen J.; Qi J.,2025,IEEE International Conference on Industrial Informatics (INDIN),10.1109/indin64977.2025.11279416,,Conference paper,,check,first author not in Crossref author list; venue 'IEEE International Conference on Industr' vs Crossref '2025 IEEE 23rd International Conference ',exclude,2,TCN-BiLSTM-attention on one input
A0226,scopus,Efficient EEG-based seizure prediction using DOFANet: a deep learning approach,Upadhyay P.K.; Kumar P.; Mishra S.K.; Bhutani M.,2025,International Journal of Information Technology (Singapore),10.1007/s41870-025-02646-2,,Article,,yes,Crossref: International Journal of Information Technology 2025,exclude,2,handcrafted features into one network
A0227,ieee,Efficient Epileptic Seizure Detection using K-Nearest Neighbors and Wavelet-based Feature Extraction from EEG Signals,M. C. Madhumitha; M. Dhar M S,2025,2025 5th International Conference on Soft Computing for Security Applications (ICSCSA),10.1109/icscsa66339.2025.11170734,,CONF,,yes,Crossref: 2025 5th International Conference on Soft Computing for Security Applications (ICSCSA) 2025,exclude,2,"KNN on wavelet features, no DL fusion"
A0228,scopus,"Eighth International Conference on Machine Vision and Applications, ICMVA 2025",,2025,Proceedings of SPIE - The International Society for Optical Engineering,,,Conference review,,,no DOI or arXiv id,exclude,1,"proceedings front matter, not a study"
A0229,scopus;ieee,End-to-End Deep Learning Framework for Automated Epilepsy Diagnosis from EEG Data,Nagoor Meeral M.; Rashed Khan A.A.; Mishra A.; Pradhan N.; Anitha C.; Reshma M.,2025,"2025 IEEE 1st International Conference on Recent Trends in Computing and Smart Mobility, RCSM 2025",10.1109/rcsm67767.2025.11506764,,Conference paper,,yes,Crossref: 2025 IEEE 1st International Conference on Recent Trends in Computing and Smart Mobility (RCSM) 2025,include,,raw signal and wavelet frequency representations cross-modal fusion with graph learning
A0230,ieee,Enhanced NeuroX: Advanced Algorithms for Neurological Cognitive Dysfunction,B. Lahari; A. Himaja; R. Rajalakshmi,2025,2025 International Conference on Electronics and Renewable Systems (ICEARS),10.1109/icears64219.2025.10940276,,CONF,,yes,Crossref: 2025 International Conference on Electronics and Renewable Systems (ICEARS) 2025,exclude,1,cognitive dysfunction
A0231,scopus;wos;ieee,Enhanced Non-EEG Multimodal Seizure Detection: A Real-World Model for Identifying Generalised Seizures Across the Ictal State,Pordoy J.; Jones G.; Matoorian N.; Evans M.; Dadashiserej N.; Zolgharni M.,2025,IEEE Journal of Biomedical and Health Informatics,10.1109/jbhi.2025.3532223,,Article,,yes,Crossref: IEEE Journal of Biomedical and Health Informatics 2025,exclude,1,non-EEG seizure detection
A0232,ieee,Enhancing Epileptic Seizure Classification Using Entropy Measures on EEG Signals,F. Rasyaad; A. Rizal; I. Wijayanto,2025,2025 4th International Conference on Electronics Representation and Algorithm (ICERA),10.1109/icera66156.2025.11087327,,CONF,,yes,Crossref: 2025 4th International Conference on Electronics Representation and Algorithm (ICERA) 2025,exclude,2,"entropy features, no fusion"
A0233,scopus,Epileptic EEG signal analysis and classification based on a hybrid CNN-LSTM-self-attention framework,Xiao H.; Wang J.; Zeng X.; Yuan Q.,2025,Proceedings of SPIE - The International Society for Optical Engineering,10.1117/12.3076758,,Conference paper,,check,venue 'Proceedings of SPIE - The International ' vs Crossref 'Fifth International Conference on Signal',exclude,2,CNN-LSTM-attention one input
A0234,scopus;ieee,Epileptic EEG signal detection based on deep learning,Li J.; Zhang Y.,2025,"2025 8th International Conference on Computer Information Science and Application Technology, CISAT 2025",10.1109/cisat66811.2025.11181834,,Conference paper,,check,first author not in Crossref author list,exclude,2,1D CNN variants on one input
A0235,scopus;ieee,Epileptic Seizure Detection Using Multimodal EEG Scalogram and ConvNet Model,Arslan Ö.,2025,"9th International Artificial Intelligence and Data Processing Symposium, IDAP 2025",10.1109/idap68205.2025.11222275,,Conference paper,,check,venue '9th International Artificial Intelligenc' vs Crossref '2025 9th International Artificial Intell',exclude,1,focal vs non-focal classification (Bern-Barcelona)
A0236,scopus;ieee,Epileptic Seizure Prediction and Detection Based on Limited-Channel EEG Signals,Zhang Y.; Zhang P.; Yin Z.,2025,"Proceedings - 2025 17th International Conference on Signal Processing Systems, ICSPS 2025",10.1109/icsps66615.2025.11347624,,Conference paper,,check,venue 'Proceedings - 2025 17th International Co' vs Crossref '2025 17th International Conference on Si',include,,dual-branch time- and frequency-domain fusion; prediction and detection
A0237,scopus;wos,Epileptic Seizure Prediction on CHB-MIT EEG Using Soft Fusion Post-Processing of Top-K Predictions with CNN Architectures,Balamas A.M.; Aldabbagh G.A.; Alkhuraiji S.M.,2025,Advances in Artificial Intelligence and Machine Learning,10.54364/aaiml.2025.54254,,Article,,yes,Crossref: Advances in Artificial Intelligence and Machine Learning 2025,exclude,2,"post-processing of predictions, no representation fusion"
A0238,scopus;wos,"Epileptic Seizure Prediction Using a Combination of Deep Learning, Time–Frequency Fusion Methods, and Discrete Wavelet Analysis",Khansari H.S.; Abbaszadeh M.; Joonaghany G.H.; Mohagerani H.; Faraji F.,2025,Algorithms,10.3390/a18080492,,Article,,yes,Crossref: Algorithms 2025,exclude,2,handcrafted features into Fourier neural network
A0239,scopus;wos,Epileptic seizure prediction with deep learning-based fusion methods,Daşdemir A.; Örnek H.K.,2025,"Engineering Science and Technology, an International Journal",10.1016/j.jestch.2025.102212,,Article,,yes,"Crossref: Engineering Science and Technology, an International Journal 2025",include,,"raw-EEG TCN-GRU branch and STFT branch, decision- vs feature-level fusion compared; prediction (Dasdemir 2025)"
A0240,scopus;ieee,Explainable End-to-End Seizure Prediction via Stationary Wavelet Transform-Driven Dynamic Multiscale Fuzzy Clustering,Wang J.; Wang Y.; Nie W.; Yuan Q.,2025,IEEE Journal of Biomedical and Health Informatics,10.1109/jbhi.2025.3633739,,Article,,yes,Crossref: IEEE Journal of Biomedical and Health Informatics 2025,exclude,2,"stationary wavelet multiscale fuzzy clustering, one input"
A0241,ieee,Fair-Esi: Feature Adaptive Importance Refinement for Electrophysiological Source Imaging,L. Zou; L. Zhang; X. Wang; J. -H. Gao; Y. Sun; S. Sheng; K. Xiao; W. Yang; P. Teng; G. Luan; Z. Lv; Z. Xu,2025,2025 IEEE International Conference on Bioinformatics and Biomedicine (BIBM),10.1109/bibm66473.2025.11356466,,CONF,,yes,Crossref: 2025 IEEE International Conference on Bioinformatics and Biomedicine (BIBM) 2025,exclude,1,electrophysiological source imaging
A0242,scopus;wos,FDCANET-SPIKE: EPILEPSY SEIZURE PREDICTION MODEL BASED ON FUSION OF DEEP CONVOLUTIONAL ATTENTION AND SPIKING NEURAL NETWORK,Wang H.; Shen Q.; Yan C.; Zhang Y.; Wan Z.; Xi Q.,2025,Journal of Mechanics in Medicine and Biology,10.1142/s0219519425400780,,Article,,yes,Crossref: Journal of Mechanics in Medicine and Biology 2025,exclude,2,"attention CNN converted to SNN, one input"
A0243,scopus;wos;ieee,Feature Fusion Based on Temporal-Spatial Attention Model for Automatic Epileptic Seizure Detection,Li X.; Zhang Z.; Guo Z.; Wang X.; Zhang K.; Chen S.,2025,"BHI 2025 - IEEE-EMBS International Conference on Biomedical and Health Informatics, Conference Proceedings",10.1109/bhi67747.2025.11269540,,Conference paper,,check,first author not in Crossref author list; venue 'BHI 2025 - IEEE-EMBS International Confe' vs Crossref '2025 IEEE EMBS International Conference ',exclude,2,BiLSTM temporal + correlation spatial on one input
A0244,scopus;wos,Feature fusion ensemble classification approach for epileptic seizure prediction using electroencephalographic bio-signals,Alkhrijah Y.; Khalid S.; Usman S.M.; Jameel A.; Zubair M.; Aldossary H.; Anwar A.; Arif S.,2025,Frontiers in Medicine,10.3389/fmed.2025.1566870,,Article,,yes,Crossref: Frontiers in Medicine 2025,include,,handcrafted time/frequency features concatenated with 1D-CNN features; prediction
A0245,scopus;wos,FedMWAD: Module-wise weighted aggregation federated learning combined with Ditto for patient-independent seizure prediction,Ding Y.; Zhao W.; Huang K.,2025,Information Processing and Management,10.1016/j.ipm.2025.104253,,Article,,yes,Crossref: Information Processing &amp; Management 2025,exclude,2,federated learning
A0246,scopus,FF-DGAT: Feature Fusion Dual Graph Attention Network for Epileptic Seizure Detection Based on EEG Channel Correlation,Wang J.; Zhao J.-L.; Zhu P.; Li L.; Wang L.,2025,Journal of Network Intelligence,,,Article,,,no DOI or arXiv id,unclear,,two parallel GATs (spatial / frequency-domain features?) fused
A0247,scopus;wos,GEM-CRAP: a fusion architecture for focal seizure detection,Shi J.; Zhang Y.; Song Z.; Xu H.; Yang Y.; Jin L.; Dong H.; Li Z.; Wei P.; Shan Y.; Zhao G.,2025,Journal of Translational Medicine,10.1186/s12967-025-06414-5,,Article,,yes,Crossref: Journal of Translational Medicine 2025,exclude,2,three parallel channels on one iEEG input
A0248,arxiv,Geometric-Stochastic Multimodal Deep Learning for Predictive Modeling of SUDEP and Stroke Vulnerability,Preksha Girish; Rachana Mysore; Mahanthesha U; Shrey Kumar; Misbah Fatimah Annigeri; Tanish Jain,2025,arXiv (preprint),,2512.08257,preprint,"Sudden Unexpected Death in Epilepsy (SUDEP) and acute ischemic stroke are life-threatening conditions involving complex interactions across cortical, brainstem, and autonomic systems. We present a unified geometric-stochastic multimodal deep learning framework that integrates EEG, ECG, respiration, SpO2, EMG, and fMRI signals to model SUDEP and stroke vulnerability. The approach combines Riemannian manifold embeddings, Lie-group invariant feature representations, fractional stochastic dynamics, Hamiltonian energy-flow modeling, and cross-modal attention mechanisms. Stroke propagation is modeled using fractional epidemic diffusion over structural brain graphs. Experiments on the MULTI-CLARID dataset demonstrate improved predictive accuracy and interpretable biomarkers derived from manifold curvature, fractional memory indices, attention entropy, and diffusion centrality. The proposed framework provides a mathematically principled foundation for early detection, risk stratification, and interpretable multimodal modeling in neural-autonomic disorders.",yes,arXiv,exclude,1,SUDEP/stroke vulnerability modelling
A0249,scopus;wos,GT-STAFG: Graph Transformer with Spatiotemporal Attention Fusion Gate for Epileptic Seizure Detection in Imbalanced EEG Data,Nafea M.S.; Ismail Z.H.,2025,AI (Switzerland),10.3390/ai6060120,,Article,,check,venue 'AI (Switzerland)' vs Crossref 'AI',exclude,2,spatiotemporal fusion gate on one input
A0250,scopus,"Harnessing artificial intelligence for brain disease: advances in diagnosis, drug discovery, and closed-loop therapeutics",Fang S.-J.; Yin Z.-D.; Cai Q.; Li L.-F.; Zheng P.-F.; Chen L.-Z.,2025,Frontiers in Neurology,10.3389/fneur.2025.1615523,,Short survey,,yes,Crossref: Frontiers in Neurology 2025,exclude,3,review
A0251,ieee,Human Activity Recognition and Biomedical Signal Classification Using Multi-Modal Deep Learning,J. London; T. Lei; C. Luo; Y. Yuan,2025,2025 IEEE 68th International Midwest Symposium on Circuits and Systems (MWSCAS),10.1109/mwscas53549.2025.11244504,,CONF,,yes,Crossref: 2025 IEEE 68th International Midwest Symposium on Circuits and Systems (MWSCAS) 2025,exclude,1,activity recognition / BCI signals
A0252,scopus;ieee,Hybrid Feature Fusion for EEG-Based Seizure Detection: A Deep vs Shallow Model Analysis,Rajeev A.; Kumar S.,2025,"2025 International Conference on Electrical and Electronics Engineering, ICE3 2025",10.1109/ice367573.2025.11448935,,Conference paper,,yes,Crossref: 2025 International Conference on Electrical and Electronics Engineering (ICE3) 2025,include,,raw EEG concatenated with statistical/spectral features; shallow ANN vs 1D CNN
A0253,scopus;ieee,Improved EEG-Based Epileptic Seizure Classification with 2D Convolutional Neural Networks and Augmentation Strategies,Sharma L.; Maji S.,2025,"INDISCON 2025 - IEEE 6th India Council International Subsections Conference, Proceedings",10.1109/indiscon66021.2025.11252104,,Conference paper,,check,venue 'INDISCON 2025 - IEEE 6th India Council I' vs Crossref '2025 IEEE 6th India Council Internationa',exclude,2,2D CNN + augmentation
A0254,scopus,Improving wearable-based seizure prediction by feature fusion using an explainable growing network,Hasija T.; Kuschel M.; Jackson M.; Dailey S.; Menne H.; Reinsberger C.; Vieluf S.; Loddenkemper T.,2025,Artificial Intelligence in Medicine,10.1016/j.artmed.2025.103228,,Article,,yes,Crossref: Artificial Intelligence in Medicine 2025,unclear,,wearable physiological feature fusion; EEG not stated
A0255,wos,Integration of neural networks in brain-computer interface applications: Research frontiers and trend analysis based on Python,"Chen, JM; Yin, HY; Zhang, K; Ren, YZ; Zeng, H",2025,ENGINEERING APPLICATIONS OF ARTIFICIAL INTELLIGENCE,10.1016/j.engappai.2025.110654,,Article,,yes,Crossref: Engineering Applications of Artificial Intelligence 2025,exclude,3,bibliometric review
A0256,scopus,Integration of Spatiotemporal Dynamics and Structural Connectivity for Automated Epileptogenic Zone Localization in Temporal Lobe Epilepsy,Xiao L.; Zheng Q.; Li S.; Wei Y.; Si W.; Pan Y.,2025,IEEE Transactions on Neural Systems and Rehabilitation Engineering,10.1109/tnsre.2025.3595906,,Article,,yes,Crossref: IEEE Transactions on Neural Systems and Rehabilitation Engineering 2025,exclude,1,epileptogenic zone localisation
A0257,scopus,Internet of Healthcare Things Based Detection of EEG Epileptic Seizures: A Smart System,Thakur T.; Rana N.; Jain S.,2025,Current Drug Therapy,10.2174/0115748855307754240711065309,,Article,,yes,Crossref: Current Drug Therapy 2025,exclude,2,handcrafted DWT/Hjorth features
A0258,scopus;wos,Leveraging interictal multimodal features and graph neural networks for automated planning of epilepsy surgery,Nejedly P.; Hrtonova V.; Pail M.; Cimbalnik J.; Daniel P.; Travnicek V.; Dolezalova I.; Mivalt F.; Kremen V.; Jurak P.; Worrell G.A.; Frauscher B.; Klimes P.; Brazdil M.,2025,Brain Communications,10.1093/braincomms/fcaf140,,Article,,yes,Crossref: Brain Communications 2025,exclude,1,surgery planning
A0259,scopus,Low-Power and Low-Cost AI Processor With Distributed-Aggregated Classification Architecture for Wearable Epilepsy Seizure Detection,Zhang Q.; Cui M.; Liu Y.; Chen W.; Yu Z.,2025,IEEE Transactions on Biomedical Circuits and Systems,10.1109/tbcas.2024.3450896,,Article,,yes,Crossref: IEEE Transactions on Biomedical Circuits and Systems 2025,exclude,2,hardware processor
A0260,scopus,Machine learning detection of epileptic seizure onset zone from iEEG,Broti N.M.; Iwasaki M.; Ono Y.,2025,Biomedical Engineering Letters,10.1007/s13534-025-00480-w,,Review,,yes,Crossref: Biomedical Engineering Letters 2025,exclude,3,review
A0261,scopus;wos,MACHINE-LEARNING TECHNIQUES IN MULTIPLE SCLEROSIS PREDICTION USING EEG,Soleimanidoust L.; Rezai A.; Barghamadi H.; Ahanian I.,2025,"Biomedical Engineering - Applications, Basis and Communications",10.4015/s1016237224300050,,Review,,yes,"Crossref: Biomedical Engineering: Applications, Basis and Communications 2024",exclude,1,multiple sclerosis
A0262,scopus;ieee,MASF-FB: Multi-Attention Spatio-Frequency Fusion for Epileptic Seizure Prediction,Batra A.; Goyal K.; Gandhi V.; Vankayalapati H.D.; Rathor K.,2025,"2025 IEEE Pune Section International Conference, PuneCon 2025",10.1109/punecon67554.2025.11379240,,Conference paper,,yes,Crossref: 2025 IEEE Pune Section International Conference (PuneCon) 2025,include,,spatiotemporal and frequency branches fused; prediction
A0263,scopus,Memory optimized random forest classifier for EEG seizure detection in implantable monitoring and closed-loop neurostimulation devices,Kalousios S.; Larochelle J.; Zabler N.; Locker N.; Woias P.; Comella L.M.; Schulze-Bonhage A.; Dümpelmann M.,2025,Journal of Neural Engineering,10.1088/1741-2552/add76f,,Article,,yes,Crossref: Journal of Neural Engineering 2025,exclude,2,random forest
A0264,scopus,MGFormer: A lightweight multi-granular transformer for subject-independent Alzheimer's classification,Rahman R.; Azad A.K.A.; Momen S.,2025,Biomedical Signal Processing and Control,10.1016/j.bspc.2025.108230,,Article,,yes,Crossref: Biomedical Signal Processing and Control 2025,exclude,1,Alzheimer's disease
A0265,scopus;wos,Mixed supervised cross-subject seizure detection with transformer and reference learning,He L.; Ji D.; Dong X.; Li H.; Liu G.; Zhou W.,2025,Applied Soft Computing,10.1016/j.asoc.2025.113104,,Article,,check,first author not in Crossref author list,exclude,2,"data fusion for class balancing, single transformer"
A0266,wos,MSRLNet: A Multi-Source Fusion and Feedback Network for EEG Feature Recognition in ADHD,"Han, QL; Song, Z; Ye, HB; Sun, Y; Zhao, J; Shi, LJ; Kuang, ZJ",2025,BRAIN SCIENCES,10.3390/brainsci15111132,,Article,,yes,Crossref: Brain Sciences 2025,exclude,1,ADHD
A0267,scopus;wos,MultiEpilepsyNet: An EEG and MRI data based multimodal seizure detection model using hybrid deep learning model,Khan M.A.R.; AlJarallah N.A.; Dutta A.K.; Alsubai S.; Mousavirad S.J.; Sharma S.K.; Tejani G.G.; BASSIR D.,2025,Brain Research Bulletin,10.1016/j.brainresbull.2025.111645,,Article,,yes,Crossref: Brain Research Bulletin 2025,include,,EEG + MRI multimodal; detection
A0268,scopus,Multimodal Attention Guided Optimized Temporal Network for Epileptic Seizure Detection,Thakare V.S.; Ranawat R.,2025,International Journal of Intelligent Engineering and Systems,10.22266/ijies2025.1130.36,,Article,,yes,Crossref: International Journal of Intelligent Engineering and Systems 2025,include,,EEG + ECG cross-modality attention; detection
A0269,scopus;wos;ieee,Multimodal Coherence-Correlation Fusion of EEG and ECoG Signals for Enhanced Epileptic Seizure Detection Using Discrete Lyapunov Wavelet Transform,Prinston Pinto A.; Dattathreya; Prasada P.; Rag S.A.,2025,IEEE Access,10.1109/access.2025.3608806,,Article,,yes,Crossref: IEEE Access 2025,exclude,2,EEG + ECoG fusion without deep learning
A0270,scopus,Multimodality Deep Learning Fusion Based Epileptic Seizure Detection,Thakare V.S.; Ranawat R.,2025,International Journal of Intelligent Engineering and Systems,10.22266/ijies2025.0331.49,,Article,,yes,Crossref: International Journal of Intelligent Engineering and Systems 2025,include,,EEG + ECG + facial cues fusion; detection
A0271,scopus;wos,Multi-modality NDE fusion using encoder–decoder networks for identify multiple neurological disorders from EEG signals,Jain S.; Srivastava R.,2025,Technology and Health Care,10.1177/09287329241291334,,Article,,yes,Crossref: Technology and Health Care 2024,exclude,1,multi-disorder diagnosis
A0272,scopus,Multimodal MRI radiomics enhances epilepsy prediction in pediatric low-grade glioma patients,Tang T.; Wu Y.; Dong X.; Zhai X.,2025,Journal of Neuro-Oncology,10.1007/s11060-025-05073-2,,Article,,yes,Crossref: Journal of Neuro-Oncology 2025,exclude,1,MRI radiomics
A0273,scopus;wos,Multimodal Mutual Information Extraction and Source Detection with Application in Focal Seizure Localization,Beheshti S.; Naghsh E.; Sadat-Nejad Y.; Naderahmadian Y.,2025,Electronics (Switzerland),10.3390/electronics14244897,,Article,,check,venue 'Electronics (Switzerland)' vs Crossref 'Electronics',exclude,1,source localisation
A0274,scopus;wos,Multimodal quantitative analysis guides precise preoperative localization of epilepsy,Shen Y.; Shen Z.; Huang Y.; Wu Z.; Ma Y.; Hu F.; Shu K.,2025,Journal of Neurology,10.1007/s00415-025-13324-5,,Review,,yes,Crossref: Journal of Neurology 2025,exclude,1,epileptogenic zone localisation
A0275,scopus;ieee,Multi-scale Feature Fusion Adaptive Adversarial Learning Net for Cross-patient Epileptic Seizure Detection,Chen Z.; Cui F.; Zhang Z.; Lai J.,2025,"2025 4th International Conference on Cloud Computing, Big Data Application and Software Engineering, CBASE 2025",10.1109/cbase67452.2025.11335563,,Conference paper,,yes,"Crossref: 2025 4th International Conference on Cloud Computing, Big Data Application and Software Engineering (CBASE) 2025",exclude,2,"multi-scale convolution over channel groups, one input"
A0276,scopus;wos,Multi-stream feature fusion of vision transformer and CNN for precise epileptic seizure detection from EEG signals,Li Q.; Cao W.; Zhang A.,2025,Journal of Translational Medicine,10.1186/s12967-025-06862-z,,Article,,check,first author not in Crossref author list,exclude,2,CNN and ViT on the same TQWT image
A0277,scopus;ieee,Multi-View Temporal Fusion with Clustering Optimization for Robust Epileptic Seizure Prediction,Huang C.; Ma H.; Zhang Y.; Yang C.; Song J.,2025,"2025 6th International Conference on Machine Learning and Computer Application, ICMLCA 2025",10.1109/icmlca66850.2025.11336386,,Conference paper,,yes,Crossref: 2025 6th International Conference on Machine Learning and Computer Application (ICMLCA) 2025,include,,"multi-branch temporal, spectral and spatial features fused; prediction"
A0278,scopus;ieee,NLCTCN: A Non-Local Temporal Convolutional Framework for Spatiotemporal Modeling in Multichannel EEG,Zhang H.; Yang L.; Li Z.; Yang L.; Bian Y.; Ding D.; Jiang L.; Chen Y.-C.; Xue G.,2025,"Proceedings - 2025 IEEE International Conference on Bioinformatics and Biomedicine, BIBM 2025",10.1109/bibm66473.2025.11356971,,Conference paper,,check,venue 'Proceedings - 2025 IEEE International Co' vs Crossref '2025 IEEE International Conference on Bi',exclude,2,temporal CNN on one input
A0279,ieee,Noise-Aware Epileptic Seizure Prediction Network via Self-Attention Feature Alignment,Q. Dong; Z. Wang; M. Gao,2025,IEEE Journal of Biomedical and Health Informatics,10.1109/jbhi.2025.3579229,,JOUR,,yes,Crossref: IEEE Journal of Biomedical and Health Informatics 2025,exclude,2,"multi-layer feature alignment, one input"
A0280,scopus,NRGAMTE: Neurophysiological Residual Gated Attention Multimodal Transformer Encoder for Sleep Disorder Detection,Subramaniam J.; Guruvaya A.M.; Vijaykumar A.; Gowda P.C.,2025,Brain Sciences,10.3390/brainsci15090985,,Article,,yes,Crossref: Brain Sciences 2025,exclude,1,sleep disorders
A0281,scopus,Optimal Feature Selection and Classification Model for Multi-Modality Epilepsy Detection,Kumbam V.R.; Viji Amutha Mary A.,2025,"Smart Innovation, Systems and Technologies",10.1007/978-981-96-3420-0_41,,Conference paper,,yes,"Crossref: Smart Innovation, Systems and Technologies 2025",unclear,,"cross-reference learning on ""multi-modal EEG"" features"
A0282,scopus;ieee,Optimized Multilayer Neural Network for Epilepsy Prevention Using Enhanced Genetic Algorithms,Ambika L.G.; Upendra R.S.; Shivaram A.M.; Thanuja M.; Navya B.R.; Radha R.,2025,"Proceedings of 3rd IEEE International Conference on Knowledge Engineering and Communication Systems, ICKECS 2025",10.1109/ickecs65700.2025.11035461,,Conference paper,,check,venue 'Proceedings of 3rd IEEE International Co' vs Crossref '2025 International Conference on Knowled',exclude,2,MLP with genetic algorithm
A0283,scopus,Personalized whole-brain models of seizure propagation,Lopez-Sola E.; Mercadal B.; Lleal-Custey I.; Salvador R.; Sanchez-Todo R.; Wendling F.; Bartolomei F.; Ruffini G.,2025,Journal of Neural Engineering,10.1088/1741-2552/ae08e9,,Article,,yes,Crossref: Journal of Neural Engineering 2025,exclude,1,computational brain models
A0284,scopus;wos,Phase spectrogram of EEG from S-transform Enhances epileptic seizure detection,Liu Y.; Liu G.; Wu S.; Tin C.,2025,Expert Systems with Applications,10.1016/j.eswa.2024.125621,,Article,,yes,Crossref: Expert Systems with Applications 2025,include,,phase and power spectra dual-stream CNN; detection
A0285,scopus;wos,RDPNet: A Multi-Scale Residual Dilated Pyramid Network with Entropy-Based Feature Fusion for Epileptic EEG Classification,Xie T.; Zhao W.; Liu Y.; Xiao S.,2025,Entropy,10.3390/e27080830,,Article,,yes,Crossref: Entropy 2025,exclude,2,shallow and deep branches on one input
A0286,scopus,Research on Automatic Detection and Early Warning of Epilepsy in Electroencephalogram Signals,Zheng S.-X.; Li S.-T.; Zhang H.-L.; Bao J.,2025,Lecture Notes in Computer Science,10.1007/978-3-031-77003-6_8,,Conference paper,,yes,Crossref: Lecture Notes in Computer Science 2024,exclude,2,"edge computing system, no representation fusion"
A0287,scopus,Research on Epilepsy Classification and Recognition Based on Multi-Domain Feature Fusion via Multi-Head Cross-Attention Mechanism; [基于多头交叉注意力机制融合多域特征的癫痫分类识别研究],Wen-wen C.; Ya-jun W.; Jin-cheng G.; Kang S.; Yu M.,2025,Tien Tzu Hsueh Pao/Acta Electronica Sinica,10.12263/dzxb.20250911,,Article,,no,DOI not found in Crossref,include,,"CWT images + multi-domain features, multi-head cross-attention fusion"
A0288,scopus,Robust Epileptic Seizure Recognition using Dimensionality Reduction with Deep Learning on EEG Signals,Selvam R.; Mahalakshmi R.,2025,SSRG International Journal of Electronics and Communication Engineering,10.14445/23488549/ijece-v12i4p102,,Article,,check,venue 'SSRG International Journal of Electronic' vs Crossref 'International Journal of Electronics and',exclude,2,dimensionality reduction + DL
A0289,ieee,RVDLAHA: An RISC-V DLA Hardware Architecture for On-Device Real-Time Seizure Detection and Personalization in Wearable Applications,S. -Y. Lee; M. -Y. Ku; Y. -H. Tsai; C. -C. Lin,2025,IEEE Transactions on Biomedical Circuits and Systems,10.1109/tbcas.2024.3442250,,JOUR,,yes,Crossref: IEEE Transactions on Biomedical Circuits and Systems 2025,exclude,2,hardware
A0290,scopus;wos;ieee,SCFNet: An easily transportable epileptiform electrical classification network,Xu W.; Lu R.; Yao K.; Zhang H.,2025,"Youth Academic Annual Conference of Chinese Association of Automation, YAC",10.1109/yac66630.2025.11149728,,Conference paper,,check,first author not in Crossref author list; venue 'Youth Academic Annual Conference of Chin' vs Crossref '2025 40th Youth Academic Annual Conferen',exclude,2,single-channel feature back-end fusion
A0291,scopus;ieee,Seizing the Moment: Multimodal EEG Trends and Real-Time Epilepsy Seizure Detection with Dual Deep Nets,Ganguly S.; Chakraborty S.; Roy A.; Patil M.V.; Pagare R.,2025,"2025 IEEE Pune Section International Conference, PuneCon 2025",10.1109/punecon67554.2025.11378879,,Conference paper,,yes,Crossref: 2025 IEEE Pune Section International Conference (PuneCon) 2025,exclude,2,ensemble of two networks on the same feature input
A0292,scopus;ieee,Seizure Detection using Hybrid Feature Fusion of Deep Learning Models,Ramesh A.; Ganesh S.; Leeladithya S.; Asha K.,2025,"5th IEEE International Conference on Mobile Networks and Wireless Communications, ICMNWC 2025",10.1109/icmnwc66779.2025.11354275,,Conference paper,,check,venue '5th IEEE International Conference on Mob' vs Crossref '2025 5th International Conference on Mob',exclude,2,"hybrid of classical and graph models, no representation fusion"
A0293,scopus;wos,Seizure Prediction Based on Multi-scale Fusion-Attention Transformer,Pan D.; Luo G.; Zhu Y.,2025,Lecture Notes in Computer Science,10.1007/978-981-96-6588-4_13,,Conference paper,,yes,Crossref: Lecture Notes in Computer Science 2025,exclude,2,"multi-scale STFT, one representation"
A0294,scopus;ieee,Seizures Prediction with Slower Alpha Rhythm and Faster Gamma Rhythm using CNN-XGBoost Fusion Algorithm,Sabarinadh B.G.; Murugan S.; Rajeshkannan,2025,"Proceedings of 3rd International Conference on Sustainable Computing and Data Communication Systems, ICSCDS 2025",10.1109/icscds65426.2025.11167418,,Conference paper,,check,venue 'Proceedings of 3rd International Confere' vs Crossref '2025 3rd International Conference on Sus',exclude,2,two frequency bands of one signal
A0295,scopus,Select for better learning: identifying high-quality training data for a multimodal cyclic transformer,Zhang J.; Liu Z.; Chatzichristos C.; Michiels S.; Van Paesschen W.; Hughes D.; De Vos M.,2025,Journal of Neural Engineering,10.1088/1741-2552/adbec0,,Article,,yes,Crossref: Journal of Neural Engineering 2025,exclude,2,training-data selection method for an existing multimodal detector
A0296,scopus,Self-supervised spatial–temporal contrastive network for EEG-based brain network classification,Dong C.; Sun D.; Luo B.,2025,Neural Networks,10.1016/j.neunet.2025.107505,,Article,,yes,Crossref: Neural Networks 2025,exclude,2,graph and BiLSTM streams on one input
A0297,scopus,The Emerging Role of Artificial Intelligence in Identifying Epileptogenic Zone: A Systematic Literature Review,Pamungkas Y.; Radiansyah R.S.; Pratasik S.; Krisnanda M.; Derek N.,2025,Journal of Robotics and Control (JRC),10.18196/jrc.v6i5.27281,,Article,,yes,Crossref: Journal of Robotics and Control (JRC) 2025,exclude,3,review
A0298,scopus;wos,Toward Reliable Models for Distinguishing Epileptic High-Frequency Oscillations (HFOs) from Non-HFO Events Using LSTM and Pre-Trained OWL-ViT Vision–Language Framework,Chaibi S.; Kachouri A.,2025,AI (Switzerland),10.3390/ai6090230,,Article,,check,venue 'AI (Switzerland)' vs Crossref 'AI',exclude,1,HFO detection
A0299,scopus,"Transforming EEG into Scalable Neurotechnology: Advances, Frontiers, and Future Directions",Pamungkas Y.; Triandini E.; Forca A.J.; Sangsawang T.; Karim A.,2025,Buletin Ilmiah Sarjana Teknik Elektro,10.12928/biste.v7i3.13824,,Article,,no,DOI not found in Crossref,exclude,3,review
A0300,scopus,Transparent MXene Microelectrode Arrays for Multimodal Mapping of Neural Dynamics,Shankar S.; Chen Y.; Averbeck S.; Hendricks Q.; Murphy B.; Ferleger B.; Driscoll N.; Shekhirev M.; Takano H.; Richardson A.; Gogotsi Y.; Vitale F.,2025,Advanced Healthcare Materials,10.1002/adhm.202402576,,Article,,yes,Crossref: Advanced Healthcare Materials 2024,exclude,1,electrode hardware
A0301,scopus,Unveiling the brain’s symphony: exploring the necessity and sufficiency of neural networks in behavior control,Bustos F.J.,2025,Neural Regeneration Research,10.4103/nrr.nrr-d-23-02084,,Article,,yes,Crossref: Neural Regeneration Research 2024,exclude,1,no abstract; behaviour control
A0302,scopus,"2nd International Conference on Advances in Data-driven Computing and Intelligent Systems, ADCIS 2023",,2024,Lecture Notes in Networks and Systems,,,Conference review,,,no DOI or arXiv id,exclude,1,"proceedings front matter, not a study"
A0303,scopus,"7th IEEE International Conference on Advanced Technologies, Signal and Image Processing, ATSIP 2024",,2024,"7th IEEE International Conference on Advanced Technologies, Signal and Image Processing, ATSIP 2024",,,Conference review,,,no DOI or arXiv id,exclude,1,"proceedings front matter, not a study"
A0304,scopus,"8th International Conference on Cognitive Systems and Information Processing, ICCSIP 2023",,2024,Communications in Computer and Information Science,,,Conference review,,,no DOI or arXiv id,exclude,1,"proceedings front matter, not a study"
A0305,scopus,"8th International Conference on Computer Vision and Image Processing, CVIP 2023",,2024,Communications in Computer and Information Science,,,Conference review,,,no DOI or arXiv id,exclude,1,"proceedings front matter, not a study"
A0306,scopus;ieee,A Comprehensive Analysis of Automatic Epilepsy Detection Techniques: Problems and Limitations,Krishna P.V.R.; Senthil M.,2024,"2nd International Conference on Self Sustainable Artificial Intelligence Systems, ICSSAS 2024 - Proceedings",10.1109/icssas64001.2024.10760412,,Conference paper,,check,venue '2nd International Conference on Self Sus' vs Crossref '2024 2nd International Conference on Sel',exclude,3,review
A0307,ieee,A Dual-Branch Interactive Fusion Network to Remove Artifacts From Single-Channel EEG,H. Cui; C. Li; A. Liu; R. Qian; X. Chen,2024,IEEE Transactions on Instrumentation and Measurement,10.1109/tim.2023.3342863,,JOUR,,yes,Crossref: IEEE Transactions on Instrumentation and Measurement 2024,exclude,1,artefact removal
A0308,scopus,Advances in Neuroimaging and Multiple Post-Processing Techniques for Epileptogenic Zone Detection of Drug-Resistant Epilepsy,Yao L.; Cheng N.; Chen A.-Q.; Wang X.; Gao M.; Kong Q.-X.; Kong Y.,2024,Journal of Magnetic Resonance Imaging,10.1002/jmri.29157,,Review,,yes,Crossref: Journal of Magnetic Resonance Imaging 2023,exclude,3,review
A0309,wos,Advancing classroom fatigue recognition: A multimodal fusion approach using self-attention mechanism,"Cao, L; Wang, WR; Dong, YL; Fan, CJ",2024,BIOMEDICAL SIGNAL PROCESSING AND CONTROL,10.1016/j.bspc.2023.105756,,Article,,yes,Crossref: Biomedical Signal Processing and Control 2024,exclude,1,classroom fatigue
A0310,ieee,A Feature Fusion Model Based on Temporal Convolutional Network for Automatic Sleep Staging Using Single-Channel EEG,J. Bao; G. Wang; T. Wang; N. Wu; S. Hu; W. H. Lee; S. -L. Lo; X. Yan; Y. Zheng; G. Wang,2024,IEEE Journal of Biomedical and Health Informatics,10.1109/jbhi.2024.3457969,,JOUR,,yes,Crossref: IEEE Journal of Biomedical and Health Informatics 2024,exclude,1,sleep staging
A0311,scopus;ieee,African Vultures Based Feature Selection with Multi-modal Deep Learning for Automatic Seizure Prediction,Nallur M.; Sandhya M.; Khan Z.; Mohan B.R.; Nayana C.P.; Rajashekhar S.A.,2024,"International Conference on Distributed Computing and Optimization Techniques, ICDCOT 2024",10.1109/icdcot61034.2024.10515466,,Conference paper,,check,venue 'International Conference on Distributed ' vs Crossref '2024 International Conference on Distrib',exclude,2,channel/spatial attention model on raw EEG
A0312,scopus;wos,A hybrid 1D CNN-BiLSTM model for epileptic seizure detection using multichannel EEG feature fusion,Ravi S.; Radhakrishnan A.,2024,Biomedical Physics and Engineering Express,10.1088/2057-1976/ad3afd,,Article,,yes,Crossref: Biomedical Physics &amp; Engineering Express 2024,exclude,2,parallel CNN and BiLSTM on one input
A0313,scopus;ieee,A multi-frame network model based on time-frequency analysis for epilepsy prediction,Zhang F.; Wei X.; Lu L.,2024,"Chinese Control Conference, CCC",10.23919/ccc63176.2024.10662334,,Conference paper,,check,"venue 'Chinese Control Conference, CCC' vs Crossref '2024 43rd Chinese Control Conference (CC'",include,,"STFT and wavelet-packet representations, multi-frame network; prediction"
A0314,scopus;wos,A multimodal attention-fusion convolutional neural network for automatic detection of sleep disorders,Wang W.; Li J.; Fang Y.; Zheng Y.; You F.,2024,Applied Intelligence,10.1007/s10489-024-05499-7,,Article,,yes,Crossref: Applied Intelligence 2024,exclude,1,sleep disorders
A0315,scopus;wos;ieee;arxiv,A Multi-Modal Non-Invasive Deep Learning Framework for Progressive Prediction of Seizures,Saeizadeh A.; Schonholtz D.; Neimat J.S.; Johari P.; Melodia T.,2024,"2024 IEEE 20th International Conference on Body Sensor Networks, BSN 2024 - Proceedings",10.1109/bsn63547.2024.10780713,2410.20066,Conference paper,"This paper introduces an innovative framework designed for progressive (granular in time to onset) prediction of seizures through the utilization of a Deep Learning (DL) methodology based on non-invasive multi-modal sensor networks. Epilepsy, a debilitating neurological condition, affects an estimated 65 million individuals globally, with a substantial proportion facing drug-resistant epilepsy despite pharmacological interventions. To address this challenge, we advocate for predictive systems that provide timely alerts to individuals at risk, enabling them to take precautionary actions. Our framework employs advanced DL techniques and uses personalized data from a network of non-invasive electroencephalogram (EEG) and electrocardiogram (ECG) sensors, thereby enhancing prediction accuracy. The algorithms are optimized for real-time processing on edge devices, mitigating privacy concerns and minimizing data transmission overhead inherent in cloud-based solutions, ultimately preserving battery energy. Additionally, our system predicts the countdown time to seizures (with 15-minute intervals up to an hour prior to the onset), offering critical lead time for preventive actions. Our multi-modal model achieves 95% sensitivity, 98% specificity, and 97% accuracy, averaged among 29 patients.",yes,Crossref: 2024 IEEE 20th International Conference on Body Sensor Networks (BSN) 2024,include,,EEG + ECG multimodal; progressive prediction
A0316,scopus;ieee,"An Attention-Based Hybrid Deep Learning Approach for Patient-Specific, Cross-Patient, and Patient-Independent Seizure Detection",Ahmad I.; Wang X.; Li L.; Liu Z.; Huang J.; Aboyeji S.T.; Li G.; Mukhopadhyay S.C.; Liu Z.; Zhao G.; Guo Y.; Chen S.,2024,"Proceedings of the Annual International Conference of the IEEE Engineering in Medicine and Biology Society, EMBS",10.1109/embc53108.2024.10782346,,Conference paper,,check,venue 'Proceedings of the Annual International ' vs Crossref '2024 46th Annual International Conferenc',exclude,2,CNN and LSTM on one input
A0317,scopus;wos;ieee,An EEG-Based Seizure Recognition Method Using Dynamic Routing,Xiong Z.; Liu Y.; Jiang P.,2024,IEEE Access,10.1109/access.2024.3402075,,Article,,yes,Crossref: IEEE Access 2024,exclude,2,dynamic routing across channels
A0318,scopus,A New Approach for Epileptic Seizure Detection from EEG and ECG Signals Using Wavelet Decomposition,Zougagh L.; Bouyghf H.; Nahid M.; Sabiri I.,2024,Lecture Notes in Networks and Systems,10.1007/978-3-031-52388-5_33,,Conference paper,,yes,Crossref: Lecture Notes in Networks and Systems 2024,include,,EEG + ECG features with MLP; detection
A0319,scopus,A novel method for optimizing epilepsy detection features through multi-domain feature fusion and selection,Kong G.; Ma S.; Zhao W.; Wang H.; Fu Q.; Wang J.,2024,Frontiers in Computational Neuroscience,10.3389/fncom.2024.1416838,,Article,,yes,Crossref: Frontiers in Computational Neuroscience 2024,exclude,2,feature fusion and selection with metaheuristics
A0320,scopus;wos,A novel multi-feature fusion attention neural network for the recognition of epileptic EEG signals,Sun C.; Xu C.; Li H.; Bo H.; Ma L.; Li H.,2024,Frontiers in Computational Neuroscience,10.3389/fncom.2024.1393122,,Article,,yes,Crossref: Frontiers in Computational Neuroscience 2024,include,,"Hilbert spectrum and grayscale recurrence plot branches, self-attention fusion"
A0321,scopus;ieee,Application of EEG and EMG Signals in Multi-Classification of Epilepsy,Liang J.; Wang G.; Jia S.; Wang D.; Wang G.,2024,"2024 IEEE 5th International Conference on Pattern Recognition and Machine Learning, PRML 2024",10.1109/prml62565.2024.10779807,,Conference paper,,yes,Crossref: 2024 IEEE 5th International Conference on Pattern Recognition and Machine Learning (PRML) 2024,include,,EEG + EMG multi-domain features; seizure classification
A0322,wos,A Review of EEG-based Localization of Epileptic Seizure Foci: Common Points with Multimodal Fusion of Brain Data,"Tajmirriahi, M; Rabbani, H",2024,JOURNAL OF MEDICAL SIGNALS & SENSORS,10.4103/jmss.jmss_11_24,,Review,,yes,Crossref: Journal of Medical Signals &amp; Sensors 2024,exclude,3,review
A0323,scopus;wos,A review of epilepsy detection and prediction methods based on EEG signal processing and deep learning,Zhang X.; Zhang X.; Huang Q.; Chen F.,2024,Frontiers in Neuroscience,10.3389/fnins.2024.1468967,,Review,,yes,Crossref: Frontiers in Neuroscience 2024,exclude,3,review
A0324,wos,Artificial intelligence in epilepsy - applications and pathways to the clinic,"Lucas, A; Revell, A; Davis, KA",2024,NATURE REVIEWS NEUROLOGY,10.1038/s41582-024-00965-9,,Review,,yes,Crossref: Nature Reviews Neurology 2024,exclude,3,review
A0325,scopus;wos,A scheme combining feature fusion and hybrid deep learning models for epileptic seizure detection and prediction,Zhang J.; Zheng S.; Chen W.; Du G.; Fu Q.; Jiang H.,2024,Scientific Reports,10.1038/s41598-024-67855-4,,Article,,yes,Crossref: Scientific Reports 2024,exclude,2,handcrafted feature fusion into CNN-GRU
A0326,arxiv,A Systematic Review of Machine Learning Methods for Multimodal EEG Data in Clinical Application,Siqi Zhao; Wangyang Li; Xiru Wang; Stevie Foglia; Hongzhao Tan; Bohan Zhang; Ameer Hamoodi; Aimee Nelson; Zhen Gao,2024,arXiv (preprint),,2501.08585,preprint,"Machine learning (ML) and deep learning (DL) techniques have been widely applied to analyze electroencephalography (EEG) signals for disease diagnosis and brain-computer interfaces (BCI). The integration of multimodal data has been shown to enhance the accuracy of ML and DL models. Combining EEG with other modalities can improve clinical decision-making by addressing complex tasks in clinical populations. This systematic literature review explores the use of multimodal EEG data in ML and DL models for clinical applications. A comprehensive search was conducted across PubMed, Web of Science, and Google Scholar, yielding 16 relevant studies after three rounds of filtering. These studies demonstrate the application of multimodal EEG data in addressing clinical challenges, including neuropsychiatric disorders, neurological conditions (e.g., seizure detection), neurodevelopmental disorders (e.g., autism spectrum disorder), and sleep stage classification. Data fusion occurred at three levels: signal, feature, and decision levels. The most commonly used ML models were support vector machines (SVM) and decision trees. Notably, 11 out of the 16 studies reported improvements in model accuracy with multimodal EEG data. This review highlights the potential of multimodal EEG-based ML models in enhancing clinical diagnostics and problem-solving.",yes,arXiv,exclude,3,review
A0327,ieee,Automated Detection of Epileptic Spikes and Seizures Incorporating a Novel Spatial Clustering Prior,H. Dong; S. Sheng; X. Wang; J. -H. Gao; Y. Sun; W. Yang; K. Xiao; P. Teng; G. Luan; Z. Lv,2024,2024 IEEE International Conference on Bioinformatics and Biomedicine (BIBM),10.1109/bibm62325.2024.10822337,,CONF,,yes,Crossref: 2024 IEEE International Conference on Bioinformatics and Biomedicine (BIBM) 2024,exclude,1,MEG spike detection
A0328,scopus;wos,Automatic diagnosis of epileptic seizures using entropy-based features and multimodel deep learning approaches,Al-Qazzaz N.K.; Alrahhal M.; Jaafer S.H.; Ali S.H.B.M.; Ahmad S.A.,2024,Medical Engineering and Physics,10.1016/j.medengphy.2024.104206,,Article,,yes,Crossref: Medical Engineering &amp; Physics 2024,exclude,2,entropy features into RNN
A0329,wos,Automatic sleep-stage classification based on residual unit and attention networks using directed transfer function of electroencephalogram signals,"Cho, D; Lee, B",2024,BIOMEDICAL SIGNAL PROCESSING AND CONTROL,10.1016/j.bspc.2023.105679,,Article,,yes,Crossref: Biomedical Signal Processing and Control 2024,exclude,1,sleep staging
A0330,scopus;ieee,Battery-Less Implantable Continuous EEG Monitoring via Anisotropic Diffusion,Anjum K.; Pompili D.,2024,IEEE Journal on Selected Areas in Communications,10.1109/jsac.2024.3399203,,Article,,yes,Crossref: IEEE Journal on Selected Areas in Communications 2024,exclude,2,analogue hardware
A0331,scopus;wos,BioWAP: A Reconfigurable Biomedical AI Processor with Adaptive Processing for Co-Optimized Accuracy and Energy Efficiency,Liu J.; Xie Z.; Wang X.; Liu X.; Qiao X.; Fan J.; Qin H.; Guo C.; Xiao J.; Lin S.; Zhou J.,2024,Proceedings of the Custom Integrated Circuits Conference,10.1109/cicc60959.2024.10528956,,Conference paper,,check,venue 'Proceedings of the Custom Integrated Cir' vs Crossref '2024 IEEE Custom Integrated Circuits Con',exclude,2,processor hardware
A0332,ieee,BrainFuseNet: Enhancing Wearable Seizure Detection Through EEG-PPG-Accelerometer Sensor Fusion and Efficient Edge Deployment,T. M. Ingolfsson; X. Wang; U. Chakraborty; S. Benatti; A. Bernini; P. Ducouret; P. Ryvlin; S. Beniczky; L. Benini; A. Cossettini,2024,IEEE Transactions on Biomedical Circuits and Systems,10.1109/tbcas.2024.3395534,,JOUR,,yes,Crossref: IEEE Transactions on Biomedical Circuits and Systems 2024,include,,EEG + PPG + accelerometer fusion; wearable detection
A0333,ieee,Brain Waves Unleashed: Illuminating Neonatal Seizure Detection via Multi-scale Hierarchical Modeling,B. Pang; Z. Liang; W. Li; X. Meng; C. Wang; Y. Ren,2024,2024 IEEE International Conference on Multimedia and Expo (ICME),10.1109/icme57554.2024.10687908,,CONF,,yes,Crossref: 2024 IEEE International Conference on Multimedia and Expo (ICME) 2024,exclude,2,"multi-scale hierarchical model, one input"
A0334,scopus;ieee;arxiv,Comparative Analysis of Deep Learning Approaches for Harmful Brain Activity Detection Using EEG,Bhatti S.S.; Yadav A.; Monga M.; Kumar N.,2024,"2024 IEEE 8th International Conference on Information and Communication Technology, CICT 2024",10.1109/cict64037.2024.10899480,2412.07878,Conference paper,"The classification of harmful brain activities, such as seizures and periodic discharges, play a vital role in neurocritical care, enabling timely diagnosis and intervention. Electroencephalography (EEG) provides a non-invasive method for monitoring brain activity, but the manual interpretation of EEG signals are time-consuming and rely heavily on expert judgment. This study presents a comparative analysis of deep learning architectures, including Convolutional Neural Networks (CNNs), Vision Transformers (ViTs), and EEGNet, applied to the classification of harmful brain activities using both raw EEG data and time-frequency representations generated through Continuous Wavelet Transform (CWT). We evaluate the performance of these models use multimodal data representations, including high-resolution spectrograms and waveform data, and introduce a multi-stage training strategy to improve model robustness. Our results show that training strategies, data preprocessing, and augmentation techniques are as critical to model success as architecture choice, with multi-stage TinyViT and EfficientNet demonstrating superior performance. The findings underscore the importance of robust training regimes in achieving accurate and efficient EEG classification, providing valuable insights for deploying AI models in clinical practice.",yes,Crossref: 2024 IEEE 8th International Conference on Information and Communication Technology (CICT) 2024,unclear,,raw waveform and CWT spectrogram representations compared/combined; harmful brain activity
A0335,scopus,Computational Neurosurgery in Deep Brain Stimulation,Germann J.; Gouveia F.V.; Beyn M.E.; Elias G.J.B.; Lozano A.M.,2024,Advances in Experimental Medicine and Biology,10.1007/978-3-031-64892-2_26,,Book chapter,,yes,Crossref: Advances in Experimental Medicine and Biology 2024,exclude,1,deep brain stimulation
A0336,ieee,ConvEEGNet Approach for Improving Seizure Detection Through EEG Artifact Removal,S. M. Ihtasham Hossain Amiree; G. V. Moodely; S. Betgeri; M. Shukla; D. Kumar,2024,2024 2nd World Conference on Communication & Computing (WCONF),10.1109/wconf61366.2024.10692212,,CONF,,yes,Crossref: 2024 2nd World Conference on Communication &amp;amp; Computing (WCONF) 2024,exclude,2,ICA + CNN
A0337,ieee,CoRe-Sleep: A Multimodal Fusion Framework for Time Series Robust to Imperfect Modalities,K. Kontras; C. Chatzichristos; H. Phan; J. Suykens; M. De Vos,2024,IEEE Transactions on Neural Systems and Rehabilitation Engineering,10.1109/tnsre.2024.3354388,,JOUR,,yes,Crossref: IEEE Transactions on Neural Systems and Rehabilitation Engineering 2024,exclude,1,sleep staging
A0338,scopus,Deep learning for emotion recognition using physiological signals,Indolia S.; Nigam S.; Singh R.,2024,Data Fusion Techniques and Applications for Smart Healthcare,10.1016/b978-0-44-313233-9.00023-0,,Book chapter,,yes,Crossref: Data Fusion Techniques and Applications for Smart Healthcare 2024,exclude,1,emotion recognition
A0339,arxiv,Demo: Multi-Modal Seizure Prediction System,Ali Saeizadeh; Pietro Brach del Prever; Douglas Schonholtz; Raffaele Guida; Emrecan Demirors; Jorge M. Jimenez; Pedram Johari; Tommaso Melodia,2024,arXiv (preprint),,2411.05817,preprint,"This demo presents SeizNet, an innovative system for predicting epileptic seizures benefiting from a multi-modal sensor network and utilizing Deep Learning (DL) techniques. Epilepsy affects approximately 65 million people worldwide, many of whom experience drug-resistant seizures. SeizNet aims at providing highly accurate alerts, allowing individuals to take preventive measures without being disturbed by false alarms. SeizNet uses a combination of data collected through either invasive (intracranial electroencephalogram (iEEG)) or non-invasive (electroencephalogram (EEG) and electrocardiogram (ECG)) sensors, and processed by advanced DL algorithms that are optimized for real-time inference at the edge, ensuring privacy and minimizing data transmission. SeizNet achieves > 97% accuracy in seizure prediction while keeping the size and energy restrictions of an implantable device.",yes,arXiv,include,,EEG + ECG (and iEEG) system demo; prediction
A0340,wos,Designing a cognitive smart healthcare framework for seizure prediction using multimodal convolutional neural network,"Aluvalu, R; Aravinda, K; Maheswari, VU; Kumar, KAJ; Rao, BV; Prasad, KMVV",2024,COGNITIVE NEURODYNAMICS,10.1007/s11571-023-10049-x,,Article,,check,title differs: Crossref 'RETRACTED ARTICLE: Designing a cognitive smart healthcare framework for seizure ',unclear,,multimodal CNN with cross-attention fusion; modalities not stated
A0341,scopus;wos,Detection Method of Epileptic Seizures Using a Neural Network Model Based on Multimodal Dual-Stream Networks,Wang B.; Xu Y.; Peng S.; Wang H.; Li F.,2024,Sensors,10.3390/s24113360,,Article,,yes,Crossref: Sensors 2024,include,,"differential, amplitude-spectrum and phase-spectrum inputs, dual-stream; detection"
A0342,ieee,Development of a Multimodal Machine Learning Model for Seizure Detection Using Wearable Devices,S. P. Singh Rathore; S. Magotra; S. K V; S. Sonu Kumar; G. Kaur; S. Singh,2024,"2024 1st International Conference on Advances in Computing, Communication and Networking (ICAC2N)",10.1109/icac2n63387.2024.10895217,,CONF,,yes,"Crossref: 2024 1st International Conference on Advances in Computing, Communication and Networking (ICAC2N) 2024",exclude,1,wearable EDA/ACC without EEG
A0343,ieee,Dynamic Functional Connectivity Neural Network for Epileptic Seizure Prediction Using Multi-Channel EEG Signal,T. Xu; Y. Wu; Y. Tang; W. Zhang; Z. Cui,2024,IEEE Signal Processing Letters,10.1109/lsp.2024.3400037,,JOUR,,check,first author not in Crossref author list,exclude,2,dynamic functional connectivity network
A0344,scopus,Editorial: Translational applications of neuroimaging,Haugg A.; Mehler D.M.A.; Skouras S.,2024,Frontiers in Neuroscience,10.3389/fnins.2024.1400383,,Editorial,,yes,Crossref: Frontiers in Neuroscience 2024,exclude,1,editorial
A0345,scopus;wos,EEG-Based Seizure Prediction Using Hybrid DenseNet–ViT Network with Attention Fusion,Yuan S.; Yan K.; Wang S.; Liu J.-X.; Wang J.,2024,Brain Sciences,10.3390/brainsci14080839,,Article,,yes,Crossref: Brain Sciences 2024,exclude,2,STFT matrices into DenseNet+ViT
A0346,ieee,EEG-Based Seizure Prediction Using Squeeze-and-Excitation Feature Fusion Network,Y. Ding; W. Zhao,2024,2024 International Conference on Consumer Electronics - Taiwan (ICCE-Taiwan),10.1109/icce-taiwan62264.2024.10674523,,CONF,,yes,Crossref: 2024 International Conference on Consumer Electronics - Taiwan (ICCE-Taiwan) 2024,include,,temporal and spectral features fused with squeeze-and-excitation; prediction
A0347,scopus;ieee,EEG Interpretation for Healthcare: Emotional Analysis Using GRU and Activity Tracking with Epilepsy Diagnosis using Random Forest,Aldo Stalin J.L.; Jeba Emilyn J.; Monish P.; Jagan B.; Giridharan P.; Mukesh K.,2024,"International Conference on Computing and Intelligent Reality Technologies, Proceedings of ICCIRT 2024",10.1109/iccirt59484.2024.10921934,,Conference paper,,check,venue 'International Conference on Computing an' vs Crossref '2024 International Conference on Computi',exclude,2,GRU emotion + random forest
A0348,scopus;ieee,Emerging Frontiers of Artificial Intelligence in Epilepsy Care: A Comprehensive Overview,Moon P.S.; Chaudhary N.I.; Bainalwar P.A.; Moon V.K.; Shambharkar S.S.,2024,"2024 2nd DMIHER International Conference on Artificial Intelligence in Healthcare, Education and Industry, IDICAIEI 2024",10.1109/idicaiei61867.2024.10842843,,Conference paper,,yes,"Crossref: 2024 2nd DMIHER International Conference on Artificial Intelligence in Healthcare, Education and Industry (IDICAIEI) 2024",exclude,3,review
A0349,scopus,Enhanced neurological anomaly detection in MRI images using deep convolutional neural networks,Buttar A.M.; Shaheen Z.; Gumaei A.H.; Mosleh M.A.A.; Gupta I.; Alzanin S.M.; Akbar M.A.,2024,Frontiers in Medicine,10.3389/fmed.2024.1504545,,Article,,yes,Crossref: Frontiers in Medicine 2024,exclude,1,MRI anomaly detection
A0350,scopus;wos,Enhancing EEG signal analysis with geometry invariants for multichannel fusion,Cimr D.; Fujita H.; Busovsky D.; Cimler R.,2024,Information Fusion,10.1016/j.inffus.2023.102023,,Article,,yes,Crossref: Information Fusion 2024,exclude,2,geometry invariants multichannel
A0351,ieee,Enhancing Seizure Detection Through Deep Learning-Based Wearable Devices,D. Raj; J. A J; R. Rafeeque; R. T S; A. S; M. K P,2024,"2024 International Conference on Integrated Circuits, Communication, and Computing Systems (ICIC3S)",10.1109/icic3s61846.2024.10603386,,CONF,,yes,"Crossref: 2024 International Conference on Integrated Circuits, Communication, and Computing Systems (ICIC3S) 2024",exclude,1,wearable sensors without EEG
A0352,scopus;wos,Ensemble Fusion Models Using Various Strategies and Machine Learning for EEG Classification,Prabhakar S.K.; Lee J.J.; Won D.-O.,2024,Bioengineering,10.3390/bioengineering11100986,,Article,,yes,Crossref: Bioengineering 2024,exclude,2,"classical ensembles, no DL fusion"
A0353,ieee,Epilepsy Classification using Multi-Sequence MRI’s: An Ensemble Approach,A. H. N. Rajasekhar; G. Kavya; K. Sriya; M. Belwal,2024,2024 15th International Conference on Computing Communication and Networking Technologies (ICCCNT),10.1109/icccnt61001.2024.10725979,,CONF,,yes,Crossref: 2024 15th International Conference on Computing Communication and Networking Technologies (ICCCNT) 2024,exclude,1,MRI classification
A0354,scopus,Epilepsy lesion localization method based on brain function network,Fang C.; Li X.; Na M.; Jiang W.; He Y.; Wei A.; Huang J.; Zhou M.,2024,Frontiers in Human Neuroscience,10.3389/fnhum.2024.1431153,,Article,,yes,Crossref: Frontiers in Human Neuroscience 2024,exclude,1,seizure onset zone localisation
A0355,scopus;ieee,Epileptic Seizure Diagnosis using Bayesian Belief Network and T-CNN,Poovarasu S.; Gopinath R.; Mohanraj A.; Sakthivarshan S.,2024,"2024 International Conference on Knowledge Engineering and Communication Systems, ICKECS 2024",10.1109/ickecs61492.2024.10616858,,Conference paper,,yes,Crossref: 2024 International Conference on Knowledge Engineering and Communication Systems (ICKECS) 2024,exclude,2,Bayesian network + temporal CNN
A0356,scopus;wos,Epileptic seizure prediction based on EEG using pseudo-three-dimensional CNN,Liu X.; Li C.; Lou X.; Kong H.; Li X.; Li Z.; Zhong L.,2024,Frontiers in Neuroinformatics,10.3389/fninf.2024.1354436,,Article,,yes,Crossref: Frontiers in Neuroinformatics 2024,include,,handcrafted features fused with spatial/temporal EEG structure into P3D-CNN; prediction
A0357,scopus;wos,Epileptic Seizure Prediction Using Spatiotemporal Feature Fusion on EEG,Ji D.; He L.; Dong X.; Li H.; Zhong X.; Liu G.; Zhou W.,2024,International Journal of Neural Systems,10.1142/s0129065724500412,,Article,,check,first author not in Crossref author list,exclude,2,GAT then TCN on one input
A0358,scopus;wos,Epileptic seizure prediction via multidimensional transformer and recurrent neural network fusion,Zhu R.; Pan W.-X.; Liu J.-X.; Shang J.-L.,2024,Journal of Translational Medicine,10.1186/s12967-024-05678-7,,Article,,yes,Crossref: Journal of Translational Medicine 2024,exclude,2,STFT features into transformer and RNNs
A0359,scopus;wos;ieee,Epileptic Seizures Detection using Fusion of Artificial Neural Network with Hybrid Deep Learning,Asrithavalli P.; Kumar K.A.; Anirudh P.; Begum B.,2024,"Proceedings - 3rd International Conference on Advances in Computing, Communication and Applied Informatics, ACCAI 2024",10.1109/accai61061.2024.10602167,,Conference paper,,check,venue 'Proceedings - 3rd International Conferen' vs Crossref '2024 International Conference on Advance',exclude,2,model fusion on one feature input
A0360,scopus;wos;ieee,Feature Fusion of Gramian Angular Field Deep Learning EEG-Based Epileptic Seizure Classification,Aboyeji S.T.; Wang X.; Chen Y.; Ahmad I.; Li L.; Liu Z.; Yao C.; Zhang Y.; Zhao G.; Li G.; Chen S.,2024,"2024 17th International Convention on Rehabilitation Engineering and Assistive Technology, i-CREATe 2024 and World Rehabilitation Robot Convention, WRRC 2024 - Proceedings",10.1109/i-create62067.2024.10776422,,Conference paper,,yes,Crossref: 2024 17th International Convention on Rehabilitation Engineering and Assistive Technology (i-CREATe) 2024,include,,"GASF and GADF images in parallel CNNs, feature fusion"
A0361,scopus,Hierarchical Spatio-Temporal-Spectral Multiple Hybrid Attention Mechanisms for Seizure Prediction,Ge S.; Wang W.; Shi X.; Wang M.,2024,IAENG International Journal of Computer Science,,,Article,,,no DOI or arXiv id,exclude,2,cross-domain attention within one network
A0362,scopus;wos,iEEG-recon: A fast and scalable pipeline for accurate reconstruction of intracranial electrodes and implantable devices,Lucas A.; Scheid B.H.; Pattnaik A.R.; Gallagher R.; Mojena M.; Tranquille A.; Prager B.; Gleichgerrcht E.; Gong R.; Litt B.; Davis K.A.; Das S.; Stein J.M.; Sinha N.,2024,Epilepsia,10.1111/epi.17863,,Article,,check,title differs: Crossref '<scp>iEEG</scp> ‐recon: A fast and scalable pipeline for accurate reconstruction',exclude,1,electrode reconstruction pipeline
A0363,ieee,Improved EEG-Based Epileptic Seizure Classification Using Fusion of Machine Learning Model with Statistical Feature Integration,R. K. Sadangi; B. Patra; T. K. Gandhi; B. C. Sutar; N. P. Maity; R. Maity,2024,"2024 International Conference on Communication, Control, and Intelligent Systems (CCIS)",10.1109/ccis63231.2024.10931966,,CONF,,yes,"Crossref: 2024 International Conference on Communication, Control, and Intelligent Systems (CCIS) 2024",exclude,2,classical ML on statistical features
A0364,scopus;ieee,Integrative Approach for Automated Epileptic Seizure Detection: EEG-MRI Hybrid Model Utilizing Deep Learning Techniques,Dharani V.; Lakshmanan L.,2024,"Proceedings of the 5th International Conference on Data Intelligence and Cognitive Informatics, ICDICI 2024",10.1109/icdici62993.2024.10810967,,Conference paper,,check,venue 'Proceedings of the 5th International Con' vs Crossref '2024 5th International Conference on Dat',include,,EEG + MRI hybrid DL; detection
A0365,scopus,Intracortical recordings reveal the neuronal selectivity for bodies and body parts in the human visual cortex,Ramirez J.G.; Vanhoyland M.; Ratan Murty N.A.; Decramer T.; Van Paesschen W.; Bracci S.; de Beeck H.O.; Kanwisher N.; Janssen P.; Theys T.,2024,Proceedings of the National Academy of Sciences of the United States of America,10.1073/pnas.2408871121,,Article,,yes,Crossref: Proceedings of the National Academy of Sciences 2024,exclude,1,visual cortex recordings
A0366,scopus,IoT-enabled EEG-based Epilepsy Detection using Multilayer Deep Learning and the Evolutionary Algorithm Approach,Jaffar A.Y.,2024,"Engineering, Technology and Applied Science Research",10.48084/etasr.8270,,Article,,yes,"Crossref: Engineering, Technology &amp; Applied Science Research 2024",exclude,2,"DL + evolutionary algorithm, one input"
A0367,ieee,Knowledge-Data Fusion Based Source-Free Semi-Supervised Domain Adaptation for Seizure Subtype Classification,R. Peng; J. An; D. Wu,2024,"2024 IEEE International Conference on Systems, Man, and Cybernetics (SMC)",10.1109/smc54092.2024.10831339,,CONF,,yes,"Crossref: 2024 IEEE International Conference on Systems, Man, and Cybernetics (SMC) 2024",include,,"raw-EEG transformer and feature-driven decision tree, knowledge-data fusion; seizure subtypes"
A0368,scopus,Learning Robust Representations of Tonic-Clonic Seizures with Cyclic Transformer,Zhang J.; Swinnen L.; Chatzichristos C.; Van Paesschen W.; De Vos M.,2024,IEEE Journal of Biomedical and Health Informatics,10.1109/jbhi.2024.3375123,,Article,,yes,Crossref: IEEE Journal of Biomedical and Health Informatics 2024,unclear,,multimodal wearable TCS detection; modalities not stated
A0369,scopus;wos,MMA: metadata supported multi-variate attention for onset detection and prediction,Ravindranath M.; Candan K.S.; Sapino M.L.; Appavu B.,2024,Data Mining and Knowledge Discovery,10.1007/s10618-024-01008-z,,Article,,yes,Crossref: Data Mining and Knowledge Discovery 2024,include,,EEG + ICP + ECG + ABP multimodal LSTM; onset detection/prediction
A0370,scopus;wos,Modeling Clinical Decision Variability in Explainable Multimodal Seizure Detection,Azhar A.; Mathur A.; Jain S.; Emilian J.; Mandal S.; Shah N.; Zhang Y.J.,2024,Proceedings of Machine Learning Research,,,Conference paper,,,no DOI or arXiv id,unclear,,BiLSTM/GNN/WaveNet/ResNet combination on EEG; harmful brain activity
A0371,scopus;wos,Multi-branch fusion graph neural network based on multi-head attention for childhood seizure detection,Li Y.; Yang Y.; Song S.; Wang H.; Sun M.; Liang X.; Zhao P.; Wang B.; Wang N.; Sun Q.; Han Z.,2024,Frontiers in Physiology,10.3389/fphys.2024.1439607,,Article,,check,first author not in Crossref author list,exclude,2,multi-branch graph learning on one input
A0372,scopus;wos;ieee,Multi-Feature Fusion-Based Convolutional Neural Networks for EEG Epileptic Seizure Prediction in Consumer Internet of Things,Ahmad I.; Zhu M.; Liu Z.; Shabaz M.; Ullah I.; Tong M.C.F.; Sambas A.; Men L.; Chen Y.; Chen S.,2024,IEEE Transactions on Consumer Electronics,10.1109/tce.2024.3363166,,Article,,yes,Crossref: IEEE Transactions on Consumer Electronics 2024,include,,handcrafted and deep features concatenated in a fusion module; prediction
A0373,ieee,Multimodal EEG-fNIRS Seizure Pattern Decoding Using Vision Transformer,R. Damseh; A. Hireche; P. Sirpal; A. N. Belkacem,2024,IEEE Open Journal of the Computer Society,10.1109/ojcs.2024.3500032,,JOUR,,yes,Crossref: IEEE Open Journal of the Computer Society 2024,include,,EEG + fNIRS ViT; seizure patterns
A0374,wos;ieee,Multi-Modal Electrophysiological Source Imaging With Attention Neural Networks Based on Deep Fusion of EEG and MEG,"Jiao, M; Yang, SH; Xian, XC; Fotedar, N; Liu, F",2024,IEEE TRANSACTIONS ON NEURAL SYSTEMS AND REHABILITATION ENGINEERING,10.1109/tnsre.2024.3424669,,Article,,yes,Crossref: IEEE Transactions on Neural Systems and Rehabilitation Engineering 2024,exclude,1,source imaging (EEG+MEG)
A0375,scopus,MULTISCALE DENSE CONVOLUTIONAL NETWORK FOR EEG SEIZURE DETECTION,Zhu Z.; Zhang M.; Cui Y.,2024,"ICIC Express Letters, Part B: Applications",10.24507/icicelb.15.09.889,,Article,,no,DOI not found in Crossref,exclude,2,multiscale dense CNN
A0376,ieee,Multi-Scale-Rhythm Attention Feature Contrastive Learning for Epileptic Seizure Prediction,Y. Wang; W. Liu; Y. Li,2024,"2024 4th International Conference on Industrial Automation, Robotics and Control Engineering (IARCE)",10.1109/iarce64300.2024.00076,,CONF,,yes,"Crossref: 2024 4th International Conference on Industrial Automation, Robotics and Control Engineering (IARCE) 2024",exclude,2,"multi-scale rhythm attention, one input"
A0377,scopus,"Neurophotonics: a comprehensive review, current challenges and future trends",Barros B.J.; Cunha J.P.S.,2024,Frontiers in Neuroscience,10.3389/fnins.2024.1382341,,Review,,yes,Crossref: Frontiers in Neuroscience 2024,exclude,3,review
A0378,scopus;ieee,Non-EEG-Based Seizure Detection: A Comprehensive Review,Singh A.K.; Rana A.; Kapse V.,2024,"Proceedings of International Conference on Communication, Computer Sciences and Engineering, IC3SE 2024",10.1109/ic3se62002.2024.10593241,,Conference paper,,check,venue 'Proceedings of International Conference ' vs Crossref '2024 International Conference on Communi',exclude,3,review
A0379,scopus,Parallel Dual-Branch Fusion Network for Epileptic Seizure Prediction,Ma H.; Wu Y.; Tang Y.; Chen R.; Xu T.; Zhang W.,2024,Computers in Biology and Medicine,10.1016/j.compbiomed.2024.108565,,Article,,check,first author not in Crossref author list,exclude,2,MFCC features into CNN and Transformer branches
A0380,scopus,"Proceedings of the 23rd Polish Conference on Biocybernetics and Biomedical Engineering, PCBEE 2023",,2024,Lecture Notes in Networks and Systems,,,Conference review,,,no DOI or arXiv id,exclude,1,"proceedings front matter, not a study"
A0381,arxiv,SCFNet:A Transferable IIIC EEG Classification Network,Weijin Xu,2024,arXiv (preprint),,2412.17835,preprint,"Epilepsy and epileptiform discharges are common harmful brain activities, and electroencephalogram (EEG) signals are widely used to monitor the onset status of patients. However, due to the lack of unified EEG signal acquisition standards, there are many obstacles in practical applications, especially the difficulty in transferring and using models trained on different numbers of channels. To address this issue, we proposes a neural network architecture with a single-channel feature extraction (Singal Channel Feature) model backend fusion (SCFNet). The feature extractor of the model is an RCNN network with single-channel input, which does not depend on other channels, thereby enabling easier migration to data with different numbers of channels. Experimental results show that on the IIIC-Seizure dataset, the accuracy of EEG-SCFNet has improved by 4% compared to the baseline model and also increased by 1.3% compared to the original RCNN neural network model. Even with only fine-tuning the classification head, its performance can still maintain a level comparable to the baseline. In addition, in terms of cross-dataset transfer, EEG-SCFNet can still maintain certain performance even if the channel leads are different.",yes,arXiv,exclude,2,single-channel feature back-end fusion
A0382,scopus;wos;ieee,SeizureGuard: An adaptive fusion converter model for seizure prediction,Pan W.-X.; Zhu R.; Liu J.-X.; Shang J.-L.,2024,"Proceedings - 2024 IEEE International Conference on Bioinformatics and Biomedicine, BIBM 2024",10.1109/bibm62325.2024.10822245,,Conference paper,,check,venue 'Proceedings - 2024 IEEE International Co' vs Crossref '2024 IEEE International Conference on Bi',include,,"time, frequency and channel features in three convolutional branches; prediction"
A0383,ieee,SeizureSight: 2D CNN-LSTM hybrid for EEG-based seizure prediction,J. Patel,2024,2024 3rd International Conference on Applied Artificial Intelligence and Computing (ICAAIC),10.1109/icaaic60222.2024.10574916,,CONF,,yes,Crossref: 2024 3rd International Conference on Applied Artificial Intelligence and Computing (ICAAIC) 2024,exclude,2,2D CNN-LSTM
A0384,scopus;wos,Seizure Types Classification Based on Multi-branch Hybrid Deep Learning Network,Jia Q.; Liu J.-X.; Shang J.; Dai L.; Wang Y.; Hu W.; Yuan S.,2024,Lecture Notes in Computer Science,10.1007/978-981-97-5591-2_39,,Conference paper,,yes,Crossref: Lecture Notes in Computer Science 2024,exclude,2,"HVD subcomponents of one signal, multi-branch"
A0385,scopus;ieee,Spatiotemporal Network Based on GCN and BiGRU for Seizure Detection,Xu J.; Yuan S.; Shang J.; Wang J.; Yan K.; Yang Y.,2024,IEEE Journal of Biomedical and Health Informatics,10.1109/jbhi.2024.3349583,,Article,,check,first author not in Crossref author list,exclude,2,GCN + BiGRU
A0386,ieee,Synchronized Video and EEG Based Childhood Epilepsy Seizure Detection,J. Cao; Y. Fang; X. Cui; R. Zheng; T. Jiang; F. Gao,2024,IEEE Transactions on Emerging Topics in Computational Intelligence,10.1109/tetci.2024.3372387,,JOUR,,yes,Crossref: IEEE Transactions on Emerging Topics in Computational Intelligence 2024,include,,synchronised video + EEG; childhood detection
A0387,ieee,Synthesizing Multi-Modal Imaging for Enhanced Brain Mapping in Neurology: A State-of-the-art Review,P. Kumar; T. K. Mohammad; A. Pramod Kumar; R. Kassym; T. A. S.; T. Akmaral,2024,"2024 5th International Conference on Communications, Information, Electronic and Energy Systems (CIEES)",10.1109/ciees62939.2024.10811448,,CONF,,yes,"Crossref: 2024 5th International Conference on Communications, Information, Electronic and Energy Systems (CIEES) 2024",exclude,3,review
A0388,scopus,Temporal attention fusion network with custom loss function for EEG-fNIRS classification,Bunterngchit C.; Wang J.; Su J.; Wang Y.; Liu S.; Hou Z.-G.,2024,Journal of Neural Engineering,10.1088/1741-2552/ad8e86,,Article,,yes,Crossref: Journal of Neural Engineering 2024,exclude,1,EEG-fNIRS cognitive/motor intention classification
A0389,scopus;wos,Tri-SeizureDualNet: A novel multimodal brain seizure detection using triple stream skipped feature extraction module entrenched dual parallel attention transformer,Sunkara M.; Reeja S R,2024,Biomedical Signal Processing and Control,10.1016/j.bspc.2023.105593,,Article,,yes,Crossref: Biomedical Signal Processing and Control 2024,include,,EEG + fMRI (separate databases) fusion; doubtful pairing
A0390,scopus;wos,vEpiNet: A multimodal interictal epileptiform discharge detection method based on video and electroencephalogram data,Lin N.; Gao W.; Li L.; Chen J.; Liang Z.; Yuan G.; Sun H.; Liu Q.; Chen J.; Jin L.; Huang Y.; Zhou X.; Zhang S.; Hu P.; Dai C.; He H.; Dong Y.; Cui L.; Lu Q.,2024,Neural Networks,10.1016/j.neunet.2024.106319,,Article,,yes,Crossref: Neural Networks 2024,exclude,1,IED detection (video + EEG)
A0391,scopus;wos;ieee,2D Wavelet-Scalogram Deep-Learning for Seizures Pattern Identification in the Post-Hypoxic-Ischemic EEG of Preterm Fetal Sheep,Abbasi H.; Dhillon S.K.; Davidson J.; Gunn A.J.; Bennet L.,2023,"Proceedings of the Annual International Conference of the IEEE Engineering in Medicine and Biology Society, EMBS",10.1109/embc40787.2023.10340425,,Conference paper,,check,venue 'Proceedings of the Annual International ' vs Crossref '2023 45th Annual International Conferenc',exclude,2,scalogram CNN in animal model
A0392,scopus;ieee,A Deep Learning Method for Classification of Interictal and Preictal EEG Signals in Epileptic Seizure Prediction,Chen L.,2023,"Proceedings - 2023 9th Annual International Conference on Network and Information Systems for Computers, ICNISC 2023",10.1109/icnisc60562.2023.00038,,Conference paper,,check,venue 'Proceedings - 2023 9th Annual Internatio' vs Crossref '2023 9th Annual International Conference',include,,time-domain and frequency-domain branches fused; prediction
A0393,scopus;ieee,A Fusion of CNN and Grey Wolf Optimization-Enhanced BiGRU for Epileptic Seizure Recognition Using EEG Signals,De S.; Mukherjee P.; Biswas D.; Roy A.H.,2023,"3rd IEEE International Conference on Mobile Networks and Wireless Communications, ICMNWC 2023",10.1109/icmnwc60182.2023.10435930,,Conference paper,,check,first author not in Crossref author list; venue '3rd IEEE International Conference on Mob' vs Crossref '2023 3rd International Conference on Mob',exclude,2,CNN + BiGRU
A0394,scopus;wos;ieee,A Multi-Channel Feature Fusion CNN-Bi-LSTM Epilepsy EEG Classification and Prediction Model Based on Attention Mechanism,Ma Y.; Huang Z.; Su J.; Shi H.; Wang D.; Jia S.; Li W.,2023,IEEE Access,10.1109/access.2023.3287927,,Article,,check,first author not in Crossref author list,exclude,2,CNN and BiLSTM on one input
A0395,scopus;wos,An automated detection of epileptic seizures EEG using CNN classifier based on feature fusion with high accuracy,Chen W.; Wang Y.; Ren Y.; Jiang H.; Du G.; Zhang J.; Li J.,2023,BMC Medical Informatics and Decision Making,10.1186/s12911-023-02180-w,,Article,,yes,Crossref: BMC Medical Informatics and Decision Making 2023,exclude,2,handcrafted features into CNN
A0396,scopus,An effective fusion model for seizure prediction: GAMRNN,Ji H.; Xu T.; Xue T.; Xu T.; Yan Z.; Liu Y.; Chen B.; Jiang W.,2023,Frontiers in Neuroscience,10.3389/fnins.2023.1246995,,Article,,check,first author not in Crossref author list,exclude,2,GRU + attention
A0397,scopus;wos,An Innovative Information-Based Strategy for Epileptic EEG Classification,Goshvarpour A.; Goshvarpour A.,2023,Neural Processing Letters,10.1007/s11063-023-11253-w,,Article,,yes,Crossref: Neural Processing Letters 2023,exclude,2,"no deep learning (PNN/kNN); compares stacking, sum, weighted-sum and max combining rules"
A0398,scopus;wos,A Novel Prognostic Model Using Chaotic CNN with Hybridized Spoofing for Enhancing Diagnostic Accuracy in Epileptic Seizure Prediction,Palanisamy P.; Urooj S.; Arunachalam R.; Lay-Ekuakille A.,2023,Diagnostics,10.3390/diagnostics13213382,,Article,,yes,Crossref: Diagnostics 2023,exclude,2,CNN with feature selection
A0399,ieee,A One-Step Physiological Status Assessment Method Fusing Subject-Variant Information,Y. An; S. Chen; X. Zhang,2023,IEEE Transactions on Automation Science and Engineering,10.1109/tase.2022.3183589,,JOUR,,check,first author not in Crossref author list,exclude,1,"physiological status assessment, not seizure"
A0400,scopus;wos;ieee,Applying 3DCNN to Recognize the weighted Time- frequency Features by Phase Locking Value for Epilepsy Prediction,Li M.; Zhang Z.,2023,"Proceedings of the 35th Chinese Control and Decision Conference, CCDC 2023",10.1109/ccdc58219.2023.10326652,,Conference paper,,check,first author not in Crossref author list; venue 'Proceedings of the 35th Chinese Control ' vs Crossref '2023 35th Chinese Control and Decision C',exclude,2,PLV-weighted time-frequency tensor into 3D CNN (single fused input)
A0401,scopus;wos,Artificial intelligence-enhanced epileptic seizure detection by wearables,Yu S.; El Atrache R.; Tang J.; Jackson M.; Makarucha A.; Cantley S.; Sheehan T.; Vieluf S.; Zhang B.; Rogers J.L.; Mareels I.; Harrer S.; Loddenkemper T.,2023,Epilepsia,10.1111/epi.17774,,Article,,check,first author not in Crossref author list,exclude,1,wearables without EEG
A0402,scopus;wos,A wireless and battery-less implant for multimodal closed-loop neuromodulation in small animals,Ouyang W.; Lu W.; Zhang Y.; Liu Y.; Kim J.U.; Shen H.; Wu Y.; Luan H.; Kilner K.; Lee S.P.; Lu Y.; Yang Y.; Wang J.; Yu Y.; Wegener A.J.; Moreno J.A.; Xie Z.; Wu Y.; Won S.M.; Kwon K.; Wu C.; Bai W.; Guo H.; Liu T.-L.; Bai H.; Monti G.; Zhu J.; Madhvapathy S.R.; Trueb J.; Stanslaski M.; Higbee-Dempsey E.M.; Stepien I.; Ghoreishi-Haack N.; Haney C.R.; Kim T.-I.; Huang Y.; Ghaffari R.; Banks A.R.; Jhou T.C.; Good C.H.; Rogers J.A.,2023,Nature Biomedical Engineering,10.1038/s41551-023-01029-x,,Article,,yes,Crossref: Nature Biomedical Engineering 2023,exclude,1,animal implant hardware
A0403,scopus;wos,Characteristic analysis of epileptic brain network based on attention mechanism,Yu H.-S.; Meng X.-F.,2023,Scientific Reports,10.1038/s41598-023-38012-0,,Article,,check,first author not in Crossref author list,exclude,2,multi-frequency brain network CNN
A0404,scopus;arxiv,Comparison of Epilepsy Induced by Ischemic Hypoxic Brain Injury and Hypoglycemic Brain Injury using Multilevel Fusion of Data Features,Kadem S.; Sami N.; Elaraby A.; Alyousif S.; Jalil M.; Altaee M.; Almusawi M.; Ghany I.A.; Kareem A.K.; Kamalrudin M.; Ftaiet A.A.,2023,Fusion: Practice and Applications,10.54216/fpa.100106,2409.02957,Article,"The study aims to investigate the similarities and differences in the brain damage caused by Hypoxia-Ischemia (HI), Hypoglycemia, and Epilepsy. Hypoglycemia poses a significant challenge in improving glycemic regulation for insulin-treated patients, while HI brain disease in neonates is associated with low oxygen levels. The study examines the possibility of using a combination of medical data and Electroencephalography (EEG) measurements to predict outcomes over a two-year period. The study employs a multilevel fusion of data features to enhance the accuracy of the predictions. Therefore this paper suggests a hybridized classification model for Hypoxia-Ischemia and Hypoglycemia, Epilepsy brain injury (HCM-BI). A Support Vector Machine is applied with clinical details to define the Hypoxia-Ischemia outcomes of each infant. The newborn babies are assessed every two years again to know the neural development results. A selection of four attributes is derived from the Electroencephalography records, and SVM does not get conclusions regarding the classification of diseases. The final feature extraction of the EEG signal is optimized by the Bayesian Neural Network (BNN) to get the clear health condition of Hypoglycemia and Epilepsy patients. Through monitoring and assessing physical effects resulting from Electroencephalography, The Bayesian Neural Network (BNN) is used to extract the test samples with the most log data and to report hypoglycemia and epilepsy Keywords- Hypoxia-Ischemia , Hypoglycemia , Epilepsy , Multilevel Fusion of Data Features , Bayesian Neural Network (BNN) , Support Vector Machine (SVM)",yes,Crossref: Fusion: Practice and Applications 2023,exclude,1,"comparison of brain-injury aetiologies, not seizure detection"
A0405,scopus,Cross Model Attention based Deep Learning for Multi Modal Epilepsy Detection,Kumbam V.R.; Mary A.V.A.,2023,International Journal of Intelligent Engineering and Systems,10.22266/ijies2023.1031.07,,Article,,yes,Crossref: International Journal of Intelligent Engineering and Systems 2023,include,,cross-model attention over EEG modalities vs feature/decision fusion
A0406,scopus;wos,Detection of Epileptic Seizures Based-on Channel Fusion and Transformer Network in EEG Recordings,Yauri J.; Lagos M.; Vega-Huerta H.; De-La-Cruz-VdV P.; Maquen-Niño G.L.E.; Condor-Tinoco E.,2023,International Journal of Advanced Computer Science and Applications,10.14569/ijacsa.2023.01405110,,Article,,yes,Crossref: International Journal of Advanced Computer Science and Applications 2023,exclude,2,channel fusion + transformer
A0407,ieee,Dynamic Multi-Graph Convolution-Based Channel-Weighted Transformer Feature Fusion Network for Epileptic Seizure Prediction,Y. Wang; W. Cui; T. Yu; X. Li; X. Liao; Y. Li,2023,IEEE Transactions on Neural Systems and Rehabilitation Engineering,10.1109/tnsre.2023.3321414,,JOUR,,yes,Crossref: IEEE Transactions on Neural Systems and Rehabilitation Engineering 2023,include,,"temporal, spatial and spectral branches, channel-weighted transformer fusion; prediction"
A0408,scopus;wos;ieee,Energy-Efficient Spiking-CNN-Based Cross-Patient Seizure Detection,Muneeb A.; Kassiri H.,2023,Proceedings - IEEE International Symposium on Circuits and Systems,10.1109/iscas46773.2023.10181879,,Conference paper,,check,venue 'Proceedings - IEEE International Symposi' vs Crossref '2023 IEEE International Symposium on Cir',exclude,2,spectral/temporal/spatial feature set into spiking CNN
A0409,wos,Epilepsy detection in 121 patient populations using hypercube pattern from EEG signals,"Tasci, I; Tasci, B; Barua, PD; Dogan, S; Tuncer, T; Palmer, EE; Fujita, H; Acharya, UR",2023,INFORMATION FUSION,10.1016/j.inffus.2023.03.022,,Article,,yes,Crossref: Information Fusion 2023,exclude,2,"handcrafted pattern features, classical ML"
A0410,scopus,Epileptic focus localization using transfer learning on multi-modal EEG,Yang Y.; Li F.; Luo J.; Qin X.; Huang D.,2023,Frontiers in Computational Neuroscience,10.3389/fncom.2023.1294770,,Article,,yes,Crossref: Frontiers in Computational Neuroscience 2023,exclude,1,epileptic focus localisation
A0411,scopus,Epileptic Seizure Prediction Using Convolutional Neural Networks and Fusion Features on Scalp EEG Signals,Lan Q.; Yao B.; Qing T.,2023,IEICE Transactions on Information and Systems,10.1587/transinf.2022dll0002,,Article,,yes,Crossref: IEICE Transactions on Information and Systems 2023,exclude,2,side-output fusion of one STFT network
A0412,scopus;wos,Epileptic Seizures Diagnosis Using Amalgamated Extremely Focused EEG Signals and Brain MRI,Mohammad F.; Al-Ahmadi S.,2023,"Computers, Materials and Continua",10.32604/cmc.2023.032552,,Article,,yes,"Crossref: Computers, Materials &amp; Continua 2023",include,,EEG + MRI fusion
A0413,scopus,Epileptic Spike Detection Based on Deep Learning,Duan L.; Cui Y.; Wang Y.; Wang Z.; Cao M.; Qiao Y.,2023,ACM International Conference Proceeding Series,10.1145/3594315.3594324,,Conference paper,,check,venue 'ACM International Conference Proceeding ' vs Crossref 'Proceedings of the 2023 9th Internationa',exclude,1,spike detection
A0414,scopus;wos,"Explainable AI for wearable seizure logging: Impact of data quality, patient age, and antiseizure medication on performance",Halimeh M.; Jackson M.; Vieluf S.; Loddenkemper T.; Meisel C.,2023,Seizure,10.1016/j.seizure.2023.06.002,,Article,,check,venue 'Seizure' vs Crossref 'Seizure: European Journal of Epilepsy',exclude,1,wearables without EEG
A0415,scopus;wos,Explainable automated seizure detection using attentive deep multi-view networks,Einizade A.; Nasiri S.; Mozafari M.; Sardouie S.H.; Clifford G.D.,2023,Biomedical Signal Processing and Control,10.1016/j.bspc.2022.104076,,Article,,yes,Crossref: Biomedical Signal Processing and Control 2023,include,,"raw multichannel EEG, WPD and handcrafted views with attentive fusion (vs concatenation)"
A0416,scopus,Feature Fusion of Time-frequency and Deep Learning Features for Epileptic Seizure Detection using EEG Signals,Sadam S.P.; Nj N.,2023,International Journal of Electrical and Electronics Research,10.37391/ijeer.110329,,Article,,yes,Crossref: International Journal of Electrical and Electronics Research 2023,include,,time-frequency and DL features fused
A0417,scopus;ieee,Improving the Performance of ECG-based Epileptic Seizure Prediction,Nair S.; Kumar C.S.; Muralidharan P.; Gopinath S.; Kumar A.A.; Parasuram H.,2023,"2023 14th International Conference on Computing Communication and Networking Technologies, ICCCNT 2023",10.1109/icccnt56998.2023.10306997,,Conference paper,,yes,Crossref: 2023 14th International Conference on Computing Communication and Networking Technologies (ICCCNT) 2023,exclude,1,ECG-based prediction without EEG
A0418,scopus;wos,Interactive local and global feature coupling for EEG-based epileptic seizure detection,Zhao Y.; Chu D.; He J.; Xue M.; Jia W.; Xu F.; Zheng Y.,2023,Biomedical Signal Processing and Control,10.1016/j.bspc.2022.104441,,Article,,yes,Crossref: Biomedical Signal Processing and Control 2023,exclude,2,CNN and transformer on one input
A0419,ieee,Low to High Dimensional Projection of Seizure Electroencephalography Using Recurrent Neural Network,V. KN; N. Singh; D. Hazarika; C. N. Gupta,2023,2023 IEEE 20th India Council International Conference (INDICON),10.1109/indicon59947.2023.10440874,,CONF,,check,first author not in Crossref author list,exclude,2,RNN
A0420,scopus;wos,Multimodal detection of epilepsy with deep neural networks,Ilias L.; Askounis D.; Psarras J.,2023,Expert Systems with Applications,10.1016/j.eswa.2022.119010,,Article,,yes,Crossref: Expert Systems with Applications 2023,include,,raw-EEG CNN branches + STFT image EfficientNet branch; multimodal DNN
A0421,scopus,Preictal neuronal and vascular activity precedes the onset of childhood absence seizure: direct current potential shifts and their correlation with hemodynamic activity,Nourhashemi M.; Mahmoudzadeh M.; Heberle C.; Wallois F.,2023,Neurophotonics,10.1117/1.nph.10.2.025005,,Article,,yes,Crossref: Neurophotonics 2023,exclude,1,neurovascular physiology study
A0422,scopus;wos,Robust Epileptic Seizure Detection Using Long Short-Term Memory and Feature Fusion of Compressed Time–Frequency EEG Images,Khan S.U.; Jan S.U.; Koo I.,2023,Sensors,10.3390/s23239572,,Article,,yes,Crossref: Sensors 2023,include,,CWT images (autoencoder) + statistical features fused
A0423,scopus,SEEG-RF for revealing and treating Geschwind syndrome's epileptic network: A case study,Levy M.; Weinstein M.; Mirson A.; Madar S.; Lorberboym M.; Getter N.; Zer-Zion M.; Sepkuty J.,2023,Epilepsy and Behavior Reports,10.1016/j.ebr.2023.100617,,Article,,check,venue 'Epilepsy and Behavior Reports' vs Crossref 'Epilepsy &amp; Behavior Reports',exclude,1,case study
A0424,scopus,"15th International Conference on Brain Informatics, BI 2022",,2022,Lecture Notes in Computer Science (including subseries Lecture Notes in Artificial Intelligence and Lecture Notes in Bioinformatics),,,Conference review,,,no DOI or arXiv id,exclude,1,"proceedings front matter, not a study"
A0425,scopus;ieee,A 1-D CNN-FSVM Model with a multi-scale sub-band feature learning for automated seizure detection,Reddy S.K.C.; Suchetha M.,2022,"Proceedings - IEEE International Conference on Advances in Computing, Communication and Applied Informatics, ACCAI 2022",10.1109/accai53970.2022.9752500,,Conference paper,,check,venue 'Proceedings - IEEE International Confere' vs Crossref '2022 International Conference on Advance',exclude,2,multi-scale sub-band features
A0426,scopus;wos,A Cross-patient SEEG Epileptic Signal Detection Method Based on Adaptive Feature Fusion of Brain Network Features and Single-Channel Features,Wang Y.; Bao Z.; Wang Y.; Yang Y.; Feng T.; Kang G.,2022,ACM International Conference Proceeding Series,10.1145/3574198.3574224,,Conference paper,,check,venue 'ACM International Conference Proceeding ' vs Crossref 'Proceedings of the 2022 9th Internationa',include,,"brain-network features + single-channel CNN features, adaptive fusion; SEEG epileptic signal detection"
A0427,scopus;wos,A Fusion-Based Technique With Hybrid Swarm Algorithm and Deep Learning for Biosignal Classification,Prabhakar S.K.; Rajaguru H.; Kim C.; Won D.-O.,2022,Frontiers in Human Neuroscience,10.3389/fnhum.2022.895761,,Article,,yes,Crossref: Frontiers in Human Neuroscience 2022,exclude,2,SVD hybrid model with swarm feature selection
A0428,scopus;wos;ieee,A Multimodal AI System for Out-of-Distribution Generalization of Seizure Identification,Yang Y.; Truong N.D.; Eshraghian J.K.; Maher C.; Nikpour A.; Kavehei O.,2022,IEEE Journal of Biomedical and Health Informatics,10.1109/jbhi.2022.3157877,,Article,,yes,Crossref: IEEE Journal of Biomedical and Health Informatics 2022,include,,EEG + ECG; out-of-distribution seizure identification
A0429,wos,A multimodal clinical data resource for personalized risk assessment of sudden unexpected death in epilepsy,"Li, XJ; Tao, SQ; Lhatoo, SD; Cui, LC; Huang, Y; Hampson, JP; Zhang, GQ",2022,FRONTIERS IN BIG DATA,10.3389/fdata.2022.965715,,Article,,check,first author not in Crossref author list,exclude,1,SUDEP data resource
A0430,scopus;ieee,An Approach for Detection of Epileptic Seizures from EEGs Considering Ictal-like Non-Ictal Signals,Wu Z.; Zhou S.,2022,"2022 International Conference on Smart Generation Computing, Communication and Networking, SMART GENCON 2022",10.1109/smartgencon56628.2022.10084311,,Conference paper,,check,first author not in Crossref author list,exclude,2,kNN + GAN + CNN on one input
A0431,scopus;wos,An EEG Signal Recognition Algorithm During Epileptic Seizure Based on Distributed Edge Computing,Qiu S.; Cheng K.; Zhou T.; Tahir R.; Ting L.,2022,International Journal of Interactive Multimedia and Artificial Intelligence,10.9781/ijimai.2022.07.001,,Article,,yes,Crossref: International Journal of Interactive Multimedia and Artificial Intelligence 2022,exclude,2,edge computing
A0432,scopus;wos,Artificial intelligence for medical image analysis in epilepsy,Sollee J.; Tang L.; Igiraneza A.B.; Xiao B.; Bai H.X.; Yang L.,2022,Epilepsy Research,10.1016/j.eplepsyres.2022.106861,,Review,,yes,Crossref: Epilepsy Research 2022,exclude,3,review
A0433,scopus;wos,Automatic Detection of Epilepsy Based on Entropy Feature Fusion and Convolutional Neural Network,Sun Y.; Chen X.,2022,Oxidative Medicine and Cellular Longevity,10.1155/2022/1322826,,Retracted,,check,title differs: Crossref '[Retracted] Automatic Detection of Epilepsy Based on Entropy Feature Fusion and ',exclude,2,entropy feature matrices into 3D CNN
A0434,wos,Automatic identification of schizophrenia using EEG signals based on discrete wavelet transform and RLNDiP technique with ANN,"Sairamya, NJ; Subathra, MSP; George, ST",2022,EXPERT SYSTEMS WITH APPLICATIONS,10.1016/j.eswa.2021.116230,,Article,,yes,Crossref: Expert Systems with Applications 2022,exclude,1,schizophrenia
A0435,scopus,BECT Spike Detection Based on Novel Multichannel Data Weighted Fusion Algorithm,Jiang T.; Xu Z.; Cao J.; Bao Z.; Gao F.; Zhang J.; Vidal P.-P.,2022,IEEE Transactions on Circuits and Systems II: Express Briefs,10.1109/tcsii.2022.3192827,,Article,,yes,Crossref: IEEE Transactions on Circuits and Systems II: Express Briefs 2022,exclude,1,spike detection
A0436,scopus,Cognitive therapy for brain diseases using deep learning models,Olaniyan O.T.; Adetunji C.O.; Adeyomoye O.; Dare A.; Adeniyi M.J.; Enoch A.,2022,Artificial Intelligence for Neurological Disorders,10.1016/b978-0-323-90277-9.00017-1,,Book chapter,,yes,Crossref: Artificial Intelligence for Neurological Disorders 2023,exclude,1,"neuroimaging, brain diseases"
A0437,scopus,Deep feature fusion based childhood epilepsy syndrome classification from electroencephalogram,Cui X.; Hu D.; Lin P.; Cao J.; Lai X.; Wang T.; Jiang T.; Gao F.,2022,Neural Networks,10.1016/j.neunet.2022.03.014,,Article,,yes,Crossref: Neural Networks 2022,exclude,1,"epilepsy syndrome classification, not seizure detection"
A0438,scopus;wos,Deep Learning Models for Predicting Epileptic Seizures Using iEEG Signals,Ouichka O.; Echtioui A.; Hamam H.,2022,Electronics (Switzerland),10.3390/electronics11040605,,Article,,check,venue 'Electronics (Switzerland)' vs Crossref 'Electronics',exclude,2,"DL on iEEG, one input"
A0439,scopus,DWT-EMD Feature Level Fusion Based Approach over Multi and Single Channel EEG Signals for Seizure Detection,Jana G.C.; Agrawal A.; Pattnaik P.K.; Sain M.,2022,Diagnostics,10.3390/diagnostics12020324,,Article,,yes,Crossref: Diagnostics 2022,exclude,2,"DWT-EMD features with classical classifiers, no DL"
A0440,scopus,Early seizure detection in childhood focal epilepsy with electroencephalogram feature fusion on deep autoencoder learning and channel correlations,Jiang T.; Zhu J.; Hu D.; Gao W.; Gao F.; Cao J.,2022,Multidimensional Systems and Signal Processing,10.1007/s11045-022-00839-7,,Article,,yes,Crossref: Multidimensional Systems and Signal Processing 2022,include,,convolutional-autoencoder spectral features + channel-correlation features fused
A0441,scopus;wos,Efficient graph convolutional networks for seizure prediction using scalp EEG,Jia M.; Liu W.; Duan J.; Chen L.; Chen C.L.P.; Wang Q.; Zhou Z.,2022,Frontiers in Neuroscience,10.3389/fnins.2022.967116,,Article,,yes,Crossref: Frontiers in Neuroscience 2022,exclude,2,GCN
A0442,scopus;wos;ieee,Epileptic Classification With Deep-Transfer-Learning-Based Feature Fusion Algorithm,Cao J.; Hu D.; Wang Y.; Wang J.; Lei B.,2022,IEEE Transactions on Cognitive and Developmental Systems,10.1109/tcds.2021.3064228,,Article,,yes,Crossref: IEEE Transactions on Cognitive and Developmental Systems 2022,exclude,2,features of several pretrained CNNs on one representation
A0443,scopus;wos,Epileptic Seizure Detection with Hybrid Time-Frequency EEG Input: A Deep Learning Approach,Pan Y.; Zhou X.; Dong F.; Wu J.; Xu Y.; Zheng S.,2022,Computational and Mathematical Methods in Medicine,10.1155/2022/8724536,,Article,,yes,Crossref: Computational and Mathematical Methods in Medicine 2022,include,,"raw, FT, STFT and wavelet inputs, CNN features fused; detection"
A0444,scopus;wos,Epileptic Seizure Prediction Using Deep Neural Networks Via Transfer Learning and Multi-Feature Fusion,Yu Z.; Albera L.; Le Bouquin Jeannes R.; Kachenoura A.; Karfoul A.; Yang C.; Shu H.,2022,International Journal of Neural Systems,10.1142/s0129065722500320,,Article,,check,first author not in Crossref author list,include,,handcrafted and deep features fused; prediction
A0445,scopus;wos,Multimodal Autoencoder Predicts fNIRS Resting State From EEG Signals,Sirpal P.; Damseh R.; Peng K.; Nguyen D.K.; Lesage F.,2022,Neuroinformatics,10.1007/s12021-021-09538-3,,Article,,yes,Crossref: Neuroinformatics 2021,exclude,1,EEG-to-fNIRS signal prediction
A0446,scopus,Multi-modal characterization and simulation of human epileptic circuitry,Buchin A.; de Frates R.; Nandi A.; Mann R.; Chong P.; Ng L.; Miller J.; Hodge R.; Kalmbach B.; Bose S.; Rutishauser U.; McConoughey S.; Lein E.; Berg J.; Sorensen S.; Gwinn R.; Koch C.; Ting J.; Anastassiou C.A.,2022,Cell Reports,10.1016/j.celrep.2022.111873,,Article,,yes,Crossref: Cell Reports 2022,exclude,1,cellular characterisation
A0447,scopus,"Multimodal, Multiscale Insights into Hippocampal Seizures Enabled by Transparent, Graphene-Based Microelectrode Arrays",Mulcahey P.J.; Chen Y.; Driscoll N.; Murphy B.B.; Dickens O.O.; Johnson A.T.C.; Vitale F.; Takano H.,2022,eNeuro,10.1523/eneuro.0386-21.2022,,Article,,yes,Crossref: eneuro 2022,exclude,1,microelectrode arrays
A0448,ieee,Multi-model decision-making seizure types classification based on transfer learning,N. Dang; K. Shao; L. Chen; M. Yang,2022,2022 International Symposium on Control Engineering and Robotics (ISCER),10.1109/iscer55570.2022.00040,,CONF,,yes,Crossref: 2022 International Symposium on Control Engineering and Robotics (ISCER) 2022,unclear,,feature-level vs probability-level fusion of several CNNs on one representation compared; seizure types
A0449,scopus;wos;arxiv,Multiple Time Series Fusion Based on LSTM: An Application to CAP A Phase Classification Using EEG,Mendonça F.; Mostafa S.S.; Freitas D.; Morgado-Dias F.; Ravelo-García A.G.,2022,International Journal of Environmental Research and Public Health,10.3390/ijerph191710892,2112.11218,Article,"Biomedical decision making involves multiple signal processing, either from different sensors or from different channels. In both cases, information fusion plays a significant role. A deep learning based electroencephalogram channels' feature level fusion is carried out in this work for the electroencephalogram cyclic alternating pattern A phase classification. Channel selection, fusion, and classification procedures were optimized by two optimization algorithms, namely, Genetic Algorithm and Particle Swarm Optimization. The developed methodologies were evaluated by fusing the information from multiple electroencephalogram channels for patients with nocturnal frontal lobe epilepsy and patients without any neurological disorder, which was significantly more challenging when compared to other state of the art works. Results showed that both optimization algorithms selected a comparable structure with similar feature level fusion, consisting of three electroencephalogram channels, which is in line with the CAP protocol to ensure multiple channels' arousals for CAP detection. Moreover, the two optimized models reached an area under the receiver operating characteristic curve of 0.82, with average accuracy ranging from 77% to 79%, a result which is in the upper range of the specialist agreement. The proposed approach is still in the upper range of the best state of the art works despite a difficult dataset, and has the advantage of providing a fully automatic analysis without requiring any manual procedure. Ultimately, the models revealed to be noise resistant and resilient to multiple channel loss.",yes,Crossref: International Journal of Environmental Research and Public Health 2022,exclude,1,sleep CAP
A0450,scopus;wos;ieee,Multi-Scale Deep Learning of Clinically Acquired Multi-Modal MRI Improves the Localization of Seizure Onset Zone in Children with Drug-Resistant Epilepsy,Jeong J.-W.; Lee M.-H.; Kuroda N.; Sakakura K.; O'Hara N.; Juhasz C.; Asano E.,2022,IEEE Journal of Biomedical and Health Informatics,10.1109/jbhi.2022.3196330,,Article,,yes,Crossref: IEEE Journal of Biomedical and Health Informatics 2022,exclude,1,seizure onset zone from MRI
A0451,scopus;wos;ieee,Pediatric Seizure Prediction in Scalp EEG Using a Multi-Scale Neural Network With Dilated Convolutions,Gao Y.; Chen X.; Liu A.; Liang D.; Wu L.; Qian R.; Xie H.; Zhang Y.,2022,IEEE Journal of Translational Engineering in Health and Medicine,10.1109/jtehm.2022.3144037,,Article,,yes,Crossref: IEEE Journal of Translational Engineering in Health and Medicine 2022,exclude,2,multi-scale dilated CNN
A0452,scopus;ieee,Predicting Epileptic Seizures using Ensemble Method,Noble-Nnakenyi P.C.; Olatunji K.A.; Abiola O.B.; Oguntimilehin A.; Adeyemo O.A.; Babalola G.,2022,"Proceedings of the 5th International Conference on Information Technology for Education and Development: Changing the Narratives Through Building a Secure Society with Disruptive Technologies, ITED 2022",10.1109/ited56637.2022.10051568,,Conference paper,,check,venue 'Proceedings of the 5th International Con' vs Crossref '2022 5th Information Technology for Educ',exclude,2,ensemble
A0453,scopus,RETRACTED: Automatic Detection and Classification of Epileptic Seizures in Patients with Liver Cirrhosis and Overlapping Hev Infection Based on Deep Multimodal Fusion Technology,Yu J.; Min R.; Yu Y.; Hu X.; Fu X.; Chi N.,2022,Contrast Media and Molecular Imaging,10.1155/2022/3176134,,Retracted,,check,first author not in Crossref author list,exclude,1,retracted article
A0454,scopus;wos,RNN and BiLSTM Fusion for Accurate Automatic Epileptic Seizure Diagnosis Using EEG Signals,Samee N.A.; Mahmoud N.F.; Aldhahri E.A.; Rafiq A.; Muthanna M.S.A.; Ahmad I.,2022,Life,10.3390/life12121946,,Article,,yes,Crossref: Life 2022,exclude,2,RNN + BiLSTM
A0455,scopus,Sage Against the Machine: Promise and Challenge of Artificial Intelligence in Epilepsy,Karakis I.,2022,Epilepsy Currents,10.1177/15357597221105139,,Note,,yes,Crossref: Epilepsy Currents 2022,exclude,1,commentary
A0456,scopus,"Seizure detection based on wearable devices: A review of device, mechanism, and algorithm",Li W.; Wang G.; Lei X.; Sheng D.; Yu T.; Wang G.,2022,Acta Neurologica Scandinavica,10.1111/ane.13716,,Review,,check,first author not in Crossref author list,exclude,3,review
A0457,scopus,"Seizure prediction: Time for new, multimodal and ultra-long-term approaches",Schulze-Bonhage A.,2022,Clinical Neurophysiology,10.1016/j.clinph.2021.10.006,,Editorial,,yes,Crossref: Clinical Neurophysiology 2022,exclude,1,"editorial, no abstract"
A0458,scopus,Simultaneous electroencephalography-functional magnetic resonance imaging for assessment of human brain function,Ebrahimzadeh E.; Saharkhiz S.; Rajabion L.; Oskouei H.B.; Seraji M.; Fayaz F.; Saliminia S.; Sadjadi S.M.; Soltanian-Zadeh H.,2022,Frontiers in Systems Neuroscience,10.3389/fnsys.2022.934266,,Review,,yes,Crossref: Frontiers in Systems Neuroscience 2022,exclude,1,EEG-fMRI methods overview
A0459,scopus,Two-Stage Multi-task Learning for Automatic Epilepsy Detection,Xi H.; Wang Y.; Niu R.; Hao Y.; Chen Y.,2022,Lecture Notes on Data Engineering and Communications Technologies,10.1007/978-3-030-89698-0_89,,Book chapter,,check,first author not in Crossref author list,exclude,2,residual attention + BiLSTM/BiGRU streams on one input
A0460,wos,Wearable electroencephalography and multi-modal mental state classification: A systematic literature review,"Anders, C; Arnrich, B",2022,COMPUTERS IN BIOLOGY AND MEDICINE,10.1016/j.compbiomed.2022.106088,,Review,,yes,Crossref: Computers in Biology and Medicine 2022,exclude,3,review
A0461,scopus,"13th International Joint Conference on Biomedical Engineering Systems and Technologies, BIOSTEC 2020",,2021,Communications in Computer and Information Science,,,Conference review,,,no DOI or arXiv id,exclude,1,"proceedings front matter, not a study"
A0462,scopus,"14th International Conference on Brain Informatics, BI 2021",,2021,Lecture Notes in Computer Science (including subseries Lecture Notes in Artificial Intelligence and Lecture Notes in Bioinformatics),,,Conference review,,,no DOI or arXiv id,exclude,1,"proceedings front matter, not a study"
A0463,scopus,"1st International Conference on Bioengineering and Biomedical Signal and Image Processing, BIOMESIP 2021",,2021,Lecture Notes in Computer Science (including subseries Lecture Notes in Artificial Intelligence and Lecture Notes in Bioinformatics),,,Conference review,,,no DOI or arXiv id,exclude,1,"proceedings front matter, not a study"
A0464,scopus;wos,A deep learning framework with multi-perspective fusion for interictal epileptiform discharges detection in scalp electroencephalogram,Wei B.; Zhao X.; Shi L.; Xu L.; Liu T.; Zhang J.,2021,Journal of Neural Engineering,10.1088/1741-2552/ac0d60,,Article,,yes,Crossref: Journal of Neural Engineering 2021,exclude,1,IED detection
A0465,wos,Advanced Deep Learning Spectroscopy of Scalogram Infused CNN Classifiers for Robust Identification of Post-Hypoxic Epileptiform EEG Spikes,"Abbasi, H; Gunn, AJ; Unsworth, CP; Bennet, L",2021,ADVANCED INTELLIGENT SYSTEMS,10.1002/aisy.202000198,,Article,,yes,Crossref: Advanced Intelligent Systems 2020,exclude,1,spike transients in animal model
A0466,wos,A Feature Fusion Framework and Its Application to Automatic Seizure Detection,"Huang, CB; Chen, WT; Chen, MS; Yuan, BH",2021,IEEE SIGNAL PROCESSING LETTERS,10.1109/lsp.2021.3069344,,Article,,yes,Crossref: IEEE Signal Processing Letters 2021,include,,handcrafted and deep features fused
A0467,scopus;wos;ieee,An Efficient Seizure Prediction Method Based on Multi-scale Feature Fusion with Reduced Channels,Gu S.; Song X.,2021,"Proceedings of the 2021 IEEE International Conference on Progress in Informatics and Computing, PIC 2021",10.1109/pic53636.2021.9687085,,Conference paper,,check,first author not in Crossref author list; venue 'Proceedings of the 2021 IEEE Internation' vs Crossref '2021 IEEE International Conference on Pr',exclude,2,multi-scale feature fusion of raw EEG
A0468,scopus;wos,A progressive deep wavelet cascade classification model for epilepsy detection,He H.; Liu X.; Hao Y.,2021,Artificial Intelligence in Medicine,10.1016/j.artmed.2021.102117,,Article,,check,first author not in Crossref author list,exclude,2,DWT + random forest
A0469,scopus;wos;ieee,Automatic Detection of EEG Epileptiform Abnormalities in Traumatic Brain Injury using Deep Learning,Faghihpirayesh R.; Ruf S.; Rocca M.L.; Garner R.; Vespa P.; Erdogmus D.; Duncan D.,2021,"Proceedings of the Annual International Conference of the IEEE Engineering in Medicine and Biology Society, EMBS",10.1109/embc46164.2021.9630242,,Conference paper,,check,venue 'Proceedings of the Annual International ' vs Crossref '2021 43rd Annual International Conferenc',exclude,1,epileptiform abnormalities after TBI
A0470,scopus;wos;ieee,"Automatic Detection of Epileptic Seizures in Neonatal Intensive Care Units through EEG, ECG and Video Recordings: A Survey",Olmi B.; Frassineti L.; Lanata A.; Manfredi C.,2021,IEEE Access,10.1109/access.2021.3118227,,Review,,yes,Crossref: IEEE Access 2021,exclude,3,survey
A0471,scopus;wos,Automatic Seizure Prediction Based on Cross-Feature Fusion Stream Convolutional Neural Network,Wang Y.; Wang Y.; Piao Y.,2021,Communications in Computer and Information Science,10.1007/978-3-030-82269-9_6,,Conference paper,,yes,Crossref: Communications in Computer and Information Science 2021,include,,"time, frequency and time-frequency inputs, cross-feature fusion CNN; prediction"
A0472,scopus;wos,Classification of EEG Signals for Epileptic Seizures Using Feature Dimension Reduction Algorithm based on LPP,Liu Y.; Jiang B.; Feng J.; Hu J.; Zhang H.,2021,Multimedia Tools and Applications,10.1007/s11042-020-09135-7,,Article,,yes,Crossref: Multimedia Tools and Applications 2020,exclude,2,dimension reduction + classifier
A0473,scopus;wos,Computer-aided intracranial eeg signal identification method based on a multi-branch deep learning fusion model and clinical validation,Wang Y.; Dai Y.; Liu Z.; Guo J.; Cao G.; Ouyang M.; Liu D.; Shan Y.; Kang G.; Zhao G.,2021,Brain Sciences,10.3390/brainsci11050615,,Article,,yes,Crossref: Brain Sciences 2021,exclude,1,epileptogenic vs non-epileptogenic iEEG (Bern-Barcelona); raw 1D-CNN + handcrafted BiLSTM branches is relevant design
A0474,scopus,Deep anomaly detection of seizures with paired stereoelectroencephalography and video recordings,Martini M.L.; Valliani A.A.; Sun C.; Costa A.B.; Zhao S.; Panov F.; Ghatan S.; Rajan K.; Oermann E.K.,2021,Scientific Reports,10.1038/s41598-021-86891-y,,Article,,yes,Crossref: Scientific Reports 2021,include,,SEEG + video anomaly detection
A0475,scopus,EEG signal processing and machine learning,Sanei S.; Chambers J.A.,2021,EEG Signal Processing and Machine Learning,10.1002/9781119386957,,Book,,yes,Crossref:  2021,exclude,3,book
A0476,ieee,Epilepsy detection from EEG data using 2D Convolutional Neural Network,A. Salman,2021,"2021 6th International Conference on Communication, Image and Signal Processing (CCISP)",10.1109/ccisp52774.2021.9639256,,CONF,,yes,"Crossref: 2021 6th International Conference on Communication, Image and Signal Processing (CCISP) 2021",exclude,2,2D CNN
A0477,scopus;wos,Epileptic seizures detection in eeg signals using fusion handcrafted and deep learning features,Malekzadeh A.; Zare A.; Yaghoobi M.; Kobravi H.-R.; Alizadehsani R.,2021,Sensors,10.3390/s21227710,,Article,,yes,Crossref: Sensors 2021,include,,handcrafted and DL features fused
A0478,ieee,Epileptic Signal Classification Based on Synthetic Minority Oversampling and Blending Algorithm,D. Hu; J. Cao; X. Lai; J. Liu; S. Wang; Y. Ding,2021,IEEE Transactions on Cognitive and Developmental Systems,10.1109/tcds.2020.3009020,,JOUR,,check,first author not in Crossref author list,exclude,2,oversampling + blending ensemble
A0479,scopus;wos;ieee,Epileptic State Classification by Fusing Hand-Crafted and Deep Learning EEG Features,Hu D.; Cao J.; Lai X.; Wang Y.; Wang S.; Ding Y.,2021,IEEE Transactions on Circuits and Systems II: Express Briefs,10.1109/tcsii.2020.3031399,,Article,,check,first author not in Crossref author list,include,,handcrafted and DL features fused; epileptic states
A0480,scopus;wos,Forecasting Seizure Storms Using Epilepsy Wristband Sensors,Vossler D.G.,2021,Epilepsy Currents,10.1177/1535759721990062,,Note,,yes,Crossref: Epilepsy Currents 2021,exclude,1,wristband sensors without EEG
A0481,scopus,GRP-DNet: A gray recurrence plot-based densely connected convolutional network for classification of epileptiform EEG,Zeng M.; Zhang X.; Zhao C.; Lu X.; Meng Q.,2021,Journal of Neuroscience Methods,10.1016/j.jneumeth.2020.108953,,Article,,yes,Crossref: Journal of Neuroscience Methods 2021,exclude,2,recurrence-plot CNN with segment voting
A0482,scopus;wos,Hybrid Convolutional Neural Network for Localization of Epileptic Focus Based on iEEG,Sui L.; Zhao X.; Zhao Q.; Tanaka T.; Cao J.,2021,Neural Plasticity,10.1155/2021/6644365,,Article,,yes,Crossref: Neural Plasticity 2021,exclude,1,epileptic focus localisation (STFT + 1D-conv hybrid is relevant design)
A0483,scopus,"International Conference on Artificial Intelligence and Applications, ICAIA 2020",,2021,Advances in Intelligent Systems and Computing,,,Conference review,,,no DOI or arXiv id,exclude,1,"proceedings front matter, not a study"
A0484,scopus;wos;ieee,Interpretable Seizure Classification Using Unprocessed EEG with Multi-Channel Attentive Feature Fusion,Priyasad D.; Fernando T.; Denman S.; Sridharan S.; Fookes C.,2021,IEEE Sensors Journal,10.1109/jsen.2021.3090062,,Article,,yes,Crossref: IEEE Sensors Journal 2021,exclude,2,"per-channel networks with attention fusion, one input type"
A0485,scopus,IoT based cloud network for smart health care using optimization algorithm,Goyal A.; kanyal H.S.; Kaushik S.; Khan R.,2021,Informatics in Medicine Unlocked,10.1016/j.imu.2021.100792,,Article,,yes,Crossref: Informatics in Medicine Unlocked 2021,exclude,2,IoT cloud optimisation
A0486,scopus,Monitoring and Prognostic Analysis of Severe Cerebrovascular Diseases Based on Multi-Scale Dynamic Brain Imaging,Zhong S.; Sun K.; Zuo X.; Chen A.,2021,Frontiers in Neuroscience,10.3389/fnins.2021.684469,,Article,,yes,Crossref: Frontiers in Neuroscience 2021,exclude,1,cerebrovascular disease
A0487,scopus;wos,Multicenter Validation of a Deep Learning Detection Algorithm for Focal Cortical Dysplasia,Gill R.S.; Lee H.-M.; Caldairou B.; Hong S.-J.; Barba C.; Deleo F.; D'Incerti L.; Mendes Coelho V.C.; Lenge M.; Semmelroch M.; Schrader D.V.; Bartolomei F.; Guye M.; Schulze-Bonhage A.; Urbach H.; Cho K.H.; Cendes F.; Guerrini R.; Jackson G.; Hogan R.E.; Bernasconi N.; Bernasconi A.,2021,Neurology,10.1212/wnl.0000000000012698,,Article,,yes,Crossref: Neurology 2021,exclude,1,focal cortical dysplasia on MRI
A0488,scopus;wos;ieee,Multi-feature Fusion for Epileptic Focus Localization Based on Tensor Representation,Zhao X.; Sole-Casals J.; Zhao Q.; Cao J.; Tanaka T.,2021,"2021 Asia-Pacific Signal and Information Processing Association Annual Summit and Conference, APSIPA ASC 2021 - Proceedings",,,Conference paper,,,no DOI or arXiv id,exclude,1,epileptic focus localisation
A0489,scopus,"Proceedings of the 2021 3rd International Conference on Intelligent Medicine and Health, ICIMH 2021",,2021,ACM International Conference Proceeding Series,,,Conference review,,,no DOI or arXiv id,exclude,1,"proceedings front matter, not a study"
A0490,scopus,Retraction:Automatic Detection of High-Frequency Oscillations Based on an End-to-End Bi-Branch Neural Network and Clinical Cross-Validation,Liu Z.; Wei P.; Wang Y.; Yang Y.; Dai Y.; Cao G.; Kang G.; Shan Y.; Liu D.; Xie Y.,2021,Computational Intelligence and Neuroscience,10.1155/2021/7532241,,Retracted,,check,title differs: Crossref '[Retracted] Automatic Detection of High‐Frequency Oscillations Based on an End‐t',exclude,1,retraction notice (HFO detection)
A0491,scopus,Seizure Detection using Deep Multiset Canonical Correlation Analysis and Bayesian Optimization,Bai X.; Yan L.,2021,Journal of Physics: Conference Series,10.1088/1742-6596/1748/2/022034,,Conference paper,,yes,Crossref: Journal of Physics: Conference Series 2021,include,,deep multiset CCA fusing several feature sets; detection
A0492,scopus;wos,Seizure detection using wearable sensors and machine learning: Setting a benchmark,Tang J.; El Atrache R.; Yu S.; Asif U.; Jackson M.; Roy S.; Mirmomeni M.; Cantley S.; Sheehan T.; Schubach S.; Ufongene C.; Vieluf S.; Meisel C.; Harrer S.; Loddenkemper T.,2021,Epilepsia,10.1111/epi.16967,,Article,,yes,Crossref: Epilepsia 2021,exclude,1,wearables without EEG
A0493,scopus;wos,Seizure prediction in scalp EEG based channel attention dual-input convolutional neural network,Sun B.; Lv J.-J.; Rui L.-G.; Yang Y.-X.; Chen Y.-G.; Ma C.; Gao Z.-K.,2021,Physica A: Statistical Mechanics and its Applications,10.1016/j.physa.2021.126376,,Article,,yes,Crossref: Physica A: Statistical Mechanics and its Applications 2021,include,,STFT + raw EEG dual-input CNN with channel attention; prediction
A0494,wos,Subject-Independent Emotion Recognition of EEG Signals Based on Dynamic Empirical Convolutional Neural Network,"Liu, SQ; Wang, X; Zhao, L; Zhao, J; Xin, Q; Wang, SH",2021,IEEE-ACM TRANSACTIONS ON COMPUTATIONAL BIOLOGY AND BIOINFORMATICS,10.1109/tcbb.2020.3018137,,Article,,yes,Crossref: IEEE/ACM Transactions on Computational Biology and Bioinformatics 2021,exclude,1,emotion recognition
A0495,ieee,WaveFusion Squeeze-and-Excitation: Towards an Accurate and Explainable Deep Learning Framework in Neuroscience,M. Briden; N. Norouzi,2021,2021 43rd Annual International Conference of the IEEE Engineering in Medicine & Biology Society (EMBC),10.1109/embc46164.2021.9630605,,CONF,,yes,Crossref: 2021 43rd Annual International Conference of the IEEE Engineering in Medicine &amp; Biology Society (EMBC) 2021,exclude,1,anxiety classification
A0496,scopus,"13th International Conference on Brain Informatics, BI 2020",,2020,Lecture Notes in Computer Science (including subseries Lecture Notes in Artificial Intelligence and Lecture Notes in Bioinformatics),,,Conference review,,,no DOI or arXiv id,exclude,1,"proceedings front matter, not a study"
A0497,wos,A comparative analysis of signal processing and classification methods for different applications based on EEG signals,"Khosla, A; Khandnor, P; Chand, T",2020,BIOCYBERNETICS AND BIOMEDICAL ENGINEERING,10.1016/j.bbe.2020.02.002,,Review,,yes,Crossref: Biocybernetics and Biomedical Engineering 2020,exclude,3,survey
A0498,wos,Anomaly Detection in EEG Signals: A Case Study on Similarity Measure,"Chen, GY; Lu, GL; Xie, ZH; Shang, W",2020,COMPUTATIONAL INTELLIGENCE AND NEUROSCIENCE,10.1155/2020/6925107,,Article,,yes,Crossref: Computational Intelligence and Neuroscience 2020,exclude,2,similarity measure study
A0499,scopus;wos,A unified multi-level spectral–temporal feature learning framework for patient-specific seizure onset detection in EEG signals,Tang F.-G.; Liu Y.; Li Y.; Peng Z.-W.,2020,Knowledge-Based Systems,10.1016/j.knosys.2020.106152,,Article,,yes,Crossref: Knowledge-Based Systems 2020,unclear,,spectral-temporal multi-level features; handcrafted or learned unclear
A0500,ieee,Deep Learning for Interictal Epileptiform Spike Detection from scalp EEG frequency sub bands,T. Prasanth; J. Thomas; R. Yuvaraj; J. Jing; S. S. Cash; R. Chaudhari; T. Y. Leng; R. Rathakrishnan; S. Rohit; V. Saini; B. M. Westover; J. Dauwels,2020,2020 42nd Annual International Conference of the IEEE Engineering in Medicine & Biology Society (EMBC),10.1109/embc44109.2020.9175644,,CONF,,yes,Crossref: 2020 42nd Annual International Conference of the IEEE Engineering in Medicine &amp; Biology Society (EMBC) 2020,exclude,1,IED detection
A0501,scopus;ieee,Deep Learning with Multi Modal Ensemble Fusion for Epilepsy Diagnosis,Kunekar P.R.; Gupta M.; Agarwal B.,2020,"Proceedings of 3rd International Conference on Emerging Technologies in Computer Engineering: Machine Learning and Internet of Things, ICETCE 2020",10.1109/icetce48199.2020.9091742,,Conference paper,,check,venue 'Proceedings of 3rd International Confere' vs Crossref '2020 3rd International Conference on Eme',unclear,,multimodal ensemble fusion; modalities not stated
A0502,scopus;wos;ieee,Deep Multi-scale Feature Fusion Convolutional Neural Network for Automatic Epilepsy Detection Using EEG Signals,Qin H.; Deng B.; Wang J.; Yi G.; Wang R.; Zhang Z.,2020,"Chinese Control Conference, CCC",10.23919/ccc50068.2020.9188949,,Conference paper,,check,"venue 'Chinese Control Conference, CCC' vs Crossref '2020 39th Chinese Control Conference (CC'",exclude,2,multi-scale CNN
A0503,scopus,Diverse Applications of Artificial Intelligence in Neuroradiology,Duong M.T.; Rauschecker A.M.; Mohan S.,2020,Neuroimaging Clinics of North America,10.1016/j.nic.2020.07.003,,Review,,yes,Crossref: Neuroimaging Clinics of North America 2020,exclude,3,review
A0504,scopus;ieee,Epileptic Seizure Detection Based on Stockwell Transform and Bidirectional Long Short-Term Memory,Geng M.; Zhou W.; Liu G.; Li C.; Zhang Y.,2020,IEEE Transactions on Neural Systems and Rehabilitation Engineering,10.1109/tnsre.2020.2966290,,Article,,yes,Crossref: IEEE Transactions on Neural Systems and Rehabilitation Engineering 2020,exclude,2,S-transform + BiLSTM
A0505,scopus;wos;ieee,Epileptic Seizure Detection in EEG via Fusion of Multi-View Attention-Gated U-Net Deep Neural Networks,Chatzichristos C.; Dan J.; Narayanan A.M.; Seeuws N.; Vandecasteele K.; De Vos M.; Bertrand A.; Van Huffel S.,2020,"2020 IEEE Signal Processing in Medicine and Biology Symposium, SPMB 2020 - Proceedings",10.1109/spmb50085.2020.9353630,,Conference paper,,yes,Crossref: 2020 IEEE Signal Processing in Medicine and Biology Symposium (SPMB) 2020,include,,multi-view attention-gated U-nets fused (Chatzichristos 2020)
A0506,scopus;wos,Epileptic Seizure Detection Using Convolutional Neural Network: A Multi-Biosignal study,Liu Y.; Sivathamboo S.; Goodin P.; Bonnington P.; Kwan P.; Kuhlmann L.; O'Brien T.; Perucca P.; Ge Z.,2020,ACM International Conference Proceeding Series,10.1145/3373017.3373055,,Conference paper,,check,venue 'ACM International Conference Proceeding ' vs Crossref 'Proceedings of the Australasian Computer',include,,"EEG + ECG + respiration, 1D and 2D CNNs"
A0507,scopus;ieee,Epileptic signal classification with deep eeg features by stacked cnns,Cao J.; Zhu J.; Hu W.; Kummert A.,2020,IEEE Transactions on Cognitive and Developmental Systems,10.1109/tcds.2019.2936441,,Article,,yes,Crossref: IEEE Transactions on Cognitive and Developmental Systems 2020,exclude,2,stacked CNNs on one representation
A0508,scopus;wos,"Machine learning from wristband sensor data for wearable, noninvasive seizure forecasting",Meisel C.; El Atrache R.; Jackson M.; Schubach S.; Ufongene C.; Loddenkemper T.,2020,Epilepsia,10.1111/epi.16719,,Article,,yes,Crossref: Epilepsia 2020,exclude,1,wristband sensors without EEG
A0509,scopus;wos;ieee,Multi-label Classification for Epileptic Seizure Recognition: Deep Neural Network Ensemble versus Choquet Fuzzy Integral Fusion,Ludwig S.A.,2020,"2020 IEEE Symposium Series on Computational Intelligence, SSCI 2020",10.1109/ssci47803.2020.9308541,,Conference paper,,yes,Crossref: 2020 IEEE Symposium Series on Computational Intelligence (SSCI) 2020,unclear,,ensemble vs Choquet fuzzy integral fusion of DNNs compared; one input
A0510,scopus;wos,Multimodal Approach for Epileptic Seizure Detection in Epilepsy Monitoring Units,Maia P.; Lopes E.; Hartl E.; Vollmar C.; Noachtar S.; Cunha J.P.S.,2020,IFMBE Proceedings,10.1007/978-3-030-31635-8_133,,Conference paper,,yes,Crossref: IFMBE Proceedings 2019,include,,EEG + ECG multimodal; EMU detection
A0511,scopus;wos,Multimodal data analysis of epileptic EEG and rs-fMRI via deep learning and edge computing,Hosseini M.-P.; Tran T.X.; Pompili D.; Elisevich K.; Soltanian-Zadeh H.,2020,Artificial Intelligence in Medicine,10.1016/j.artmed.2020.101813,,Article,,yes,Crossref: Artificial Intelligence in Medicine 2020,unclear,,EEG + rs-fMRI DL with edge computing; task unclear
A0512,ieee,Prediction of Seizure via Residual Networks Based on Decision Fusion,L. Duan; Y. Wang; Y. Xiao; Y. Qiao; C. Wang,2020,"2020 13th International Congress on Image and Signal Processing, BioMedical Engineering and Informatics (CISP-BMEI)",10.1109/cisp-bmei51763.2020.9263544,,CONF,,yes,"Crossref: 2020 13th International Congress on Image and Signal Processing, BioMedical Engineering and Informatics (CISP-BMEI) 2020",exclude,2,decision fusion of frequency-band correlation matrices of one signal
A0513,scopus,Semiology and Epileptic Networks,McGonigal A.,2020,Neurosurgery Clinics of North America,10.1016/j.nec.2020.03.003,,Review,,yes,Crossref: Neurosurgery Clinics of North America 2020,exclude,3,review
A0514,scopus,"12th International Conference on Brain Informatics, BI 2019",,2019,Lecture Notes in Computer Science (including subseries Lecture Notes in Artificial Intelligence and Lecture Notes in Bioinformatics),,,Conference review,,,no DOI or arXiv id,exclude,1,"proceedings front matter, not a study"
A0515,scopus,"26th International Conference on Information Processing in Medical Imaging, IPMI 2019",,2019,Lecture Notes in Computer Science (including subseries Lecture Notes in Artificial Intelligence and Lecture Notes in Bioinformatics),,,Conference review,,,no DOI or arXiv id,exclude,1,"proceedings front matter, not a study"
A0516,scopus,Application of multi-domain fusion methods for detecting epilepsy from electroencephalogram using classification methods,Susmitha L.; Thomas George S.; Subathra M.S.P.; Kumar N.M.,2019,Advances in Intelligent Systems and Computing,10.1007/978-981-13-0617-4_70,,Conference paper,,yes,Crossref: Advances in Intelligent Systems and Computing 2018,exclude,2,multi-domain features with classical classifiers
A0517,arxiv,"Deep learning from wristband sensor data: towards wearable, non-invasive seizure forecasting",Christian Meisel; Rima El Atrache; Michele Jackson; Sarah Schubach; Claire Ufongene; Tobias Loddenkemper,2019,arXiv (preprint),,1906.00511,preprint,"Seizure forecasting may provide patients with timely warnings to adapt their daily activities and help clinicians deliver more objective, personalized treatments. While recent work has convincingly demonstrated that seizure risk assessment is possible, these early approaches relied largely on complex, often invasive setups including intracranial electrocorticography, implanted devices and multi-channel EEG, which limits translation of these methods to broad clinical application. To facilitate broader adaptation of seizure forecasting in clinical practice, non-invasive, easily applicable techniques that reliably assess seizure risk, in combination with clinical information, are crucial. Wristbands that continuously record physiological parameters, including electrodermal activity, body temperature, blood volume pressure and actigraphy, may afford monitoring of autonomous nervous system function and movement relevant for such a task, hence minimizing potential complications associated with invasive monitoring, and avoiding stigma associated with bulky external monitoring devices on the head. Here, we use deep learning to analyze long-term, multi-modal wristband sensor data from 50 patients with epilepsy (total duration $>$1400 hours) to assess its capability to distinguish preictal from interictal states. Prediction performance is assessed using area under the receiver operating charateristic (AUC) and improvement over chance (IoC) based on F1 scores. Using one- and two-dimensional convolutional neural networks, we identified better-than-chance predictability in out-of-sample test data in 60\% of the patients in leave-one-out and 43\% of patients in pseudo-prospective approaches. These results provide a step towards developing easier to apply, non-invasive methods for seizure risk assessments in patients with epilepsy.",yes,arXiv,exclude,1,wristband sensors without EEG
A0518,wos,Detecting Brain Tumor using Machines Learning Techniques Based on Different Features Extracting Strategies,"Hussain, L; Saeed, S; Awan, IA; Idris, A; Nadeem, MSA; Chaudhry, QU",2019,CURRENT MEDICAL IMAGING,10.2174/1573405614666180718123533,,Article,,yes,Crossref: Current Medical Imaging Formerly Current Medical Imaging Reviews 2019,exclude,1,brain tumour
A0519,scopus;wos,Early prediction of epileptic seizures using a long-term recurrent convolutional network,Wei X.; Zhou L.; Zhang Z.; Chen Z.; Zhou Y.,2019,Journal of Neuroscience Methods,10.1016/j.jneumeth.2019.108395,,Article,,yes,Crossref: Journal of Neuroscience Methods 2019,exclude,2,LRCN on one image representation
A0520,ieee,Epileptic Signal Classification with Deep Transfer Learning Feature on Mean Amplitude Spectrum,Y. Wang; J. Cao; J. Wang; D. Hu; M. Deng,2019,2019 41st Annual International Conference of the IEEE Engineering in Medicine and Biology Society (EMBC),10.1109/embc.2019.8857082,,CONF,,yes,Crossref: 2019 41st Annual International Conference of the IEEE Engineering in Medicine and Biology Society (EMBC) 2019,exclude,2,transfer learning on one representation
A0521,scopus;wos,FNIRS improves seizure detection in multimodal EEG-fNIRS recordings,Sirpal P.; Kassab A.; Pouliot P.; Nguyen D.K.; Lesage F.,2019,Journal of Biomedical Optics,10.1117/1.jbo.24.5.051408,,Article,,yes,Crossref: Journal of Biomedical Optics 2019,include,,EEG + fNIRS LSTM; detection
A0522,scopus;wos,Grasshopper optimization algorithm–based approach for the optimization of ensemble classifier and feature selection to classify epileptic EEG signals,Singh G.; Singh B.; Kaur M.,2019,Medical and Biological Engineering and Computing,10.1007/s11517-019-01951-w,,Article,,check,venue 'Medical and Biological Engineering and C' vs Crossref 'Medical &amp; Biological Engineering &am',exclude,2,"EMD features, classical ensemble"
A0523,scopus;wos;ieee,Semi-supervised Seizure Prediction with Generative Adversarial Networks,Truong N.D.; Zhou L.; Kavehei O.,2019,"Proceedings of the Annual International Conference of the IEEE Engineering in Medicine and Biology Society, EMBS",10.1109/embc.2019.8857755,,Conference paper,,check,venue 'Proceedings of the Annual International ' vs Crossref '2019 41st Annual International Conferenc',include,,EEG + ECG + temperature + time data fusion with GAN; prediction
A0524,scopus;wos,A multi-context learning approach for EEG epileptic seizure detection,Yuan Y.; Xun G.; Jia K.; Zhang A.,2018,BMC Systems Biology,10.1186/s12918-018-0626-2,,Article,,yes,Crossref: BMC Systems Biology 2018,exclude,2,multiple learned features from one scalogram
A0525,wos,Automatic Computer-Based Detection of Epileptic Seizures,"Baumgartner, C; Koren, JP; Rothmayer, M",2018,FRONTIERS IN NEUROLOGY,10.3389/fneur.2018.00639,,Review,,yes,Crossref: Frontiers in Neurology 2018,exclude,3,review
A0526,ieee,Automatic Seizure Detection in a Mobile Multimedia Framework,G. Muhammad; M. Masud; S. U. Amin; R. Alrobaea; M. F. Alhamid,2018,IEEE Access,10.1109/access.2018.2859267,,JOUR,,yes,Crossref: IEEE Access 2018,exclude,2,single CNN
A0527,wos,Electroencephalography based fatigue detection using a novel feature fusion and extreme learning machine,"Chen, JC; Wang, H; Hua, CC",2018,COGNITIVE SYSTEMS RESEARCH,10.1016/j.cogsys.2018.08.018,,Article,,yes,Crossref: Cognitive Systems Research 2018,exclude,1,fatigue detection
A0528,scopus;wos;ieee,Investigating the Impact of CNN Depth on Neonatal Seizure Detection Performance,OrShea A.; Lightbody G.; Boylan G.; Temko A.,2018,Conference proceedings : ... Annual International Conference of the IEEE Engineering in Medicine and Biology Society. IEEE Engineering in Medicine and Biology Society. Annual Conference,10.1109/embc.2018.8513617,,Article,,check,venue 'Conference proceedings : ... Annual Inte' vs Crossref '2018 40th Annual International Conferenc',include,,end-to-end CNN and feature-based SVM fused; neonatal detection
A0529,scopus,Proceedings - IEEE Symposium on Computer-Based Medical Systems,,2018,Proceedings - IEEE Symposium on Computer-Based Medical Systems,,,Conference review,,,no DOI or arXiv id,exclude,1,"proceedings front matter, not a study"
A0530,ieee,A novel wavelet-based model for EEG epileptic seizure detection using multi-context learning,Y. Yuan; G. Xun; K. Jia; A. Zhang,2017,2017 IEEE International Conference on Bioinformatics and Biomedicine (BIBM),10.1109/bibm.2017.8217737,,CONF,,yes,Crossref: 2017 IEEE International Conference on Bioinformatics and Biomedicine (BIBM) 2017,exclude,2,multiple learned features from one scalogram
A0531,scopus;wos;ieee,Deep Learning with Edge Computing for Localization of Epileptogenicity Using Multimodal rs-fMRI and EEG Big Data,Hosseini M.-P.; Tran T.X.; Pompili D.; Elisevich K.; Soltanian-Zadeh H.,2017,"Proceedings - 2017 IEEE International Conference on Autonomic Computing, ICAC 2017",10.1109/icac.2017.41,,Conference paper,,check,venue 'Proceedings - 2017 IEEE International Co' vs Crossref '2017 IEEE International Conference on Au',exclude,1,epileptogenicity localisation
A0532,scopus,"Proceedings - 2017 IEEE International Conference on Autonomic Computing, ICAC 2017",,2017,"Proceedings - 2017 IEEE International Conference on Autonomic Computing, ICAC 2017",,,Conference review,,,no DOI or arXiv id,exclude,1,"proceedings front matter, not a study"
A0533,wos,Transparent Authentication: Utilising Heart Rate for User Authentication,"Enamamu, TS; Clarke, N; Haskell-Dowland, P; Li, FD",2017,2017 12TH INTERNATIONAL CONFERENCE FOR INTERNET TECHNOLOGY AND SECURED TRANSACTIONS (ICITST),,,Proceedings Paper,,,no DOI or arXiv id,exclude,1,user authentication
A0534,scopus,2015 IEEE Signal Processing in Medicine and Biology Symposium - Proceedings,,2016,2015 IEEE Signal Processing in Medicine and Biology Symposium - Proceedings,,,Conference review,,,no DOI or arXiv id,exclude,1,"proceedings front matter, not a study"
A0535,scopus;wos,Epileptic seizure detection based on improved wavelet neural networks in long-term intracranial EEG,Geng D.; Zhou W.; Zhang Y.; Geng S.,2016,Biocybernetics and Biomedical Engineering,10.1016/j.bbe.2016.03.001,,Article,,yes,Crossref: Biocybernetics and Biomedical Engineering 2016,exclude,2,wavelet neural network on features
A0536,scopus,Fusion of electroencephalography and functional magnetic resonance imaging to explore epileptic network activity,Hunyadi B.; Van Paesschen W.; De Vos M.; Van Huffel S.,2016,European Signal Processing Conference,10.1109/eusipco.2016.7760246,,Conference paper,,check,venue 'European Signal Processing Conference' vs Crossref '2016 24th European Signal Processing Con',exclude,1,"EEG-fMRI network exploration, no detection"
A0537,scopus;wos,Lagged Correlogram Patterns-based seizure detection algorithm using optimized HMM feature fusion,Behnam M.; Pourghassem H.,2016,"12th IEEE International Conference Electronics, Energy, Environment, Communication, Computer, Control: (E3-C3), INDICON 2015",10.1109/indicon.2015.7443124,,Conference paper,,check,venue '12th IEEE International Conference Elect' vs Crossref '2015 Annual IEEE India Conference (INDIC',exclude,2,HMM feature fusion
A0538,scopus,Multi-modal Patient Cohort Identification from EEG Report and Signal Data,Goodwin T.R.; Harabagiu S.M.,2016,AMIA ... Annual Symposium proceedings. AMIA Symposium,,,Article,,,no DOI or arXiv id,exclude,1,patient cohort retrieval
A0539,scopus,"11th International Conference on Intelligent Computing Theories and Methodologies, ICIC 2015",,2015,Lecture Notes in Computer Science,,,Conference review,,,no DOI or arXiv id,exclude,1,"proceedings front matter, not a study"
A0540,scopus,EEG signals classification of epileptic patients via feature selection and voting criteria in intelligent method,Ghaffari A.; Ebrahimi Orimi H.,2014,Journal of Medical Engineering and Technology,10.3109/03091902.2014.890677,,Article,,yes,Crossref: Journal of Medical Engineering &amp; Technology 2014,exclude,2,classifier voting on handcrafted features
A0541,scopus,"High-density EEG and source analysis: Principles, recent progress and applications in children",Bourel-Ponchel E.; Wallois F.,2013,Journal of Pediatric Epilepsy,10.3233/pep-13041,,Article,,check,year 2013 vs Crossref 2015,exclude,3,review
A0542,wos,Automatic Seizure Detection Using Wavelet Transform and SVM in Long-Term Intracranial EEG,"Liu, YX; Zhou, WD; Yuan, Q; Chen, SS",2012,IEEE TRANSACTIONS ON NEURAL SYSTEMS AND REHABILITATION ENGINEERING,10.1109/tnsre.2012.2206054,,Article,,yes,Crossref: IEEE Transactions on Neural Systems and Rehabilitation Engineering 2012,exclude,2,SVM
A0543,scopus;wos,Epileptic EEG signal classification with ANFIS based on harmony search method,Wang J.; Gao X.Z.; Tanskanen J.M.A.; Guo P.,2012,"Proceedings of the 2012 8th International Conference on Computational Intelligence and Security, CIS 2012",10.1109/cis.2012.159,,Conference paper,,check,venue 'Proceedings of the 2012 8th Internationa' vs Crossref '2012 Eighth International Conference on ',exclude,2,ANFIS
A0544,scopus;wos,Epileptic seizure detection with linear and nonlinear features,Yuan Q.; Zhou W.; Liu Y.; Wang J.,2012,Epilepsy and Behavior,10.1016/j.yebeh.2012.05.009,,Article,,check,venue 'Epilepsy and Behavior' vs Crossref 'Epilepsy &amp; Behavior',exclude,2,ELM on features
A0545,scopus;wos,Evidence theory-based approach for epileptic seizure detection using EEG signals,Mohamed A.; Shaban K.B.; Mohamed A.,2012,"Proceedings - 12th IEEE International Conference on Data Mining Workshops, ICDMW 2012",10.1109/icdmw.2012.36,,Conference paper,,check,venue 'Proceedings - 12th IEEE International Co' vs Crossref '2012 IEEE 12th International Conference ',exclude,2,evidence-theory fusion of classical classifiers
A0546,scopus,Imag(in)ing seizure propagation: MEG-guided interpretation of epileptic activity from a deep source,Wang Z.I.; Jin K.; Kakisaka Y.; Mosher J.C.; Bingaman W.E.; Kotagal P.; Burgess R.C.; Najm I.M.; Alexopoulos A.V.,2012,Human Brain Mapping,10.1002/hbm.21401,,Article,,yes,Crossref: Human Brain Mapping 2012,exclude,1,case report
A0547,scopus,Mapping subcortical connectivity related to cortical gamma and theta oscillations,Ellmore T.M.; Tertel K.; Dias N.R.; Tandon N.,2012,"2012 IEEE Signal Processing in Medicine and Biology Symposium, SPMB 2012",10.1109/spmb.2012.6469452,,Conference paper,,yes,Crossref: 2012 IEEE Signal Processing in Medicine and Biology Symposium (SPMB) 2012,exclude,1,connectivity mapping
A0548,scopus,Reduction theories elucidate the origins of complex biological rhythms generated by interacting delay-induced oscillations,Yamaguchi I.; Ogawa Y.; Jimbo Y.; Nakao H.; Kotani K.,2011,PLoS ONE,10.1371/journal.pone.0026497,,Article,,yes,Crossref: PLoS ONE 2011,exclude,1,theoretical modelling
A0549,scopus,Multichannel epileptic EEG classification using quaternions and neural network,Zhao Y.; Hong W.; Xu Y.; Zhang T.,2010,"Proceedings - 2010 1st International Conference on Pervasive Computing, Signal Processing and Applications, PCSPA 2010",10.1109/pcspa.2010.143,,Conference paper,,check,venue 'Proceedings - 2010 1st International Con' vs Crossref '2010 First International Conference on P',exclude,2,quaternion PCA
A0550,scopus;wos,Reading epilepsy from the dominant temporo-occipital region,Gavaret M.; Guedj E.; Koessler L.; Fonseca A.T.-D.; Aubert S.; Mundler O.; Chauvel P.; Bartolomei F.,2010,"Journal of Neurology, Neurosurgery and Psychiatry",10.1136/jnnp.2009.175935,,Article,,yes,"Crossref: Journal of Neurology, Neurosurgery &amp; Psychiatry 2009",exclude,1,case report
A0551,scopus;wos,Intelligence computing approach for seizure detection based on intracranial electroencephalogram (IEEG),Shen T.-W.; Kuo X.; Yu C.-S.,2008,Proceedings - International Conference on Pattern Recognition,10.1109/icpr.2008.4761739,,Conference paper,,check,venue 'Proceedings - International Conference o' vs Crossref '2008 19th International Conference on Pa',exclude,2,BPNN with data fusion of one signal
A0552,scopus,Neural network underlying ictal humming demonstrated by very early SPECT: A case report,Guedj E.; Guye M.; De Laforte C.; Chauvel P.; Liegeois-Chauvel C.; Mundler O.; Bartolomei F.,2006,Epilepsia,10.1111/j.1528-1167.2006.00647.x,,Article,,yes,Crossref: Epilepsia 2006,exclude,1,case report
A0553,scopus,2005 First International Conference on Neural Interface and Control Proceedings,,2005,"2005 First International Conference on Neural Interface and Control, Proceedings",,,Conference review,,,no DOI or arXiv id,exclude,1,"proceedings front matter, not a study"
A0554,scopus;wos,A multi-feature and multi-channel univariate selection process for seizure prediction,D'Alessandro M.; Vachtsevanos G.; Esteller R.; Echauz J.; Cranstoun S.; Worrell G.; Parish L.; Litt B.,2005,Clinical Neurophysiology,10.1016/j.clinph.2004.11.014,,Article,,yes,Crossref: Clinical Neurophysiology 2005,exclude,2,probabilistic NN with feature selection
A0555,scopus,Collecting EEG signals in the IMPROVE data library,Thomsen C.E.; Gade J.; Nieminen K.; Langford R.M.; Ghosh I.R.; Jensen K.; Van Gils M.; Rosenfalck A.; Prior P.; White S.,1997,IEEE Engineering in Medicine and Biology Magazine,10.1109/51.637115,,Article,,yes,Crossref: IEEE Engineering in Medicine and Biology Magazine 1997,exclude,1,data library description
