record_id,sources,title,authors,year,venue,doi,arxiv_id,doc_type,abstract,verified,verify_note,stage1,stage1_reason,stage1_note
B10001,scopus,Advanced EEG-based brain monitoring for early detection of harmful neural activities using EfficientNet architecture,Awan T.; Aftab M.; Naveed A.; Shahid M.H.; Sajid A.; Khan K.B.,2026,Biomedical Signal Processing and Control,10.1016/j.bspc.2025.108360,,Article,,,,,,
B10002,scopus,"Advances in EMG, EEG, and Hybrid-Based Prosthetic Arm Control: A Comprehensive Review on Machine Learning, Deep Learning, and Multimodal Approaches",Prakash P.; Juneja M.; Archita; Kaur H.; Gopinathan N.R.; Jindal P.,2026,Archives of Computational Methods in Engineering,10.1007/s11831-026-10756-8,,Review,,,,,,
B10003,scopus,A hybrid deep learning framework for epileptic seizure prediction using scalp and intracranial EEG data,Ahmad I.M.; Ashar B.; Munir S.; Wali A.; ul Islam M.S.,2026,Computerized Medical Imaging and Graphics,10.1016/j.compmedimag.2026.102759,,Article,,,,,,
B10004,scopus,"A lightweight CNN–transformer framework for EEG seizure detection with ablation, interpretability, and noise-robustness analysis",Padmaja B.; Maram B.; Mammadova K.; Makharov K.; Qasim M.T.; Khishe M.,2026,Intelligence-Based Medicine,10.1016/j.ibmed.2026.100446,,Article,,,,,,
B10005,scopus,An Efficient Deep Learning Approach for EEG-Based Seizure Prediction,Lickson B.; Hazarika D.; Chakraborty M.; Acharjee N.; Nath V.K.,2026,Lecture Notes in Networks and Systems,10.1007/978-3-032-27563-9_35,,Conference paper,,,,,,
B10006,scopus,An Enhanced Machine Learning–Based Multimodal Framework for Seizure Detection Using EEG and MRI Data,Dharani V.; Lakshmanan L.,2026,Developmental Neurobiology,10.1002/dneu.70049,,Article,,,,,,
B10007,scopus,A Neural Approach to ADHD Detection in Children: Enhanced EEG Analysis with Wavelet-Transformer Synergy,Dhiabi R.; Walha R.; Drira F.,2026,International Conference on Agents and Artificial Intelligence,10.5220/0014334800004052,,Conference paper,,,,,,
B10008,scopus,A Novel Fusion of Explainable Sparse Evoked Tiny Machine Learning Algorithms for an Effective Detection of Autism Spectrum Disorder Using IoT-Based EEG Signals,Raajitha K.; Thatimakula S.,2026,International Academic Journal of Science and Engineering,10.71086/iajse/v13i1/iajse1335,,Article,,,,,,
B10009,scopus,A Robust EEGNet-Based Framework with Advanced Preprocessing for Cross-Subject and Cross-Session Motor-Imagery BCI,Yahia B.; Fareh R.; Choutri K.; Hussain A.; Bettayeb M.,2026,"ICHORA 2026 - 8th International Congress on Human-Computer Interaction, Optimization and Robotic Applications, Proceedings",10.1109/ichora69329.2026.11537167,,Conference paper,,,,,,
B10010,scopus,A Survey of EEG Headset Applications for Monitoring Attention and Engagement in Learning Environments,Mathew S.; Said S.; Youssef K.; Eleyan A.; Alkork S.; Nait-Ali A.,2026,Proceedings - BioSMART 2026: 7th International Conference on Bio-Engineering for Smart Technologies,10.1109/biosmart71257.2026.11598007,,Conference paper,,,,,,
B10011,scopus,Attention-Based Transfer Learning for Multi-modal EEG and Eye Tracking in Brain-Computer Interfaces,Abbasi M.; Brito-Costa S.; Teixeira A.R.; Martins P.,2026,Lecture Notes in Computer Science,10.1007/978-3-032-12660-3_21,,Conference paper,,,,,,
B10012,scopus,A VMD-Based Feature Extraction Framework for EEG in Schizophrenia Detection Toward CAD Implementation,Grace Neethu P.; Varshitha B.; Mariya A.; Narain Ponraj D.; Subathra M.S.P.; Sharon J.S.,2026,"ICDCS 2026 - 2026 8th International Conference on Devices, Circuits and Systems",10.1109/icdcs68853.2026.11511069,,Conference paper,,,,,,
B10013,scopus;arxiv,"Benchmarking ERP Analysis: Manual Features, Deep Learning, and Foundation Models",Wang Y.; Kang Z.; Chen B.; Zhang Y.; Zhang X.,2026,IEEE Transactions on Biomedical Engineering,10.1109/tbme.2026.3686229,2601.00573,Article,"Event-related potential (ERP), a specialized paradigm of electroencephalographic (EEG), reflects neurological responses to external stimuli or events, generally associated with the brain's processing of specific cognitive tasks. ERP plays a critical role in cognitive analysis, the detection of neurological diseases, and the assessment of psychological states. Recent years have seen substantial advances in deep learning-based methods for spontaneous EEG and other non-time-locked task-related EEG signals. However, their effectiveness on ERP data remains underexplored, and many existing ERP studies still rely heavily on manually extracted features. In this paper, we conduct a comprehensive benchmark study that systematically compares traditional manual features (followed by a linear classifier), deep learning models, and pre-trained EEG foundation models for ERP analysis. We establish a unified data preprocessing and training pipeline and evaluate these approaches on two representative tasks, ERP stimulus classification and ERP-based brain disease detection, across 12 publicly available datasets. Furthermore, we investigate various token-embedding strategies within advanced Transformer architectures to identify embedding designs that better suit ERP data. Our study provides a landmark framework to guide method selection and tailored model design for future ERP analysis. The code is available at https://github.com/DL4mHealth/ERP-Benchmark",,,,,
B10014,scopus,Benchmarking resting state fMRI connectivity pipelines for classification: robust accuracy despite processing variability in cross-site eye state prediction,Medvedeva T.; Knyazeva I.; Masharipov R.; Korotkov A.; Cherednichenko D.; Kireev M.,2026,Brain Informatics,10.1186/s40708-026-00305-1,,Article,,,,,,
B10015,arxiv,"Best Practices in EEG Analysis: Preprocessing, Modeling, and Machine Learning",Parsa Razmara; Woojae Jeong; Aditya Kommineni; Raymundo Cassani; Richard Leahy; Takfarinas Medani,2026,"arXiv (preprint); In: Electroencephalogram Signals and Cognition, Hema A. Murthy, Shrikanth Narayanan, Mriganka Sur, and Rajeswari Aghoram (eds.), Sriranga Digital Software Technologies Pvt. Ltd., 2026, Chapter 16, pp. 327-370",,2609.36609,preprint,"Electroencephalography (EEG) analysis requires careful choices in preprocessing, statistical modeling, and machine learning because EEG signals are highly susceptible to artifacts, volume conduction, low signal-to-noise ratio, and substantial inter-subject variability. This chapter provides a practical and methodological guide to modern EEG analysis, spanning EEG preprocessing, artifact removal, filtering, bad-channel detection and interpolation, re-referencing, independent component analysis (ICA), and preprocessing of simultaneous EEG-fMRI recordings. We review major approaches for computational EEG analysis, including event-related potentials (ERPs), time-frequency analysis, functional and effective connectivity, source localization, multivariate decoding, permutation testing, and multiple-comparison correction. We then examine machine-learning methods for EEG, from feature-based classifiers to deep learning and emerging EEG foundation models, with emphasis on cross-subject generalization, limited-data regimes, data leakage, evaluation metrics, and fair benchmarking. Reproducibility is treated as a core requirement throughout, including transparent preprocessing, BIDS-EEG data organization, standardized derivatives, preservation of raw data, and FAIR data practices. The chapter is intended as a practical reference for researchers developing reliable, interpretable, and reproducible EEG analysis and machine-learning pipelines.",,,,,
B10016,scopus,Biomarkers of stroke recovery using EEG-based resting-state functional connectivity: a systematic review,Napoli E.; Masina F.; Pezzetta R.; Vanni F.; Oliva G.; Saccani M.S.; Marinazzo D.; Zorzi M.; Mantini D.; Arcara G.,2026,Journal of NeuroEngineering and Rehabilitation,10.1186/s12984-026-01928-5,,Review,,,,,,
B10017,scopus,Comparative Analysis of EEG Signal Preprocessing Impact on Generalization of a Transformer-Based EEG Imagined Speech Recognition,Elwasify F.; Shaaban E.; Abdelmoneem R.M.,2026,"2026 IEEE International Conference on Smart Sustainable Systems for Computer and Engineering Applications, 3SCEA 2026",10.1109/3scea68071.2026.11603016,,Conference paper,,,,,,
B10018,scopus,Comparative Performance Analysis of Machine Learning Computational Pipelines and Deep Learning Architectures in EEG Motor Imagery BCIs,Ramsoonder N.; Maswanganyi R.C.; Khumalo P.,2026,Mathematics,10.3390/math14091520,,Review,,,,,,
B10019,scopus,Comparative Performance Analysis of Machine Learning Methods on Depression Dataset,Gokhale K.V.; Shelke R.,2026,"International Conference on Intelligent Processing, Hardware, Electronics, and Radio Systems, CIPHER 2026",10.1109/cipher70417.2026.11524040,,Conference paper,,,,,,
B10020,scopus,Comparative Study of CEEMDAN and TCN Approaches for Motor Imagery EEG Classification,Malik A.R.; Gupta A.; Singh A.; Taran S.,2026,"2026 6th International Conference on Multimedia, Signal Processing and Communication Technologies, IMPACT 2026",10.1109/impact68503.2026.11468357,,Conference paper,,,,,,
B10021,scopus,Cross-domain correlation analysis to improve SSVEP signals recognition in brain-computer interfaces,Hu K.; Wang Y.; Tu K.; Guo H.; Yan J.,2026,Biomedical Physics and Engineering Express,10.1088/2057-1976/ae2772,,Article,,,,,,
B10022,scopus,"Decoding of Imagined Speech Using EEG: An Overview of Techniques, Applications, and Challenges",Divya Keerthana K.; Ramakrishnan S.; Abraham G.K.; Vandana V.P.; Agrawal N.; Raghavendra K.; Rao M.,2026,IEEE Access,10.1109/access.2026.3708197,,Review,,,,,,
B10023,arxiv,Deep Convolutional Architectures for EEG Classification: A Comparative Study with Temporal Augmentation and Confidence-Based Voting,Aryan Patodiya; Hubert Cecotti,2026,arXiv (preprint),,2603.13261,preprint,"Electroencephalography (EEG) classification plays a key role in brain-computer interface (BCI) systems, yet it remains challenging due to the low signal-to-noise ratio, temporal variability of neural responses, and limited data availability. In this paper, we present a comparative study of deep learning architectures for classifying event-related potentials (ERPs) in EEG signals. The preprocessing pipeline includes bandpass filtering, spatial filtering, and normalization. We design and compare three main pipelines: a 2D convolutional neural network (CNN) using Common Spatial Pattern (CSP), a second 2D CNN trained directly on raw data for a fair comparison, and a 3D CNN that jointly models spatiotemporal representations. To address ERP latency variations, we introduce a temporal shift augmentation strategy during training. At inference time, we employ a confidence-based test-time voting mechanism to improve prediction stability across shifted trials. An experimental evaluation on a stratified five-fold cross-validation protocol demonstrates that while CSP provides a benefit to the 2D architecture, the proposed 3D CNN significantly outperforms both 2D variants in terms of AUC and balanced accuracy. These findings highlight the effectiveness of temporal-aware architectures and augmentation strategies for robust EEG signal classification.",,,,,
B10024,scopus,"Deep learning-based comparative evaluation of EEG, HRV, and EDA biomarkers for personal thermal comfort prediction",Sahoh B.; Wongsontham F.; Tipsavak A.; Chaithong P.; Kliangkhlao M.; Efendi M.A.; Songnuy T.; Punsawad Y.,2026,Biomedical Signal Processing and Control,10.1016/j.bspc.2025.108972,,Article,,,,,,
B10025,scopus,Deep learning for diagnosing autism spectrum disorder using EEG with upright and inverted face processing tasks,Alizadehziri F.; Khadem A.,2026,Biomedical Signal Processing and Control,10.1016/j.bspc.2026.109655,,Article,,,,,,
B10026,scopus,Depression Detection from Three-Channel Resting-State EEG Using a Hybrid Conv1D and Spectral–Statistical Fusion Model,Știrbu O.-I.; Argatu F.-C.; Adochiei F.-C.; Enache B.-A.; Serițan G.-C.,2026,Sensors,10.3390/s26051417,,Article,,,,,,
B10027,scopus,Detecting drug-induced EEG alterations with machine learning: A methodological proof-of-concept study in rats treated with MK-801,Basset M.; Saunier P.-E.; Viardot G.; L'Hostis P.; Delpy E.; Carvalho K.; Adraoui F.W.,2026,Journal of Pharmacological and Toxicological Methods,10.1016/j.vascn.2026.108566,,Article,,,,,,
B10028,arxiv,Driver-Intention Prediction with Deep Learning: Real-Time Brain-to-Vehicle Communication,Niloufar Alavi; Swati Shah; Rezvan Alamian; Stefan Goetz,2026,arXiv (preprint),,2601.05084,preprint,"Brain-computer interfaces (BCIs) allow direct communication between the brain and electronics without the need for speech or physical movement. Such interfaces can be particularly beneficial in applications requiring rapid response times, such as driving, where a vehicle's advanced driving assistance systems could benefit from immediate understanding of a driver's intentions. This study presents a novel method for predicting a driver's intention to steer using electroencephalography (EEG) signals through deep learning. A driving simulator created a controlled environment in which participants imagined controlling a vehicle during various driving scenarios, including left and right turns, as well as straight driving. A convolutional neural network (CNN) classified the detected EEG data with minimal pre-processing. Our model achieved an accuracy of 83.7% in distinguishing between the three steering intentions and demonstrated the ability of CNNs to process raw EEG data effectively. The classification accuracy was highest for right-turn segments, which suggests a potential spatial bias in brain activity. This study lays the foundation for more intuitive brain-to-vehicle communication systems.",,,,,
B10029,scopus,EEG-Based Eye State Recognition via Multi-domain Feature Engineering and Ensemble Learning,Qiu M.; Wei Y.; TaheriNejad N.,2026,Lecture Notes in Computer Science,10.1007/978-3-032-29839-3_15,,Conference paper,,,,,,
B10030,scopus,EEG-based Machine and Deep Learning Approaches for Alzheimer's and Frontotemporal Dementia: A Systematic Review of the OpenNeuro ds004504 Dataset,Mahdoubi Y.; Zrira N.; Aaibid H.; Elafi I.; Ngote N.; Benmiloud I.,2026,"2026 6th International Conference on Innovative Research in Applied Science, Engineering and Technology, IRASET 2026",10.1109/iraset68627.2026.11538471,,Conference paper,,,,,,
B10031,scopus,End-to-end MLOps framework for EEG-based epilepsy prediction: Automating deep learning pipelines for scalable healthcare solutions,Trabelsi S.; Gontara S.; Khalifa K.B.; Mtibaa A.,2026,Array,10.1016/j.array.2025.100649,,Article,,,,,,
B10032,scopus,Exploring a Dynamic Template Matching Algorithm for the Automatic Extraction of P3 Latencies,Lesche S.; Sadus K.; Schubert A.-L.; Löffler C.; Hagemann D.,2026,Psychophysiology,10.1111/psyp.70212,,Article,,,,,,
B10033,scopus,Few-Shot Multi-Modal Neural Decoding via Privileged Semantic Alignment,Zheng H.,2026,"2026 3rd International Conference on Image Processing, Multimedia Technology and Machine Learning, IPMML 2026",10.1109/ipmml71439.2026.11682526,,Conference paper,,,,,,
B10034,scopus,GCNFormNet: branched graph-transformer architecture for EEG-based emotion recognition,Raghav A.; Indolia S.,2026,Cognitive Neurodynamics,10.1007/s11571-026-10437-z,,Article,,,,,,
B10035,scopus,How to Improve the Reliability of Aperiodic Parameter Estimates in M/EEG: A Method Comparison,Kałamała P.; Clements G.M.; Gyurkovics M.; Chen T.; Low K.A.; Fabiani M.; Gratton G.,2026,Psychophysiology,10.1111/psyp.70272,,Article,,,,,,
B10036,scopus,IGStrokeNet: An effective and explainable framework for stroke risk prediction,Xu L.; Tan G.; Lin Z.; Zhou T.,2026,Biomedical Signal Processing and Control,10.1016/j.bspc.2026.110731,,Article,,,,,,
B10037,scopus;arxiv,Improving motor imagery decoding methods for an EEG-based mobile brain-computer interface in the context of the 2024 Cybathlon,Tscherniak I.W.; Thiemann N.C.; McWhinnie-Fernández A.; Curcean I.; Jokinen L.L.J.; Hodzic S.; Huber T.E.; Pavlov D.; Methasani M.; Marcolongo P.; Krafczyk G.V.; Rivera O.O.S.; Le T.; Pallotti F.; Fazzi E.A.,2026,Journal of NeuroEngineering and Rehabilitation,10.1186/s12984-026-01969-w,2511.23384,Article,"Motivated by the Cybathlon 2024 competition, we developed a modular, online EEG-based brain-computer interface to address these challenges, increasing accessibility for individuals with severe mobility impairments. Our system uses three mental and motor imagery classes to control up to five control signals. The pipeline consists of four modules: data acquisition, preprocessing, classification, and the transfer function to map classification output to control dimensions. We use three diagonalized structured state-space sequence layers as a deep learning classifier. We developed a training game for our pilot where the mental tasks control the game during quick-time events. We implemented a mobile web application for live user feedback. The components were designed with a human-centred approach in collaboration with the tetraplegic user. We achieve up to 84% classification accuracy in offline analysis using an S4D-layer-based model. In a competition setting, our pilot successfully completed one task; we attribute the reduced performance in this context primarily to factors such as stress and the challenging competition environment. Following the Cybathlon, we further validated our pipeline with the original pilot and an additional participant, achieving a success rate of 73% in real-time gameplay. We also compare our model to the EEGEncoder, which is slower in training but has a higher performance. The S4D model outperforms the reference machine learning models. We provide insights into developing a framework for portable BCIs, bridging the gap between the laboratory and daily life. Specifically, our framework integrates modular design, real-time data processing, user-centred feedback, and low-cost hardware to deliver an accessible and adaptable BCI solution, addressing critical gaps in current BCI applications.",,,,,
B10038,scopus,"International Conference on Artificial Intelligence and Cognitive Science for Emerging Technologies, AICSET 2025",,2026,Lecture Notes in Networks and Systems,,,Conference review,,,,,,
B10039,scopus,Lessons Learned in Developing Deep Learning Models for EEG-based ADHD Detection,Sanchis J.; Garcia-Ponsoda S.; Trujillo J.; Mate A.; Teruel M.A.,2026,"2026 IEEE Conference on Artificial Intelligence, CAI 2026",10.1109/cai68641.2026.11536231,,Conference paper,,,,,,
B10040,arxiv,L-FAME: Longitudinal Focused Attention Meditation EEG Dataset and Benchmark,Angqi Li; Ab Basit Rafi Syed; Hamzeh Alzweri; Taosheng Liu; Barry H. Cohen; Saiprasad Ravishankar,2026,arXiv (preprint),,2605.22893,preprint,"We introduce a novel Longitudinal Focused Attention Meditation Electroencephalography (L-FAME) dataset and an accompanying benchmark, designed to foster research into the neural effects of various meditation practices and the evolution of these effects over a six-week training period. The dataset contains EEG recordings and psychological assessments from 74 healthy college participants, collected at two distinct time points: pre-intervention and post-intervention. Participants were randomly assigned to one of three distinct meditation groups: two mantra-based techniques (SA-TA-NA-MA and Hare Krishna) and one Breath Focus practice. Leveraging this unique longitudinal and comparative dataset, we propose a benchmark suite comprising three distinct classification tasks: (1) cognitive state decoding to distinguish between resting and meditation states, (2) fine-grained classification of the specific meditation techniques, and (3) cross-session adaptation to evaluate model generalization across the longitudinal time gap. We provide comprehensive baseline results for these tasks utilizing a range of classical machine learning algorithms and deep learning architectures. The complete dataset, preprocessing pipelines, and benchmark evaluation code will be publicly released, offering a valuable resource and a standardized framework for the development and comparison of new analytical methods in computational meditation research and EEG-based machine learning. The dataset is available at https://huggingface.co/datasets/L-FAME-Dataset-Benchmark/L-FAME",,,,,
B10041,scopus,"Low-Cost Wearable EEG in Non-medical HCI: A Systematic Review of Applications, ML Pipelines, and Deployment Challenges",Jia L.,2026,Lecture Notes in Computer Science,10.1007/978-3-032-29548-4_9,,Conference paper,,,,,,
B10042,scopus,Motor Imagery Classification on the WBCIC-MI Dataset: A Comparative Study,Raisa N.S.; Habib M.A.,2026,"2026 International Conference on Power, Electronics, Communications, Computing, and Intelligent Infrastructure, PECCII 2026",10.1109/peccii70991.2026.11661892,,Conference paper,,,,,,
B10043,scopus,Multimodal Emotion and Stress Recognition Using EEG and ECG: A Machine Learning Approach with Explainable AI,Amritha Nandini K.L.; Thiyagarajan A.; Vishal S.; Giri Prasath R.; Veluppal A.,2026,Communications in Computer and Information Science,10.1007/978-3-032-14908-4_40,,Conference paper,,,,,,
B10044,scopus,Multimodal fusion and explainability of artificial intelligence models in Alzheimer’s Disease detection,Viswan V.; Shaffi N.; Malathy E.; Chemmalar Selvi G.; Kavitha B.R.; Abdesselam A.; Wang S.; Suganthan P.N.; Shezawi I.A.; Mahmud M.,2026,Brain Informatics,10.1186/s40708-025-00291-w,,Review,,,,,,
B10045,scopus,NeuroFusion: An Intelligent Multimodal AI Framework for Early Diagnosis and Risk Stratification of Neurological Disorders,Suriyapriya N.; Maheswari K.G.,2026,"Proceedings - ICSES 2026: 5th International Conference on Innovative Computing, Intelligent Communication and Smart Electrical Systems",10.1109/icses66558.2026.11478866,,Conference paper,,,,,,
B10046,scopus,Neuroimaging studies of extra-sensory perception: A systematic and critical review,Acunzo D.J.; Denton A.H.; Weiler M.; Kelly E.F.,2026,NeuroImage,10.1016/j.neuroimage.2026.121937,,Review,,,,,,
B10047,scopus,Neurophysiological screening of individual variability for robust decoding in c-VEP-based BCI,Velut S.; Thielen J.; Chevallier S.; Corsi M.-C.; Dehais F.,2026,Imaging Neuroscience,10.1162/imag.a.1172,,Article,,,,,,
B10048,scopus,Optimized cortical EEG modeling for Parkinson disease diagnosis with snow Shepherd Stride tuning mechanism,Kolla M.; Madapuri R.K.; Kandukuri P.; Salvadi S.; Tadepalli S.; Gajula R.,2026,Cognitive Neurodynamics,10.1007/s11571-025-10406-y,,Article,,,,,,
B10049,scopus,Robust Covert Spatial Attention Decoding from Low-Channel Dry EEG by Hybrid AI Model,Kim D.; Lee J.,2026,AI (Switzerland),10.3390/ai7010009,,Article,,,,,,
B10050,scopus,Subject-Specific Comparative Performance Analysis of Deep Learning Architectures for Motor Imagery Classification,Mdluli B.; Khumalo P.; Maswanganyi R.C.,2026,Mathematics,10.3390/math14091527,,Article,,,,,,
B10051,scopus,Systematic Comparison of Electroencephalography Feature Domains for Visual Stimuli Decoding with EEGNet and EEG Conformer,Corona-Patricio C.A.; Reta C.; Cantoral-Ceballos J.A.,2026,AI (Switzerland),10.3390/ai7080323,,Article,,,,,,
B10052,scopus,Systematic Review of Artificial Intelligence Methods for the Diagnosis of ASD and ADHD,Manocha A.; Kumari R.; Kaur G.; Bhatia M.,2026,IEEE Internet of Things Journal,10.1109/jiot.2026.3735841,,Article,,,,,,
B10053,scopus,The ASME-speller: 30-class auditory brain-computer interface speller using stream segregation and the QWERTY layout,Kojima S.; Kanoh S.,2026,Frontiers in Human Neuroscience,10.3389/fnhum.2026.1807535,,Article,,,,,,
B10054,arxiv,ZUNA: Flexible EEG Superresolution with Position-Aware Diffusion Autoencoders,Christopher Warner; Jonas Mago; JR Huml; Mohamed Osman; Beren Millidge,2026,arXiv (preprint),,2602.18478,preprint,"We present \texttt{ZUNA}, a 380M-parameter masked diffusion autoencoder trained to perform masked channel infilling and superresolution for arbitrary electrode numbers and positions in EEG signals. The \texttt{ZUNA} architecture tokenizes multichannel EEG into short temporal windows and injects spatiotemporal structure via a 4D rotary positional encoding over (x,y,z,t), enabling inference on arbitrary channel subsets and positions. We train ZUNA on an aggregated and harmonized corpus spanning 208 public datasets containing approximately 2 million channel-hours using a combined reconstruction and heavy channel-dropout objective. We show that \texttt{ZUNA} substantially improves over ubiquitous spherical-spline interpolation methods, with the gap widening at higher dropout rates. Crucially, compared to other deep learning methods in this space, \texttt{ZUNA}'s performance \emph{generalizes} across datasets and channel positions allowing it to be applied directly to novel datasets and problems. Despite its generative capabilities, \texttt{ZUNA} remains computationally practical for deployment. We release Apache-2.0 weights and an MNE-compatible preprocessing/inference stack to encourage reproducible comparisons and downstream use in EEG analysis pipelines.",,,,,
B10055,scopus,Analysis of Machine Learning and Deep Learning Models for EEG-Based Emotion Classification,Atole A.; Patkhedkar A.; Talele B.; Talele K.,2025,"Proceedings of 2025 IEEE 15th International Conference on Signal Processing, Communications and Computing, ICSPCC 2025",10.1109/icspcc66825.2025.11194555,,Conference paper,,,,,,
B10056,arxiv,A Novel Data Augmentation Strategy for Robust Deep Learning Classification of Biomedical Time-Series Data: Application to ECG and EEG Analysis,Mohammed Guhdar; Ramadhan J. Mstafa; Abdulhakeem O. Mohammed,2025,arXiv (preprint),,2507.12645,preprint,"The increasing need for accurate and unified analysis of diverse biological signals, such as ECG and EEG, is paramount for comprehensive patient assessment, especially in synchronous monitoring. Despite advances in multi-sensor fusion, a critical gap remains in developing unified architectures that effectively process and extract features from fundamentally different physiological signals. Another challenge is the inherent class imbalance in many biomedical datasets, often causing biased performance in traditional methods. This study addresses these issues by proposing a novel and unified deep learning framework that achieves state-of-the-art performance across different signal types. Our method integrates a ResNet-based CNN with an attention mechanism, enhanced by a novel data augmentation strategy: time-domain concatenation of multiple augmented variants of each signal to generate richer representations. Unlike prior work, we scientifically increase signal complexity to achieve future-reaching capabilities, which resulted in the best predictions compared to the state of the art. Preprocessing steps included wavelet denoising, baseline removal, and standardization. Class imbalance was effectively managed through the combined use of this advanced data augmentation and the Focal Loss function. Regularization techniques were applied during training to ensure generalization. We rigorously evaluated the proposed architecture on three benchmark datasets: UCI Seizure EEG, MIT-BIH Arrhythmia, and PTB Diagnostic ECG. It achieved accuracies of 99.96%, 99.78%, and 100%, respectively, demonstrating robustness across diverse signal types and clinical contexts. Finally, the architecture requires ~130 MB of memory and processes each sample in ~10 ms, suggesting suitability for deployment on low-end or wearable devices.",,,,,
B10057,scopus,"A registered report of preregistration practices in studies of electroencephalogram (EEG) and event-related potentials (ERPs): A first look at accessibility, adherence, transparency, and selection bias",Clayson P.E.; Carbine K.A.; Shuford J.L.; McDonald J.B.; Larson M.J.,2025,Cortex,10.1016/j.cortex.2025.02.008,,Article,,,,,,
B10058,scopus,"A Review of Deep Learning for Biomedical Signals: Current Applications, Advancements, Future Prospects, Interpretation, and Challenges",Alqudah A.M.; Moussavi Z.,2025,"Computers, Materials and Continua",10.32604/cmc.2025.063643,,Review,,,,,,
B10059,scopus,Artificial intelligence driven neuropsychiatry: a systematic review of electroencephalography-based computational techniques for major depressive disorder prediction,Kaur G.; Aggarwal H.; Goel N.,2025,Neuroscience,10.1016/j.neuroscience.2025.07.010,,Review,,,,,,
B10060,scopus,Artificial Intelligence for EEG Analysis: A Comprehensive Review of Deep Learning Techniques,Albeiruti H.A.,2025,"Iraqi Journal of Computers, Communications, Control and Systems Engineering",10.33103/uot.ijccce.25.2.9,,Article,,,,,,
B10061,scopus,Assessing the predictive value of peak alpha frequency for the sensitivity to pain,May E.S.; Tiemann L.; Gil Ávila C.G.; Bott F.S.; Hohn V.D.; Gross J.; Ploner M.,2025,Pain,10.1097/j.pain.0000000000003571,,Article,,,,,,
B10062,arxiv,Benchmarking of EEG Analysis Techniques for Parkinson's Disease Diagnosis: A Comparison between Traditional ML Methods and Foundation DL Methods,Danilo Avola; Andrea Bernardini; Giancarlo Crocetti; Andrea Ladogana; Mario Lezoche; Maurizio Mancini; Daniele Pannone; Amedeo Ranaldi,2025,arXiv (preprint),,2507.13716,preprint,Parkinson's Disease PD is a progressive neurodegenerative disorder that affects motor and cognitive functions with early diagnosis being critical for effective clinical intervention Electroencephalography EEG offers a noninvasive and costeffective means of detecting PDrelated neural alterations yet the development of reliable automated diagnostic models remains a challenge In this study we conduct a systematic benchmark of traditional machine learning ML and deep learning DL models for classifying PD using a publicly available oddball task dataset Our aim is to lay the groundwork for developing an effective learning system and to determine which approach produces the best results We implement a unified sevenstep preprocessing pipeline and apply consistent subjectwise crossvalidation and evaluation criteria to ensure comparability across models Our results demonstrate that while baseline deep learning architectures particularly CNNLSTM models achieve the best performance compared to other deep learning architectures underlining the importance of capturing longrange temporal dependencies several traditional classifiers such as XGBoost also offer strong predictive accuracy and calibrated decision boundaries By rigorously comparing these baselines our work provides a solid reference framework for future studies aiming to develop and evaluate more complex or specialized architectures Establishing a reliable set of baseline results is essential to contextualize improvements introduced by novel methods ensuring scientific rigor and reproducibility in the evolving field of EEGbased neurodiagnostics,,,,,
B10063,arxiv,Brain2Vec: A Deep Learning Framework for EEG-Based Stress Detection Using CNN-LSTM-Attention,Md Mynoddin; Troyee Dev; Rishita Chakma,2025,arXiv (preprint),,2506.11179,preprint,"Mental stress has become a pervasive factor affecting cognitive health and overall well-being, necessitating the development of robust, non-invasive diagnostic tools. Electroencephalogram (EEG) signals provide a direct window into neural activity, yet their non-stationary and high-dimensional nature poses significant modeling challenges. Here we introduce Brain2Vec, a new deep learning tool that classifies stress states from raw EEG recordings using a hybrid architecture of convolutional, recurrent, and attention mechanisms. The model begins with a series of convolutional layers to capture localized spatial dependencies, followed by an LSTM layer to model sequential temporal patterns, and concludes with an attention mechanism to emphasize informative temporal regions. We evaluate Brain2Vec on the DEAP dataset, applying bandpass filtering, z-score normalization, and epoch segmentation as part of a comprehensive preprocessing pipeline. Compared to traditional CNN-LSTM baselines, our proposed model achieves an AUC score of 0.68 and a validation accuracy of 81.25%. These findings demonstrate Brain2Vec's potential for integration into wearable stress monitoring platforms and personalized healthcare systems.",,,,,
B10064,arxiv,Bridging Accuracy and Explainability in EEG-based Graph Attention Network for Depression Detection,Soujanya Hazra; Sanjay Ghosh,2025,arXiv (preprint),,2511.05537,preprint,"Depression is a major cause of global mental illness and significantly influences suicide rates. Timely and accurate diagnosis is essential for effective intervention. Electroencephalography (EEG) provides a non-invasive and accessible method for examining cerebral activity and identifying disease-associated patterns. We propose a novel graph-based deep learning framework, named Edge-gated, axis-mixed Pooling Attention Network (ExPANet), for differentiating major depressive disorder (MDD) patients from healthy controls (HC). EEG recordings undergo preprocessing to eliminate artifacts and are segmented into short periods of activity. We extract 14 features from each segment, which include time, frequency, fractal, and complexity domains. Electrodes are represented as nodes, whereas edges are determined by the phase-locking value (PLV) to represent functional connectivity. The generated brain graphs are examined utilizing an adapted graph attention network. This architecture acquires both localized electrode characteristics and comprehensive functional connectivity patterns. The proposed framework attains superior performance relative to current EEG-based approaches across two different datasets. A fundamental advantage of our methodology is its explainability. We evaluated the significance of features, channels, and edges, in addition to intrinsic attention weights. These studies highlight features, cerebral areas, and connectivity associations that are especially relevant to MDD, many of which correspond with clinical data. Our findings demonstrate a reliable and transparent method for EEG-based screening of MDD, using deep learning with clinically relevant results.",,,,,
B10065,scopus;arxiv,Data Normalization Strategies for EEG Deep Learning,Truong D.; Delorme A.,2025,"International IEEE/EMBS Conference on Neural Engineering, NER",10.1109/ner61569.2025.11589116,2506.22455,Conference paper,"Normalization is a critical yet often overlooked component in the preprocessing pipeline for EEG deep learning applications. The rise of large-scale pretraining paradigms such as self-supervised learning (SSL) introduces a new set of tasks whose nature is substantially different from supervised training common in EEG deep learning applications. This raises new questions about optimal normalization strategies for the applicable task. In this study, we systematically evaluate the impact of normalization granularity (recording vs. window level) and scope (cross-channel vs. within-channel) on both supervised (age and gender prediction) and self-supervised (Contrastive Predictive Coding) tasks. Using high-density resting-state EEG from 2,836 subjects in the Healthy Brain Network dataset, we show that optimal normalization strategies differ significantly between training paradigms. Window-level within-channel normalization yields the best performance in supervised tasks, while minimal or cross-channel normalization at the window level is more effective for SSL. These results underscore the necessity of task-specific normalization choices and challenge the assumption that a universal normalization strategy can generalize across learning settings. Our findings provide practical insights for developing robust EEG deep learning pipelines as the field shifts toward large-scale, foundation model training.",,,,,
B10066,arxiv,Decoding EEG Speech Perception with Transformers and VAE-based Data Augmentation,Terrance Yu-Hao Chen; Yulin Chen; Pontus Soederhaell; Sadrishya Agrawal; Kateryna Shapovalenko,2025,arXiv (preprint),,2501.04359,preprint,"Decoding speech from non-invasive brain signals, such as electroencephalography (EEG), has the potential to advance brain-computer interfaces (BCIs), with applications in silent communication and assistive technologies for individuals with speech impairments. However, EEG-based speech decoding faces major challenges, such as noisy data, limited datasets, and poor performance on complex tasks like speech perception. This study attempts to address these challenges by employing variational autoencoders (VAEs) for EEG data augmentation to improve data quality and applying a state-of-the-art (SOTA) sequence-to-sequence deep learning architecture, originally successful in electromyography (EMG) tasks, to EEG-based speech decoding. Additionally, we adapt this architecture for word classification tasks. Using the Brennan dataset, which contains EEG recordings of subjects listening to narrated speech, we preprocess the data and evaluate both classification and sequence-to-sequence models for EEG-to-words/sentences tasks. Our experiments show that VAEs have the potential to reconstruct artificial EEG data for augmentation. Meanwhile, our sequence-to-sequence model achieves more promising performance in generating sentences compared to our classification model, though both remain challenging tasks. These findings lay the groundwork for future research on EEG speech perception decoding, with possible extensions to speech production tasks such as silent or imagined speech.",,,,,
B10067,arxiv,Detecting Blinks in Healthy and Parkinson's EEG: A Deep Learning Perspective,Artem Lensky; Yiding Qiu,2025,arXiv (preprint),,2509.04951,preprint,"Blinks in electroencephalography (EEG) are often treated as unwanted artifacts. However, recent studies have demonstrated that blink rate and its variability are important physiological markers to monitor cognitive load, attention, and potential neurological disorders. This paper addresses the critical task of accurate blink detection by evaluating various deep learning models for segmenting EEG signals into involuntary blinks and non-blinks. We present a pipeline for blink detection using 1, 3, or 5 frontal EEG electrodes. The problem is formulated as a sequence-to-sequence task and tested on various deep learning architectures including standard recurrent neural networks, convolutional neural networks (both standard and depth-wise), temporal convolutional networks (TCN), transformer-based models, and hybrid architectures. The models were trained on raw EEG signals with minimal pre-processing. Training and testing was carried out on a public dataset of 31 subjects collected at UCSD. This dataset consisted of 15 healthy participants and 16 patients with Parkinson's disease allowing us to verify the model's robustness to tremor. Out of all models, CNN-RNN hybrid model consistently outperformed other models and achieved the best blink detection accuracy of 93.8%, 95.4% and 95.8% with 1, 3, and 5 channels in the healthy cohort and correspondingly 73.8%, 75.4% and 75.8% in patients with PD. The paper compares neural networks for the task of segmenting EEG recordings to involuntary blinks and no blinks allowing for computing blink rate and other statistics.",,,,,
B10068,scopus,Driving Into the Unknown: ASM Reductions After Intracranial EEG,Lapalme-Remis S.,2025,Epilepsy Currents,10.1177/15357597241311149,,Note,,,,,,
B10069,arxiv,EAD: An EEG Adapter for Automated Classification,Pushapdeep Singh; Jyoti Nigam; Medicherla Vamsi Krishna; Arnav Bhavsar; Aditya Nigam,2025,arXiv (preprint),,2505.23107,preprint,"While electroencephalography (EEG) has been a popular modality for neural decoding, it often involves task specific acquisition of the EEG data. This poses challenges for the development of a unified pipeline to learn embeddings for various EEG signal classification, which is often involved in various decoding tasks. Traditionally, EEG classification involves the step of signal preprocessing and the use of deep learning techniques, which are highly dependent on the number of EEG channels in each sample. However, the same pipeline cannot be applied even if the EEG data is collected for the same experiment but with different acquisition devices. This necessitates the development of a framework for learning EEG embeddings, which could be highly beneficial for tasks involving multiple EEG samples for the same task but with varying numbers of EEG channels. In this work, we propose EEG Adapter (EAD), a flexible framework compatible with any signal acquisition device. More specifically, we leverage a recent EEG foundational model with significant adaptations to learn robust representations from the EEG data for the classification task. We evaluate EAD on two publicly available datasets achieving state-of-the-art accuracies 99.33% and 92.31% on EEG-ImageNet and BrainLat respectively. This illustrates the effectiveness of the proposed framework across diverse EEG datasets containing two different perception tasks: stimulus and resting-state EEG signals. We also perform zero-shot EEG classification on EEG-ImageNet task to demonstrate the generalization capability of the proposed approach.",,,,,
B10070,arxiv,EEG Artifact Detection and Correction with Deep Autoencoders,David Aquilué-Llorens; Aureli Soria-Frisch,2025,arXiv (preprint),,2502.08686,preprint,"EEG signals convey important information about brain activity both in healthy and pathological conditions. However, they are inherently noisy, which poses significant challenges for accurate analysis and interpretation. Traditional EEG artifact removal methods, while effective, often require extensive expert intervention. This study presents LSTEEG, a novel LSTM-based autoencoder designed for the detection and correction of artifacts in EEG signals. Leveraging deep learning, particularly LSTM layers, LSTEEG captures non-linear dependencies in sequential EEG data. LSTEEG demonstrates superior performance in both artifact detection and correction tasks compared to other state-of-the-art convolutional autoencoders. Our methodology enhances the interpretability and utility of the autoencoder's latent space, enabling data-driven automated artefact removal in EEG its application in downstream tasks. This research advances the field of efficient and accurate multi-channel EEG preprocessing, and promotes the implementation and usage of automated EEG analysis pipelines for brain health applications.",,,,,
B10071,scopus,Effects of Different Preprocessing Pipelines on Motor Imagery-Based Brain-Computer Interfaces,Gao X.; Gui K.; Wu X.; Metcalfe B.; Zhang D.,2025,IEEE Journal of Biomedical and Health Informatics,10.1109/jbhi.2025.3532771,,Article,,,,,,
B10072,scopus,"Electroencephalography-Based Machine Learning for Biomarker Detection in Dyslexia and Autism Spectrum Disorder: A Comparative Review of Models, Features, and Diagnostic Utility",Eroğlu G.,2025,Diagnostics,10.3390/diagnostics15182388,,Review,,,,,,
B10073,scopus,Electrophysiological Correlates of Lucid Dreaming: Sensor and Source Level Signatures,Demirel Ç.; Gott J.; Appel K.; Lüth K.; Fischer C.; Raffaelli C.; Westner B.; Wang X.; Zavecz Z.; Steiger A.; Erlacher D.; LaBerge S.; Mota-Rolim S.; Ribeiro S.; Zeising M.; Adelhöfer N.; Dresler M.,2025,Journal of Neuroscience,10.1523/jneurosci.2237-24.2025,,Article,,,,,,
B10074,scopus,"Evaluating machine- and deep learning approaches for artifact detection in infant EEG: classifier performance, certainty, and training size effects",Kemmerich R.; Wienke A.; Frischen U.; Mathes B.,2025,Biomedical Physics and Engineering Express,10.1088/2057-1976/add740,,Article,,,,,,
B10075,scopus,Event Related Potential (ERP) markers of food-related inhibitory control are poor predictors of calorie and carbohydrate intake: A multiverse analysis,Carbine K.A.; LeCheminant J.D.; Larson M.J.,2025,International Journal of Psychophysiology,10.1016/j.ijpsycho.2025.113223,,Article,,,,,,
B10076,scopus,Evolution of Neural Architectures for EEG Motor Paradigm Processing: Current Trends and Future Directions,Nemes A.G.; Eigner G.,2025,"SISY 2025 - IEEE 23rd International Symposium on Intelligent Systems and Informatics, Proceedings",10.1109/sisy67000.2025.11205396,,Conference paper,,,,,,
B10077,scopus,Explainable AI Framework for Transparent EEG Artifact Detection and Removal,Krishna Chaitanya M.; Petchinathan G.; Udaya Kumar N.; Sharmila M.; Nagaraju R.; Thulasi Chitra N.,2025,"2025 IEEE 1st International Conference on Recent Trends in Computing and Smart Mobility, RCSM 2025",10.1109/rcsm67767.2025.11506781,,Conference paper,,,,,,
B10078,arxiv,Improving Continuous Grasp Force Decoding from EEG with Time-Frequency Regressors and Premotor-Parietal Network Integration,Parth G. Dangi; Yogesh Kumar Meena,2025,arXiv (preprint),,2508.07677,preprint,"Brain-machine interfaces (BMIs) have significantly advanced neuro-rehabilitation by enhancing motor control. However, accurately decoding continuous grasp force remains a challenge, limiting the effectiveness of BMI applications for fine motor tasks. Current models tend to prioritise algorithmic complexity rather than incorporating neurophysiological insights into force control, which is essential for developing effective neural engineering solutions. To address this, we propose EEGForceMap, an EEG-based methodology that isolates signals from the premotor-parietal region and extracts task-specific components. We construct three distinct time-frequency feature sets, which are validated by comparing them with prior studies, and use them for force prediction with linear, non-linear, and deep learning-based regressors. The performance of these regressors was evaluated on the WAY-EEG-GAL dataset that includes 12 subjects. Our results show that integrating EEGForceMap approach with regressor models yields a 61.7% improvement in subject-specific conditions (R-squared = 0.815) and a 55.7% improvement in subject-independent conditions (R-squared = 0.785) over the state-of-the-art kinematic decoder models. Furthermore, an ablation study confirms that each preprocessing step significantly enhances decoding accuracy. This work contributes to the advancement of responsive BMIs for stroke rehabilitation and assistive robotics by improving EEG-based decoding of dynamic grasp force.",,,,,
B10079,arxiv,"Insights into Schizophrenia: Leveraging Machine Learning for Early Identification via EEG, ERP, and Demographic Attributes",Sara Alkhalifa,2025,arXiv (preprint),,2503.07650,preprint,"The research presents a machine learning (ML) classifier designed to differentiate between schizophrenia patients and healthy controls by utilising features extracted from electroencephalogram (EEG) data, specifically focusing on event-related potentials (ERPs) and certain demographic variables. The dataset comprises data from 81 participants, encompassing 32 healthy controls and 49 schizophrenia patients, all sourced from an online dataset. After preprocessing the dataset, our ML model achieved an accuracy of 99.930%. This performance outperforms earlier research, including those that used deep learning methods. Additionally, an analysis was conducted to assess individual features' contribution to improving classification accuracy. This involved systematically excluding specific features from the original dataset one at a time, and another technique involved an iterative process of removing features based on their entropy scores incrementally. The impact of these removals on model performance was evaluated to identify the most informative features.",,,,,
B10080,arxiv,Investigating the Impact of Rational Dilated Wavelet Transform on Motor Imagery EEG Decoding with Deep Learning Models,Marco Siino; Giuseppe Bonomo; Rosario Sorbello; Ilenia Tinnirello,2025,arXiv (preprint),,2510.09242,preprint,"The present study investigates the impact of the Rational Discrete Wavelet Transform (RDWT), used as a plug-in preprocessing step for motor imagery electroencephalographic (EEG) decoding prior to applying deep learning classifiers. A systematic paired evaluation (with/without RDWT) is conducted on four state-of-the-art deep learning architectures: EEGNet, ShallowConvNet, MBEEG\_SENet, and EEGTCNet. This evaluation was carried out across three benchmark datasets: High Gamma, BCI-IV-2a, and BCI-IV-2b. The performance of the RDWT is reported with subject-wise averages using accuracy and Cohen's kappa, complemented by subject-level analyses to identify when RDWT is beneficial. On BCI-IV-2a, RDWT yields clear average gains for EEGTCNet (+4.44 percentage points, pp; kappa +0.059) and MBEEG\_SENet (+2.23 pp; +0.030), with smaller improvements for EEGNet (+2.08 pp; +0.027) and ShallowConvNet (+0.58 pp; +0.008). On BCI-IV-2b, the enhancements observed are modest yet consistent for EEGNet (+0.21 pp; +0.044) and EEGTCNet (+0.28 pp; +0.077). On HGD, average effects are modest to positive, with the most significant gain observed for MBEEG\_SENet (+1.65 pp; +0.022), followed by EEGNet (+0.76 pp; +0.010) and EEGTCNet (+0.54 pp; +0.008). Inspection of the subject material reveals significant enhancements in challenging recordings (e.g., non-stationary sessions), indicating that RDWT can mitigate localized noise and enhance rhythm-specific information. In conclusion, RDWT is shown to be a low-overhead, architecture-aware preprocessing technique that can yield tangible gains in accuracy and agreement for deep model families and challenging subjects.",,,,,
B10081,scopus,Lost in a large EEG multiverse? Comparing sampling approaches for representative pipeline selection,Short C.A.; Hildebrandt A.; Bosse R.; Debener S.; Özyağcılar M.; Paul K.; Wacker J.; Kristanto D.,2025,Journal of Neuroscience Methods,10.1016/j.jneumeth.2025.110564,,Article,,,,,,
B10082,scopus,Mindchrono: A Comparative Study of Deep Learning Models for Eeg-based Depression Detection,Balakrishna N.; Krishnan M.B.M.; Ganesh D.,2025,"Proceedings of the 11th International Conference on Bio Signals, Images, and Instrumentation, ICBSII 2025",10.1109/icbsii65145.2025.11013454,,Conference paper,,,,,,
B10083,scopus,No Single Best Pipeline: Multiverse Analysis of EEG Preprocessing for N-Back Working Memory Tasks,Huang H.; Moffa A.H.; Loo C.; Nikolin S.,2025,Psychophysiology,10.1111/psyp.70197,,Article,,,,,,
B10084,scopus,PhysioEx: a new Python library for explainable sleep staging through deep learning,Gagliardi G.; Luca Alfeo A.; Cimino M.G.C.A.; Valenza G.; De Vos M.,2025,Physiological Measurement,10.1088/1361-6579/adaf73,,Article,,,,,,
B10085,scopus,"Psychometric, pre-processing, and trial-type considerations in individual differences studies of EEG mid-frontal theta power and latency",Euler M.J.; Guevara J.E.; Vehar J.V.; Geiger A.R.; McKinney T.L.; Butner J.E.,2025,International Journal of Psychophysiology,10.1016/j.ijpsycho.2025.112555,,Article,,,,,,
B10086,scopus;arxiv,Recurrent and convolutional neural networks in classification of EEG signal for guided imagery and mental workload detection,Postepski F.; Wojcik G.M.; Wrobel K.; Kawiak A.; Zemla K.; Sedek G.,2025,Scientific Reports,10.1038/s41598-025-92378-x,2405.16901,Article,"The Guided Imagery technique is reported to be used by therapists all over the world in order to increase the comfort of patients suffering from a variety of disorders from mental to oncology ones and proved to be successful in numerous of ways. Possible support for the therapists can be estimation of the time at which subject goes into deep relaxation. This paper presents the results of the investigations of a cohort of 26 students exposed to Guided Imagery relaxation technique and mental task workloads conducted with the use of dense array electroencephalographic amplifier. The research reported herein aimed at verification whether it is possible to detect differences between those two states and to classify them using deep learning methods and recurrent neural networks such as EEGNet, Long Short-Term Memory-based classifier, 1D Convolutional Neural Network and hybrid model of 1D Convolutional Neural Network and Long Short-Term Memory. The data processing pipeline was presented from the data acquisition, through the initial data cleaning, preprocessing and postprocessing. The classification was based on two datasets: one of them using 26 so-called cognitive electrodes and the other one using signal collected from 256 channels. So far there have not been such comparisons in the application being discussed. The classification results are presented by the validation metrics such as: accuracy, recall, precision, F1-score and loss for each case. It turned out that it is not necessary to collect signals from all electrodes as classification of the cognitive ones gives the results similar to those obtained for the full signal and extending input to 256 channels does not add much value. In Disscussion there were proposed an optimal classifier as well as some suggestions concerning the prospective development of the project.",,,,,
B10087,scopus,"Signal Preprocessing, Decomposition and Feature Extraction Methods in EEG-Based BCIs",Mdluli B.; Khumalo P.; Maswanganyi R.C.,2025,Applied Sciences (Switzerland),10.3390/app152212075,,Review,,,,,,
B10088,scopus,Spontaneous Brain Activity Abnormalities in Patients With Temporal Lobe Epilepsy: A Meta-Analysis of 1474 Patients,Xiao S.; Yang Z.; Lin Z.; Chen L.; Liao W.; Wang J.; Gao C.; Lu J.; Song Y.; Su S.; Jiang G.,2025,Journal of Magnetic Resonance Imaging,10.1002/jmri.29568,,Article,,,,,,
B10089,scopus,"Spontaneous Deception Detection Using EEG Signals: Advances, Challenges, and Future Directions in Deep Learning Frameworks",Nagale T.; Khandare A.,2025,"2025 IEEE International Conference on Emerging Trends in Engineering and Computing, ETECOM 2025",10.1109/etecom66111.2025.11319078,,Conference paper,,,,,,
B10090,arxiv,TFOC-Net: A Short-time Fourier Transform-based Deep Learning Approach for Enhancing Cross-Subject Motor Imagery Classification,Ahmed G. Habashi; Ahmed M. Azab; Seif Eldawlatly; Gamal M. Aly,2025,arXiv (preprint),,2507.02510,preprint,"Cross-subject motor imagery (CS-MI) classification in brain-computer interfaces (BCIs) is a challenging task due to the significant variability in Electroencephalography (EEG) patterns across different individuals. This variability often results in lower classification accuracy compared to subject-specific models, presenting a major barrier to developing calibration-free BCIs suitable for real-world applications. In this paper, we introduce a novel approach that significantly enhances cross-subject MI classification performance through optimized preprocessing and deep learning techniques. Our approach involves direct classification of Short-Time Fourier Transform (STFT)-transformed EEG data, optimized STFT parameters, and a balanced batching strategy during training of a Convolutional Neural Network (CNN). This approach is uniquely validated across four different datasets, including three widely-used benchmark datasets leading to substantial improvements in cross-subject classification, achieving 67.60% on the BCI Competition IV Dataset 1 (IV-1), 65.96% on Dataset 2A (IV-2A), and 80.22% on Dataset 2B (IV-2B), outperforming state-of-the-art techniques. Additionally, we systematically investigate the classification performance using MI windows ranging from the full 4-second window to 1-second windows. These results establish a new benchmark for generalizable, calibration-free MI classification in addition to contributing a robust open-access dataset to advance research in this domain.",,,,,
B10091,scopus;arxiv,"The More, the Better? Evaluating the Role of EEG Preprocessing for Deep Learning Applications",Del Pup F.; Zanola A.; Fabrice Tshimanga L.; Bertoldo A.; Atzori M.,2025,IEEE Transactions on Neural Systems and Rehabilitation Engineering,10.1109/tnsre.2025.3547616,2411.18392,Article,"The last decade has witnessed a notable surge in deep learning applications for the analysis of electroencephalography (EEG) data, thanks to its demonstrated superiority over conventional statistical techniques. However, even deep learning models can underperform if trained with bad processed data. While preprocessing is essential to the analysis of EEG data, there is a need of research examining its precise impact on model performance. This causes uncertainty about whether and to what extent EEG data should be preprocessed in a deep learning scenario. This study aims at investigating the role of EEG preprocessing in deep learning applications, drafting guidelines for future research. It evaluates the impact of different levels of preprocessing, from raw and minimally filtered data to complex pipelines with automated artifact removal algorithms. Six classification tasks (eye blinking, motor imagery, Parkinson's and Alzheimer's disease, sleep deprivation, and first episode psychosis) and four different architectures commonly used in the EEG domain were considered for the evaluation. The analysis of 4800 different trainings revealed statistical differences between the preprocessing pipelines at the intra-task level, for each of the investigated models, and at the inter-task level, for the largest one. Raw data generally leads to underperforming models, always ranking last in averaged score. In addition, models seem to benefit more from minimal pipelines without artifact handling methods, suggesting that EEG artifacts may contribute to the performance of deep neural networks.",,,,,
B10092,arxiv,The use of Multi-domain Electroencephalogram Representations in the building of Models based on Convolutional and Recurrent Neural Networks for Epilepsy Detection,Luiz Antonio Nicolau Anghinoni; Gustavo Weber Denardin; Jadson Castro Gertrudes; Dalcimar Casanova; Jefferson Tales Oliva,2025,arXiv (preprint),,2504.17908,preprint,"Epilepsy, affecting approximately 50 million people globally, is characterized by abnormal brain activity and remains challenging to treat. The diagnosis of epilepsy relies heavily on electroencephalogram (EEG) data, where specialists manually analyze epileptiform patterns across pre-ictal, ictal, post-ictal, and interictal periods. However, the manual analysis of EEG signals is prone to variability between experts, emphasizing the need for automated solutions. Although previous studies have explored preprocessing techniques and machine learning approaches for seizure detection, there is a gap in understanding how the representation of EEG data (time, frequency, or time-frequency domains) impacts the predictive performance of deep learning models. This work addresses this gap by systematically comparing deep neural networks trained on EEG data in these three domains. Through the use of statistical tests, we identify the optimal data representation and model architecture for epileptic seizure detection. The results demonstrate that frequency-domain data achieves detection metrics exceeding 97\%, providing a robust foundation for more accurate and reliable seizure detection systems.",,,,,
B10093,scopus,TWD-DepNet: a deep network enhanced by three-way decisions for EEG-based depression detection,Shi C.; Yan S.; He W.; Wang H.,2025,Journal of King Saud University - Computer and Information Sciences,10.1007/s44443-025-00196-y,,Article,,,,,,
B10094,scopus,Wavelet Scattering on Band-Limited EEG for Imagined Speech: A Comparative Study with DWT,Paul T.; Muhuri D.,2025,"2025 IEEE International Conference on Biomedical Engineering, Computer and Information Technology for Health, BECITHCON 2025",10.1109/becithcon69222.2025.11504124,,Conference paper,,,,,,
B10095,arxiv,Advancing EEG-Based Gaze Prediction Using Depthwise Separable Convolution and Enhanced Pre-Processing,Matthew L Key; Tural Mehtiyev; Xiaodong Qu,2024,arXiv (preprint); International Conference on Human-Computer Interaction (HCII 2024),,2408.03480,preprint,"In the field of EEG-based gaze prediction, the application of deep learning to interpret complex neural data poses significant challenges. This study evaluates the effectiveness of pre-processing techniques and the effect of additional depthwise separable convolution on EEG vision transformers (ViTs) in a pretrained model architecture. We introduce a novel method, the EEG Deeper Clustered Vision Transformer (EEG-DCViT), which combines depthwise separable convolutional neural networks (CNNs) with vision transformers, enriched by a pre-processing strategy involving data clustering. The new approach demonstrates superior performance, establishing a new benchmark with a Root Mean Square Error (RMSE) of 51.6 mm. This achievement underscores the impact of pre-processing and model refinement in enhancing EEG-based applications.",,,,,
B10096,scopus,An explorative multiverse study for extracting differences in P3 latencies between young and old adults,Sadus K.; Schubert A.-L.; Löffler C.; Hagemann D.,2024,Psychophysiology,10.1111/psyp.14459,,Article,,,,,,
B10097,scopus,An unexpected confounder: how brain shape can be used to classify MRI scans?,Wargnier-Dauchelle V.; Grenier T.; Sdika M.,2024,Proceedings of Machine Learning Research,,,Conference paper,,,,,,
B10098,scopus,A systematic review of the Mozart effect in adult and paediatric cases of drug-resistant epilepsy: A sound approach to epilepsy management,Piccicacchi L.M.; Serino D.,2024,Epilepsy and Behavior,10.1016/j.yebeh.2024.109743,,Review,,,,,,
B10099,scopus,"Beyond single paradigms, pipelines, and outcomes: Embracing multiverse analyses in psychophysiology",Clayson P.E.,2024,International Journal of Psychophysiology,10.1016/j.ijpsycho.2024.112311,,Review,,,,,,
B10100,scopus,BIDSAlign: a library for automatic merging and preprocessing of multiple EEG repositories,Zanola A.; Del Pup F.; Porcaro C.; Atzori M.,2024,Journal of Neural Engineering,10.1088/1741-2552/ad6a8c,,Article,,,,,,
B10101,scopus,Characterization of anti-seizure medication reduction and discontinuation rates following epilepsy surgery,Jha R.; Chua M.M.J.; Liu D.D.; Cosgrove G.R.; Tobochnik S.; Rolston J.D.,2024,Epilepsy and Behavior,10.1016/j.yebeh.2024.109944,,Article,,,,,,
B10102,arxiv,Comparative Analysis of Deep Learning Approaches for Harmful Brain Activity Detection Using EEG,Shivraj Singh Bhatti; Aryan Yadav; Mitali Monga; Neeraj Kumar,2024,"arXiv (preprint); 2024 IEEE 8th Int. Conf. on Info. and Comm. Tech. (CICT), pp. 1-6",10.1109/cict64037.2024.10899480,2412.07878,preprint,"The classification of harmful brain activities, such as seizures and periodic discharges, play a vital role in neurocritical care, enabling timely diagnosis and intervention. Electroencephalography (EEG) provides a non-invasive method for monitoring brain activity, but the manual interpretation of EEG signals are time-consuming and rely heavily on expert judgment. This study presents a comparative analysis of deep learning architectures, including Convolutional Neural Networks (CNNs), Vision Transformers (ViTs), and EEGNet, applied to the classification of harmful brain activities using both raw EEG data and time-frequency representations generated through Continuous Wavelet Transform (CWT). We evaluate the performance of these models use multimodal data representations, including high-resolution spectrograms and waveform data, and introduce a multi-stage training strategy to improve model robustness. Our results show that training strategies, data preprocessing, and augmentation techniques are as critical to model success as architecture choice, with multi-stage TinyViT and EfficientNet demonstrating superior performance. The findings underscore the importance of robust training regimes in achieving accurate and efficient EEG classification, providing valuable insights for deploying AI models in clinical practice.",,,,,
B10103,scopus,EEG-Based Classification for Autism Spectrum Disorder and Emotional State Recognition - A Critical Evaluation,Sarvalingam P.; Vajravelu A.; Asick Ali M.; Bin Abdul Jamil M.M.; Ahammed S.R.; Selvam J.,2024,"Proceedings of the 4th International Conference on Ubiquitous Computing and Intelligent Information Systems, ICUIS 2024",10.1109/icuis64676.2024.10866715,,Conference paper,,,,,,
B10104,scopus,"EEG might be better left alone, but ERPs must be attended to: Optimizing the late positive potential preprocessing pipeline",Larsen B.A.; Versace F.,2024,International Journal of Psychophysiology,10.1016/j.ijpsycho.2024.112441,,Article,,,,,,
B10105,arxiv,EEG Right & Left Voluntary Hand Movement-based Virtual Brain-Computer Interfacing Keyboard Using Hybrid Deep Learning Approach,Biplov Paneru; Bipul Thapa; Bishwash Paneru; Sanjog Chhetri Sapkota,2024,arXiv (preprint),10.1016/j.aei.2025.103304,2409.00035,preprint,"Brain-machine interfaces (BMIs), particularly those based on electroencephalography (EEG), offer promising solutions for assisting individuals with motor disabilities. However, challenges in reliably interpreting EEG signals for specific tasks, such as simulating keystrokes, persist due to the complexity and variability of brain activity. Current EEG-based BMIs face limitations in adaptability, usability, and robustness, especially in applications like virtual keyboards, as traditional machine-learning models struggle to handle high-dimensional EEG data effectively. To address these gaps, we developed an EEG-based BMI system capable of accurately identifying voluntary keystrokes, specifically leveraging right and left voluntary hand movements. Using a publicly available EEG dataset, the signals were pre-processed with band-pass filtering, segmented into 22-electrode arrays, and refined into event-related potential (ERP) windows, resulting in a 19x200 feature array categorized into three classes: resting state (0), 'd' key press (1), and 'l' key press (2). Our approach employs a hybrid neural network architecture with BiGRU-Attention as the proposed model for interpreting EEG signals, achieving superior test accuracy of 90% and a mean accuracy of 91% in 10-fold stratified cross-validation. This performance outperforms traditional ML methods like Support Vector Machines (SVMs) and Naive Bayes, as well as advanced architectures such as Transformers, CNN-Transformer hybrids, and EEGNet. Finally, the BiGRU-Attention model is integrated into a real-time graphical user interface (GUI) to simulate and predict keystrokes from brain activity. Our work demonstrates how deep learning can advance EEG-based BMI systems by addressing the challenges of signal interpretation and classification.",,,,,
B10106,scopus,Effect of Independent Component Artifact Rejection on EEG-Based Auditory Attention Decoding,Keding O.; Wilroth J.; Skoglund M.A.; Alickovic E.,2024,European Signal Processing Conference,10.23919/eusipco63174.2024.10715429,,Conference paper,,,,,,
B10107,scopus,Finger pinching and imagination classification: A fusion of CNN architectures for IoMT-enabled BCI applications,Varone G.; Boulila W.; Driss M.; Kumari S.; Khan M.K.; Gadekallu T.R.; Hussain A.,2024,Information Fusion,10.1016/j.inffus.2023.102006,,Article,,,,,,
B10108,arxiv,From Epilepsy Seizures Classification to Detection: A Deep Learning-based Approach for Raw EEG Signals,Davy Darankoum; Manon Villalba; Clelia Allioux; Baptiste Caraballo; Carine Dumont; Eloise Gronlier; Corinne Roucard; Yann Roche; Chloe Habermacher; Sergei Grudinin; Julien Volle,2024,arXiv (preprint),10.1016/j.neuri.2026.100263,2410.03385,preprint,"Epilepsy represents the most prevalent neurological disease in the world. One-third of people suffering from mesial temporal lobe epilepsy (MTLE) exhibit drug resistance, urging the need to develop new treatments. A key part in anti-seizure medication (ASM) development is the capability of detecting and quantifying epileptic seizures occurring in electroencephalogram (EEG) signals, which is crucial for treatment efficacy evaluation. In this study, we introduced a seizure detection pipeline based on deep learning models applied to raw EEG signals. This pipeline integrates: a new pre-processing technique which segments continuous raw EEG signals without prior distinction between seizure and seizure-free activities; a post-processing algorithm developed to reassemble EEG segments and allow the identification of seizures start/end; and finally, a new evaluation procedure based on a strict seizure events comparison between predicted and real labels. Models training have been performed using a data splitting strategy which addresses the potential for data leakage. We demonstrated the fundamental differences between a seizure classification and a seizure detection task and showed the differences in performance between the two tasks. Finally, we demonstrated the generalization capabilities across species of our best architecture, combining a Convolutional Neural Network and a Transformer encoder. The model was trained on animal EEGs and tested on human EEGs with a F1-score of 93% on a balanced Bonn dataset.",,,,,
B10109,arxiv,Functional Classification of Spiking Signal Data Using Artificial Intelligence Techniques: A Review,Danial Sharifrazi; Nouman Javed; Javad Hassannataj Joloudari; Roohallah Alizadehsani; Prasad N. Paradkar; Ru-San Tan; U. Rajendra Acharya; Asim Bhatti,2024,arXiv (preprint),,2409.17516,preprint,"Human brain neuron activities are incredibly significant nowadays. Neuronal behavior is assessed by analyzing signal data such as electroencephalography (EEG), which can offer scientists valuable information about diseases and human-computer interaction. One of the difficulties researchers confront while evaluating these signals is the existence of large volumes of spike data. Spikes are some considerable parts of signal data that can happen as a consequence of vital biomarkers or physical issues such as electrode movements. Hence, distinguishing types of spikes is important. From this spot, the spike classification concept commences. Previously, researchers classified spikes manually. The manual classification was not precise enough as it involves extensive analysis. Consequently, Artificial Intelligence (AI) was introduced into neuroscience to assist clinicians in classifying spikes correctly. This review discusses the importance and use of AI in spike classification, focusing on the recognition of neural activity noises. The task is divided into three main components: preprocessing, classification, and evaluation. Existing methods are introduced and their importance is determined. The review also highlights the need for more efficient algorithms. The primary goal is to provide a perspective on spike classification for future research and provide a comprehensive understanding of the methodologies and issues involved. The review organizes materials in the spike classification field for future studies. In this work, numerous studies were extracted from different databases. The PRISMA-related research guidelines were then used to choose papers. Then, research studies based on spike classification using machine learning and deep learning approaches with effective preprocessing were selected.",,,,,
B10110,scopus,Garden of forking paths in ERP research – Effects of varying pre-processing and analysis steps in an N400 experiment,Šoškić A.; Styles S.J.; Kappenman E.S.; Ković V.,2024,Psychophysiology,10.1111/psyp.14628,,Article,,,,,,
B10111,arxiv,How Homogenizing the Channel-wise Magnitude Can Enhance EEG Classification Model?,Huyen Ngo; Khoi Do; Duong Nguyen; Viet Dung Nguyen; Lan Dang,2024,arXiv (preprint),,2407.20247,preprint,"A significant challenge in the electroencephalogram EEG lies in the fact that current data representations involve multiple electrode signals, resulting in data redundancy and dominant lead information. However extensive research conducted on EEG classification focuses on designing model architectures without tackling the underlying issues. Otherwise, there has been a notable gap in addressing data preprocessing for EEG, leading to considerable computational overhead in Deep Learning (DL) processes. In light of these issues, we propose a simple yet effective approach for EEG data pre-processing. Our method first transforms the EEG data into an encoded image by an Inverted Channel-wise Magnitude Homogenization (ICWMH) to mitigate inter-channel biases. Next, we apply the edge detection technique on the EEG-encoded image combined with skip connection to emphasize the most significant transitions in the data while preserving structural and invariant information. By doing so, we can improve the EEG learning process efficiently without using a huge DL network. Our experimental evaluations reveal that we can significantly improve (i.e., from 2% to 5%) over current baselines.",,,,,
B10112,scopus,Hybrid deep learning and metaheuristic model based stroke diagnosis system using electroencephalogram (EEG),Sawan A.; Awad M.; Qasrawi R.; Sowan M.,2024,Biomedical Signal Processing and Control,10.1016/j.bspc.2023.105454,,Article,,,,,,
B10113,scopus,I see artifacts: ICA-based EEG artifact removal does not improve deep network decoding across three BCI tasks,Kang T.; Chen Y.; Wallraven C.,2024,Journal of Neural Engineering,10.1088/1741-2552/ad788e,,Article,,,,,,
B10114,scopus,Optimising EEG Analysis for Enhanced Epilepsy Detection using DRCNN,Harshavardhan D.; Saisree K.; Ragavarshini S.; Sridevi S.,2024,"Proceeding of 2024 International Conference on Communication, Computing and Energy Efficient Technologies, I3CEET 2024",10.1109/i3ceet61722.2024.10993554,,Conference paper,,,,,,
B10115,scopus,Sensorimotor brain-computer interface performance depends on signal-to-noise ratio but not connectivity of the mu rhythm in a multiverse analysis of longitudinal data,Kapralov N.; Jamshidi Idaji M.; Stephani T.; Studenova A.; Vidaurre C.; Ros T.; Villringer A.; Nikulin V.,2024,Journal of Neural Engineering,10.1088/1741-2552/ad7a24,,Article,,,,,,
B10116,scopus,"Task-specific relationships between error-related ERPs and behavior: Flanker, Stroop, and Go/Nogo tasks",Park B.; Holbrook A.; Lutz M.C.; Baldwin S.A.; Larson M.J.; Clayson P.E.,2024,International Journal of Psychophysiology,10.1016/j.ijpsycho.2024.112409,,Article,,,,,,
B10117,scopus,The association of dispositional anxiety with the NoGo N2 under relaxation instruction vs. speed/accuracy instruction,Beauducel A.; Scheuble-Cabrera V.; Hennig J.; Hewig J.; Hildebrandt A.; Kührt C.; Lange L.; Mueller E.M.; Osinsky R.; Paul K.; Porth E.; Riesel A.; Rodrigues J.; Scheffel C.; Short C.; Stahl J.; Strobel A.; Wacker J.,2024,Biological Psychology,10.1016/j.biopsycho.2024.108850,,Article,,,,,,
B10118,arxiv,Advancing Brain-Computer Interface System Performance in Hand Trajectory Estimation with NeuroKinect,Sidharth Pancholi; Amita Giri,2023,arXiv (preprint),,2308.08654,preprint,"Brain-computer interface (BCI) technology enables direct communication between the brain and external devices, allowing individuals to control their environment using brain signals. However, existing BCI approaches face three critical challenges that hinder their practicality and effectiveness: a) time-consuming preprocessing algorithms, b) inappropriate loss function utilization, and c) less intuitive hyperparameter settings. To address these limitations, we present \textit{NeuroKinect}, an innovative deep-learning model for accurate reconstruction of hand kinematics using electroencephalography (EEG) signals. \textit{NeuroKinect} model is trained on the Grasp and Lift (GAL) tasks data with minimal preprocessing pipelines, subsequently improving the computational efficiency. A notable improvement introduced by \textit{NeuroKinect} is the utilization of a novel loss function, denoted as $\mathcal{L}_{\text{Stat}}$. This loss function addresses the discrepancy between correlation and mean square error in hand kinematics prediction. Furthermore, our study emphasizes the scientific intuition behind parameter selection to enhance accuracy. We analyze the spatial and temporal dynamics of the motor movement task by employing event-related potential and brain source localization (BSL) results. This approach provides valuable insights into the optimal parameter selection, improving the overall performance and accuracy of the \textit{NeuroKinect} model. Our model demonstrates strong correlations between predicted and actual hand movements, with mean Pearson correlation coefficients of 0.92 ($\pm$0.015), 0.93 ($\pm$0.019), and 0.83 ($\pm$0.018) for the X, Y, and Z dimensions. The precision of \textit{NeuroKinect} is evidenced by low mean squared errors (MSE) of 0.016 ($\pm$0.001), 0.015 ($\pm$0.002), and 0.017 ($\pm$0.005) for the X, Y, and Z dimensions, respectively.",,,,,
B10119,scopus,A systematic comparison of deep learning methods for EEG time series analysis,Walther D.; Viehweg J.; Haueisen J.; Mäder P.,2023,Frontiers in Neuroinformatics,10.3389/fninf.2023.1067095,,Article,,,,,,
B10120,scopus,Classifying Parkinson's Disease Using Resting State Electroencephalogram Signals and UEN-PDNet,Rizvi S.Q.A.; Wang G.; Khan A.; Hasan M.K.; Ghazal T.M.; Khan A.U.R.,2023,IEEE Access,10.1109/access.2023.3319248,,Article,,,,,,
B10121,arxiv,End-to-End Deep Transfer Learning for Calibration-free Motor Imagery Brain Computer Interfaces,Maryam Alimardani; Steven Kocken; Nikki Leeuwis,2023,arXiv (preprint),,2307.12827,preprint,"A major issue in Motor Imagery Brain-Computer Interfaces (MI-BCIs) is their poor classification accuracy and the large amount of data that is required for subject-specific calibration. This makes BCIs less accessible to general users in out-of-the-lab applications. This study employed deep transfer learning for development of calibration-free subject-independent MI-BCI classifiers. Unlike earlier works that applied signal preprocessing and feature engineering steps in transfer learning, this study adopted an end-to-end deep learning approach on raw EEG signals. Three deep learning models (MIN2Net, EEGNet and DeepConvNet) were trained and compared using an openly available dataset. The dataset contained EEG signals from 55 subjects who conducted a left- vs. right-hand motor imagery task. To evaluate the performance of each model, a leave-one-subject-out cross validation was used. The results of the models differed significantly. MIN2Net was not able to differentiate right- vs. left-hand motor imagery of new users, with a median accuracy of 51.7%. The other two models performed better, with median accuracies of 62.5% for EEGNet and 59.2% for DeepConvNet. These accuracies do not reach the required threshold of 70% needed for significant control, however, they are similar to the accuracies of these models when tested on other datasets without transfer learning.",,,,,
B10122,scopus,Ensemble deep clustering analysis for time window determination of event-related potentials,Mahini R.; Li F.; Zarei M.; Nandi A.K.; Hämäläinen T.; Cong F.,2023,Biomedical Signal Processing and Control,10.1016/j.bspc.2023.105202,,Article,,,,,,
B10123,scopus,How robust is the relationship between neural processing speed and cognitive abilities?,Schubert A.-L.; Löffler C.; Hagemann D.; Sadus K.,2023,Psychophysiology,10.1111/psyp.14165,,Article,,,,,,
B10124,scopus,Obsessions And Compulsions: A Lifespan Perspective,Rizzolo G.,2023,Journal of the American Psychoanalytic Association,10.1177/00030651231182441,,Article,,,,,,
B10125,arxiv,Phase Synchrony Component Self-Organization in Brain Computer Interface,Xu Niu; Na Lu; Huan Luo; Ruofan Yan,2023,arXiv (preprint),,2310.03748,preprint,"Phase synchrony information plays a crucial role in analyzing functional brain connectivity and identifying brain activities. A widely adopted feature extraction pipeline, composed of preprocessing, selection of EEG acquisition channels, and phase locking value (PLV) calculation, has achieved success in motor imagery classification (MI). However, this pipeline is manual and reliant on expert knowledge, limiting its convenience and adaptability to different application scenarios. Moreover, most studies have employed mediocre data-independent spatial filters to suppress noise, impeding the exploration of more significant phase synchronization phenomena. To address the issues, we propose the concept of phase synchrony component self-organization, which enables the adaptive learning of data-dependent spatial filters for automating both the preprocessing and channel selection procedures. Based on this concept, the first deep learning end-to-end network is developed, which directly extracts phase synchrony-based features from raw EEG signals and perform classification. The network learns optimal filters during training, which are obtained when the network achieves peak classification results. Extensive experiments have demonstrated that our network outperforms state-of-the-art methods. Remarkably, through the learned optimal filters, significant phase synchronization phenomena can be observed. Specifically, by calculating the PLV between a pair of signals extracted from each sample using two of the learned spatial filters, we have obtained an average PLV exceeding 0.87 across all tongue MI samples. This high PLV indicates a groundbreaking discovery in the synchrony pattern of tongue MI.",,,,,
B10126,scopus,Successful reproduction of a large EEG study across software packages,Kabbara A.; Forde N.; Maumet C.; Hassan M.,2023,Neuroimage: Reports,10.1016/j.ynirp.2023.100169,,Article,,,,,,
B10127,scopus,The EEG multiverse of schizophrenia,Gordillo D.; da Cruz J.R.; Chkonia E.; Lin W.-H.; Favrod O.; Brand A.; Figueiredo P.; Roinishvili M.; Herzog M.H.,2023,Cerebral Cortex,10.1093/cercor/bhac309,,Article,,,,,,
B10128,arxiv,Unveiling Emotions from EEG: A GRU-Based Approach,Sarthak Johari; Gowri Namratha Meedinti; Radhakrishnan Delhibabu; Deepak Joshi,2023,arXiv (preprint),,2308.02778,preprint,"One of the most important study areas in affective computing is emotion identification using EEG data. In this study, the Gated Recurrent Unit (GRU) algorithm, which is a type of Recurrent Neural Networks (RNNs), is tested to see if it can use EEG signals to predict emotional states. Our publicly accessible dataset consists of resting neutral data as well as EEG recordings from people who were exposed to stimuli evoking happy, neutral, and negative emotions. For the best feature extraction, we pre-process the EEG data using artifact removal, bandpass filters, and normalization methods. With 100% accuracy on the validation set, our model produced outstanding results by utilizing the GRU's capacity to capture temporal dependencies. When compared to other machine learning techniques, our GRU model's Extreme Gradient Boosting Classifier had the highest accuracy. Our investigation of the confusion matrix revealed insightful information about the performance of the model, enabling precise emotion classification. This study emphasizes the potential of deep learning models like GRUs for emotion recognition and advances in affective computing. Our findings open up new possibilities for interacting with computers and comprehending how emotions are expressed through brainwave activity.",,,,,
B10129,scopus,An Interpretable Deep Learning Model for Speech Activity Detection Using Electrocorticographic Signals,Stuart M.; Lesaja S.; Shih J.J.; Schultz T.; Manic M.; Krusienski D.J.,2022,IEEE Transactions on Neural Systems and Rehabilitation Engineering,10.1109/tnsre.2022.3207624,,Article,,,,,,
B10130,arxiv,An intertwined neural network model for EEG classification in brain-computer interfaces,Andrea Duggento; Mario De Lorenzo; Stefano Bargione; Allegra Conti; Vincenzo Catrambone; Gaetano Valenza; Nicola Toschi,2022,arXiv (preprint),,2208.08860,preprint,"The brain computer interface (BCI) is a nonstimulatory direct and occasionally bidirectional communication link between the brain and a computer or an external device. Classically, EEG-based BCI algorithms have relied on models such as support vector machines and linear discriminant analysis or multiclass common spatial patterns. During the last decade, however, more sophisticated machine learning architectures, such as convolutional neural networks, recurrent neural networks, long short-term memory networks and gated recurrent unit networks, have been extensively used to enhance discriminability in multiclass BCI tasks. Additionally, preprocessing and denoising of EEG signals has always been key in the successful decoding of brain activity, and the determination of an optimal and standardized EEG preprocessing activity is an active area of research. In this paper, we present a deep neural network architecture specifically engineered to a) provide state-of-the-art performance in multiclass motor imagery classification and b) remain robust to preprocessing to enable real-time processing of raw data as it streams from EEG and BCI equipment. It is based on the intertwined use of time-distributed fully connected (tdFC) and space-distributed 1D temporal convolutional layers (sdConv) and explicitly addresses the possibility that interaction of spatial and temporal features of the EEG signal occurs at all levels of complexity. Numerical experiments demonstrate that our architecture provides superior performance compared baselines based on a combination of 3D convolutions and recurrent neural networks in a six-class motor imagery network, with a subjectwise accuracy that reaches 99%. Importantly, these results remain unchanged when minimal or extensive preprocessing is applied, possibly paving the way for a more transversal and real-time use of deep learning architectures in EEG classification.",,,,,
B10131,scopus,Bring a map when exploring the ERP data processing multiverse: A commentary on Clayson et al. 2021,Feuerriegel D.; Bode S.,2022,NeuroImage,10.1016/j.neuroimage.2022.119443,,Note,,,,,,
B10132,arxiv,Efficacy of Transformer Networks for Classification of Raw EEG Data,Gourav Siddhad; Anmol Gupta; Debi Prosad Dogra; Partha Pratim Roy,2022,"arXiv (preprint); Biomedical Signal Processing and Control, Vol 87, 2023",10.1016/j.bspc.2023.105488,2202.05170,preprint,"With the unprecedented success of transformer networks in natural language processing (NLP), recently, they have been successfully adapted to areas like computer vision, generative adversarial networks (GAN), and reinforcement learning. Classifying electroencephalogram (EEG) data has been challenging and researchers have been overly dependent on pre-processing and hand-crafted feature extraction. Despite having achieved automated feature extraction in several other domains, deep learning has not yet been accomplished for EEG. In this paper, the efficacy of the transformer network for the classification of raw EEG data (cleaned and pre-processed) is explored. The performance of transformer networks was evaluated on a local (age and gender data) and a public dataset (STEW). First, a classifier using a transformer network is built to classify the age and gender of a person with raw resting-state EEG data. Second, the classifier is tuned for mental workload classification with open access raw multi-tasking mental workload EEG data (STEW). The network achieves an accuracy comparable to state-of-the-art accuracy on both the local (Age and Gender dataset; 94.53% (gender) and 87.79% (age)) and the public (STEW dataset; 95.28% (two workload levels) and 88.72% (three workload levels)) dataset. The accuracy values have been achieved using raw EEG data without feature extraction. Results indicate that the transformer-based deep learning models can successfully abate the need for heavy feature-extraction of EEG data for successful classification.",,,,,
B10133,scopus,Interpretable EEG seizure prediction using a multiobjective evolutionary algorithm,Pinto M.; Coelho T.; Leal A.; Lopes F.; Dourado A.; Martins P.; Teixeira C.,2022,Scientific Reports,10.1038/s41598-022-08322-w,,Article,,,,,,
B10134,arxiv,Unified Framework for Identity and Imagined Action Recognition from EEG patterns,Marco Buzzelli; Simone Bianco; Paolo Napoletano,2022,arXiv (preprint),10.1109/thms.2023.3267898,2205.04357,preprint,"We present a unified deep learning framework for the recognition of user identity and the recognition of imagined actions, based on electroencephalography (EEG) signals, for application as a brain-computer interface. Our solution exploits a novel shifted subsampling preprocessing step as a form of data augmentation, and a matrix representation to encode the inherent local spatial relationships of multi-electrode EEG signals. The resulting image-like data is then fed to a convolutional neural network to process the local spatial dependencies, and eventually analyzed through a bidirectional long-short term memory module to focus on temporal relationships. Our solution is compared against several methods in the state of the art, showing comparable or superior performance on different tasks. Specifically, we achieve accuracy levels above 90% both for action and user classification tasks. In terms of user identification, we reach 0.39% equal error rate in the case of known users and gestures, and 6.16% in the more challenging case of unknown users and gestures. Preliminary experiments are also conducted in order to direct future works towards everyday applications relying on a reduced set of EEG electrodes.",,,,,
B10135,scopus,"9th EAI International Conference on Wireless Mobile Communication and Healthcare, MobiHealth 2020",,2021,"Lecture Notes of the Institute for Computer Sciences, Social-Informatics and Telecommunications Engineering, LNICST",,,Conference review,,,,,,
B10136,scopus,Making ERP research more transparent: Guidelines for preregistration,Paul M.; Govaart G.H.; Schettino A.,2021,International Journal of Psychophysiology,10.1016/j.ijpsycho.2021.02.016,,Article,,,,,,
B10137,scopus,No relationship between frontal alpha asymmetry and depressive disorders in a multiverse analysis of five studies,Kołodziej A.; Magnuski M.; Ruban A.; Brzezicka A.,2021,eLife,10.7554/elife.60595,,Article,,,,,,
B10138,scopus,The data-processing multiverse of event-related potentials (ERPs): A roadmap for the optimization and standardization of ERP processing and reduction pipelines,Clayson P.E.; Baldwin S.A.; Rocha H.A.; Larson M.J.,2021,NeuroImage,10.1016/j.neuroimage.2021.118712,,Article,,,,,,
B10139,arxiv,A Review of Deep Learning Approaches to EEG-Based Classification of Cybersickness in Virtual Reality,Caglar Yildirim,2020,arXiv (preprint),,2012.00855,preprint,"Cybersickness is an unpleasant side effect of exposure to a virtual reality (VR) experience and refers to such physiological repercussions as nausea and dizziness triggered in response to VR exposure. Given the debilitating effect of cybersickness on the user experience in VR, academic interest in the automatic detection of cybersickness from physiological measurements has crested in recent years. Electroencephalography (EEG) has been extensively used to capture changes in electrical activity in the brain and to automatically classify cybersickness from brainwaves using a variety of machine learning algorithms. Recent advances in deep learning (DL) algorithms and increasing availability of computational resources for DL have paved the way for a new area of research into the application of DL frameworks to EEG-based detection of cybersickness. Accordingly, this review involved a systematic review of the peer-reviewed papers concerned with the application of DL frameworks to the classification of cybersickness from EEG signals. The relevant literature was identified through exhaustive database searches, and the papers were scrutinized with respect to experimental protocols for data collection, data preprocessing, and DL architectures. The review revealed a limited number of studies in this nascent area of research and showed that the DL frameworks reported in these studies (i.e., DNN, CNN, and RNN) could classify cybersickness with an average accuracy rate of 93%. This review provides a summary of the trends and issues in the application of DL frameworks to the EEG-based detection of cybersickness, with some guidelines for future research.",,,,,
B10140,arxiv,GuessTheMusic: Song Identification from Electroencephalography response,Dhananjay Sonawane; Krishna Prasad Miyapuram; Bharatesh RS; Derek J. Lomas,2020,arXiv (preprint),,2009.08793,preprint,"The music signal comprises of different features like rhythm, timbre, melody, harmony. Its impact on the human brain has been an exciting research topic for the past several decades. Electroencephalography (EEG) signal enables non-invasive measurement of brain activity. Leveraging the recent advancements in deep learning, we proposed a novel approach for song identification using a Convolution Neural network given the electroencephalography (EEG) responses. We recorded the EEG signals from a group of 20 participants while listening to a set of 12 song clips, each of approximately 2 minutes, that were presented in random order. The repeating nature of Music is captured by a data slicing approach considering brain signals of 1 second duration as representative of each song clip. More specifically, we predict the song corresponding to one second of EEG data when given as input rather than a complete two-minute response. We have also discussed pre-processing steps to handle large dimensions of a dataset and various CNN architectures. For all the experiments, we have considered each participant's EEG response for each song in both train and test data. We have obtained 84.96\% accuracy for the same. The performance observed gives appropriate implication towards the notion that listening to a song creates specific patterns in the brain, and these patterns vary from person to person.",,,,,
B10141,scopus,Motor Imagery Classification for Brain Computer Interface Using Deep Metric Learning,Alwasiti H.; Yusoff M.Z.; Raza K.,2020,IEEE Access,10.1109/access.2020.3002459,,Article,,,,,,
B10142,scopus,Single volume image generator and deep learning-based ASD classification,Ahmed M.R.; Zhang Y.; Liu Y.; Liao H.,2020,IEEE Journal of Biomedical and Health Informatics,10.1109/jbhi.2020.2998603,,Article,,,,,,
B10143,scopus,Decoding of finger activation from ECoG data: A comparative study,Jubien G.; Schaeffer M.-C.; Bonnet S.; Aksenova T.,2019,Proceedings of the International Joint Conference on Neural Networks,10.1109/ijcnn.2019.8852214,,Conference paper,,,,,,
B10144,arxiv,Deep learning-based electroencephalography analysis: a systematic review,Yannick Roy; Hubert Banville; Isabela Albuquerque; Alexandre Gramfort; Tiago H. Falk; Jocelyn Faubert,2019,arXiv (preprint),,1901.05498,preprint,"Electroencephalography (EEG) is a complex signal and can require several years of training to be correctly interpreted. Recently, deep learning (DL) has shown great promise in helping make sense of EEG signals due to its capacity to learn good feature representations from raw data. Whether DL truly presents advantages as compared to more traditional EEG processing approaches, however, remains an open question. In this work, we review 156 papers that apply DL to EEG, published between January 2010 and July 2018, and spanning different application domains such as epilepsy, sleep, brain-computer interfacing, and cognitive and affective monitoring. We extract trends and highlight interesting approaches in order to inform future research and formulate recommendations. Various data items were extracted for each study pertaining to 1) the data, 2) the preprocessing methodology, 3) the DL design choices, 4) the results, and 5) the reproducibility of the experiments. Our analysis reveals that the amount of EEG data used across studies varies from less than ten minutes to thousands of hours. As for the model, 40% of the studies used convolutional neural networks (CNNs), while 14% used recurrent neural networks (RNNs), most often with a total of 3 to 10 layers. Moreover, almost one-half of the studies trained their models on raw or preprocessed EEG time series. Finally, the median gain in accuracy of DL approaches over traditional baselines was 5.4% across all relevant studies. More importantly, however, we noticed studies often suffer from poor reproducibility: a majority of papers would be hard or impossible to reproduce given the unavailability of their data and code. To help the field progress, we provide a list of recommendations for future studies and we make our summary table of DL and EEG papers available and invite the community to contribute.",,,,,
B10145,arxiv,Neural Memory Networks for Seizure Type Classification,David Ahmedt-Aristizabal; Tharindu Fernando; Simon Denman; Lars Petersson; Matthew J. Aburn; Clinton Fookes,2019,arXiv (preprint),10.1109/embc44109.2020.9175641,1912.04968,preprint,"Classification of seizure type is a key step in the clinical process for evaluating an individual who presents with seizures. It determines the course of clinical diagnosis and treatment, and its impact stretches beyond the clinical domain to epilepsy research and the development of novel therapies. Automated identification of seizure type may facilitate understanding of the disease, and seizure detection and prediction has been the focus of recent research that has sought to exploit the benefits of machine learning and deep learning architectures. Nevertheless, there is not yet a definitive solution for automating the classification of seizure type, a task that must currently be performed by an expert epileptologist. Inspired by recent advances in neural memory networks (NMNs), we introduce a novel approach for the classification of seizure type using electrophysiological data. We first explore the performance of traditional deep learning techniques which use convolutional and recurrent neural networks, and enhance these architectures by using external memory modules with trainable neural plasticity. We show that our model achieves a state-of-the-art weighted F1 score of 0.945 for seizure type classification on the TUH EEG Seizure Corpus with the IBM TUSZ preprocessed data. This work highlights the potential of neural memory networks to support the field of epilepsy research, along with biomedical research and signal analysis more broadly.",,,,,
B10146,arxiv,Deep Classification of Epileptic Signals,David Ahmedt-Aristizabal; Clinton Fookes; Kien Nguyen; Sridha Sridharan,2018,arXiv (preprint); In Proceedings of the IEEE International Conference of Engineering in Medicine and Biology Society. 2018,,1801.03610,preprint,"Electrophysiological observation plays a major role in epilepsy evaluation. However, human interpretation of brain signals is subjective and prone to misdiagnosis. Automating this process, especially seizure detection relying on scalp-based Electroencephalography (EEG) and intracranial EEG, has been the focus of research over recent decades. Nevertheless, its numerous challenges have inhibited a definitive solution. Inspired by recent advances in deep learning, we propose a new classification approach for EEG time series based on Recurrent Neural Networks (RNNs) via the use of Long-Short Term Memory (LSTM) networks. The proposed deep network effectively learns and models discriminative temporal patterns from EEG sequential data. Especially, the features are automatically discovered from the raw EEG data without any pre-processing step, eliminating humans from laborious feature design task. We also show that, in the epilepsy scenario, simple architectures can achieve competitive performance. Using simple architectures significantly benefits in the practical scenario considering their low computation complexity and reduced requirement for large training datasets. Using a public dataset, a multi-fold cross-validation scheme exhibited an average validation accuracy of 95.54\% and an average AUC of 0.9582 of the ROC curve among all sets defined in the experiment. This work reinforces the benefits of deep learning to be further attended in clinical applications and neuroscientific research.",,,,,
B10147,scopus,Meta-analysis of ERP investigations of pain empathy underlines methodological issues in ERP research,Coll M.-P.,2018,Social cognitive and affective neuroscience,10.1093/scan/nsy072,,Article,,,,,,
B10148,arxiv,On the Classification of SSVEP-Based Dry-EEG Signals via Convolutional Neural Networks,Nik Khadijah Nik Aznan; Stephen Bonner; Jason D. Connolly; Noura Al Moubayed; Toby P. Breckon,2018,arXiv (preprint),10.1109/smc.2018.00631,1805.04157,preprint,"In this paper, we propose a novel Convolutional Neural Network (CNN) approach for the classification of raw dry-EEG signals without any data pre-processing. To illustrate the effectiveness of our approach, we utilise the Steady State Visual Evoked Potential (SSVEP) paradigm as our use case. SSVEP can be utilised to allow people with severe physical disabilities such as Complete Locked-In Syndrome or Amyotrophic Lateral Sclerosis to be aided via BCI applications, as it requires only the subject to fixate upon the sensory stimuli of interest. Here we utilise SSVEP flicker frequencies between 10 to 30 Hz, which we record as subject cortical waveforms via the dry-EEG headset. Our proposed end-to-end CNN allows us to automatically and accurately classify SSVEP stimulation directly from the dry-EEG waveforms. Our CNN architecture utilises a common SSVEP Convolutional Unit (SCU), comprising of a 1D convolutional layer, batch normalization and max pooling. Furthermore, we compare several deep learning neural network variants with our primary CNN architecture, in addition to traditional machine learning classification approaches. Experimental evaluation shows our CNN architecture to be significantly better than competing approaches, achieving a classification accuracy of 96% whilst demonstrating superior cross-subject performance and even being able to generalise well to unseen subjects whose data is entirely absent from the training process.",,,,,
B10149,scopus,Decoding dynamic brain patterns from evoked responses: A tutorial on multivariate pattern analysis applied to time series neuroimaging data,Grootswagers T.; Wardle S.G.; Carlson T.A.,2017,Journal of Cognitive Neuroscience,10.1162/jocn_a_01068,,Article,,,,,,
B10150,scopus,"Proceedings - 2017 IEEE International Conference on Autonomic Computing, ICAC 2017",,2017,"Proceedings - 2017 IEEE International Conference on Autonomic Computing, ICAC 2017",,,Conference review,,,,,,
B10151,scopus,Interactions between pre-processing and classification methods for event-related-potential classification: Best-practice guidelines for brain-computer interfacing,Farquhar J.; Hill N.J.,2013,Neuroinformatics,10.1007/s12021-012-9171-0,,Article,,,,,,
B10152,scopus,Quantum-holographic informational consciousness,Di Biase F.,2009,NeuroQuantology,,,Review,,,,,,
B10153,scopus,ERP market's going to do what?,Dwyer John,1999,Manufacturing Computer Solutions,,,Article,,,,,,
