pipeline,method,record,subject,power_kept,seconds,n_removed,removed
P6a,infomax,chb01_01.edf,chb01,0.422168372568107,33.1,1.0,0
P6a,infomax,chb01_02.edf,chb01,0.5397576397830453,34.6,2.0,0;1
P6a,infomax,chb01_03.edf,chb01,0.8253315849783849,30.5,2.0,2;5
P6a,infomax,chb01_04.edf,chb01,0.8371402315301169,30.6,1.0,0
P6a,infomax,chb01_05.edf,chb01,0.4209581987549185,56.3,1.0,0
P6a,infomax,chb01_06.edf,chb01,0.3364826097393827,34.9,1.0,0
P6a,infomax,chb01_07.edf,chb01,0.44259480898795,32.2,1.0,0
P6a,infomax,chb01_08.edf,chb01,0.5206252622921933,34.2,1.0,0
P6a,infomax,chb01_09.edf,chb01,0.422338076168701,33.7,2.0,0;2
P6a,infomax,chb01_10.edf,chb01,0.4463733415396601,30.9,2.0,0;2
P6a,infomax,chb01_11.edf,chb01,0.3276730062005759,31.8,2.0,0;1
P6a,infomax,chb01_12.edf,chb01,0.3754708809537417,35.7,2.0,0;2
P6a,infomax,chb01_13.edf,chb01,0.3840813986705569,31.4,3.0,0;3;5
P6a,infomax,chb01_14.edf,chb01,0.7894751032897073,29.7,1.0,0
P6a,infomax,chb01_15.edf,chb01,0.8841113572071236,30.0,1.0,1
P6a,infomax,chb01_16.edf,chb01,0.7576055427029149,30.2,2.0,1;2
P6a,infomax,chb01_17.edf,chb01,0.8743393005387359,29.4,1.0,0
P6a,infomax,chb01_18.edf,chb01,0.858432395040663,35.1,1.0,0
P6a,infomax,chb01_19.edf,chb01,0.7621455243274263,46.6,2.0,0;3
P6a,infomax,chb01_20.edf,chb01,0.8970772507803529,24.4,1.0,1
P6a,infomax,chb01_21.edf,chb01,0.6839408920209101,33.1,1.0,0
P6a,infomax,chb01_22.edf,chb01,0.2780181897362862,31.7,3.0,0;1;6
P6a,infomax,chb01_23.edf,chb01,0.4277169646532963,30.6,3.0,0;1;10
P6a,infomax,chb01_24.edf,chb01,0.3765000134723464,34.0,3.0,0;2;10
P6a,infomax,chb01_25.edf,chb01,0.5320754461912218,32.5,3.0,0;2;12
P6a,infomax,chb01_26.edf,chb01,0.8267799190049575,21.9,1.0,0
P6a,infomax,chb01_29.edf,chb01,0.813595319482379,34.9,1.0,0
P6a,infomax,chb01_30.edf,chb01,0.5015575806189331,33.4,2.0,0;2
P6a,infomax,chb01_31.edf,chb01,0.6626492372433074,30.3,2.0,0;4
P6a,infomax,chb01_32.edf,chb01,0.6769348834584537,31.8,2.0,0;4
P6a,infomax,chb01_33.edf,chb01,0.5416356132002057,30.0,2.0,0;3
P6a,infomax,chb01_34.edf,chb01,0.7747345072766278,42.3,2.0,1;10
P6a,infomax,chb01_36.edf,chb01,0.8301459515012525,29.4,1.0,1
P6a,infomax,chb01_37.edf,chb01,0.83121118646294,32.4,1.0,0
P6a,infomax,chb01_38.edf,chb01,1.0,29.6,0.0,
P6a,infomax,chb01_39.edf,chb01,0.7695983887288691,43.7,2.0,1;2
P6a,infomax,chb01_40.edf,chb01,0.9329701988891128,32.5,1.0,4
P6a,infomax,chb01_41.edf,chb01,0.887307109182784,31.2,1.0,0
P6a,infomax,chb01_42.edf,chb01,0.6771313169828449,33.8,3.0,0;2;13
P6a,infomax,chb01_43.edf,chb01,0.8836970576285127,32.1,1.0,1
P6a,infomax,chb01_46.edf,chb01,0.5186774085219833,32.6,2.0,0;2
P6a,infomax,chb02_03.edf,chb02,0.8127550615456842,29.3,1.0,0
P6a,infomax,chb02_04.edf,chb02,0.846874365204115,30.4,1.0,1
P6a,infomax,chb02_06.edf,chb02,0.7062392319866359,30.2,2.0,0;5
P6a,infomax,chb02_07.edf,chb02,0.675304981618898,30.4,3.0,0;5;13
P6a,infomax,chb02_08.edf,chb02,0.6934872871845482,29.7,3.0,1;2;13
P6a,infomax,chb02_09.edf,chb02,0.8373039442509244,29.7,1.0,0
P6a,infomax,chb02_10.edf,chb02,0.865786924484045,30.8,1.0,1
P6a,infomax,chb02_11.edf,chb02,0.883805243672254,32.0,1.0,1
P6a,infomax,chb02_12.edf,chb02,0.9211827242455062,32.4,1.0,4
P6a,infomax,chb02_13.edf,chb02,0.9211467935074146,31.2,1.0,4
P6a,infomax,chb02_14.edf,chb02,0.8023336817916941,34.2,2.0,1;11
P6a,infomax,chb02_15.edf,chb02,0.7851540844521229,30.6,3.0,1;5;7
P6a,infomax,chb02_16+.edf,chb02,0.9486938152906818,49.2,1.0,5
P6a,infomax,chb02_16.edf,chb02,0.8343697413405712,10.0,2.0,2;3
P6a,infomax,chb02_17.edf,chb02,0.6992654376285246,31.2,2.0,0;3
P6a,infomax,chb02_18.edf,chb02,0.6874028146445513,35.5,2.0,0;8
P6a,infomax,chb02_19.edf,chb02,0.5303177431515864,32.6,2.0,0;1
P6a,infomax,chb02_21.edf,chb02,0.853729857821633,34.1,3.0,2;8;15
P6a,infomax,chb02_22.edf,chb02,0.8937508829436528,33.6,2.0,3;12
P6a,infomax,chb02_23.edf,chb02,0.5598545468542127,34.1,3.0,0;1;7
P6a,infomax,chb02_24.edf,chb02,0.4833040991663792,33.1,3.0,0;1;7
P6a,infomax,chb02_25.edf,chb02,0.5553878183301543,34.4,3.0,0;1;8
P6a,infomax,chb02_26.edf,chb02,0.5139656878058781,35.2,3.0,0;1;4
P6a,infomax,chb02_27.edf,chb02,0.5187431379367482,32.0,3.0,0;1;2
P6a,infomax,chb02_28.edf,chb02,1.0,31.0,0.0,
P6a,infomax,chb02_29.edf,chb02,1.0,30.1,0.0,
P6a,infomax,chb02_30.edf,chb02,1.0,37.7,0.0,
P6a,infomax,chb02_32.edf,chb02,0.9250641030080048,33.4,1.0,6
P6a,infomax,chb02_33.edf,chb02,0.9272796609783058,36.0,1.0,4
P6a,infomax,chb02_34.edf,chb02,0.8004785125219089,35.4,3.0,0;9;14
P6a,infomax,chb02_35.edf,chb02,0.691004941124969,30.5,2.0,0;1
P6a,infomax,chb03_01.edf,chb03,0.2541330104073209,31.1,2.0,0;1
P6a,infomax,chb03_02.edf,chb03,0.5318733282982523,33.8,1.0,0
P6a,infomax,chb03_03.edf,chb03,0.4499917797897634,35.8,2.0,0;2
P6a,infomax,chb03_04.edf,chb03,0.1814438198834616,34.0,2.0,0;1
P6a,infomax,chb03_05.edf,chb03,0.4044794884669819,34.7,2.0,0;1
P6a,infomax,chb03_06.edf,chb03,0.7848319622495039,32.1,1.0,0
P6a,infomax,chb03_07.edf,chb03,1.0,39.4,0.0,
P6a,infomax,chb03_08.edf,chb03,0.5695990965201603,31.7,2.0,0;1
P6a,infomax,chb03_09.edf,chb03,0.8212565723534421,32.1,1.0,1
P6a,infomax,chb03_10.edf,chb03,0.3365695784783738,35.6,2.0,0;1
P6a,infomax,chb03_11.edf,chb03,0.6946630182469664,39.0,2.0,0;1
P6a,infomax,chb03_12.edf,chb03,1.0,31.4,0.0,
P6a,infomax,chb03_13.edf,chb03,0.6726106764775112,47.0,2.0,0;1
P6a,infomax,chb03_14.edf,chb03,1.0,42.3,0.0,
P6a,infomax,chb03_15.edf,chb03,1.0,49.1,0.0,
P6a,infomax,chb03_16.edf,chb03,0.3168404244040536,32.7,2.0,0;1
P6a,infomax,chb03_17.edf,chb03,0.425074462502996,35.9,1.0,0
P6a,infomax,chb03_18.edf,chb03,0.4889512682672704,35.5,1.0,0
P6a,infomax,chb03_19.edf,chb03,0.1888213526413991,34.6,3.0,0;1;6
P6a,infomax,chb03_20.edf,chb03,0.2359336591502245,34.6,4.0,0;1;8;12
P6a,infomax,chb03_21.edf,chb03,0.4475841816991422,34.6,1.0,0
P6a,infomax,chb03_22.edf,chb03,0.2423840668863391,38.3,2.0,0;1
P6a,infomax,chb03_23.edf,chb03,0.7865239176097097,41.5,2.0,0;9
P6a,infomax,chb03_24.edf,chb03,0.1211465873469039,37.3,2.0,0;1
P6a,infomax,chb03_25.edf,chb03,0.4309390549296822,44.5,1.0,0
P6a,infomax,chb03_26.edf,chb03,0.2080028367779163,34.6,2.0,0;1
P6a,infomax,chb03_27.edf,chb03,0.5946825090112289,34.0,1.0,0
P6a,infomax,chb03_28.edf,chb03,0.7555810321605163,34.2,1.0,0
P6a,infomax,chb03_29.edf,chb03,0.4854948859075745,35.2,1.0,0
P6a,infomax,chb03_30.edf,chb03,0.6608470431512206,37.1,2.0,0;5
P6a,infomax,chb03_31.edf,chb03,0.7748937074432766,34.9,1.0,0
P6a,infomax,chb03_32.edf,chb03,0.62147175691892,32.8,2.0,0;4
P6a,infomax,chb03_33.edf,chb03,0.7105764678047995,36.1,2.0,0;5
P6a,infomax,chb03_34.edf,chb03,0.8787214290807445,35.5,1.0,2
P6a,infomax,chb03_35.edf,chb03,0.8610096144055029,32.1,1.0,2
P6a,infomax,chb03_36.edf,chb03,0.8854940146712427,31.7,1.0,2
P6a,infomax,chb03_37.edf,chb03,0.3026955524775906,36.6,3.0,0;1;3
P6a,infomax,chb03_38.edf,chb03,0.5763539684379121,34.6,1.0,0
P6a,infomax,chb04_01.edf,chb04,0.5193079904501751,113.9,2.0,0;2
P6a,infomax,chb04_02.edf,chb04,0.7453746200466199,125.3,1.0,0
P6a,infomax,chb04_03.edf,chb04,0.9305950621953174,116.9,1.0,4
P6a,infomax,chb04_04.edf,chb04,0.6285261332972387,120.4,2.0,0;6
P6a,infomax,chb04_05.edf,chb04,1.0,81.5,0.0,
P6a,infomax,chb04_06.edf,chb04,0.5981371956255103,127.3,2.0,0;5
P6a,infomax,chb04_07.edf,chb04,0.6125222728199007,67.8,1.0,0
P6a,infomax,chb04_08.edf,chb04,0.6389334092022176,117.1,2.0,0;8
P6a,infomax,chb04_09.edf,chb04,0.5853697760271964,117.2,4.0,1;2;4;6
P6a,infomax,chb04_10.edf,chb04,0.90106024281556,119.1,1.0,2
P6a,infomax,chb04_11.edf,chb04,0.6564662923338549,44.2,3.0,1;2;4
P6a,infomax,chb04_12.edf,chb04,0.6790621239055721,125.4,2.0,0;5
P6a,infomax,chb04_13.edf,chb04,0.429613041713817,117.9,3.0,0;1;11
P6a,infomax,chb04_14.edf,chb04,1.0,121.7,0.0,
P6a,infomax,chb04_15.edf,chb04,0.5704136797019477,118.6,3.0,1;2;4
P6a,infomax,chb04_16.edf,chb04,0.141080327594263,119.1,3.0,0;1;3
P6a,infomax,chb04_17.edf,chb04,0.1255623815431225,110.8,3.0,0;1;4
P6a,infomax,chb04_18.edf,chb04,1.0,114.4,0.0,
P6a,infomax,chb04_21.edf,chb04,0.6173477218317833,108.8,1.0,0
P6a,infomax,chb04_22.edf,chb04,0.5896596493138032,121.2,2.0,0;4
P6a,infomax,chb04_24.edf,chb04,0.6347831711274907,133.9,1.0,0
P6a,infomax,chb04_25.edf,chb04,0.674014112826609,102.5,1.0,0
P6a,infomax,chb04_26.edf,chb04,0.711240833576488,105.0,2.0,1;2
P6a,infomax,chb04_27.edf,chb04,0.7200815683554327,109.9,1.0,0
P6a,infomax,chb04_28.edf,chb04,0.8273067613860832,109.8,2.0,1;2
P6a,infomax,chb04_29.edf,chb04,1.0,113.3,0.0,
P6a,infomax,chb04_30.edf,chb04,0.4994632637590016,114.7,3.0,0;1;14
P6a,infomax,chb04_31.edf,chb04,0.5437494409149632,112.9,3.0,0;3;13
P6a,infomax,chb04_32.edf,chb04,0.6428106136225151,108.2,3.0,0;6;14
P6a,infomax,chb04_33.edf,chb04,0.4802144369351296,113.8,4.0,0;3;4;7
P6a,infomax,chb04_34.edf,chb04,0.1238013142335884,109.4,4.0,0;1;2;3
P6a,infomax,chb04_35.edf,chb04,0.6272970366416772,104.7,4.0,1;3;5;9
P6a,infomax,chb04_36.edf,chb04,0.977018986084374,103.2,1.0,2
P6a,infomax,chb04_37.edf,chb04,0.79962635870014,58.4,2.0,1;3
P6a,infomax,chb04_38.edf,chb04,0.1868082124931233,98.2,3.0,0;1;4
P6a,infomax,chb04_39.edf,chb04,0.7096184967744077,99.3,1.0,0
P6a,infomax,chb04_40.edf,chb04,0.5590926276606815,97.3,3.0,0;2;3
P6a,infomax,chb04_41.edf,chb04,0.928008671219611,89.1,1.0,5
P6a,infomax,chb04_42.edf,chb04,0.8177299455933497,45.8,2.0,1;3
P6a,infomax,chb04_43.edf,chb04,0.6990344196046024,69.5,1.0,0
P6a,infomax,chb05_01.edf,chb05,0.8215489081370193,25.9,1.0,0
P6a,infomax,chb05_02.edf,chb05,0.8424339124118172,26.8,1.0,0
P6a,infomax,chb05_03.edf,chb05,0.861285659053872,26.5,1.0,0
P6a,infomax,chb05_04.edf,chb05,0.9005783520424232,27.6,1.0,2
P6a,infomax,chb05_05.edf,chb05,0.8851138636128667,26.7,1.0,0
P6a,infomax,chb05_06.edf,chb05,1.0,27.7,0.0,
P6a,infomax,chb05_07.edf,chb05,0.8780779527868134,23.1,1.0,1
P6a,infomax,chb05_08.edf,chb05,0.8810694257678211,23.5,1.0,1
P6a,infomax,chb05_09.edf,chb05,1.0,24.2,0.0,
P6a,infomax,chb05_10.edf,chb05,0.9107128588859288,23.9,1.0,3
P6a,infomax,chb05_11.edf,chb05,0.8890946813672136,25.4,1.0,1
P6a,infomax,chb05_12.edf,chb05,1.0,23.3,0.0,
P6a,infomax,chb05_13.edf,chb05,0.85652780552533,24.5,2.0,2;14
P6a,infomax,chb05_14.edf,chb05,0.774652624463851,24.9,1.0,0
P6a,infomax,chb05_15.edf,chb05,1.0,23.6,0.0,
P6a,infomax,chb05_16.edf,chb05,1.0,24.9,0.0,
P6a,infomax,chb05_17.edf,chb05,0.8860424796524089,25.1,1.0,0
P6a,infomax,chb05_18.edf,chb05,1.0,24.0,0.0,
P6a,infomax,chb05_19.edf,chb05,1.0,23.7,0.0,
P6a,infomax,chb05_20.edf,chb05,1.0,22.2,0.0,
P6a,infomax,chb05_21.edf,chb05,0.8428961367122786,24.2,1.0,0
P6a,infomax,chb05_22.edf,chb05,1.0,25.1,0.0,
P6a,infomax,chb05_23.edf,chb05,0.887817910023377,24.2,1.0,1
P6a,infomax,chb05_24.edf,chb05,1.0,24.9,0.0,
P6a,infomax,chb05_25.edf,chb05,0.907806442810348,23.4,1.0,2
P6a,infomax,chb05_26.edf,chb05,0.85619504106169,23.6,1.0,1
P6a,infomax,chb05_27.edf,chb05,1.0,24.8,0.0,
P6a,infomax,chb05_28.edf,chb05,1.0,23.0,0.0,
P6a,infomax,chb05_29.edf,chb05,0.8742018862330209,24.3,1.0,1
P6a,infomax,chb05_30.edf,chb05,0.7894592144869608,24.7,2.0,1;3
P6a,infomax,chb05_31.edf,chb05,0.9054961664387694,23.8,1.0,2
P6a,infomax,chb05_32.edf,chb05,1.0,24.5,0.0,
P6a,infomax,chb05_33.edf,chb05,0.9140356397152702,24.4,1.0,3
P6a,infomax,chb05_34.edf,chb05,1.0,25.6,0.0,
P6a,infomax,chb05_35.edf,chb05,0.8473737511200294,25.0,2.0,2;3
P6a,infomax,chb05_36.edf,chb05,0.8935867429511329,24.6,1.0,2
P6a,infomax,chb05_37.edf,chb05,0.9180708255454476,19.1,1.0,4
P6a,infomax,chb05_38.edf,chb05,0.9205855022615717,19.3,1.0,2
P6a,infomax,chb05_39.edf,chb05,0.8765552584436823,18.2,1.0,2
P6a,infomax,chb06_01.edf,chb06,0.960706594279698,95.8,1.0,9
P6a,infomax,chb06_02.edf,chb06,1.0,107.9,0.0,
P6a,infomax,chb06_03.edf,chb06,0.9841576004907584,93.7,1.0,15
P6a,infomax,chb06_04.edf,chb06,0.5816863190596209,83.8,1.0,0
P6a,infomax,chb06_05.edf,chb06,0.6738275060633371,95.2,1.0,0
P6a,infomax,chb06_06.edf,chb06,0.9624941532898466,95.1,1.0,8
P6a,infomax,chb06_07.edf,chb06,0.959842956017843,105.4,1.0,8
P6a,infomax,chb06_08.edf,chb06,1.0,115.0,0.0,
P6a,infomax,chb06_09.edf,chb06,1.0,109.6,0.0,
P6a,infomax,chb06_10.edf,chb06,1.0,110.9,0.0,
P6a,infomax,chb06_12.edf,chb06,0.954695504362745,109.7,1.0,7
P6a,infomax,chb06_13.edf,chb06,0.9533145787792724,112.4,1.0,7
P6a,infomax,chb06_14.edf,chb06,0.9544017269508964,103.6,1.0,7
P6a,infomax,chb06_15.edf,chb06,0.9845107800502284,103.5,1.0,12
P6a,infomax,chb06_16.edf,chb06,0.9799383576943752,26.0,1.0,14
P6a,infomax,chb06_17.edf,chb06,0.9498419942177636,101.3,1.0,6
P6a,infomax,chb06_18.edf,chb06,1.0,57.4,0.0,
P6a,infomax,chb06_24.edf,chb06,0.6577201402832017,102.0,3.0,0;5;12
P6a,infomax,chb07_01.edf,chb07,0.273875335760002,116.4,2.0,0;1
P6a,infomax,chb07_02.edf,chb07,0.5942959707304589,131.9,2.0,0;3
P6a,infomax,chb07_03.edf,chb07,1.0,126.0,0.0,
P6a,infomax,chb07_04.edf,chb07,1.0,154.3,0.0,
P6a,infomax,chb07_05.edf,chb07,0.5570658441043006,134.1,1.0,0
P6a,infomax,chb07_06.edf,chb07,0.3046900525467131,55.6,3.0,0;1;2
P6a,infomax,chb07_07.edf,chb07,0.5351618843832009,41.3,2.0,0;2
P6a,infomax,chb07_08.edf,chb07,0.3006147045431972,118.8,3.0,0;1;4
P6a,infomax,chb07_09.edf,chb07,0.3232721962636001,117.2,2.0,0;1
P6a,infomax,chb07_10.edf,chb07,1.0,112.4,0.0,
P6a,infomax,chb07_11.edf,chb07,1.0,109.1,0.0,
P6a,infomax,chb07_12.edf,chb07,0.3559378617159377,115.8,2.0,0;1
P6a,infomax,chb07_13.edf,chb07,0.6704868355667466,54.7,1.0,0
P6a,infomax,chb07_14.edf,chb07,0.8861433090523744,113.1,1.0,1
P6a,infomax,chb07_15.edf,chb07,0.4543904096117446,119.9,2.0,0;2
P6a,infomax,chb07_16.edf,chb07,0.5355545763026234,115.8,2.0,0;3
P6a,infomax,chb07_17.edf,chb07,1.0,114.7,0.0,
P6a,infomax,chb07_18.edf,chb07,0.7948295064942165,102.2,2.0,1;2
P6a,infomax,chb07_19.edf,chb07,0.3714651388343806,116.0,3.0,0;2;3
P6a,infomax,chb08_02.edf,chb08,0.5503560195147708,30.1,3.0,0;2;5
P6a,infomax,chb08_03.edf,chb08,0.8699312489436315,29.7,4.0,8;13;14;15
P6a,infomax,chb08_04.edf,chb08,0.9279801104397322,30.0,2.0,6;12
P6a,infomax,chb08_05.edf,chb08,0.8268600336391067,30.4,1.0,0
P6a,infomax,chb08_10.edf,chb08,0.5665141310848222,29.9,1.0,0
P6a,infomax,chb08_11.edf,chb08,0.6513174450173689,30.4,1.0,0
P6a,infomax,chb08_12.edf,chb08,0.6449657360059302,30.5,2.0,0;7
P6a,infomax,chb08_13.edf,chb08,0.6152107441281842,29.9,2.0,0;5
P6a,infomax,chb08_14.edf,chb08,0.8692023558733306,30.1,1.0,1
P6a,infomax,chb08_15.edf,chb08,0.91830851356335,29.8,2.0,6;14
P6a,infomax,chb08_16.edf,chb08,0.9448110430767944,30.1,1.0,6
P6a,infomax,chb08_17.edf,chb08,0.9644284288532996,29.7,1.0,9
P6a,infomax,chb08_18.edf,chb08,0.9570193555750354,28.1,1.0,8
P6a,infomax,chb08_19.edf,chb08,0.9437280834503194,29.8,1.0,5
P6a,infomax,chb08_20.edf,chb08,0.7053860646251868,29.0,2.0,0;9
P6a,infomax,chb08_21.edf,chb08,0.6681096104993006,28.9,2.0,0;8
P6a,infomax,chb08_22.edf,chb08,1.0,29.9,0.0,
P6a,infomax,chb08_23.edf,chb08,0.8244016452516181,29.5,3.0,3;7;9
P6a,infomax,chb08_24.edf,chb08,0.6054595506164518,33.8,2.0,0;6
P6a,infomax,chb08_29.edf,chb08,0.6730764990293425,33.3,2.0,0;9
P6a,infomax,chb09_01.edf,chb09,0.8694259681531631,56.7,1.0,0
P6a,infomax,chb09_02.edf,chb09,0.8455831208344514,111.0,1.0,1
P6a,infomax,chb09_03.edf,chb09,0.894587942915059,113.0,1.0,1
P6a,infomax,chb09_04.edf,chb09,1.0,114.8,0.0,
P6a,infomax,chb09_05.edf,chb09,0.789116357354832,117.9,1.0,0
P6a,infomax,chb09_06.edf,chb09,0.5853744197285863,119.9,1.0,0
P6a,infomax,chb09_07.edf,chb09,0.8115688945093287,111.1,1.0,0
P6a,infomax,chb09_08.edf,chb09,0.847472634704363,121.4,1.0,0
P6a,infomax,chb09_09.edf,chb09,0.849379757801041,117.8,1.0,0
P6a,infomax,chb09_10.edf,chb09,0.9228583481786032,119.4,1.0,4
P6a,infomax,chb09_11.edf,chb09,1.0,114.3,0.0,
P6a,infomax,chb09_12.edf,chb09,0.9358137687812472,111.0,1.0,5
P6a,infomax,chb09_13.edf,chb09,0.7352350690271162,113.4,2.0,0;7
P6a,infomax,chb09_14.edf,chb09,0.6778976779899761,118.2,2.0,0;6
P6a,infomax,chb09_15.edf,chb09,0.8081412376268415,106.0,1.0,0
P6a,infomax,chb09_16.edf,chb09,0.9061182640099004,108.7,1.0,3
P6a,infomax,chb09_17.edf,chb09,1.0,9.7,0.0,
P6a,infomax,chb09_18.edf,chb09,0.666402652341447,113.9,2.0,0;3
P6a,infomax,chb09_19.edf,chb09,0.8090127747109498,43.1,1.0,0
P6a,infomax,chb10_01.edf,chb10,0.8293146691541408,69.8,1.0,0
P6a,infomax,chb10_02.edf,chb10,0.848462381158165,55.2,1.0,0
P6a,infomax,chb10_03.edf,chb10,0.7966398296229524,55.6,1.0,0
P6a,infomax,chb10_04.edf,chb10,0.7669728356708916,57.3,2.0,0;8
P6a,infomax,chb10_05.edf,chb10,0.7120121441135072,59.1,2.0,0;1
P6a,infomax,chb10_06.edf,chb10,0.842197346294644,56.6,1.0,0
P6a,infomax,chb10_07.edf,chb10,1.0,58.8,0.0,
P6a,infomax,chb10_08.edf,chb10,1.0,64.5,0.0,
P6a,infomax,chb10_12.edf,chb10,1.0,59.5,0.0,
P6a,infomax,chb10_13.edf,chb10,1.0,60.0,0.0,
P6a,infomax,chb10_14.edf,chb10,0.7050498680340768,63.0,1.0,0
P6a,infomax,chb10_15.edf,chb10,0.8828152628903366,59.4,1.0,1
P6a,infomax,chb10_16.edf,chb10,0.8139856801091594,59.5,1.0,0
P6a,infomax,chb10_17.edf,chb10,0.6900223435071665,63.5,2.0,0;2
P6a,infomax,chb10_18.edf,chb10,0.7312767048329616,56.9,2.0,0;3
P6a,infomax,chb10_19.edf,chb10,1.0,58.2,0.0,
P6a,infomax,chb10_20.edf,chb10,1.0,70.2,0.0,
P6a,infomax,chb10_21.edf,chb10,0.8950622819197386,56.0,1.0,1
P6a,infomax,chb10_22.edf,chb10,0.8293126916029365,60.0,2.0,2;3
P6a,infomax,chb10_27.edf,chb10,0.9114335523295412,58.4,1.0,4
P6a,infomax,chb10_28.edf,chb10,0.7639445217970917,58.7,2.0,0;4
P6a,infomax,chb10_30.edf,chb10,0.7017705550919596,56.6,2.0,0;6
P6a,infomax,chb10_31.edf,chb10,1.0,55.4,0.0,
P6a,infomax,chb10_38.edf,chb10,1.0,58.4,0.0,
P6a,infomax,chb10_89.edf,chb10,0.8577189043758483,83.8,2.0,2;7
P6a,infomax,chb11_01.edf,chb11,1.0,29.8,0.0,
P6a,infomax,chb11_02.edf,chb11,0.7796570721015167,30.8,1.0,0
P6a,infomax,chb11_03.edf,chb11,0.6841359773211597,29.7,1.0,0
P6a,infomax,chb11_04.edf,chb11,0.6098637443579441,31.5,2.0,0;2
P6a,infomax,chb11_05.edf,chb11,0.5060456950770787,30.6,2.0,0;1
P6a,infomax,chb11_06.edf,chb11,0.4253002255436566,30.1,2.0,0;1
P6a,infomax,chb11_07.edf,chb11,0.5734025442869951,29.1,1.0,0
P6a,infomax,chb11_08.edf,chb11,0.3843813710883451,29.1,2.0,0;2
P6a,infomax,chb11_09.edf,chb11,0.2458815545410882,30.2,2.0,0;1
P6a,infomax,chb11_10.edf,chb11,0.214604789813941,29.9,3.0,0;1;2
P6a,infomax,chb11_11.edf,chb11,0.123166658031014,31.3,4.0,0;1;2;3
P6a,infomax,chb11_12.edf,chb11,0.1552414277975411,31.9,4.0,0;1;2;3
P6a,infomax,chb11_13.edf,chb11,0.1479218088182292,34.2,4.0,0;1;2;3
P6a,infomax,chb11_14.edf,chb11,0.2414186791470933,29.2,2.0,0;2
P6a,infomax,chb11_15.edf,chb11,0.1250454743025711,28.9,4.0,0;1;2;3
P6a,infomax,chb11_16.edf,chb11,0.8107178645775125,30.0,1.0,0
P6a,infomax,chb11_17.edf,chb11,1.0,29.1,0.0,
P6a,infomax,chb11_18.edf,chb11,0.7754455853750988,30.2,1.0,0
P6a,infomax,chb11_19.edf,chb11,0.9204444464999866,30.8,1.0,3
P6a,infomax,chb11_24.edf,chb11,1.0,30.3,0.0,
P6a,infomax,chb11_25.edf,chb11,0.6467254044267489,44.2,1.0,0
P6a,infomax,chb11_26.edf,chb11,1.0,35.4,0.0,
P6a,infomax,chb11_27.edf,chb11,0.3927763650386121,33.0,3.0,0;1;4
P6a,infomax,chb11_53.edf,chb11,0.8223616679996776,29.8,2.0,0;9
P6a,infomax,chb11_54.edf,chb11,1.0,34.8,0.0,
P6a,infomax,chb11_55.edf,chb11,0.7443760785379557,31.4,1.0,0
P6a,infomax,chb11_56.edf,chb11,0.5762402412249097,32.1,3.0,0;1;12
P6a,infomax,chb11_58.edf,chb11,0.8257637850528037,43.6,1.0,1
P6a,infomax,chb11_60.edf,chb11,0.6973603633579866,35.8,3.0,0;3;5
P6a,infomax,chb11_61.edf,chb11,0.9176014902699796,32.5,1.0,3
P6a,infomax,chb11_62.edf,chb11,0.8866912361273532,36.4,1.0,2
P6a,infomax,chb11_63.edf,chb11,0.8062562722598259,48.1,2.0,0;7
P6a,infomax,chb11_82.edf,chb11,0.5989003965864395,32.0,2.0,0;2
P6a,infomax,chb11_92.edf,chb11,0.6569268022225645,33.6,2.0,0;8
P6a,infomax,chb11_99.edf,chb11,0.8931343914810427,26.3,1.0,2
P6a,infomax,chb12_06.edf,chb12,1.0,32.2,0.0,
P6a,infomax,chb12_08.edf,chb12,1.0,28.7,0.0,
P6a,infomax,chb12_09.edf,chb12,0.965765400814346,28.7,1.0,12
P6a,infomax,chb12_10.edf,chb12,0.9617835641836222,31.0,1.0,13
P6a,infomax,chb12_11.edf,chb12,0.975518581117573,18.5,1.0,14
P6a,infomax,chb12_19.edf,chb12,0.7804415450228709,28.7,1.0,0
P6a,infomax,chb12_20.edf,chb12,0.7637157572963261,28.8,1.0,0
P6a,infomax,chb12_21.edf,chb12,0.7575969634867481,29.7,1.0,0
P6a,infomax,chb12_23.edf,chb12,0.8155623597624866,29.3,1.0,0
P6a,infomax,chb12_24.edf,chb12,0.7615312817332868,30.7,2.0,0;15
P6a,infomax,chb12_32.edf,chb12,0.7746901130609761,29.5,2.0,0;7
P6a,infomax,chb12_33.edf,chb12,0.8650183018371252,29.1,1.0,1
P6a,infomax,chb12_34.edf,chb12,0.870475982342572,32.7,1.0,0
P6a,infomax,chb12_35.edf,chb12,0.9339680577273812,31.1,1.0,5
P6a,infomax,chb12_36.edf,chb12,0.8804076581161848,31.3,1.0,0
P6a,infomax,chb12_37.edf,chb12,0.9504046223433144,35.1,1.0,9
P6a,infomax,chb12_38.edf,chb12,0.9727129366021858,31.4,1.0,15
P6a,infomax,chb12_39.edf,chb12,0.9026747716658912,31.5,1.0,2
P6a,infomax,chb12_40.edf,chb12,0.922652142211918,32.8,2.0,10;14
P6a,infomax,chb12_41.edf,chb12,0.9318909069946952,34.4,2.0,11;13
P6a,infomax,chb12_42.edf,chb12,0.911241348661618,35.4,1.0,2
P6a,infomax,chb13_02.edf,chb13,0.766124753543456,28.4,1.0,0
P6a,infomax,chb13_03.edf,chb13,0.7883309761674534,28.9,1.0,0
P6a,infomax,chb13_04.edf,chb13,0.8075650627126603,28.4,1.0,1
P6a,infomax,chb13_05.edf,chb13,0.8518431137717126,29.0,1.0,1
P6a,infomax,chb13_06.edf,chb13,0.7748261984655773,29.8,2.0,0;9
P6a,infomax,chb13_07.edf,chb13,1.0,28.5,0.0,
P6a,infomax,chb13_08.edf,chb13,0.7799100279382418,28.7,3.0,1;8;10
P6a,infomax,chb13_09.edf,chb13,0.6797173337353485,28.9,5.0,1;5;9;10;12
P6a,infomax,chb13_10.edf,chb13,0.8306877180059458,29.4,2.0,1;9
P6a,infomax,chb13_11.edf,chb13,0.7197708430513384,32.4,4.0,1;4;8;13
P6a,infomax,chb13_12.edf,chb13,0.6527991348406553,31.2,5.0,1;2;9;10;12
P6a,infomax,chb13_13.edf,chb13,0.7695248059385817,32.2,3.0,2;4;6
P6a,infomax,chb13_14.edf,chb13,1.0,32.4,0.0,
P6a,infomax,chb13_15.edf,chb13,1.0,29.1,0.0,
P6a,infomax,chb13_16.edf,chb13,0.7894567360784814,30.7,2.0,1;4
P6a,infomax,chb13_18.edf,chb13,0.7154740155865877,32.8,1.0,0
P6a,infomax,chb13_19.edf,chb13,0.6781030183427912,30.8,1.0,0
P6a,infomax,chb13_21.edf,chb13,0.7781543967600327,31.6,1.0,0
P6a,infomax,chb13_22.edf,chb13,0.7413432878336519,30.3,2.0,0;6
P6a,infomax,chb13_24.edf,chb13,1.0,30.2,0.0,
P6a,infomax,chb13_30.edf,chb13,0.6097789379726695,29.6,2.0,0;1
P6a,infomax,chb13_36.edf,chb13,0.8242841461683728,32.5,2.0,1;12
P6a,infomax,chb13_37.edf,chb13,0.8587095388720218,31.2,2.0,1;12
P6a,infomax,chb13_38.edf,chb13,0.8565460522457031,30.6,2.0,1;13
P6a,infomax,chb13_39.edf,chb13,0.8141764806808414,32.0,3.0,4;6;10
P6a,infomax,chb13_40.edf,chb13,0.8577315690187477,32.4,1.0,1
P6a,infomax,chb13_47.edf,chb13,0.5566260326191187,30.1,3.0,0;1;5
P6a,infomax,chb13_55.edf,chb13,1.0,30.5,0.0,
P6a,infomax,chb13_56.edf,chb13,0.820398469279066,29.6,2.0,0;9
P6a,infomax,chb13_58.edf,chb13,0.8244938712759488,32.2,2.0,3;4
P6a,infomax,chb13_59.edf,chb13,0.7668683706323175,30.8,1.0,0
P6a,infomax,chb13_60.edf,chb13,0.7530307498674201,27.8,3.0,0;6;8
P6a,infomax,chb13_62.edf,chb13,0.8990185449577605,27.5,1.0,2
P6a,infomax,chb14_01.edf,chb14,0.8258939693542772,28.3,1.0,1
P6a,infomax,chb14_02.edf,chb14,0.7943720438859869,29.2,1.0,1
P6a,infomax,chb14_03.edf,chb14,0.8316711705129693,29.0,1.0,0
P6a,infomax,chb14_04.edf,chb14,0.8546193119517584,28.6,1.0,1
P6a,infomax,chb14_06.edf,chb14,0.8221051041653207,28.2,1.0,1
P6a,infomax,chb14_11.edf,chb14,0.7665799580914208,29.4,1.0,0
P6a,infomax,chb14_12.edf,chb14,1.0,28.0,0.0,
P6a,infomax,chb14_13.edf,chb14,1.0,28.4,0.0,
P6a,infomax,chb14_14.edf,chb14,0.8642846762990638,29.2,1.0,3
P6a,infomax,chb14_16.edf,chb14,1.0,29.4,0.0,
P6a,infomax,chb14_17.edf,chb14,0.8946592221793108,29.0,1.0,4
P6a,infomax,chb14_18.edf,chb14,0.9241606443945376,28.6,1.0,4
P6a,infomax,chb14_19.edf,chb14,1.0,28.9,0.0,
P6a,infomax,chb14_20.edf,chb14,1.0,29.3,0.0,
P6a,infomax,chb14_22.edf,chb14,1.0,31.3,0.0,
P6a,infomax,chb14_24.edf,chb14,0.9031790687085972,30.7,1.0,4
P6a,infomax,chb14_25.edf,chb14,0.8827411159006749,30.5,1.0,3
P6a,infomax,chb14_26.edf,chb14,0.6215492710965889,30.9,2.0,0;3
P6a,infomax,chb14_27.edf,chb14,1.0,28.2,0.0,
P6a,infomax,chb14_29.edf,chb14,0.8765572285270665,28.3,1.0,2
P6a,infomax,chb14_30.edf,chb14,0.8506362632215908,28.8,1.0,1
P6a,infomax,chb14_32.edf,chb14,0.8480529830501796,28.5,1.0,1
P6a,infomax,chb14_37.edf,chb14,1.0,28.5,0.0,
P6a,infomax,chb14_39.edf,chb14,1.0,28.2,0.0,
P6a,infomax,chb14_42.edf,chb14,1.0,41.3,0.0,
P6a,infomax,chb15_01.edf,chb15,1.0,30.1,0.0,
P6a,infomax,chb15_02.edf,chb15,0.720358511511825,41.8,1.0,0
P6a,infomax,chb15_03.edf,chb15,0.5850462461536104,29.5,2.0,0;4
P6a,infomax,chb15_04.edf,chb15,0.7663820369445359,29.5,1.0,0
P6a,infomax,chb15_05.edf,chb15,1.0,40.3,0.0,
P6a,infomax,chb15_06.edf,chb15,0.9573948470880472,28.9,1.0,11
P6a,infomax,chb15_07.edf,chb15,1.0,31.8,0.0,
P6a,infomax,chb15_08.edf,chb15,0.901941817259691,34.1,1.0,2
P6a,infomax,chb15_09.edf,chb15,1.0,29.3,0.0,
P6a,infomax,chb15_10.edf,chb15,1.0,35.4,0.0,
P6a,infomax,chb15_11.edf,chb15,0.7582110578067347,32.8,1.0,0
P6a,infomax,chb15_12.edf,chb15,0.3548384644701439,31.6,2.0,0;1
P6a,infomax,chb15_13.edf,chb15,0.4529193490359918,35.4,1.0,0
P6a,infomax,chb15_14.edf,chb15,0.3539588123949586,29.6,2.0,0;1
P6a,infomax,chb15_15.edf,chb15,0.6374077985332476,34.0,1.0,0
P6a,infomax,chb15_16.edf,chb15,0.3783588013309296,30.9,2.0,0;1
P6a,infomax,chb15_17.edf,chb15,0.8788129893678301,34.4,1.0,0
P6a,infomax,chb15_19.edf,chb15,0.5646789202600003,37.3,1.0,0
P6a,infomax,chb15_20.edf,chb15,0.6045614325951154,33.2,1.0,0
P6a,infomax,chb15_22.edf,chb15,0.2312842624736829,29.2,2.0,0;1
P6a,infomax,chb15_26.edf,chb15,0.3015176594979803,34.0,2.0,0;1
P6a,infomax,chb15_28.edf,chb15,0.5247691700717576,30.5,2.0,0;1
P6a,infomax,chb15_29.edf,chb15,0.9288353605633954,30.3,1.0,6
P6a,infomax,chb15_30.edf,chb15,0.8022147679207033,32.7,2.0,0;6
P6a,infomax,chb15_31.edf,chb15,0.9290711566459136,35.6,1.0,4
P6a,infomax,chb15_32.edf,chb15,0.8425665941520037,39.3,2.0,3;8
P6a,infomax,chb15_33.edf,chb15,1.0,34.0,0.0,
P6a,infomax,chb15_35.edf,chb15,0.8828042827571179,43.9,1.0,0
P6a,infomax,chb15_37.edf,chb15,0.9215467807766364,37.0,1.0,4
P6a,infomax,chb15_40.edf,chb15,0.364006461129672,35.3,2.0,0;1
P6a,infomax,chb15_45.edf,chb15,0.6233269185780695,45.6,1.0,0
P6a,infomax,chb15_46.edf,chb15,0.5266703859766644,33.9,3.0,0;4;6
P6a,infomax,chb15_49.edf,chb15,0.5241544324295316,33.2,1.0,0
P6a,infomax,chb15_50.edf,chb15,0.6401650515398731,35.3,1.0,0
P6a,infomax,chb15_51.edf,chb15,0.8328576191437013,44.3,1.0,0
P6a,infomax,chb15_52.edf,chb15,0.3688047562914093,29.2,2.0,0;1
P6a,infomax,chb15_54.edf,chb15,0.9431377412450772,29.5,1.0,6
P6a,infomax,chb15_61.edf,chb15,0.7058134278606417,41.8,2.0,0;1
P6a,infomax,chb15_62.edf,chb15,0.8387572055127971,36.0,1.0,0
P6a,infomax,chb15_63.edf,chb15,0.6636665139888528,34.7,1.0,0
P6a,infomax,chb16_01.edf,chb16,0.8991273714079072,32.9,2.0,1;2
P6a,infomax,chb16_02.edf,chb16,0.5258546115181336,33.4,1.0,0
P6a,infomax,chb16_03.edf,chb16,0.5128825851366002,30.8,1.0,0
P6a,infomax,chb16_04.edf,chb16,0.5091181940266757,46.6,1.0,0
P6a,infomax,chb16_05.edf,chb16,0.7683259267329621,32.0,1.0,0
P6a,infomax,chb16_06.edf,chb16,1.0,29.4,0.0,
P6a,infomax,chb16_07.edf,chb16,1.0,29.2,0.0,
P6a,infomax,chb16_08.edf,chb16,0.8619956204644318,32.1,1.0,1
P6a,infomax,chb16_09.edf,chb16,1.0,29.6,0.0,
P6a,infomax,chb16_10.edf,chb16,0.3094789957241626,31.5,2.0,0;1
P6a,infomax,chb16_11.edf,chb16,0.2616192228409661,29.3,2.0,0;1
P6a,infomax,chb16_12.edf,chb16,1.0,28.6,0.0,
P6a,infomax,chb16_13.edf,chb16,0.8497670002683264,34.7,1.0,2
P6a,infomax,chb16_14.edf,chb16,1.0,29.8,0.0,
P6a,infomax,chb16_15.edf,chb16,0.6656726562060116,29.1,1.0,0
P6a,infomax,chb16_16.edf,chb16,0.3491726274274656,31.1,3.0,0;1;11
P6a,infomax,chb16_17.edf,chb16,0.3754114884868843,29.4,3.0,0;1;3
P6a,infomax,chb16_18.edf,chb16,0.5250777299888651,29.6,2.0,0;1
P6a,infomax,chb16_19.edf,chb16,0.4867537458690227,44.0,4.0,0;3;4;6
P6a,infomax,chb17a_03.edf,chb17a,0.3914021759729226,31.9,3.0,0;1;3
P6a,infomax,chb17a_04.edf,chb17a,0.5713450628216837,36.8,1.0,0
P6a,infomax,chb17a_05.edf,chb17a,0.4147671851222038,31.9,2.0,0;1
P6a,infomax,chb17a_06.edf,chb17a,0.8169801214188972,29.5,2.0,1;11
P6a,infomax,chb17a_08.edf,chb17a,0.219897907143613,34.7,2.0,0;1
P6a,infomax,chb17b_57.edf,chb17b,0.4968794814648198,34.9,2.0,0;3
P6a,infomax,chb17b_58.edf,chb17b,0.3503088922030766,31.6,3.0,0;1;6
P6a,infomax,chb17b_59.edf,chb17b,0.6213922757938569,32.4,1.0,0
P6a,infomax,chb17b_60.edf,chb17b,0.60369976754584,47.4,2.0,0;13
P6a,infomax,chb17b_63.edf,chb17b,0.4913956995386754,36.8,1.0,0
P6a,infomax,chb17b_67.edf,chb17b,0.9131629013641664,32.7,2.0,10;12
P6a,infomax,chb17b_68.edf,chb17b,0.5719407146783325,29.2,1.0,0
P6a,infomax,chb17b_69.edf,chb17b,0.3986457580711143,40.8,2.0,0;1
P6a,infomax,chb17c_02.edf,chb17c,0.8360165868261606,33.2,2.0,2;5
P6a,infomax,chb17c_03.edf,chb17c,0.7352237399328728,32.3,1.0,0
P6a,infomax,chb17c_04.edf,chb17c,0.941558928396998,43.7,1.0,7
P6a,infomax,chb17c_05.edf,chb17c,0.7578397246496984,41.8,2.0,0;4
P6a,infomax,chb17c_06.edf,chb17c,0.7763930139156316,31.5,2.0,0;4
P6a,infomax,chb17c_07.edf,chb17c,0.8304581401958411,33.4,2.0,3;4
P6a,infomax,chb17c_08.edf,chb17c,0.5237837100880096,31.6,2.0,0;2
P6a,infomax,chb17c_13.edf,chb17c,0.3063965100744666,30.0,2.0,0;1
P6a,infomax,chb18_01.edf,chb18,0.3257051532213467,29.8,2.0,0;1
P6a,infomax,chb18_02.edf,chb18,0.135030313262136,34.5,2.0,0;1
P6a,infomax,chb18_03.edf,chb18,0.0897417779839662,31.4,2.0,0;1
P6a,infomax,chb18_04.edf,chb18,0.1068180571968469,30.6,2.0,0;1
P6a,infomax,chb18_05.edf,chb18,0.1897680258492415,29.8,2.0,0;2
P6a,infomax,chb18_06.edf,chb18,0.0925875759227814,33.4,2.0,0;1
P6a,infomax,chb18_07.edf,chb18,0.1344204902171425,32.3,2.0,0;1
P6a,infomax,chb18_08.edf,chb18,0.3115158554709873,30.2,2.0,0;1
P6a,infomax,chb18_09.edf,chb18,1.0,29.9,0.0,
P6a,infomax,chb18_10.edf,chb18,0.7980165733553217,29.3,1.0,0
P6a,infomax,chb18_11.edf,chb18,1.0,31.2,0.0,
P6a,infomax,chb18_12.edf,chb18,0.7301596721923208,30.4,1.0,0
P6a,infomax,chb18_13.edf,chb18,1.0,32.3,0.0,
P6a,infomax,chb18_14.edf,chb18,0.7494125748191797,31.7,1.0,0
P6a,infomax,chb18_15.edf,chb18,0.1968770559266663,31.4,2.0,0;1
P6a,infomax,chb18_16.edf,chb18,0.130752361617514,34.9,2.0,0;1
P6a,infomax,chb18_17.edf,chb18,0.1593437794637011,30.1,2.0,0;1
P6a,infomax,chb18_18.edf,chb18,0.1369763586913907,34.3,2.0,0;1
P6a,infomax,chb18_19.edf,chb18,0.1504507130246148,33.4,2.0,0;1
P6a,infomax,chb18_20.edf,chb18,0.1657386423059173,33.1,2.0,0;1
P6a,infomax,chb18_21.edf,chb18,0.3151465107257638,30.8,2.0,0;1
P6a,infomax,chb18_22.edf,chb18,0.119470520029365,33.6,3.0,0;1;2
P6a,infomax,chb18_23.edf,chb18,0.2388969356400171,32.3,2.0,0;1
P6a,infomax,chb18_24.edf,chb18,0.8453712823887705,31.2,1.0,1
P6a,infomax,chb18_25.edf,chb18,1.0,32.3,0.0,
P6a,infomax,chb18_26.edf,chb18,1.0,49.0,0.0,
P6a,infomax,chb18_27.edf,chb18,0.8075749445420066,36.1,1.0,1
P6a,infomax,chb18_28.edf,chb18,0.8434530516210214,39.1,1.0,1
P6a,infomax,chb18_29.edf,chb18,0.6869130244335626,39.3,1.0,0
P6a,infomax,chb18_30.edf,chb18,0.8211889892990778,33.7,1.0,0
P6a,infomax,chb18_31.edf,chb18,0.2250313324759307,27.0,2.0,0;1
P6a,infomax,chb18_32.edf,chb18,0.8075711953103318,33.3,1.0,0
P6a,infomax,chb18_33.edf,chb18,0.7965748705420531,33.5,1.0,0
P6a,infomax,chb18_34.edf,chb18,0.110890089304496,29.5,2.0,0;1
P6a,infomax,chb18_35.edf,chb18,0.7751625750128723,47.9,2.0,0;6
P6a,infomax,chb18_36.edf,chb18,0.7115410410078842,32.7,1.0,0
P6a,infomax,chb19_01.edf,chb19,0.1211853658095493,36.7,2.0,0;1
P6a,infomax,chb19_02.edf,chb19,0.1863617178817324,34.0,2.0,0;1
P6a,infomax,chb19_03.edf,chb19,0.3007524157135403,34.4,2.0,0;2
P6a,infomax,chb19_04.edf,chb19,0.1488472934760459,38.9,2.0,0;1
P6a,infomax,chb19_05.edf,chb19,0.2875918433239851,34.1,2.0,0;3
P6a,infomax,chb19_06.edf,chb19,0.2264475701069582,32.5,3.0,0;6;7
P6a,infomax,chb19_08.edf,chb19,0.74030926066371,31.6,1.0,0
P6a,infomax,chb19_09.edf,chb19,0.719218720603805,29.0,2.0,0;2
P6a,infomax,chb19_10.edf,chb19,0.7928843887679908,38.8,1.0,0
P6a,infomax,chb19_11.edf,chb19,0.7075572309033121,31.7,2.0,0;2
P6a,infomax,chb19_12.edf,chb19,0.9035225715622276,40.8,1.0,4
P6a,infomax,chb19_13.edf,chb19,0.9231632467490772,59.3,1.0,4
P6a,infomax,chb19_14.edf,chb19,0.904711760384575,42.6,1.0,3
P6a,infomax,chb19_15.edf,chb19,0.38285318296462,30.9,2.0,0;2
P6a,infomax,chb19_16.edf,chb19,0.1491338385186374,54.2,2.0,0;1
P6a,infomax,chb19_17.edf,chb19,0.2655969466839299,51.6,2.0,0;1
P6a,infomax,chb19_18.edf,chb19,0.3030575729405225,43.7,3.0,0;1;2
P6a,infomax,chb19_19.edf,chb19,0.2004024736029611,46.2,3.0,0;1;2
P6a,infomax,chb19_20.edf,chb19,0.2618186712023792,37.8,2.0,0;1
P6a,infomax,chb19_21.edf,chb19,0.2171688914877987,34.8,2.0,0;1
P6a,infomax,chb19_22.edf,chb19,0.3697447934117458,40.9,3.0,0;2;6
P6a,infomax,chb19_23.edf,chb19,0.8523952993082672,45.1,2.0,0;13
P6a,infomax,chb19_24.edf,chb19,0.8441386340877254,37.8,1.0,1
P6a,infomax,chb19_25.edf,chb19,0.8023028938539715,38.9,1.0,0
P6a,infomax,chb19_26.edf,chb19,0.6047126479990154,34.1,4.0,0;6;7;11
P6a,infomax,chb19_27.edf,chb19,0.8464649860959448,33.4,1.0,1
P6a,infomax,chb19_28.edf,chb19,0.7564646237070659,53.1,1.0,0
P6a,infomax,chb19_29.edf,chb19,0.910408568424974,33.0,1.0,2
P6a,infomax,chb19_30.edf,chb19,0.6740469511755638,34.3,2.0,0;5
P6a,infomax,chb20_01.edf,chb20,0.757166418201739,30.5,1.0,0
P6a,infomax,chb20_02.edf,chb20,0.8199571705043269,30.5,1.0,0
P6a,infomax,chb20_03.edf,chb20,0.8933221798831704,29.6,1.0,2
P6a,infomax,chb20_04.edf,chb20,0.7351862244864371,30.4,2.0,0;4
P6a,infomax,chb20_05.edf,chb20,0.809901239861951,29.4,1.0,0
P6a,infomax,chb20_06.edf,chb20,0.8378405286919286,29.9,1.0,0
P6a,infomax,chb20_07.edf,chb20,0.8814785243004736,29.6,1.0,3
P6a,infomax,chb20_08.edf,chb20,0.8107872800270866,29.3,2.0,0;12
P6a,infomax,chb20_11.edf,chb20,0.8467122339357971,30.4,3.0,7;9;12
P6a,infomax,chb20_12.edf,chb20,0.8961976845838351,30.6,2.0,3;13
P6a,infomax,chb20_13.edf,chb20,0.9444042522094684,30.2,1.0,6
P6a,infomax,chb20_14.edf,chb20,0.946207278088392,30.3,1.0,6
P6a,infomax,chb20_15.edf,chb20,0.9197769735987854,29.0,2.0,4;12
P6a,infomax,chb20_16.edf,chb20,0.910815950345636,28.0,1.0,3
P6a,infomax,chb20_17.edf,chb20,0.7663418077553231,32.7,1.0,0
P6a,infomax,chb20_21.edf,chb20,0.8717339598269623,32.4,2.0,2;14
P6a,infomax,chb20_22.edf,chb20,0.7831004201765029,7.9,1.0,0
P6a,infomax,chb20_23.edf,chb20,0.7347896114337849,24.5,2.0,0;3
P6a,infomax,chb20_25.edf,chb20,1.0,29.7,0.0,
P6a,infomax,chb20_26.edf,chb20,0.9118902483384544,48.1,1.0,2
P6a,infomax,chb20_27.edf,chb20,0.7937192464859342,29.0,1.0,0
P6a,infomax,chb20_28.edf,chb20,0.8051436331186254,30.9,1.0,0
P6a,infomax,chb20_29.edf,chb20,0.8565700279200514,29.1,1.0,1
P6a,infomax,chb20_30.edf,chb20,0.8129715549631246,28.9,2.0,0;12
P6a,infomax,chb20_31.edf,chb20,0.8286272679468037,28.7,1.0,0
P6a,infomax,chb20_34.edf,chb20,0.8201815873064798,31.1,2.0,1;7
P6a,infomax,chb20_59.edf,chb20,1.0,29.8,0.0,
P6a,infomax,chb20_60.edf,chb20,0.8189083344492106,29.4,3.0,2;6;13
P6a,infomax,chb20_68.edf,chb20,0.7524333072998508,18.0,3.0,1;4;10
P6a,infomax,chb21_01.edf,chb21,0.5463050703560093,30.9,1.0,0
P6a,infomax,chb21_02.edf,chb21,0.4666571891726035,35.8,1.0,0
P6a,infomax,chb21_03.edf,chb21,0.2820097508284767,33.1,2.0,0;1
P6a,infomax,chb21_04.edf,chb21,0.272179945332471,32.4,2.0,0;1
P6a,infomax,chb21_05.edf,chb21,0.3008335233356538,31.5,2.0,0;1
P6a,infomax,chb21_06.edf,chb21,0.3327067349180511,29.4,2.0,0;1
P6a,infomax,chb21_07.edf,chb21,0.3176464435760369,31.9,3.0,0;1;3
P6a,infomax,chb21_08.edf,chb21,0.5144007601635489,32.7,1.0,0
P6a,infomax,chb21_09.edf,chb21,0.8630120603136184,30.9,1.0,0
P6a,infomax,chb21_10.edf,chb21,0.832745323204286,32.4,1.0,0
P6a,infomax,chb21_11.edf,chb21,1.0,31.5,0.0,
P6a,infomax,chb21_12.edf,chb21,1.0,31.5,0.0,
P6a,infomax,chb21_13.edf,chb21,0.8295210702452878,29.4,1.0,0
P6a,infomax,chb21_14.edf,chb21,0.5554528409069817,30.1,1.0,0
P6a,infomax,chb21_15.edf,chb21,0.3307436213809435,32.2,2.0,0;1
P6a,infomax,chb21_16.edf,chb21,0.2535385412794104,36.4,2.0,0;1
P6a,infomax,chb21_17.edf,chb21,0.3180186865284316,32.2,2.0,0;1
P6a,infomax,chb21_18.edf,chb21,0.3920146047961513,29.9,2.0,0;1
P6a,infomax,chb21_19.edf,chb21,0.2790869377581887,29.8,2.0,0;1
P6a,infomax,chb21_20.edf,chb21,0.3670762271806498,26.0,1.0,0
P6a,infomax,chb21_21.edf,chb21,0.3164280764216708,34.2,2.0,0;1
P6a,infomax,chb21_22.edf,chb21,0.3150403998268313,30.2,2.0,0;1
P6a,infomax,chb21_23.edf,chb21,0.4635352769184674,29.8,1.0,0
P6a,infomax,chb21_24.edf,chb21,0.370902268959304,32.3,2.0,0;2
P6a,infomax,chb21_25.edf,chb21,0.3533526343070074,32.9,3.0,0;1;4
P6a,infomax,chb21_26.edf,chb21,1.0,29.4,0.0,
P6a,infomax,chb21_27.edf,chb21,0.8579452174972204,31.7,1.0,0
P6a,infomax,chb21_28.edf,chb21,0.8164909308767818,32.4,1.0,0
P6a,infomax,chb21_29.edf,chb21,0.3119557120236227,33.9,3.0,0;1;2
P6a,infomax,chb21_30.edf,chb21,0.4079689316450496,30.7,2.0,0;1
P6a,infomax,chb21_31.edf,chb21,0.4535068234264455,35.2,3.0,0;1;9
P6a,infomax,chb21_32.edf,chb21,0.8121495848917561,33.5,1.0,0
P6a,infomax,chb22_01.edf,chb22,0.3494429897076581,31.2,2.0,0;1
P6a,infomax,chb22_02.edf,chb22,0.8276979426565261,31.2,1.0,0
P6a,infomax,chb22_03.edf,chb22,0.743761291138451,30.9,3.0,0;1;15
P6a,infomax,chb22_04.edf,chb22,0.6997481879977071,30.2,3.0,0;1;5
P6a,infomax,chb22_05.edf,chb22,0.8995849585534811,31.0,1.0,3
P6a,infomax,chb22_07.edf,chb22,0.6739689758161591,31.4,2.0,0;5
P6a,infomax,chb22_08.edf,chb22,0.210651874364572,30.0,3.0,0;1;2
P6a,infomax,chb22_09.edf,chb22,0.2391729088960303,30.3,2.0,0;1
P6a,infomax,chb22_10.edf,chb22,0.29722699712038,30.3,2.0,0;1
P6a,infomax,chb22_11.edf,chb22,0.2727499330432206,31.4,3.0,0;1;9
P6a,infomax,chb22_15.edf,chb22,0.2966529291073419,30.2,3.0,0;1;8
P6a,infomax,chb22_16.edf,chb22,0.3077229531902795,30.0,3.0,0;1;6
P6a,infomax,chb22_18.edf,chb22,0.323130850104988,42.3,2.0,0;2
P6a,infomax,chb22_19.edf,chb22,0.2492757182300374,42.6,3.0,0;1;2
P6a,infomax,chb22_20.edf,chb22,0.2962014371838636,43.4,3.0,0;1;4
P6a,infomax,chb22_21.edf,chb22,0.5858242988181604,40.0,1.0,0
P6a,infomax,chb22_22.edf,chb22,1.0,39.8,0.0,
P6a,infomax,chb22_23.edf,chb22,0.2499368302427314,41.0,3.0,0;1;4
P6a,infomax,chb22_24.edf,chb22,0.4276922162246804,55.9,2.0,0;2
P6a,infomax,chb22_25.edf,chb22,0.4986293294134424,57.5,2.0,0;3
P6a,infomax,chb22_26.edf,chb22,0.7874759169616922,56.2,4.0,1;5;14;15
P6a,infomax,chb22_27.edf,chb22,0.7335463860156396,56.5,3.0,3;4;5
P6a,infomax,chb22_28.edf,chb22,1.0,56.1,0.0,
P6a,infomax,chb22_29.edf,chb22,0.8080799412829355,56.5,2.0,1;5
P6a,infomax,chb22_30.edf,chb22,0.8869552561623034,56.0,1.0,2
P6a,infomax,chb22_38.edf,chb22,0.4137578176251799,42.9,2.0,0;2
P6a,infomax,chb22_51.edf,chb22,0.4759849196840451,43.4,3.0,0;1;7
P6a,infomax,chb22_54.edf,chb22,0.9534307303525849,43.5,1.0,10
P6a,infomax,chb22_77.edf,chb22,0.921051946998096,42.2,1.0,3
P6a,infomax,chb23_06.edf,chb23,0.5360088454703571,76.8,3.0,0;2;6
P6a,infomax,chb23_07.edf,chb23,0.3163814656242577,25.5,3.0,0;1;2
P6a,infomax,chb23_08.edf,chb23,0.3634742462068842,95.5,3.0,0;1;2
P6a,infomax,chb23_09.edf,chb23,0.3492298414157704,134.6,3.0,0;1;2
P6a,infomax,chb23_10.edf,chb23,0.7641607755568364,136.8,1.0,0
P6a,infomax,chb23_16.edf,chb23,0.7025097119050812,139.3,1.0,0
P6a,infomax,chb23_17.edf,chb23,0.5307046422373518,120.2,1.0,0
P6a,infomax,chb23_19.edf,chb23,0.8576106418290271,156.7,2.0,1;10
P6a,infomax,chb23_20.edf,chb23,0.5749498112642393,58.8,1.0,0
P6a,infomax,chb24_01.edf,chb24,0.5622860183075962,55.4,1.0,0
P6a,infomax,chb24_02.edf,chb24,0.574516203888751,61.9,5.0,1;2;3;5;9
P6a,infomax,chb24_03.edf,chb24,0.6393762198752637,53.9,4.0,1;4;5;7
P6a,infomax,chb24_04.edf,chb24,0.8151414885679562,50.7,1.0,1
P6a,infomax,chb24_05.edf,chb24,0.8289398051835772,51.0,1.0,0
P6a,infomax,chb24_06.edf,chb24,0.5079103915347729,52.2,2.0,0;7
P6a,infomax,chb24_07.edf,chb24,0.85430072533356,44.2,2.0,2;13
P6a,infomax,chb24_08.edf,chb24,0.8898808957993418,43.7,1.0,1
P6a,infomax,chb24_09.edf,chb24,0.8200062352352714,53.6,2.0,1;8
P6a,infomax,chb24_10.edf,chb24,0.865452034040043,44.0,2.0,1;11
P6a,infomax,chb24_11.edf,chb24,0.9365362150228984,52.1,1.0,3
P6a,infomax,chb24_12.edf,chb24,0.7572295925081239,48.0,2.0,0;2
P6a,infomax,chb24_13.edf,chb24,0.8115667205749142,57.5,2.0,1;5
P6a,infomax,chb24_14.edf,chb24,0.897869244153841,53.9,2.0,5;7
P6a,infomax,chb24_15.edf,chb24,0.8834554624540866,62.0,2.0,4;8
P6a,infomax,chb24_16.edf,chb24,0.4527163477983955,54.8,2.0,0;2
P6a,infomax,chb24_17.edf,chb24,0.49233674922048,59.1,2.0,0;5
P6a,infomax,chb24_18.edf,chb24,0.6352864807172329,56.1,2.0,0;8
P6a,infomax,chb24_19.edf,chb24,0.5885895074002027,54.0,3.0,0;4;7
P6a,infomax,chb24_20.edf,chb24,0.4853743309605673,52.8,3.0,0;3;9
P6a,infomax,chb24_21.edf,chb24,0.9351631916650864,53.9,2.0,1;3
P6a,infomax,chb24_22.edf,chb24,0.9380656997345448,19.6,3.0,1;12;15
P6b-default,gedai,chb01_01.edf,chb01,0.375351572830958,24.8,,
P6b-default,gedai,chb01_02.edf,chb01,0.6365203023171782,25.2,,
P6b-default,gedai,chb01_03.edf,chb01,0.9993845514487888,25.2,,
P6b-default,gedai,chb01_04.edf,chb01,0.9938192486777148,24.9,,
P6b-default,gedai,chb01_05.edf,chb01,0.3422622706864375,25.7,,
P6b-default,gedai,chb01_06.edf,chb01,0.3803364662379563,25.7,,
P6b-default,gedai,chb01_07.edf,chb01,0.3588656758213401,19.3,,
P6b-default,gedai,chb01_08.edf,chb01,0.4388052709298028,19.0,,
P6b-default,gedai,chb01_09.edf,chb01,0.3395367803544049,19.5,,
P6b-default,gedai,chb01_10.edf,chb01,0.3664989831579469,19.5,,
P6b-default,gedai,chb01_11.edf,chb01,0.4525567903740688,19.1,,
P6b-default,gedai,chb01_12.edf,chb01,0.3823170340851212,19.2,,
P6b-default,gedai,chb01_13.edf,chb01,0.3848058047216522,18.3,,
P6b-default,gedai,chb01_14.edf,chb01,0.9993878362838096,18.2,,
P6b-default,gedai,chb01_15.edf,chb01,0.9993077413325004,18.0,,
P6b-default,gedai,chb01_16.edf,chb01,0.9992849729833144,18.5,,
P6b-default,gedai,chb01_17.edf,chb01,0.999216222631602,18.4,,
P6b-default,gedai,chb01_18.edf,chb01,0.9993712556152676,18.2,,
P6b-default,gedai,chb01_19.edf,chb01,0.9993864913946382,17.7,,
P6b-default,gedai,chb01_20.edf,chb01,0.4964817514714404,13.4,,
P6b-default,gedai,chb01_21.edf,chb01,0.6124883103141131,18.0,,
P6b-default,gedai,chb01_22.edf,chb01,0.3763854189408485,18.2,,
P6b-default,gedai,chb01_23.edf,chb01,0.293757516833282,18.5,,
P6b-default,gedai,chb01_24.edf,chb01,0.3707868533158118,18.7,,
P6b-default,gedai,chb01_25.edf,chb01,0.2718903011053533,19.0,,
P6b-default,gedai,chb01_26.edf,chb01,0.9993658647507124,12.8,,
P6b-default,gedai,chb01_29.edf,chb01,0.1974464975059453,19.0,,
P6b-default,gedai,chb01_30.edf,chb01,0.3171679362446921,19.5,,
P6b-default,gedai,chb01_31.edf,chb01,0.2590595769170919,19.7,,
P6b-default,gedai,chb01_32.edf,chb01,0.1900219298446472,19.6,,
P6b-default,gedai,chb01_33.edf,chb01,0.3104505466519929,19.6,,
P6b-default,gedai,chb01_34.edf,chb01,0.1842703219585652,19.2,,
P6b-default,gedai,chb01_36.edf,chb01,0.9992889187154784,20.6,,
P6b-default,gedai,chb01_37.edf,chb01,0.9991798253490248,21.9,,
P6b-default,gedai,chb01_38.edf,chb01,0.9991661617682606,22.1,,
P6b-default,gedai,chb01_39.edf,chb01,0.999106380390879,22.3,,
P6b-default,gedai,chb01_40.edf,chb01,0.9991839041852572,20.5,,
P6b-default,gedai,chb01_41.edf,chb01,0.9990677473535864,19.5,,
P6b-default,gedai,chb01_42.edf,chb01,0.2516467505179684,16.3,,
P6b-default,gedai,chb01_43.edf,chb01,0.9994141707418198,15.6,,
P6b-default,gedai,chb01_46.edf,chb01,0.2989357597545332,15.3,,
P6b-default,gedai,chb02_03.edf,chb02,0.2352809448759537,21.1,,
P6b-default,gedai,chb02_04.edf,chb02,0.2931993952743804,20.7,,
P6b-default,gedai,chb02_06.edf,chb02,0.3047551094998303,21.1,,
P6b-default,gedai,chb02_07.edf,chb02,0.3146565065597601,20.5,,
P6b-default,gedai,chb02_08.edf,chb02,0.2758185072029771,20.7,,
P6b-default,gedai,chb02_09.edf,chb02,0.9992196876240096,20.1,,
P6b-default,gedai,chb02_10.edf,chb02,0.9991845073218126,18.3,,
P6b-default,gedai,chb02_11.edf,chb02,0.9991992310283854,18.7,,
P6b-default,gedai,chb02_12.edf,chb02,0.9993695876191672,18.7,,
P6b-default,gedai,chb02_13.edf,chb02,0.9991223124494516,18.5,,
P6b-default,gedai,chb02_14.edf,chb02,0.5914862713466078,19.4,,
P6b-default,gedai,chb02_15.edf,chb02,0.1344622644279,19.4,,
P6b-default,gedai,chb02_16+.edf,chb02,0.12977636055321,18.5,,
P6b-default,gedai,chb02_16.edf,chb02,0.0887243204080477,5.6,,
P6b-default,gedai,chb02_17.edf,chb02,0.1990273687700865,18.8,,
P6b-default,gedai,chb02_18.edf,chb02,0.2974620669407807,18.3,,
P6b-default,gedai,chb02_19.edf,chb02,0.2192471417283545,18.4,,
P6b-default,gedai,chb02_21.edf,chb02,0.1745086612739536,18.7,,
P6b-default,gedai,chb02_22.edf,chb02,0.1154391790564107,17.5,,
P6b-default,gedai,chb02_23.edf,chb02,0.2235218645258977,17.8,,
P6b-default,gedai,chb02_24.edf,chb02,0.221311761714418,18.6,,
P6b-default,gedai,chb02_25.edf,chb02,0.3804623455218509,17.8,,
P6b-default,gedai,chb02_26.edf,chb02,0.2095094632369353,18.3,,
P6b-default,gedai,chb02_27.edf,chb02,0.3561344488358728,18.5,,
P6b-default,gedai,chb02_28.edf,chb02,0.9991355114399892,17.2,,
P6b-default,gedai,chb02_29.edf,chb02,0.9991558631739372,18.5,,
P6b-default,gedai,chb02_30.edf,chb02,0.999190740567075,18.3,,
P6b-default,gedai,chb02_32.edf,chb02,0.9990706854775144,18.4,,
P6b-default,gedai,chb02_33.edf,chb02,0.999258186452965,17.5,,
P6b-default,gedai,chb02_34.edf,chb02,0.9991365912954722,17.2,,
P6b-default,gedai,chb02_35.edf,chb02,0.2818750104443249,16.0,,
P6b-default,gedai,chb03_01.edf,chb03,0.2719035681088326,18.9,,
P6b-default,gedai,chb03_02.edf,chb03,0.2479266007419969,18.4,,
P6b-default,gedai,chb03_03.edf,chb03,0.1971347112922962,18.9,,
P6b-default,gedai,chb03_04.edf,chb03,0.3463794423381868,18.9,,
P6b-default,gedai,chb03_05.edf,chb03,0.3614145694698544,18.3,,
P6b-default,gedai,chb03_06.edf,chb03,0.9991442878340602,17.7,,
P6b-default,gedai,chb03_07.edf,chb03,0.9744961025521296,18.3,,
P6b-default,gedai,chb03_08.edf,chb03,0.99662294637498,18.1,,
P6b-default,gedai,chb03_09.edf,chb03,0.9993290524212048,18.7,,
P6b-default,gedai,chb03_10.edf,chb03,0.345713117535252,19.2,,
P6b-default,gedai,chb03_11.edf,chb03,0.9991517266666666,18.8,,
P6b-default,gedai,chb03_12.edf,chb03,0.998990973189196,18.7,,
P6b-default,gedai,chb03_13.edf,chb03,0.9993912927992188,18.6,,
P6b-default,gedai,chb03_14.edf,chb03,0.9854918427965276,19.4,,
P6b-default,gedai,chb03_15.edf,chb03,0.9916377822144224,19.4,,
P6b-default,gedai,chb03_16.edf,chb03,0.2931531300373351,19.4,,
P6b-default,gedai,chb03_17.edf,chb03,0.283657316667206,19.5,,
P6b-default,gedai,chb03_18.edf,chb03,0.3634699088911322,19.1,,
P6b-default,gedai,chb03_19.edf,chb03,0.2888373328524521,19.7,,
P6b-default,gedai,chb03_20.edf,chb03,0.2530748305123472,20.3,,
P6b-default,gedai,chb03_21.edf,chb03,0.2673509252869834,20.7,,
P6b-default,gedai,chb03_22.edf,chb03,0.2789316664020815,20.4,,
P6b-default,gedai,chb03_23.edf,chb03,0.1200753337794382,21.1,,
P6b-default,gedai,chb03_24.edf,chb03,0.2520904222617212,21.2,,
P6b-default,gedai,chb03_25.edf,chb03,0.2663478360774459,22.0,,
P6b-default,gedai,chb03_26.edf,chb03,0.2467885393636248,22.7,,
P6b-default,gedai,chb03_27.edf,chb03,0.2387335428665838,22.3,,
P6b-default,gedai,chb03_28.edf,chb03,0.1402982439251046,22.4,,
P6b-default,gedai,chb03_29.edf,chb03,0.2467157719333528,21.7,,
P6b-default,gedai,chb03_30.edf,chb03,0.1631326550588772,21.7,,
P6b-default,gedai,chb03_31.edf,chb03,0.1579649382019398,18.6,,
P6b-default,gedai,chb03_32.edf,chb03,0.1629250159889363,19.7,,
P6b-default,gedai,chb03_33.edf,chb03,0.1917935618563842,20.0,,
P6b-default,gedai,chb03_34.edf,chb03,0.2297862415152253,19.4,,
P6b-default,gedai,chb03_35.edf,chb03,0.3127614314698965,19.5,,
P6b-default,gedai,chb03_36.edf,chb03,0.1162729100022401,20.0,,
P6b-default,gedai,chb03_37.edf,chb03,0.8900674758378179,15.2,,
P6b-default,gedai,chb03_38.edf,chb03,0.2934470074584155,14.1,,
P6b-default,gedai,chb04_01.edf,chb04,0.2452498825508124,94.1,,
P6b-default,gedai,chb04_02.edf,chb04,0.3385219972195765,94.5,,
P6b-default,gedai,chb04_03.edf,chb04,0.5758969070845575,94.4,,
P6b-default,gedai,chb04_04.edf,chb04,0.2435712347258319,94.0,,
P6b-default,gedai,chb04_05.edf,chb04,0.9999436165993366,60.1,,
P6b-default,gedai,chb04_06.edf,chb04,0.344763805106893,93.7,,
P6b-default,gedai,chb04_07.edf,chb04,0.4281854604827111,41.7,,
P6b-default,gedai,chb04_08.edf,chb04,0.2735516211811148,80.7,,
P6b-default,gedai,chb04_09.edf,chb04,0.3405305631871312,81.0,,
P6b-default,gedai,chb04_10.edf,chb04,0.8752139051991318,80.3,,
P6b-default,gedai,chb04_11.edf,chb04,0.3254150636648957,29.3,,
P6b-default,gedai,chb04_12.edf,chb04,0.2225547838643788,80.6,,
P6b-default,gedai,chb04_13.edf,chb04,0.1847764011301048,77.3,,
P6b-default,gedai,chb04_14.edf,chb04,0.119312656777843,74.2,,
P6b-default,gedai,chb04_15.edf,chb04,0.1524903078270967,81.2,,
P6b-default,gedai,chb04_16.edf,chb04,0.12491063826083,81.0,,
P6b-default,gedai,chb04_17.edf,chb04,0.9994904683298744,75.0,,
P6b-default,gedai,chb04_18.edf,chb04,0.1704570870719818,81.3,,
P6b-default,gedai,chb04_21.edf,chb04,0.2723969720304102,80.4,,
P6b-default,gedai,chb04_22.edf,chb04,0.3615103059664623,73.1,,
P6b-default,gedai,chb04_24.edf,chb04,0.2668075025193267,76.2,,
P6b-default,gedai,chb04_25.edf,chb04,0.2676330556926496,76.8,,
P6b-default,gedai,chb04_26.edf,chb04,0.9908261453479764,76.0,,
P6b-default,gedai,chb04_27.edf,chb04,0.2098279783329744,76.1,,
P6b-default,gedai,chb04_28.edf,chb04,0.9992752593868705,75.1,,
P6b-default,gedai,chb04_29.edf,chb04,0.8970835192007885,71.3,,
P6b-default,gedai,chb04_30.edf,chb04,0.3195495308760036,74.9,,
P6b-default,gedai,chb04_31.edf,chb04,0.0865834961110598,76.4,,
P6b-default,gedai,chb04_32.edf,chb04,0.999536128839274,76.9,,
P6b-default,gedai,chb04_33.edf,chb04,0.9994578197516604,76.9,,
P6b-default,gedai,chb04_34.edf,chb04,0.9994152837907332,76.7,,
P6b-default,gedai,chb04_35.edf,chb04,0.0738651538634434,74.6,,
P6b-default,gedai,chb04_36.edf,chb04,0.9994490353934188,75.3,,
P6b-default,gedai,chb04_37.edf,chb04,0.9995357595254044,32.1,,
P6b-default,gedai,chb04_38.edf,chb04,0.1313200137637503,76.8,,
P6b-default,gedai,chb04_39.edf,chb04,0.3604494431032704,77.0,,
P6b-default,gedai,chb04_40.edf,chb04,0.2884734791071723,76.0,,
P6b-default,gedai,chb04_41.edf,chb04,0.9584755170143092,73.0,,
P6b-default,gedai,chb04_42.edf,chb04,0.5717867857847561,30.9,,
P6b-default,gedai,chb04_43.edf,chb04,0.2553886885274889,50.4,,
P6b-default,gedai,chb05_01.edf,chb05,0.448413217952756,22.9,,
P6b-default,gedai,chb05_02.edf,chb05,0.5440847430339225,22.6,,
P6b-default,gedai,chb05_03.edf,chb05,0.6653168061121291,21.9,,
P6b-default,gedai,chb05_04.edf,chb05,0.325405496581494,22.8,,
P6b-default,gedai,chb05_05.edf,chb05,0.3566165251637143,22.4,,
P6b-default,gedai,chb05_06.edf,chb05,0.999527535364073,22.3,,
P6b-default,gedai,chb05_07.edf,chb05,0.9993344619933496,21.8,,
P6b-default,gedai,chb05_08.edf,chb05,0.9993515857665278,22.6,,
P6b-default,gedai,chb05_09.edf,chb05,0.9993196796805448,22.7,,
P6b-default,gedai,chb05_10.edf,chb05,0.999338623594894,22.5,,
P6b-default,gedai,chb05_11.edf,chb05,0.9993865666531508,22.2,,
P6b-default,gedai,chb05_12.edf,chb05,0.9994203261435236,22.4,,
P6b-default,gedai,chb05_13.edf,chb05,0.999545125815137,21.8,,
P6b-default,gedai,chb05_14.edf,chb05,0.5496005450289464,22.7,,
P6b-default,gedai,chb05_15.edf,chb05,0.9917503716940892,22.0,,
P6b-default,gedai,chb05_16.edf,chb05,0.9995493921732668,22.1,,
P6b-default,gedai,chb05_17.edf,chb05,0.9995289934636954,21.7,,
P6b-default,gedai,chb05_18.edf,chb05,0.6743285848121734,22.2,,
P6b-default,gedai,chb05_19.edf,chb05,0.9958902821869804,21.7,,
P6b-default,gedai,chb05_20.edf,chb05,0.6958118372070938,22.4,,
P6b-default,gedai,chb05_21.edf,chb05,0.7696994982941396,22.5,,
P6b-default,gedai,chb05_22.edf,chb05,0.9529176304232252,22.5,,
P6b-default,gedai,chb05_23.edf,chb05,0.999242444025178,22.2,,
P6b-default,gedai,chb05_24.edf,chb05,0.9993225506164394,22.3,,
P6b-default,gedai,chb05_25.edf,chb05,0.9993362584914414,21.0,,
P6b-default,gedai,chb05_26.edf,chb05,0.9993451656543628,21.5,,
P6b-default,gedai,chb05_27.edf,chb05,0.6070653024805391,21.6,,
P6b-default,gedai,chb05_28.edf,chb05,0.6754385936870557,21.9,,
P6b-default,gedai,chb05_29.edf,chb05,0.6604187312312984,21.5,,
P6b-default,gedai,chb05_30.edf,chb05,0.9325239430967852,21.4,,
P6b-default,gedai,chb05_31.edf,chb05,0.9993658722084436,21.0,,
P6b-default,gedai,chb05_32.edf,chb05,0.999330825914256,21.6,,
P6b-default,gedai,chb05_33.edf,chb05,0.9935734400539898,22.0,,
P6b-default,gedai,chb05_34.edf,chb05,0.9992965957522792,21.7,,
P6b-default,gedai,chb05_35.edf,chb05,0.9992967371033288,21.9,,
P6b-default,gedai,chb05_36.edf,chb05,0.9993308914261876,22.1,,
P6b-default,gedai,chb05_37.edf,chb05,0.9993514238506784,18.8,,
P6b-default,gedai,chb05_38.edf,chb05,0.9993469224277112,18.8,,
P6b-default,gedai,chb05_39.edf,chb05,0.9993870864573065,19.2,,
P6b-default,gedai,chb06_01.edf,chb06,0.999548935877208,90.2,,
P6b-default,gedai,chb06_02.edf,chb06,0.9995324759172411,90.6,,
P6b-default,gedai,chb06_03.edf,chb06,0.9994553713237436,90.8,,
P6b-default,gedai,chb06_04.edf,chb06,0.2081062721183565,81.2,,
P6b-default,gedai,chb06_05.edf,chb06,0.2423563634778406,91.8,,
P6b-default,gedai,chb06_06.edf,chb06,0.999527489092904,91.2,,
P6b-default,gedai,chb06_07.edf,chb06,0.9995292894462448,74.0,,
P6b-default,gedai,chb06_08.edf,chb06,0.9994856243875008,76.1,,
P6b-default,gedai,chb06_09.edf,chb06,0.9994816238063816,75.9,,
P6b-default,gedai,chb06_10.edf,chb06,0.999570404471194,76.8,,
P6b-default,gedai,chb06_12.edf,chb06,0.8484701103722601,76.1,,
P6b-default,gedai,chb06_13.edf,chb06,0.6364003233004324,76.7,,
P6b-default,gedai,chb06_14.edf,chb06,0.600693641624743,70.7,,
P6b-default,gedai,chb06_15.edf,chb06,0.9993873014700798,73.1,,
P6b-default,gedai,chb06_16.edf,chb06,0.9993625371325772,16.8,,
P6b-default,gedai,chb06_17.edf,chb06,0.9994382214216728,73.2,,
P6b-default,gedai,chb06_18.edf,chb06,0.4432312995540871,40.7,,
P6b-default,gedai,chb06_24.edf,chb06,0.9841146659012258,72.9,,
P6b-default,gedai,chb07_01.edf,chb07,0.3239526503426417,86.9,,
P6b-default,gedai,chb07_02.edf,chb07,0.8778391511559869,86.8,,
P6b-default,gedai,chb07_03.edf,chb07,0.999359447345402,86.0,,
P6b-default,gedai,chb07_04.edf,chb07,0.5117074224206901,86.4,,
P6b-default,gedai,chb07_05.edf,chb07,0.1253224447490576,87.0,,
P6b-default,gedai,chb07_06.edf,chb07,0.2877683261132248,31.5,,
P6b-default,gedai,chb07_07.edf,chb07,0.4419508628270649,27.1,,
P6b-default,gedai,chb07_08.edf,chb07,0.3482157106804939,80.0,,
P6b-default,gedai,chb07_09.edf,chb07,0.3463975626410895,85.1,,
P6b-default,gedai,chb07_10.edf,chb07,0.9993791123346752,83.4,,
P6b-default,gedai,chb07_11.edf,chb07,0.9994021781617768,84.4,,
P6b-default,gedai,chb07_12.edf,chb07,0.325920956099738,84.8,,
P6b-default,gedai,chb07_13.edf,chb07,0.2184705021714415,23.1,,
P6b-default,gedai,chb07_14.edf,chb07,0.1351459461980554,79.6,,
P6b-default,gedai,chb07_15.edf,chb07,0.272946297825216,79.8,,
P6b-default,gedai,chb07_16.edf,chb07,0.2779385898103113,79.2,,
P6b-default,gedai,chb07_17.edf,chb07,0.9993226195485294,78.9,,
P6b-default,gedai,chb07_18.edf,chb07,0.9993358201915524,65.1,,
P6b-default,gedai,chb07_19.edf,chb07,0.2730358422499829,80.3,,
P6b-default,gedai,chb08_02.edf,chb08,0.9992354565110092,22.3,,
P6b-default,gedai,chb08_03.edf,chb08,0.9992510494646606,22.6,,
P6b-default,gedai,chb08_04.edf,chb08,0.999233587177774,22.1,,
P6b-default,gedai,chb08_05.edf,chb08,0.6221829670340393,22.2,,
P6b-default,gedai,chb08_10.edf,chb08,0.999353382760378,22.2,,
P6b-default,gedai,chb08_11.edf,chb08,0.9994594551795491,22.4,,
P6b-default,gedai,chb08_12.edf,chb08,0.999263509229619,21.9,,
P6b-default,gedai,chb08_13.edf,chb08,0.9994282940892336,21.6,,
P6b-default,gedai,chb08_14.edf,chb08,0.9993050972025228,21.9,,
P6b-default,gedai,chb08_15.edf,chb08,0.9992666781216591,21.5,,
P6b-default,gedai,chb08_16.edf,chb08,0.9992933204256614,21.3,,
P6b-default,gedai,chb08_17.edf,chb08,0.9992985285474054,21.6,,
P6b-default,gedai,chb08_18.edf,chb08,0.9992203584009628,21.4,,
P6b-default,gedai,chb08_19.edf,chb08,0.9993462269738492,21.5,,
P6b-default,gedai,chb08_20.edf,chb08,0.3174534770129016,21.9,,
P6b-default,gedai,chb08_21.edf,chb08,0.9992939046095686,21.0,,
P6b-default,gedai,chb08_22.edf,chb08,0.9992603025257196,21.5,,
P6b-default,gedai,chb08_23.edf,chb08,0.9992291471255752,21.3,,
P6b-default,gedai,chb08_24.edf,chb08,0.999359245728777,17.2,,
P6b-default,gedai,chb08_29.edf,chb08,0.9993124427925544,17.3,,
P6b-default,gedai,chb09_01.edf,chb09,0.927165000424316,48.6,,
P6b-default,gedai,chb09_02.edf,chb09,0.5892741973025315,87.8,,
P6b-default,gedai,chb09_03.edf,chb09,0.8290516668245709,87.9,,
P6b-default,gedai,chb09_04.edf,chb09,0.9995429815525216,87.2,,
P6b-default,gedai,chb09_05.edf,chb09,0.1055304564746881,87.4,,
P6b-default,gedai,chb09_06.edf,chb09,0.2096886873522069,87.6,,
P6b-default,gedai,chb09_07.edf,chb09,0.5819961743411203,82.1,,
P6b-default,gedai,chb09_08.edf,chb09,0.4550720896226817,87.6,,
P6b-default,gedai,chb09_09.edf,chb09,0.4362432712269611,86.8,,
P6b-default,gedai,chb09_10.edf,chb09,0.7386511356968555,87.7,,
P6b-default,gedai,chb09_11.edf,chb09,0.4568230865379355,88.0,,
P6b-default,gedai,chb09_12.edf,chb09,0.6888217656358838,87.6,,
P6b-default,gedai,chb09_13.edf,chb09,0.3996202887999369,84.0,,
P6b-default,gedai,chb09_14.edf,chb09,0.4528578586302134,79.9,,
P6b-default,gedai,chb09_15.edf,chb09,0.6438214324981565,80.9,,
P6b-default,gedai,chb09_16.edf,chb09,0.9994030967647364,76.1,,
P6b-default,gedai,chb09_17.edf,chb09,0.7046567496022198,6.6,,
P6b-default,gedai,chb09_18.edf,chb09,0.4409363734822553,80.1,,
P6b-default,gedai,chb09_19.edf,chb09,0.9995209657553588,33.7,,
P6b-default,gedai,chb10_01.edf,chb10,0.9992420293219,43.6,,
P6b-default,gedai,chb10_02.edf,chb10,0.9994684175559928,43.8,,
P6b-default,gedai,chb10_03.edf,chb10,0.9993531808818038,43.8,,
P6b-default,gedai,chb10_04.edf,chb10,0.9991873269966004,43.2,,
P6b-default,gedai,chb10_05.edf,chb10,0.9994198545740546,43.3,,
P6b-default,gedai,chb10_06.edf,chb10,0.999306934568846,43.6,,
P6b-default,gedai,chb10_07.edf,chb10,0.9993311593368158,43.4,,
P6b-default,gedai,chb10_08.edf,chb10,0.9994293046729836,42.7,,
P6b-default,gedai,chb10_12.edf,chb10,0.9989073075099076,43.7,,
P6b-default,gedai,chb10_13.edf,chb10,0.9993907794028108,43.0,,
P6b-default,gedai,chb10_14.edf,chb10,0.9994544163704796,43.0,,
P6b-default,gedai,chb10_15.edf,chb10,0.999263971373449,43.6,,
P6b-default,gedai,chb10_16.edf,chb10,0.999249883902162,42.3,,
P6b-default,gedai,chb10_17.edf,chb10,0.9994569132564466,42.5,,
P6b-default,gedai,chb10_18.edf,chb10,0.999411096460034,42.6,,
P6b-default,gedai,chb10_19.edf,chb10,0.9994630493717308,42.7,,
P6b-default,gedai,chb10_20.edf,chb10,0.9994328476826528,43.2,,
P6b-default,gedai,chb10_21.edf,chb10,0.9993105439835186,43.0,,
P6b-default,gedai,chb10_22.edf,chb10,0.9993063454645722,42.1,,
P6b-default,gedai,chb10_27.edf,chb10,0.9994053798312632,42.7,,
P6b-default,gedai,chb10_28.edf,chb10,0.999356998061218,42.8,,
P6b-default,gedai,chb10_30.edf,chb10,0.9994892218340145,43.0,,
P6b-default,gedai,chb10_31.edf,chb10,0.9993926015857896,42.5,,
P6b-default,gedai,chb10_38.edf,chb10,0.9994442859741756,42.4,,
P6b-default,gedai,chb10_89.edf,chb10,0.9993040356452516,36.1,,
P6b-default,gedai,chb11_01.edf,chb11,0.9992880618169352,22.0,,
P6b-default,gedai,chb11_02.edf,chb11,0.3220960278945225,22.4,,
P6b-default,gedai,chb11_03.edf,chb11,0.3141758560088764,22.2,,
P6b-default,gedai,chb11_04.edf,chb11,0.3660194098267161,21.4,,
P6b-default,gedai,chb11_05.edf,chb11,0.2498263768595563,22.2,,
P6b-default,gedai,chb11_06.edf,chb11,0.2308234910172318,22.6,,
P6b-default,gedai,chb11_07.edf,chb11,0.2176607719562122,21.5,,
P6b-default,gedai,chb11_08.edf,chb11,0.204880842021925,21.8,,
P6b-default,gedai,chb11_09.edf,chb11,0.2494934793603449,21.8,,
P6b-default,gedai,chb11_10.edf,chb11,0.2980985896291594,22.1,,
P6b-default,gedai,chb11_11.edf,chb11,0.1756737320926618,21.9,,
P6b-default,gedai,chb11_12.edf,chb11,0.1756381071887675,22.0,,
P6b-default,gedai,chb11_13.edf,chb11,0.1766511121000268,22.2,,
P6b-default,gedai,chb11_14.edf,chb11,0.1640870830333763,21.6,,
P6b-default,gedai,chb11_15.edf,chb11,0.1765774385647584,21.6,,
P6b-default,gedai,chb11_16.edf,chb11,0.5781623038349082,21.8,,
P6b-default,gedai,chb11_17.edf,chb11,0.9993786124440416,21.7,,
P6b-default,gedai,chb11_18.edf,chb11,0.7084852782179412,22.1,,
P6b-default,gedai,chb11_19.edf,chb11,0.9992975015282184,21.0,,
P6b-default,gedai,chb11_24.edf,chb11,0.9992585524439256,21.3,,
P6b-default,gedai,chb11_25.edf,chb11,0.3172984500644868,21.4,,
P6b-default,gedai,chb11_26.edf,chb11,0.2314284035551407,22.0,,
P6b-default,gedai,chb11_27.edf,chb11,0.2124100625797811,22.0,,
P6b-default,gedai,chb11_53.edf,chb11,0.999301238292114,21.1,,
P6b-default,gedai,chb11_54.edf,chb11,0.9993891560158644,21.4,,
P6b-default,gedai,chb11_55.edf,chb11,0.3964624859590176,21.5,,
P6b-default,gedai,chb11_56.edf,chb11,0.418129803142386,21.6,,
P6b-default,gedai,chb11_58.edf,chb11,0.982382120311051,21.5,,
P6b-default,gedai,chb11_60.edf,chb11,0.999426253166988,21.1,,
P6b-default,gedai,chb11_61.edf,chb11,0.9994272733953652,21.3,,
P6b-default,gedai,chb11_62.edf,chb11,0.9743044076788544,20.2,,
P6b-default,gedai,chb11_63.edf,chb11,0.642760187335969,20.3,,
P6b-default,gedai,chb11_82.edf,chb11,0.5194299806993651,20.0,,
P6b-default,gedai,chb11_92.edf,chb11,0.1826454733851564,20.4,,
P6b-default,gedai,chb11_99.edf,chb11,0.17517099728198,16.9,,
P6b-default,gedai,chb12_06.edf,chb12,0.6240659392667953,21.7,,
P6b-default,gedai,chb12_08.edf,chb12,0.999288639157291,21.5,,
P6b-default,gedai,chb12_09.edf,chb12,0.999357828771338,21.6,,
P6b-default,gedai,chb12_10.edf,chb12,0.999214845162096,21.1,,
P6b-default,gedai,chb12_11.edf,chb12,0.9993333564876438,14.3,,
P6b-default,gedai,chb12_19.edf,chb12,0.3236461707441411,22.1,,
P6b-default,gedai,chb12_20.edf,chb12,0.6213781402351143,20.8,,
P6b-default,gedai,chb12_21.edf,chb12,0.3159738015434011,21.7,,
P6b-default,gedai,chb12_23.edf,chb12,0.3234042313498733,21.9,,
P6b-default,gedai,chb12_24.edf,chb12,0.2931959531367973,21.8,,
P6b-default,gedai,chb12_32.edf,chb12,0.4851647457423887,21.7,,
P6b-default,gedai,chb12_33.edf,chb12,0.9992589743710548,21.4,,
P6b-default,gedai,chb12_34.edf,chb12,0.9775524632742204,20.9,,
P6b-default,gedai,chb12_35.edf,chb12,0.9993213893405876,20.9,,
P6b-default,gedai,chb12_36.edf,chb12,0.5140591698818363,21.9,,
P6b-default,gedai,chb12_37.edf,chb12,0.6322378139068838,22.6,,
P6b-default,gedai,chb12_38.edf,chb12,0.9952703616043188,21.3,,
P6b-default,gedai,chb12_39.edf,chb12,0.2539289787498849,21.9,,
P6b-default,gedai,chb12_40.edf,chb12,0.9039007651322796,19.4,,
P6b-default,gedai,chb12_41.edf,chb12,0.9992446209694208,18.4,,
P6b-default,gedai,chb12_42.edf,chb12,0.4163082246183135,18.5,,
P6b-default,gedai,chb13_02.edf,chb13,0.3244799211311616,22.3,,
P6b-default,gedai,chb13_03.edf,chb13,0.2873966141806046,22.0,,
P6b-default,gedai,chb13_04.edf,chb13,0.2393296718712431,21.7,,
P6b-default,gedai,chb13_05.edf,chb13,0.9995422516412734,21.7,,
P6b-default,gedai,chb13_06.edf,chb13,0.2806372282660574,22.2,,
P6b-default,gedai,chb13_07.edf,chb13,0.2534936281617145,21.8,,
P6b-default,gedai,chb13_08.edf,chb13,0.9994214685717574,20.8,,
P6b-default,gedai,chb13_09.edf,chb13,0.999322189564606,21.5,,
P6b-default,gedai,chb13_10.edf,chb13,0.999341864515235,21.5,,
P6b-default,gedai,chb13_11.edf,chb13,0.9993621410060726,21.7,,
P6b-default,gedai,chb13_12.edf,chb13,0.9956327525089468,21.6,,
P6b-default,gedai,chb13_13.edf,chb13,0.8565387086899587,21.8,,
P6b-default,gedai,chb13_14.edf,chb13,0.9791236470876852,21.2,,
P6b-default,gedai,chb13_15.edf,chb13,0.9993489347902208,21.5,,
P6b-default,gedai,chb13_16.edf,chb13,0.4560868976572991,22.0,,
P6b-default,gedai,chb13_18.edf,chb13,0.3191720279368732,22.3,,
P6b-default,gedai,chb13_19.edf,chb13,0.2999386509425588,22.3,,
P6b-default,gedai,chb13_21.edf,chb13,0.2490561988728501,22.3,,
P6b-default,gedai,chb13_22.edf,chb13,0.3234009965785941,21.8,,
P6b-default,gedai,chb13_24.edf,chb13,0.4453847748378719,22.0,,
P6b-default,gedai,chb13_30.edf,chb13,0.176578313997801,21.7,,
P6b-default,gedai,chb13_36.edf,chb13,0.9994350224043108,21.8,,
P6b-default,gedai,chb13_37.edf,chb13,0.9993234327280112,20.9,,
P6b-default,gedai,chb13_38.edf,chb13,0.9992987511464564,21.6,,
P6b-default,gedai,chb13_39.edf,chb13,0.9993598801064844,20.8,,
P6b-default,gedai,chb13_40.edf,chb13,0.4150775272529965,21.5,,
P6b-default,gedai,chb13_47.edf,chb13,0.250813282186512,22.1,,
P6b-default,gedai,chb13_55.edf,chb13,0.553145601890131,21.1,,
P6b-default,gedai,chb13_56.edf,chb13,0.9995361856321732,21.3,,
P6b-default,gedai,chb13_58.edf,chb13,0.7421628680862618,21.6,,
P6b-default,gedai,chb13_59.edf,chb13,0.4569479005333277,18.2,,
P6b-default,gedai,chb13_60.edf,chb13,0.999458995451194,18.3,,
P6b-default,gedai,chb13_62.edf,chb13,0.9791968900067856,18.2,,
P6b-default,gedai,chb14_01.edf,chb14,0.9995652722808356,22.0,,
P6b-default,gedai,chb14_02.edf,chb14,0.999558318895282,21.8,,
P6b-default,gedai,chb14_03.edf,chb14,0.9995659360552132,22.0,,
P6b-default,gedai,chb14_04.edf,chb14,0.9995529162425812,22.0,,
P6b-default,gedai,chb14_06.edf,chb14,0.9995600919981074,21.9,,
P6b-default,gedai,chb14_11.edf,chb14,0.9994767622854516,21.9,,
P6b-default,gedai,chb14_12.edf,chb14,0.9993111474708484,21.9,,
P6b-default,gedai,chb14_13.edf,chb14,0.9994312397852188,22.1,,
P6b-default,gedai,chb14_14.edf,chb14,0.9993961804904496,21.8,,
P6b-default,gedai,chb14_16.edf,chb14,0.9994992863869372,22.0,,
P6b-default,gedai,chb14_17.edf,chb14,0.9994609329298328,21.9,,
P6b-default,gedai,chb14_18.edf,chb14,0.9994974732682504,21.7,,
P6b-default,gedai,chb14_19.edf,chb14,0.9995195240984353,21.5,,
P6b-default,gedai,chb14_20.edf,chb14,0.9994365032963164,21.7,,
P6b-default,gedai,chb14_22.edf,chb14,0.9995166792353836,21.5,,
P6b-default,gedai,chb14_24.edf,chb14,0.9990197427897172,21.9,,
P6b-default,gedai,chb14_25.edf,chb14,0.9995297761093228,22.0,,
P6b-default,gedai,chb14_26.edf,chb14,0.9995413906599516,21.6,,
P6b-default,gedai,chb14_27.edf,chb14,0.999405168915013,21.0,,
P6b-default,gedai,chb14_29.edf,chb14,0.9994974006487276,21.6,,
P6b-default,gedai,chb14_30.edf,chb14,0.9994714483956998,21.2,,
P6b-default,gedai,chb14_32.edf,chb14,0.5777450457533585,21.3,,
P6b-default,gedai,chb14_37.edf,chb14,0.999434733342897,21.1,,
P6b-default,gedai,chb14_39.edf,chb14,0.9994879018383704,21.4,,
P6b-default,gedai,chb14_42.edf,chb14,0.9993316730326224,19.0,,
P6b-default,gedai,chb15_01.edf,chb15,0.2456056426791726,22.3,,
P6b-default,gedai,chb15_02.edf,chb15,0.2138383949442522,22.2,,
P6b-default,gedai,chb15_03.edf,chb15,0.7095140452564519,22.0,,
P6b-default,gedai,chb15_04.edf,chb15,0.9994771480668424,21.6,,
P6b-default,gedai,chb15_05.edf,chb15,0.9993662585783932,22.1,,
P6b-default,gedai,chb15_06.edf,chb15,0.9996056193860836,22.1,,
P6b-default,gedai,chb15_07.edf,chb15,0.9996188727074524,21.8,,
P6b-default,gedai,chb15_08.edf,chb15,0.999495810402386,22.0,,
P6b-default,gedai,chb15_09.edf,chb15,0.9893993593747225,21.9,,
P6b-default,gedai,chb15_10.edf,chb15,0.999591221887627,21.6,,
P6b-default,gedai,chb15_11.edf,chb15,0.9994124647321344,22.2,,
P6b-default,gedai,chb15_12.edf,chb15,0.4370296694247705,22.6,,
P6b-default,gedai,chb15_13.edf,chb15,0.308981522395847,22.7,,
P6b-default,gedai,chb15_14.edf,chb15,0.5049146280946828,22.5,,
P6b-default,gedai,chb15_15.edf,chb15,0.2256634784958419,21.7,,
P6b-default,gedai,chb15_16.edf,chb15,0.4064721144607664,22.0,,
P6b-default,gedai,chb15_17.edf,chb15,0.999623033421118,21.8,,
P6b-default,gedai,chb15_19.edf,chb15,0.2536109706954018,22.0,,
P6b-default,gedai,chb15_20.edf,chb15,0.2665852341874997,22.4,,
P6b-default,gedai,chb15_22.edf,chb15,0.3507501965090936,22.3,,
P6b-default,gedai,chb15_26.edf,chb15,0.306268279451562,22.9,,
P6b-default,gedai,chb15_28.edf,chb15,0.503836724720249,22.2,,
P6b-default,gedai,chb15_29.edf,chb15,0.9993718513986476,21.9,,
P6b-default,gedai,chb15_30.edf,chb15,0.9994189772567936,21.9,,
P6b-default,gedai,chb15_31.edf,chb15,0.9838824749646196,21.6,,
P6b-default,gedai,chb15_32.edf,chb15,0.9994215786596804,21.2,,
P6b-default,gedai,chb15_33.edf,chb15,0.9995019322943064,22.2,,
P6b-default,gedai,chb15_35.edf,chb15,0.9189939635439492,22.3,,
P6b-default,gedai,chb15_37.edf,chb15,0.9994017272371722,21.9,,
P6b-default,gedai,chb15_40.edf,chb15,0.3229035967273972,22.3,,
P6b-default,gedai,chb15_45.edf,chb15,0.2140017227647084,21.8,,
P6b-default,gedai,chb15_46.edf,chb15,0.2217954575457131,21.7,,
P6b-default,gedai,chb15_49.edf,chb15,0.2697800009101341,22.5,,
P6b-default,gedai,chb15_50.edf,chb15,0.5729248166002223,22.0,,
P6b-default,gedai,chb15_51.edf,chb15,0.8709518007493692,22.1,,
P6b-default,gedai,chb15_52.edf,chb15,0.4230546520829812,21.9,,
P6b-default,gedai,chb15_54.edf,chb15,0.7258109003654147,19.5,,
P6b-default,gedai,chb15_61.edf,chb15,0.544308754513579,20.1,,
P6b-default,gedai,chb15_62.edf,chb15,0.953093961034474,19.2,,
P6b-default,gedai,chb15_63.edf,chb15,0.8431109762882039,19.3,,
P6b-default,gedai,chb16_01.edf,chb16,0.0406532156647807,22.2,,
P6b-default,gedai,chb16_02.edf,chb16,0.234589814778184,21.9,,
P6b-default,gedai,chb16_03.edf,chb16,0.2449264455712094,22.3,,
P6b-default,gedai,chb16_04.edf,chb16,0.2560475779048114,21.8,,
P6b-default,gedai,chb16_05.edf,chb16,0.9994520674891904,21.6,,
P6b-default,gedai,chb16_06.edf,chb16,0.9994704927373944,21.7,,
P6b-default,gedai,chb16_07.edf,chb16,0.6558620207692517,22.1,,
P6b-default,gedai,chb16_08.edf,chb16,0.99451218865307,21.4,,
P6b-default,gedai,chb16_09.edf,chb16,0.6650796401897237,21.9,,
P6b-default,gedai,chb16_10.edf,chb16,0.2828258358222724,22.9,,
P6b-default,gedai,chb16_11.edf,chb16,0.3024712825815259,22.5,,
P6b-default,gedai,chb16_12.edf,chb16,0.9995589741733344,22.1,,
P6b-default,gedai,chb16_13.edf,chb16,0.9995026448461088,21.3,,
P6b-default,gedai,chb16_14.edf,chb16,0.9995769005138496,21.6,,
P6b-default,gedai,chb16_15.edf,chb16,0.2701992078637277,22.1,,
P6b-default,gedai,chb16_16.edf,chb16,0.2491565318616727,22.1,,
P6b-default,gedai,chb16_17.edf,chb16,0.2401263922851864,22.1,,
P6b-default,gedai,chb16_18.edf,chb16,0.2145061847753549,21.8,,
P6b-default,gedai,chb16_19.edf,chb16,0.1744767369221171,18.5,,
P6b-default,gedai,chb17a_03.edf,chb17a,0.301626088872273,22.4,,
P6b-default,gedai,chb17a_04.edf,chb17a,0.3710913978529999,22.8,,
P6b-default,gedai,chb17a_05.edf,chb17a,0.294868010889158,22.6,,
P6b-default,gedai,chb17a_06.edf,chb17a,0.999220953496939,22.4,,
P6b-default,gedai,chb17a_08.edf,chb17a,0.3163885006213234,22.6,,
P6b-default,gedai,chb17b_57.edf,chb17b,0.266199345207964,22.3,,
P6b-default,gedai,chb17b_58.edf,chb17b,0.3231892767923181,22.5,,
P6b-default,gedai,chb17b_59.edf,chb17b,0.2393034944377548,22.4,,
P6b-default,gedai,chb17b_60.edf,chb17b,0.4482998056955916,22.2,,
P6b-default,gedai,chb17b_63.edf,chb17b,0.2910752814903305,22.3,,
P6b-default,gedai,chb17b_67.edf,chb17b,0.999334098597171,22.4,,
P6b-default,gedai,chb17b_68.edf,chb17b,0.2524690647606022,21.9,,
P6b-default,gedai,chb17b_69.edf,chb17b,0.3717616201687104,22.0,,
P6b-default,gedai,chb17c_02.edf,chb17c,0.99926883148632,21.7,,
P6b-default,gedai,chb17c_03.edf,chb17c,0.99909222963754,22.1,,
P6b-default,gedai,chb17c_04.edf,chb17c,0.9992707714136524,22.0,,
P6b-default,gedai,chb17c_05.edf,chb17c,0.9992770486160442,21.9,,
P6b-default,gedai,chb17c_06.edf,chb17c,0.9991781766427557,21.6,,
P6b-default,gedai,chb17c_07.edf,chb17c,0.9991132050004976,18.6,,
P6b-default,gedai,chb17c_08.edf,chb17c,0.2670237204800545,19.1,,
P6b-default,gedai,chb17c_13.edf,chb17c,0.2620514902173196,19.5,,
P6b-default,gedai,chb18_01.edf,chb18,0.2866000650311687,22.9,,
P6b-default,gedai,chb18_02.edf,chb18,0.3545347791812849,22.4,,
P6b-default,gedai,chb18_03.edf,chb18,0.3780309104957255,22.8,,
P6b-default,gedai,chb18_04.edf,chb18,0.3796369704779735,22.9,,
P6b-default,gedai,chb18_05.edf,chb18,0.3862928834298896,22.8,,
P6b-default,gedai,chb18_06.edf,chb18,0.3949893677742148,22.2,,
P6b-default,gedai,chb18_07.edf,chb18,0.3980259321463196,22.4,,
P6b-default,gedai,chb18_08.edf,chb18,0.5507087691723471,22.4,,
P6b-default,gedai,chb18_09.edf,chb18,0.9994459556664426,22.1,,
P6b-default,gedai,chb18_10.edf,chb18,0.9772648788835124,22.2,,
P6b-default,gedai,chb18_11.edf,chb18,0.999400008534399,22.4,,
P6b-default,gedai,chb18_12.edf,chb18,0.9994512239069988,21.7,,
P6b-default,gedai,chb18_13.edf,chb18,0.9990965078996756,21.6,,
P6b-default,gedai,chb18_14.edf,chb18,0.9971428215718252,21.9,,
P6b-default,gedai,chb18_15.edf,chb18,0.4223077366754105,22.3,,
P6b-default,gedai,chb18_16.edf,chb18,0.3804547374344735,22.4,,
P6b-default,gedai,chb18_17.edf,chb18,0.4205778686304965,22.4,,
P6b-default,gedai,chb18_18.edf,chb18,0.3875795001893438,22.5,,
P6b-default,gedai,chb18_19.edf,chb18,0.399803264015637,21.9,,
P6b-default,gedai,chb18_20.edf,chb18,0.3383715679452787,21.7,,
P6b-default,gedai,chb18_21.edf,chb18,0.3028107623710822,22.2,,
P6b-default,gedai,chb18_22.edf,chb18,0.360855014115984,22.1,,
P6b-default,gedai,chb18_23.edf,chb18,0.425036940777538,22.1,,
P6b-default,gedai,chb18_24.edf,chb18,0.9994267239322316,21.5,,
P6b-default,gedai,chb18_25.edf,chb18,0.9993843295470628,22.3,,
P6b-default,gedai,chb18_26.edf,chb18,0.9992830090151128,22.3,,
P6b-default,gedai,chb18_27.edf,chb18,0.9934614656131756,22.3,,
P6b-default,gedai,chb18_28.edf,chb18,0.9994748393153065,22.6,,
P6b-default,gedai,chb18_29.edf,chb18,0.5623938672013262,22.8,,
P6b-default,gedai,chb18_30.edf,chb18,0.9678589112959848,22.6,,
P6b-default,gedai,chb18_31.edf,chb18,0.3843426978537131,14.2,,
P6b-default,gedai,chb18_32.edf,chb18,0.1383980037413658,21.2,,
P6b-default,gedai,chb18_33.edf,chb18,0.9931179168126122,21.7,,
P6b-default,gedai,chb18_34.edf,chb18,0.4012268880828187,21.8,,
P6b-default,gedai,chb18_35.edf,chb18,0.9958178058034204,21.4,,
P6b-default,gedai,chb18_36.edf,chb18,0.5075888064069767,21.7,,
P6b-default,gedai,chb19_01.edf,chb19,0.3760913157176281,22.3,,
P6b-default,gedai,chb19_02.edf,chb19,0.3483346809641517,22.2,,
P6b-default,gedai,chb19_03.edf,chb19,0.3128515046959577,22.5,,
P6b-default,gedai,chb19_04.edf,chb19,0.999505297961522,21.4,,
P6b-default,gedai,chb19_05.edf,chb19,0.3282297383224806,22.8,,
P6b-default,gedai,chb19_06.edf,chb19,0.9995536215033092,21.4,,
P6b-default,gedai,chb19_08.edf,chb19,0.9993638485386988,21.6,,
P6b-default,gedai,chb19_09.edf,chb19,0.9992623205843876,21.2,,
P6b-default,gedai,chb19_10.edf,chb19,0.9993135882791356,21.3,,
P6b-default,gedai,chb19_11.edf,chb19,0.9993430130478864,21.5,,
P6b-default,gedai,chb19_12.edf,chb19,0.999373092099017,21.3,,
P6b-default,gedai,chb19_13.edf,chb19,0.999272609130756,21.0,,
P6b-default,gedai,chb19_14.edf,chb19,0.9892659242195548,21.5,,
P6b-default,gedai,chb19_15.edf,chb19,0.477183804441547,21.2,,
P6b-default,gedai,chb19_16.edf,chb19,0.3984971593509178,22.0,,
P6b-default,gedai,chb19_17.edf,chb19,0.3411358728476578,22.0,,
P6b-default,gedai,chb19_18.edf,chb19,0.2881499690866917,22.5,,
P6b-default,gedai,chb19_19.edf,chb19,0.3565487829987959,22.3,,
P6b-default,gedai,chb19_20.edf,chb19,0.9995334071953068,21.5,,
P6b-default,gedai,chb19_21.edf,chb19,0.3835715675942121,22.2,,
P6b-default,gedai,chb19_22.edf,chb19,0.3587089203673665,21.8,,
P6b-default,gedai,chb19_23.edf,chb19,0.9994182528015284,21.6,,
P6b-default,gedai,chb19_24.edf,chb19,0.9983170944831624,21.4,,
P6b-default,gedai,chb19_25.edf,chb19,0.9994413734072582,21.3,,
P6b-default,gedai,chb19_26.edf,chb19,0.3723469959077273,20.4,,
P6b-default,gedai,chb19_27.edf,chb19,0.9992042204821524,20.6,,
P6b-default,gedai,chb19_28.edf,chb19,0.6328686850422022,20.9,,
P6b-default,gedai,chb19_29.edf,chb19,0.9992984052752693,20.3,,
P6b-default,gedai,chb19_30.edf,chb19,0.8536527147371953,18.8,,
P6b-default,gedai,chb20_01.edf,chb20,0.4847437611044382,22.6,,
P6b-default,gedai,chb20_02.edf,chb20,0.8642230067983,22.0,,
P6b-default,gedai,chb20_03.edf,chb20,0.3465955008414729,22.6,,
P6b-default,gedai,chb20_04.edf,chb20,0.5312317723975607,22.4,,
P6b-default,gedai,chb20_05.edf,chb20,0.6783363502499212,21.8,,
P6b-default,gedai,chb20_06.edf,chb20,0.5903965346091982,22.6,,
P6b-default,gedai,chb20_07.edf,chb20,0.7488723545237309,21.8,,
P6b-default,gedai,chb20_08.edf,chb20,0.5234693291502461,22.1,,
P6b-default,gedai,chb20_11.edf,chb20,0.9992344417147356,21.7,,
P6b-default,gedai,chb20_12.edf,chb20,0.999377250054446,21.9,,
P6b-default,gedai,chb20_13.edf,chb20,0.9993882044642974,21.6,,
P6b-default,gedai,chb20_14.edf,chb20,0.9992845364697374,21.4,,
P6b-default,gedai,chb20_15.edf,chb20,0.999365522950064,21.2,,
P6b-default,gedai,chb20_16.edf,chb20,0.7062042820773646,20.9,,
P6b-default,gedai,chb20_17.edf,chb20,0.4741181883021615,21.3,,
P6b-default,gedai,chb20_21.edf,chb20,0.2842015080267361,21.8,,
P6b-default,gedai,chb20_22.edf,chb20,0.5762547636091683,5.6,,
P6b-default,gedai,chb20_23.edf,chb20,0.5359143465773772,17.7,,
P6b-default,gedai,chb20_25.edf,chb20,0.5252042123102937,20.6,,
P6b-default,gedai,chb20_26.edf,chb20,0.3973640852534171,20.9,,
P6b-default,gedai,chb20_27.edf,chb20,0.4717956696657494,21.3,,
P6b-default,gedai,chb20_28.edf,chb20,0.4773525503990773,21.0,,
P6b-default,gedai,chb20_29.edf,chb20,0.3609244628975473,21.3,,
P6b-default,gedai,chb20_30.edf,chb20,0.7358054733079046,21.1,,
P6b-default,gedai,chb20_31.edf,chb20,0.5973414474667073,20.4,,
P6b-default,gedai,chb20_34.edf,chb20,0.4694039031552441,19.8,,
P6b-default,gedai,chb20_59.edf,chb20,0.999352918968628,20.4,,
P6b-default,gedai,chb20_60.edf,chb20,0.9992556698530912,20.2,,
P6b-default,gedai,chb20_68.edf,chb20,0.9421211829827648,12.1,,
P6b-default,gedai,chb21_01.edf,chb21,0.3817864424954914,22.5,,
P6b-default,gedai,chb21_02.edf,chb21,0.4145324469100133,22.7,,
P6b-default,gedai,chb21_03.edf,chb21,0.4298655584256007,22.1,,
P6b-default,gedai,chb21_04.edf,chb21,0.4140371954082656,22.4,,
P6b-default,gedai,chb21_05.edf,chb21,0.3831171244574433,22.6,,
P6b-default,gedai,chb21_06.edf,chb21,0.3940527415832825,22.6,,
P6b-default,gedai,chb21_07.edf,chb21,0.5404092156548064,21.7,,
P6b-default,gedai,chb21_08.edf,chb21,0.6312281894680706,21.6,,
P6b-default,gedai,chb21_09.edf,chb21,0.9993495802917052,21.9,,
P6b-default,gedai,chb21_10.edf,chb21,0.9993142992688602,21.9,,
P6b-default,gedai,chb21_11.edf,chb21,0.999214542756154,21.8,,
P6b-default,gedai,chb21_12.edf,chb21,0.999255724517047,21.7,,
P6b-default,gedai,chb21_13.edf,chb21,0.9992547090194972,21.6,,
P6b-default,gedai,chb21_14.edf,chb21,0.5384504317417875,21.4,,
P6b-default,gedai,chb21_15.edf,chb21,0.3828629891969625,22.1,,
P6b-default,gedai,chb21_16.edf,chb21,0.3558777082889271,22.7,,
P6b-default,gedai,chb21_17.edf,chb21,0.3618038252365281,22.2,,
P6b-default,gedai,chb21_18.edf,chb21,0.4080759675020002,22.5,,
P6b-default,gedai,chb21_19.edf,chb21,0.3472079679254221,21.8,,
P6b-default,gedai,chb21_20.edf,chb21,0.3663769915699657,18.5,,
P6b-default,gedai,chb21_21.edf,chb21,0.3814218651033958,21.5,,
P6b-default,gedai,chb21_22.edf,chb21,0.3470442182108577,21.9,,
P6b-default,gedai,chb21_23.edf,chb21,0.3929033489367831,21.7,,
P6b-default,gedai,chb21_24.edf,chb21,0.3407854116457749,21.5,,
P6b-default,gedai,chb21_25.edf,chb21,0.223814309025755,20.5,,
P6b-default,gedai,chb21_26.edf,chb21,0.9683374191421298,21.4,,
P6b-default,gedai,chb21_27.edf,chb21,0.9039245584646172,21.5,,
P6b-default,gedai,chb21_28.edf,chb21,0.9991831180356636,21.4,,
P6b-default,gedai,chb21_29.edf,chb21,0.2786612004726942,21.6,,
P6b-default,gedai,chb21_30.edf,chb21,0.3527744254364798,21.8,,
P6b-default,gedai,chb21_31.edf,chb21,0.1815435210623051,18.9,,
P6b-default,gedai,chb21_32.edf,chb21,0.9994519215086716,18.4,,
P6b-default,gedai,chb22_01.edf,chb22,0.2940917145057487,22.5,,
P6b-default,gedai,chb22_02.edf,chb22,0.9994141706212404,21.7,,
P6b-default,gedai,chb22_03.edf,chb22,0.9993417182242074,21.8,,
P6b-default,gedai,chb22_04.edf,chb22,0.9992230626204912,21.8,,
P6b-default,gedai,chb22_05.edf,chb22,0.927537303358681,21.9,,
P6b-default,gedai,chb22_07.edf,chb22,0.7508862190128753,22.0,,
P6b-default,gedai,chb22_08.edf,chb22,0.9993962308578368,22.1,,
P6b-default,gedai,chb22_09.edf,chb22,0.307919937110126,22.4,,
P6b-default,gedai,chb22_10.edf,chb22,0.2837601369562211,22.5,,
P6b-default,gedai,chb22_11.edf,chb22,0.2757808442427893,23.4,,
P6b-default,gedai,chb22_15.edf,chb22,0.2695211509247436,22.6,,
P6b-default,gedai,chb22_16.edf,chb22,0.262404146227307,22.7,,
P6b-default,gedai,chb22_18.edf,chb22,0.3110547673797866,22.8,,
P6b-default,gedai,chb22_19.edf,chb22,0.2941773809843158,22.0,,
P6b-default,gedai,chb22_20.edf,chb22,0.2693684905120931,22.2,,
P6b-default,gedai,chb22_21.edf,chb22,0.3256049201530676,21.8,,
P6b-default,gedai,chb22_22.edf,chb22,0.9993782417873086,21.8,,
P6b-default,gedai,chb22_23.edf,chb22,0.2997348744036731,22.4,,
P6b-default,gedai,chb22_24.edf,chb22,0.2631692410018533,22.3,,
P6b-default,gedai,chb22_25.edf,chb22,0.3563635367300774,21.9,,
P6b-default,gedai,chb22_26.edf,chb22,0.9994274463135896,21.8,,
P6b-default,gedai,chb22_27.edf,chb22,0.9992530493667424,21.8,,
P6b-default,gedai,chb22_28.edf,chb22,0.9994043080555084,21.4,,
P6b-default,gedai,chb22_29.edf,chb22,0.9992675245692184,21.7,,
P6b-default,gedai,chb22_30.edf,chb22,0.999413525272658,20.9,,
P6b-default,gedai,chb22_38.edf,chb22,0.2983466351431948,21.0,,
P6b-default,gedai,chb22_51.edf,chb22,0.5001371726026758,21.0,,
P6b-default,gedai,chb22_54.edf,chb22,0.9992019747716608,20.1,,
P6b-default,gedai,chb22_77.edf,chb22,0.999451821518333,21.0,,
P6b-default,gedai,chb23_06.edf,chb23,0.3189906526082443,49.0,,
P6b-default,gedai,chb23_07.edf,chb23,0.2723077412478158,17.9,,
P6b-default,gedai,chb23_08.edf,chb23,0.2800574469279563,67.1,,
P6b-default,gedai,chb23_09.edf,chb23,0.2735037190806655,90.8,,
P6b-default,gedai,chb23_10.edf,chb23,0.2502736448836848,90.4,,
P6b-default,gedai,chb23_16.edf,chb23,0.5326304982436173,90.3,,
P6b-default,gedai,chb23_17.edf,chb23,0.27594367150092,75.5,,
P6b-default,gedai,chb23_19.edf,chb23,0.9990838985582834,81.9,,
P6b-default,gedai,chb23_20.edf,chb23,0.4950453471382146,26.6,,
P6b-default,gedai,chb24_01.edf,chb24,0.9995586061443814,22.6,,
P6b-default,gedai,chb24_02.edf,chb24,0.1115791859662199,22.8,,
P6b-default,gedai,chb24_03.edf,chb24,0.1779910821690109,22.9,,
P6b-default,gedai,chb24_04.edf,chb24,0.9995045332852248,22.5,,
P6b-default,gedai,chb24_05.edf,chb24,0.999297088131759,22.6,,
P6b-default,gedai,chb24_06.edf,chb24,0.9993602961284366,22.4,,
P6b-default,gedai,chb24_07.edf,chb24,0.999302250254029,21.7,,
P6b-default,gedai,chb24_08.edf,chb24,0.9991871049068808,22.1,,
P6b-default,gedai,chb24_09.edf,chb24,0.9992836100029364,22.0,,
P6b-default,gedai,chb24_10.edf,chb24,0.9992077885957008,21.9,,
P6b-default,gedai,chb24_11.edf,chb24,0.9993976344438938,21.7,,
P6b-default,gedai,chb24_12.edf,chb24,0.9992203472088226,21.7,,
P6b-default,gedai,chb24_13.edf,chb24,0.9993531169744356,21.5,,
P6b-default,gedai,chb24_14.edf,chb24,0.9993178362500832,21.4,,
P6b-default,gedai,chb24_15.edf,chb24,0.992001363297394,21.6,,
P6b-default,gedai,chb24_16.edf,chb24,0.9993729707764538,21.2,,
P6b-default,gedai,chb24_17.edf,chb24,0.9995156332428836,21.5,,
P6b-default,gedai,chb24_18.edf,chb24,0.9994981156306636,21.5,,
P6b-default,gedai,chb24_19.edf,chb24,0.19739364528632,19.6,,
P6b-default,gedai,chb24_20.edf,chb24,0.2667717593549312,19.3,,
P6b-default,gedai,chb24_21.edf,chb24,0.999524247545044,18.6,,
P6b-default,gedai,chb24_22.edf,chb24,0.9994807803463632,6.6,,
P6c,amica,chb01_01.edf,chb01,0.4266033483926054,428.6,1.0,0
P6c,amica,chb01_02.edf,chb01,0.5378699571747436,424.4,2.0,0;3
P6c,amica,chb01_03.edf,chb01,0.8894200780042767,428.3,1.0,0
P6c,amica,chb01_04.edf,chb01,0.8364061114609815,422.0,1.0,1
P6c,amica,chb01_05.edf,chb01,0.4029844679918707,424.9,2.0,0;9
P6c,amica,chb01_06.edf,chb01,0.2483796370979497,426.5,3.0,0;1;7
P6c,amica,chb01_07.edf,chb01,0.4460732726328982,369.8,1.0,0
P6c,amica,chb01_08.edf,chb01,0.5194229710039537,374.6,1.0,0
P6c,amica,chb01_09.edf,chb01,0.4235695356268262,371.0,2.0,0;2
P6c,amica,chb01_10.edf,chb01,0.5054198992889803,372.0,1.0,0
P6c,amica,chb01_11.edf,chb01,0.2942052416124327,373.6,3.0,0;2;7
P6c,amica,chb01_12.edf,chb01,0.3749005720232874,373.5,2.0,0;2
P6c,amica,chb01_13.edf,chb01,0.3889766605319771,249.3,3.0,0;3;9
P6c,amica,chb01_14.edf,chb01,0.7884962224630379,254.1,1.0,0
P6c,amica,chb01_15.edf,chb01,0.7224591307648648,250.8,2.0,0;2
P6c,amica,chb01_16.edf,chb01,0.8507002619580473,254.1,1.0,0
P6c,amica,chb01_17.edf,chb01,0.8797307176515188,251.7,1.0,3
P6c,amica,chb01_18.edf,chb01,1.0,247.2,0.0,
P6c,amica,chb01_19.edf,chb01,0.7669317566065055,267.4,2.0,2;5
P6c,amica,chb01_20.edf,chb01,0.8977796672442769,192.9,1.0,2
P6c,amica,chb01_21.edf,chb01,0.6893454813199664,267.2,1.0,0
P6c,amica,chb01_22.edf,chb01,0.2824349713845125,268.9,3.0,0;1;8
P6c,amica,chb01_23.edf,chb01,0.4320555055161302,265.1,3.0,0;2;10
P6c,amica,chb01_24.edf,chb01,0.3816315313877313,266.0,3.0,0;2;8
P6c,amica,chb01_25.edf,chb01,0.5344982135777471,269.3,3.0,0;3;9
P6c,amica,chb01_26.edf,chb01,0.8301935112562632,175.5,1.0,1
P6c,amica,chb01_29.edf,chb01,0.7922138470255062,275.4,1.0,0
P6c,amica,chb01_30.edf,chb01,0.5087478823493145,278.5,2.0,0;3
P6c,amica,chb01_31.edf,chb01,0.6172529269799686,282.4,3.0,0;4;6
P6c,amica,chb01_32.edf,chb01,0.6806916450285736,277.9,2.0,0;7
P6c,amica,chb01_33.edf,chb01,0.4895447311970738,282.6,3.0,0;3;5
P6c,amica,chb01_34.edf,chb01,0.7755873341549591,277.1,2.0,1;7
P6c,amica,chb01_36.edf,chb01,0.8276217131486583,287.8,1.0,0
P6c,amica,chb01_37.edf,chb01,0.7075448317338593,283.5,2.0,0;2
P6c,amica,chb01_38.edf,chb01,0.8529716299372233,284.7,1.0,3
P6c,amica,chb01_39.edf,chb01,0.6838685771042795,285.0,3.0,0;2;6
P6c,amica,chb01_40.edf,chb01,0.935162575754849,269.3,1.0,6
P6c,amica,chb01_41.edf,chb01,0.88866913277844,263.6,1.0,5
P6c,amica,chb01_42.edf,chb01,0.6766535240208147,221.1,3.0,1;2;15
P6c,amica,chb01_43.edf,chb01,0.8803300846771397,223.2,1.0,2
P6c,amica,chb01_46.edf,chb01,0.603676954011991,218.7,1.0,0
P6c,amica,chb02_03.edf,chb02,0.8176581205273665,310.3,1.0,1
P6c,amica,chb02_04.edf,chb02,0.8524497485625309,306.1,1.0,0
P6c,amica,chb02_06.edf,chb02,0.7030010000732975,306.6,2.0,0;4
P6c,amica,chb02_07.edf,chb02,0.6920684885148944,305.1,2.0,0;4
P6c,amica,chb02_08.edf,chb02,0.6937129459168235,307.8,3.0,1;3;11
P6c,amica,chb02_09.edf,chb02,0.8354031025826693,305.0,1.0,2
P6c,amica,chb02_10.edf,chb02,0.8619272171949789,291.6,1.0,2
P6c,amica,chb02_11.edf,chb02,0.8765312048910736,290.5,1.0,3
P6c,amica,chb02_12.edf,chb02,1.0,283.9,0.0,
P6c,amica,chb02_13.edf,chb02,0.9139763874606528,291.4,1.0,10
P6c,amica,chb02_14.edf,chb02,0.8081596863257368,292.1,2.0,1;9
P6c,amica,chb02_15.edf,chb02,0.7824415777963637,290.6,3.0,1;3;7
P6c,amica,chb02_16+.edf,chb02,1.0,252.2,0.0,
P6c,amica,chb02_16.edf,chb02,0.8320660647611167,70.4,2.0,2;3
P6c,amica,chb02_17.edf,chb02,0.7020384198595953,261.2,2.0,0;3
P6c,amica,chb02_18.edf,chb02,0.7482413899382906,264.0,1.0,0
P6c,amica,chb02_19.edf,chb02,0.5299547937294578,264.4,2.0,0;2
P6c,amica,chb02_21.edf,chb02,0.8644756227850039,265.7,2.0,2;6
P6c,amica,chb02_22.edf,chb02,0.8960430298373574,264.5,2.0,2;11
P6c,amica,chb02_23.edf,chb02,0.6106058261161214,260.4,2.0,0;2
P6c,amica,chb02_24.edf,chb02,0.5210455064423121,265.3,2.0,0;1
P6c,amica,chb02_25.edf,chb02,0.5937736937083368,267.8,2.0,0;1
P6c,amica,chb02_26.edf,chb02,0.5700216109459663,271.0,2.0,0;3
P6c,amica,chb02_27.edf,chb02,0.6261489149250659,270.1,2.0,0;1
P6c,amica,chb02_28.edf,chb02,0.8657879627222004,270.8,1.0,3
P6c,amica,chb02_29.edf,chb02,0.9022957737826008,270.4,1.0,3
P6c,amica,chb02_30.edf,chb02,0.8185476652703387,273.4,2.0,3;4
P6c,amica,chb02_32.edf,chb02,0.8059434401127087,274.7,2.0,2;3
P6c,amica,chb02_33.edf,chb02,0.931104848841579,275.7,1.0,3
P6c,amica,chb02_34.edf,chb02,0.7695917558566697,273.2,2.0,2;3
P6c,amica,chb02_35.edf,chb02,0.790047964812864,280.1,1.0,0
P6c,amica,chb03_01.edf,chb03,0.2264132666913357,237.2,3.0,0;1;6
P6c,amica,chb03_02.edf,chb03,0.5284902938605348,244.9,1.0,0
P6c,amica,chb03_03.edf,chb03,0.4471187903301206,245.1,2.0,0;2
P6c,amica,chb03_04.edf,chb03,0.1784301235586508,249.0,2.0,0;1
P6c,amica,chb03_05.edf,chb03,0.4071816160987127,250.5,2.0,0;1
P6c,amica,chb03_06.edf,chb03,0.7708649707183749,250.4,1.0,0
P6c,amica,chb03_07.edf,chb03,1.0,213.4,0.0,
P6c,amica,chb03_08.edf,chb03,0.6267908319928014,212.8,2.0,0;1
P6c,amica,chb03_09.edf,chb03,0.8293158183133108,215.2,1.0,3
P6c,amica,chb03_10.edf,chb03,0.3401010220470117,217.7,2.0,0;1
P6c,amica,chb03_11.edf,chb03,0.8145222807173756,221.1,1.0,0
P6c,amica,chb03_12.edf,chb03,1.0,216.4,0.0,
P6c,amica,chb03_13.edf,chb03,0.7069145360954114,210.1,2.0,1;3
P6c,amica,chb03_14.edf,chb03,1.0,206.3,0.0,
P6c,amica,chb03_15.edf,chb03,1.0,208.2,0.0,
P6c,amica,chb03_16.edf,chb03,0.3239554354999947,216.4,2.0,0;1
P6c,amica,chb03_17.edf,chb03,0.4268630091226238,207.8,1.0,0
P6c,amica,chb03_18.edf,chb03,0.3145399037546564,218.1,2.0,0;1
P6c,amica,chb03_19.edf,chb03,0.2035553070323756,211.1,2.0,0;1
P6c,amica,chb03_20.edf,chb03,0.2547673558887227,210.3,3.0,0;1;6
P6c,amica,chb03_21.edf,chb03,0.2919077290561616,211.9,2.0,0;1
P6c,amica,chb03_22.edf,chb03,0.2384799252091745,209.7,2.0,0;1
P6c,amica,chb03_23.edf,chb03,0.8430606996059758,217.5,1.0,0
P6c,amica,chb03_24.edf,chb03,0.1208476035268942,218.8,2.0,0;1
P6c,amica,chb03_25.edf,chb03,0.2205033759012838,209.9,2.0,0;1
P6c,amica,chb03_26.edf,chb03,0.207778114078608,205.1,2.0,0;1
P6c,amica,chb03_27.edf,chb03,0.6072000710913235,207.3,1.0,0
P6c,amica,chb03_28.edf,chb03,0.6107178173376315,208.2,2.0,0;2
P6c,amica,chb03_29.edf,chb03,0.3039041914306646,215.2,3.0,0;1;6
P6c,amica,chb03_30.edf,chb03,0.6725441259166871,216.9,2.0,0;5
P6c,amica,chb03_31.edf,chb03,0.7042672131335578,205.7,3.0,1;4;13
P6c,amica,chb03_32.edf,chb03,0.6200809986137384,212.1,2.0,0;3
P6c,amica,chb03_33.edf,chb03,0.7829698307315502,206.6,1.0,1
P6c,amica,chb03_34.edf,chb03,0.8416671379727398,206.9,2.0,1;5
P6c,amica,chb03_35.edf,chb03,0.8848530481700052,210.1,1.0,1
P6c,amica,chb03_36.edf,chb03,0.812932193458685,209.5,3.0,2;6;12
P6c,amica,chb03_37.edf,chb03,0.3024092959226272,224.4,3.0,0;1;3
P6c,amica,chb03_38.edf,chb03,0.5822029699626393,231.5,1.0,0
P6c,amica,chb04_01.edf,chb04,0.6345513102881181,880.1,1.0,0
P6c,amica,chb04_02.edf,chb04,0.7645840391483266,884.9,1.0,0
P6c,amica,chb04_03.edf,chb04,1.0,910.5,0.0,
P6c,amica,chb04_04.edf,chb04,0.6386231456977312,904.8,2.0,0;5
P6c,amica,chb04_05.edf,chb04,1.0,593.1,0.0,
P6c,amica,chb04_06.edf,chb04,0.667726608944689,909.2,1.0,0
P6c,amica,chb04_07.edf,chb04,0.6449677227956538,470.5,1.0,0
P6c,amica,chb04_08.edf,chb04,0.6808444115920751,1027.9,1.0,0
P6c,amica,chb04_09.edf,chb04,0.7359646949402757,1023.3,2.0,1;3
P6c,amica,chb04_10.edf,chb04,0.911978814550816,1017.1,1.0,2
P6c,amica,chb04_11.edf,chb04,0.6820792505457549,334.6,3.0,1;2;3
P6c,amica,chb04_12.edf,chb04,0.6907376349833481,1017.8,2.0,0;3
P6c,amica,chb04_13.edf,chb04,0.4449695285962672,1028.0,3.0,0;1;11
P6c,amica,chb04_14.edf,chb04,1.0,1059.7,0.0,
P6c,amica,chb04_15.edf,chb04,1.0,1057.8,0.0,
P6c,amica,chb04_16.edf,chb04,0.1386914974369673,1061.8,3.0,0;1;4
P6c,amica,chb04_17.edf,chb04,0.1234879519636115,1016.7,3.0,0;1;4
P6c,amica,chb04_18.edf,chb04,1.0,1056.0,0.0,
P6c,amica,chb04_21.edf,chb04,0.6211235315353808,1049.8,1.0,0
P6c,amica,chb04_22.edf,chb04,0.6074927860720641,1029.7,2.0,0;6
P6c,amica,chb04_24.edf,chb04,0.5546370543014371,1029.1,2.0,0;1
P6c,amica,chb04_25.edf,chb04,0.6810539329848166,1029.0,1.0,0
P6c,amica,chb04_26.edf,chb04,0.8725700677863188,1030.7,1.0,0
P6c,amica,chb04_27.edf,chb04,0.6986772690215525,1028.5,1.0,0
P6c,amica,chb04_28.edf,chb04,0.8757515757931958,1032.6,1.0,0
P6c,amica,chb04_29.edf,chb04,1.0,1032.5,0.0,
P6c,amica,chb04_30.edf,chb04,0.5203785340979381,1043.9,2.0,0;1
P6c,amica,chb04_31.edf,chb04,0.5455015698072609,1040.8,3.0,0;3;10
P6c,amica,chb04_32.edf,chb04,0.6413681248332762,1040.6,3.0,0;5;12
P6c,amica,chb04_33.edf,chb04,0.4905909471101253,1043.7,3.0,0;3;4
P6c,amica,chb04_34.edf,chb04,0.1246645713415678,1056.2,4.0,0;1;2;3
P6c,amica,chb04_35.edf,chb04,0.6516801459398283,1048.0,2.0,1;3
P6c,amica,chb04_36.edf,chb04,0.979020506380932,1037.6,1.0,2
P6c,amica,chb04_37.edf,chb04,0.806750433974385,414.4,2.0,1;3
P6c,amica,chb04_38.edf,chb04,0.1949841787449134,1028.2,3.0,0;1;3
P6c,amica,chb04_39.edf,chb04,0.7366372068817351,1032.4,1.0,0
P6c,amica,chb04_40.edf,chb04,0.5903504790968002,1163.0,3.0,0;1;9
P6c,amica,chb04_41.edf,chb04,0.9158115581695934,1358.6,1.0,2
P6c,amica,chb04_42.edf,chb04,0.9426246223477608,399.8,1.0,3
P6c,amica,chb04_43.edf,chb04,0.624461098167567,1804.8,2.0,0;6
P6c,amica,chb05_01.edf,chb05,0.8326477985647817,499.3,1.0,0
P6c,amica,chb05_02.edf,chb05,0.844216773449414,490.3,1.0,1
P6c,amica,chb05_03.edf,chb05,0.8680625849304865,491.9,1.0,2
P6c,amica,chb05_04.edf,chb05,0.9047981526944712,477.8,1.0,2
P6c,amica,chb05_05.edf,chb05,0.8904662833275251,493.7,1.0,2
P6c,amica,chb05_06.edf,chb05,1.0,489.5,0.0,
P6c,amica,chb05_07.edf,chb05,0.881558519863614,465.6,1.0,0
P6c,amica,chb05_08.edf,chb05,0.8350776649789335,483.4,2.0,0;13
P6c,amica,chb05_09.edf,chb05,1.0,480.9,0.0,
P6c,amica,chb05_10.edf,chb05,1.0,482.8,0.0,
P6c,amica,chb05_11.edf,chb05,0.9016013558003168,474.0,1.0,1
P6c,amica,chb05_12.edf,chb05,0.914067329923662,487.6,1.0,1
P6c,amica,chb05_13.edf,chb05,0.9033561085764706,491.2,1.0,1
P6c,amica,chb05_14.edf,chb05,0.770177444371175,507.6,1.0,0
P6c,amica,chb05_15.edf,chb05,0.9385917569890748,517.6,1.0,4
P6c,amica,chb05_16.edf,chb05,1.0,511.4,0.0,
P6c,amica,chb05_17.edf,chb05,1.0,510.5,0.0,
P6c,amica,chb05_18.edf,chb05,1.0,524.3,0.0,
P6c,amica,chb05_19.edf,chb05,1.0,507.9,0.0,
P6c,amica,chb05_20.edf,chb05,1.0,518.4,0.0,
P6c,amica,chb05_21.edf,chb05,1.0,527.3,0.0,
P6c,amica,chb05_22.edf,chb05,1.0,514.8,0.0,
P6c,amica,chb05_23.edf,chb05,0.8829098626988096,523.4,1.0,6
P6c,amica,chb05_24.edf,chb05,1.0,524.6,0.0,
P6c,amica,chb05_25.edf,chb05,0.9112007515562578,511.2,1.0,0
P6c,amica,chb05_26.edf,chb05,0.8560869228079502,522.3,1.0,1
P6c,amica,chb05_27.edf,chb05,0.872073639775328,530.0,1.0,3
P6c,amica,chb05_28.edf,chb05,1.0,532.5,0.0,
P6c,amica,chb05_29.edf,chb05,0.8733579450088649,529.9,1.0,2
P6c,amica,chb05_30.edf,chb05,1.0,533.5,0.0,
P6c,amica,chb05_31.edf,chb05,0.912229098949758,515.8,1.0,1
P6c,amica,chb05_32.edf,chb05,1.0,520.3,0.0,
P6c,amica,chb05_33.edf,chb05,0.936908421768334,526.1,1.0,3
P6c,amica,chb05_34.edf,chb05,0.8999925911636482,521.3,1.0,2
P6c,amica,chb05_35.edf,chb05,0.6419444537082967,527.0,3.0,1;2;5
P6c,amica,chb05_36.edf,chb05,1.0,527.4,0.0,
P6c,amica,chb05_37.edf,chb05,1.0,481.7,0.0,
P6c,amica,chb05_38.edf,chb05,1.0,484.7,0.0,
P6c,amica,chb05_39.edf,chb05,0.8605062920602938,493.3,1.0,2
P6c,amica,chb06_01.edf,chb06,0.7840990580820186,1865.4,2.0,0;4
P6c,amica,chb06_02.edf,chb06,0.812062417178117,1836.5,2.0,1;5
P6c,amica,chb06_03.edf,chb06,0.9863998375406584,1856.5,1.0,10
P6c,amica,chb06_04.edf,chb06,0.5733997554536581,1665.3,1.0,0
P6c,amica,chb06_05.edf,chb06,0.6773349311463284,1814.2,1.0,0
P6c,amica,chb06_06.edf,chb06,0.9621572015176798,1849.9,1.0,9
P6c,amica,chb06_07.edf,chb06,0.7917985675529547,1561.0,2.0,1;4
P6c,amica,chb06_08.edf,chb06,0.7958756315788804,1477.3,3.0,1;7;9
P6c,amica,chb06_09.edf,chb06,0.8304678298012147,1474.9,2.0,1;9
P6c,amica,chb06_10.edf,chb06,1.0,1470.0,0.0,
P6c,amica,chb06_12.edf,chb06,0.9527759330475868,1480.7,1.0,4
P6c,amica,chb06_13.edf,chb06,0.9493974614485492,1471.0,1.0,4
P6c,amica,chb06_14.edf,chb06,0.8011908083358413,1215.5,2.0,1;4
P6c,amica,chb06_15.edf,chb06,0.6916164776242942,1226.1,2.0,0;10
P6c,amica,chb06_16.edf,chb06,0.9800413241530176,243.6,1.0,10
P6c,amica,chb06_17.edf,chb06,0.9504940840789814,1236.3,1.0,3
P6c,amica,chb06_18.edf,chb06,1.0,666.8,0.0,
P6c,amica,chb06_24.edf,chb06,0.6863564197768577,1247.2,2.0,0;5
P6c,amica,chb07_01.edf,chb07,0.2742440650463582,1351.2,2.0,0;1
P6c,amica,chb07_02.edf,chb07,0.5900561504097237,1349.5,2.0,0;2
P6c,amica,chb07_03.edf,chb07,1.0,1358.8,0.0,
P6c,amica,chb07_04.edf,chb07,1.0,1376.8,0.0,
P6c,amica,chb07_05.edf,chb07,0.547662522631999,1381.2,1.0,0
P6c,amica,chb07_06.edf,chb07,0.3002633420690954,502.6,3.0,0;1;2
P6c,amica,chb07_07.edf,chb07,0.6041758085751512,422.8,1.0,0
P6c,amica,chb07_08.edf,chb07,0.3283809003025617,1575.3,2.0,0;1
P6c,amica,chb07_09.edf,chb07,0.3242697756961748,1634.7,2.0,0;1
P6c,amica,chb07_10.edf,chb07,1.0,1638.2,0.0,
P6c,amica,chb07_11.edf,chb07,1.0,1634.9,0.0,
P6c,amica,chb07_12.edf,chb07,0.3585589619302904,1652.8,2.0,0;1
P6c,amica,chb07_13.edf,chb07,0.6628069340997623,362.2,1.0,0
P6c,amica,chb07_14.edf,chb07,0.8861466327962164,1660.7,1.0,1
P6c,amica,chb07_15.edf,chb07,0.4566127147396134,1483.7,2.0,0;2
P6c,amica,chb07_16.edf,chb07,0.535705389811462,1309.6,2.0,0;3
P6c,amica,chb07_17.edf,chb07,0.891131692124337,1321.6,1.0,1
P6c,amica,chb07_18.edf,chb07,0.8749811469951627,1121.4,1.0,1
P6c,amica,chb07_19.edf,chb07,0.4634615896894488,1311.9,2.0,0;3
P6c,amica,chb08_02.edf,chb08,0.6795059816238638,403.0,1.0,0
P6c,amica,chb08_03.edf,chb08,0.913300299593229,411.1,3.0,5;9;15
P6c,amica,chb08_04.edf,chb08,0.9024190644392917,392.2,3.0,9;12;13
P6c,amica,chb08_05.edf,chb08,0.7454297019493059,395.8,2.0,0;2
P6c,amica,chb08_10.edf,chb08,0.5677986977509027,407.1,1.0,0
P6c,amica,chb08_11.edf,chb08,0.6527177065633801,399.3,1.0,0
P6c,amica,chb08_12.edf,chb08,0.6469342907945974,400.9,2.0,0;5
P6c,amica,chb08_13.edf,chb08,0.6153317484411694,400.0,2.0,0;3
P6c,amica,chb08_14.edf,chb08,0.8685895835559304,400.1,1.0,1
P6c,amica,chb08_15.edf,chb08,0.9702416071335817,403.9,1.0,14
P6c,amica,chb08_16.edf,chb08,0.9381933025548596,405.0,1.0,4
P6c,amica,chb08_17.edf,chb08,0.8143228315584218,408.8,3.0,2;4;7
P6c,amica,chb08_18.edf,chb08,0.9587439267274812,397.3,1.0,5
P6c,amica,chb08_19.edf,chb08,0.9457165450106412,409.2,1.0,3
P6c,amica,chb08_20.edf,chb08,0.7033459122458606,409.7,2.0,0;5
P6c,amica,chb08_21.edf,chb08,0.6651067355066892,405.1,2.0,0;4
P6c,amica,chb08_22.edf,chb08,1.0,407.1,0.0,
P6c,amica,chb08_23.edf,chb08,0.7642185558645611,407.3,4.0,3;5;7;9
P6c,amica,chb08_24.edf,chb08,0.6056532631930214,282.9,2.0,0;3
P6c,amica,chb08_29.edf,chb08,0.6723533825189782,287.2,2.0,0;6
P6c,amica,chb09_01.edf,chb09,0.8095790195170418,886.0,2.0,0;4
P6c,amica,chb09_02.edf,chb09,0.787367868965545,1622.8,2.0,0;4
P6c,amica,chb09_03.edf,chb09,0.8991465462923001,1597.2,1.0,1
P6c,amica,chb09_04.edf,chb09,1.0,1620.8,0.0,
P6c,amica,chb09_05.edf,chb09,1.0,1577.8,0.0,
P6c,amica,chb09_06.edf,chb09,0.597398199118033,1535.9,1.0,0
P6c,amica,chb09_07.edf,chb09,0.7507583709976744,1619.9,2.0,0;4
P6c,amica,chb09_08.edf,chb09,0.833076082813446,1553.5,1.0,0
P6c,amica,chb09_09.edf,chb09,0.8443269460680293,1581.3,1.0,0
P6c,amica,chb09_10.edf,chb09,0.9110758764806404,1588.3,1.0,1
P6c,amica,chb09_11.edf,chb09,0.93264112039639,1600.0,1.0,4
P6c,amica,chb09_12.edf,chb09,1.0,1594.2,0.0,
P6c,amica,chb09_13.edf,chb09,0.737994787899912,1505.0,2.0,0;5
P6c,amica,chb09_14.edf,chb09,0.6791690004324444,1321.6,2.0,0;4
P6c,amica,chb09_15.edf,chb09,0.7613779888203818,1311.2,2.0,0;5
P6c,amica,chb09_16.edf,chb09,0.8980689521723683,1238.6,1.0,1
P6c,amica,chb09_17.edf,chb09,0.9171312279969144,103.4,1.0,11
P6c,amica,chb09_18.edf,chb09,0.6703646313147937,1287.4,2.0,0;3
P6c,amica,chb09_19.edf,chb09,0.8201949386680969,618.9,1.0,0
P6c,amica,chb10_01.edf,chb10,1.0,536.7,0.0,
P6c,amica,chb10_02.edf,chb10,0.8543248606644046,522.7,1.0,1
P6c,amica,chb10_03.edf,chb10,0.7754974258747014,527.3,2.0,1;5
P6c,amica,chb10_04.edf,chb10,0.950051111420333,534.7,1.0,5
P6c,amica,chb10_05.edf,chb10,0.7206313583809665,534.5,2.0,0;8
P6c,amica,chb10_06.edf,chb10,0.7769318393695193,536.1,2.0,1;5
P6c,amica,chb10_07.edf,chb10,1.0,543.0,0.0,
P6c,amica,chb10_08.edf,chb10,1.0,538.7,0.0,
P6c,amica,chb10_12.edf,chb10,1.0,547.0,0.0,
P6c,amica,chb10_13.edf,chb10,1.0,542.7,0.0,
P6c,amica,chb10_14.edf,chb10,0.8520720433081932,546.8,1.0,4
P6c,amica,chb10_15.edf,chb10,0.8535869177765457,545.5,2.0,6;11
P6c,amica,chb10_16.edf,chb10,0.6362603792424948,538.1,2.0,0;1
P6c,amica,chb10_17.edf,chb10,0.6896766013095336,529.1,2.0,0;5
P6c,amica,chb10_18.edf,chb10,0.7918587129531099,537.6,1.0,0
P6c,amica,chb10_19.edf,chb10,0.9076215729102152,538.5,1.0,6
P6c,amica,chb10_20.edf,chb10,0.9322684233960196,534.3,1.0,3
P6c,amica,chb10_21.edf,chb10,1.0,539.5,0.0,
P6c,amica,chb10_22.edf,chb10,0.825124152363474,518.7,2.0,5;6
P6c,amica,chb10_27.edf,chb10,0.905764830448137,523.2,1.0,5
P6c,amica,chb10_28.edf,chb10,0.6977158953079666,534.8,2.0,0;3
P6c,amica,chb10_30.edf,chb10,0.7101964214840017,541.4,2.0,0;9
P6c,amica,chb10_31.edf,chb10,1.0,537.9,0.0,
P6c,amica,chb10_38.edf,chb10,0.883609982279963,543.0,1.0,1
P6c,amica,chb10_89.edf,chb10,0.7253525933731967,313.6,1.0,0
P6c,amica,chb11_01.edf,chb11,1.0,207.3,0.0,
P6c,amica,chb11_02.edf,chb11,0.780211750801181,199.6,1.0,0
P6c,amica,chb11_03.edf,chb11,0.6820084675624526,208.7,1.0,0
P6c,amica,chb11_04.edf,chb11,0.5031029885759796,198.4,2.0,0;1
P6c,amica,chb11_05.edf,chb11,0.6147477901510959,214.8,2.0,1;3
P6c,amica,chb11_06.edf,chb11,0.293723047025944,186.7,3.0,0;1;3
P6c,amica,chb11_07.edf,chb11,0.2432822805095914,192.1,3.0,0;1;3
P6c,amica,chb11_08.edf,chb11,0.276432026371249,200.1,2.0,0;1
P6c,amica,chb11_09.edf,chb11,0.200633436539082,201.5,2.0,0;1
P6c,amica,chb11_10.edf,chb11,0.243441497511348,213.2,2.0,0;1
P6c,amica,chb11_11.edf,chb11,0.1245417436508325,208.5,4.0,0;1;2;3
P6c,amica,chb11_12.edf,chb11,0.1426315541199256,213.4,4.0,0;1;2;5
P6c,amica,chb11_13.edf,chb11,0.1464102420167738,185.8,4.0,0;1;2;3
P6c,amica,chb11_14.edf,chb11,0.1227796360964517,196.4,4.0,0;1;2;4
P6c,amica,chb11_15.edf,chb11,0.1101240801443406,199.1,4.0,0;1;2;4
P6c,amica,chb11_16.edf,chb11,0.8188913538795856,211.5,1.0,1
P6c,amica,chb11_17.edf,chb11,0.9330057208150188,209.2,1.0,3
P6c,amica,chb11_18.edf,chb11,0.7779645528616076,214.5,1.0,0
P6c,amica,chb11_19.edf,chb11,0.8488302014443451,190.4,2.0,3;4
P6c,amica,chb11_24.edf,chb11,1.0,191.6,0.0,
P6c,amica,chb11_25.edf,chb11,0.5103466924720218,197.7,2.0,0;1
P6c,amica,chb11_26.edf,chb11,0.5385038883861443,206.9,2.0,0;4
P6c,amica,chb11_27.edf,chb11,0.3275538429269223,211.2,2.0,0;1
P6c,amica,chb11_53.edf,chb11,0.7794078691229918,217.7,2.0,0;3
P6c,amica,chb11_54.edf,chb11,0.8820491557093223,187.6,1.0,3
P6c,amica,chb11_55.edf,chb11,0.6352348852856282,191.4,2.0,0;1
P6c,amica,chb11_56.edf,chb11,0.6938287223307001,196.8,2.0,0;10
P6c,amica,chb11_58.edf,chb11,0.7848054625765054,207.3,2.0,1;5
P6c,amica,chb11_60.edf,chb11,0.7765924100925039,212.1,3.0,7;10;12
P6c,amica,chb11_61.edf,chb11,0.9146625558759396,212.7,1.0,5
P6c,amica,chb11_62.edf,chb11,0.8899611963643486,183.6,1.0,3
P6c,amica,chb11_63.edf,chb11,0.86409892356545,181.9,1.0,0
P6c,amica,chb11_82.edf,chb11,0.6011677529348739,180.4,2.0,0;2
P6c,amica,chb11_92.edf,chb11,0.6529977404916761,167.1,2.0,0;7
P6c,amica,chb11_99.edf,chb11,0.8590203011182724,137.3,2.0,2;11
P6c,amica,chb12_06.edf,chb12,0.9160872715497976,235.1,1.0,3
P6c,amica,chb12_08.edf,chb12,1.0,210.8,0.0,
P6c,amica,chb12_09.edf,chb12,0.9616934409022648,219.0,1.0,13
P6c,amica,chb12_10.edf,chb12,0.8719872464266019,224.7,3.0,3;6;14
P6c,amica,chb12_11.edf,chb12,0.9738848296747148,159.3,1.0,11
P6c,amica,chb12_19.edf,chb12,0.7821135296892476,233.8,1.0,0
P6c,amica,chb12_20.edf,chb12,0.7657343609114508,221.8,1.0,0
P6c,amica,chb12_21.edf,chb12,0.7582620083103141,201.6,1.0,0
P6c,amica,chb12_23.edf,chb12,0.8168570617021552,208.1,1.0,0
P6c,amica,chb12_24.edf,chb12,0.7863596688860229,212.6,1.0,0
P6c,amica,chb12_32.edf,chb12,0.7620426094488888,221.6,2.0,1;6
P6c,amica,chb12_33.edf,chb12,0.8671373044943604,215.4,1.0,2
P6c,amica,chb12_34.edf,chb12,0.8687340631522498,222.0,1.0,1
P6c,amica,chb12_35.edf,chb12,1.0,203.7,0.0,
P6c,amica,chb12_36.edf,chb12,0.8805031428977504,207.4,1.0,2
P6c,amica,chb12_37.edf,chb12,0.9673250215817236,208.7,1.0,12
P6c,amica,chb12_38.edf,chb12,0.9224449226988514,215.8,2.0,13;14
P6c,amica,chb12_39.edf,chb12,0.8942575342472399,216.8,1.0,2
P6c,amica,chb12_40.edf,chb12,0.9465387145654456,174.5,1.0,7
P6c,amica,chb12_41.edf,chb12,0.936085452087404,161.9,2.0,10;13
P6c,amica,chb12_42.edf,chb12,0.9132004304240524,157.5,1.0,3
P6c,amica,chb13_02.edf,chb13,0.7723804195466016,206.0,1.0,0
P6c,amica,chb13_03.edf,chb13,0.7377799838728243,214.4,2.0,0;6
P6c,amica,chb13_04.edf,chb13,0.8114957820976261,219.4,1.0,1
P6c,amica,chb13_05.edf,chb13,0.8538784386252195,221.4,1.0,1
P6c,amica,chb13_06.edf,chb13,0.7687428751268842,193.0,2.0,0;4
P6c,amica,chb13_07.edf,chb13,1.0,202.8,0.0,
P6c,amica,chb13_08.edf,chb13,0.7800912430290174,197.6,3.0,1;7;8
P6c,amica,chb13_09.edf,chb13,0.7857760601020018,205.7,4.0,2;5;8;14
P6c,amica,chb13_10.edf,chb13,0.8198409978854713,210.1,3.0,2;8;13
P6c,amica,chb13_11.edf,chb13,0.7212232821399946,215.8,4.0,3;4;8;10
P6c,amica,chb13_12.edf,chb13,0.7670784236328192,218.2,2.0,2;4
P6c,amica,chb13_13.edf,chb13,0.7933357533821139,216.9,3.0,3;4;13
P6c,amica,chb13_14.edf,chb13,0.905074825942048,197.3,2.0,10;12
P6c,amica,chb13_15.edf,chb13,1.0,203.7,0.0,
P6c,amica,chb13_16.edf,chb13,0.8513198626741836,206.2,1.0,1
P6c,amica,chb13_18.edf,chb13,0.7154589430603805,212.9,1.0,0
P6c,amica,chb13_19.edf,chb13,0.6794351636840249,219.4,1.0,0
P6c,amica,chb13_21.edf,chb13,0.7821872672746953,221.2,1.0,0
P6c,amica,chb13_22.edf,chb13,0.794371990048173,196.6,1.0,0
P6c,amica,chb13_24.edf,chb13,1.0,205.4,0.0,
P6c,amica,chb13_30.edf,chb13,0.7943874219764696,206.5,1.0,0
P6c,amica,chb13_36.edf,chb13,0.8275976441567358,209.8,2.0,2;12
P6c,amica,chb13_37.edf,chb13,0.8588752261260713,214.0,2.0,2;8
P6c,amica,chb13_38.edf,chb13,0.8548299152139959,210.6,2.0,2;10
P6c,amica,chb13_39.edf,chb13,0.8177347195174013,193.7,3.0,2;6;10
P6c,amica,chb13_40.edf,chb13,0.7420308735882731,200.0,3.0,2;5;9
P6c,amica,chb13_47.edf,chb13,0.5564015349654383,208.2,3.0,0;1;5
P6c,amica,chb13_55.edf,chb13,1.0,211.9,0.0,
P6c,amica,chb13_56.edf,chb13,0.8224210066194848,218.2,2.0,2;7
P6c,amica,chb13_58.edf,chb13,0.8473237299866442,214.5,2.0,4;10
P6c,amica,chb13_59.edf,chb13,0.7673508754931662,170.9,1.0,0
P6c,amica,chb13_60.edf,chb13,0.7520072844293209,163.1,3.0,2;3;9
P6c,amica,chb13_62.edf,chb13,0.8052656565536663,156.4,2.0,3;5
P6c,amica,chb14_01.edf,chb14,0.8300087842254973,212.1,1.0,0
P6c,amica,chb14_02.edf,chb14,0.8005228622566458,218.7,1.0,3
P6c,amica,chb14_03.edf,chb14,0.8280553976654712,219.2,1.0,3
P6c,amica,chb14_04.edf,chb14,0.8555109693529167,193.5,1.0,4
P6c,amica,chb14_06.edf,chb14,0.8252482987074305,203.5,1.0,3
P6c,amica,chb14_11.edf,chb14,1.0,207.5,0.0,
P6c,amica,chb14_12.edf,chb14,1.0,197.6,0.0,
P6c,amica,chb14_13.edf,chb14,0.610296859795851,205.1,2.0,1;2
P6c,amica,chb14_14.edf,chb14,0.8632999919901808,205.2,1.0,3
P6c,amica,chb14_16.edf,chb14,1.0,211.5,0.0,
P6c,amica,chb14_17.edf,chb14,0.8956806877602578,215.6,1.0,3
P6c,amica,chb14_18.edf,chb14,1.0,216.4,0.0,
P6c,amica,chb14_19.edf,chb14,1.0,199.7,0.0,
P6c,amica,chb14_20.edf,chb14,1.0,207.0,0.0,
P6c,amica,chb14_22.edf,chb14,1.0,206.6,0.0,
P6c,amica,chb14_24.edf,chb14,0.9024316759720008,210.4,1.0,4
P6c,amica,chb14_25.edf,chb14,0.8824275907180341,215.7,1.0,4
P6c,amica,chb14_26.edf,chb14,0.8733102418987234,217.7,1.0,4
P6c,amica,chb14_27.edf,chb14,1.0,200.3,0.0,
P6c,amica,chb14_29.edf,chb14,0.8768269076727333,202.6,1.0,5
P6c,amica,chb14_30.edf,chb14,0.8567962264656237,204.8,1.0,4
P6c,amica,chb14_32.edf,chb14,0.8539434352317131,204.5,1.0,1
P6c,amica,chb14_37.edf,chb14,1.0,205.3,0.0,
P6c,amica,chb14_39.edf,chb14,1.0,206.0,0.0,
P6c,amica,chb14_42.edf,chb14,1.0,142.9,0.0,
P6c,amica,chb15_01.edf,chb15,1.0,189.1,0.0,
P6c,amica,chb15_02.edf,chb15,0.3302028172463109,201.4,2.0,0;1
P6c,amica,chb15_03.edf,chb15,0.6020527983033124,204.4,2.0,0;4
P6c,amica,chb15_04.edf,chb15,0.768804908218814,213.2,1.0,0
P6c,amica,chb15_05.edf,chb15,0.8283107551509176,213.2,2.0,1;5
P6c,amica,chb15_06.edf,chb15,1.0,193.9,0.0,
P6c,amica,chb15_07.edf,chb15,1.0,200.9,0.0,
P6c,amica,chb15_08.edf,chb15,0.8955653762141214,195.0,1.0,7
P6c,amica,chb15_09.edf,chb15,1.0,202.1,0.0,
P6c,amica,chb15_10.edf,chb15,0.8849185190283428,207.8,1.0,1
P6c,amica,chb15_11.edf,chb15,0.7728790445356721,212.4,1.0,0
P6c,amica,chb15_12.edf,chb15,0.3542960693330108,213.8,2.0,0;1
P6c,amica,chb15_13.edf,chb15,0.4509587435184127,185.4,1.0,0
P6c,amica,chb15_14.edf,chb15,0.3584317647887696,196.9,2.0,0;1
P6c,amica,chb15_15.edf,chb15,0.6278481110660978,196.7,1.0,0
P6c,amica,chb15_16.edf,chb15,0.3867160032146035,205.5,2.0,0;1
P6c,amica,chb15_17.edf,chb15,0.8780628523898003,210.9,1.0,1
P6c,amica,chb15_19.edf,chb15,0.567450769053116,206.0,1.0,0
P6c,amica,chb15_20.edf,chb15,0.6052702320055425,185.0,1.0,0
P6c,amica,chb15_22.edf,chb15,0.234215211142319,197.4,2.0,0;1
P6c,amica,chb15_26.edf,chb15,0.301569284226124,195.2,2.0,0;1
P6c,amica,chb15_28.edf,chb15,0.5356803543228743,203.3,2.0,0;2
P6c,amica,chb15_29.edf,chb15,0.8586056706533338,213.9,1.0,1
P6c,amica,chb15_30.edf,chb15,0.7739965589418881,213.6,2.0,1;6
P6c,amica,chb15_31.edf,chb15,0.8366224258610934,185.5,2.0,2;6
P6c,amica,chb15_32.edf,chb15,0.8284695368744484,196.5,2.0,1;11
P6c,amica,chb15_33.edf,chb15,0.8094571651627929,200.6,2.0,1;7
P6c,amica,chb15_35.edf,chb15,0.7343643367449052,204.2,3.0,1;8;10
P6c,amica,chb15_37.edf,chb15,0.8451076168517783,209.1,2.0,2;6
P6c,amica,chb15_40.edf,chb15,0.362596280928361,208.3,2.0,0;1
P6c,amica,chb15_45.edf,chb15,0.3457687845294865,185.0,2.0,0;1
P6c,amica,chb15_46.edf,chb15,0.5302179509536141,196.4,3.0,0;4;6
P6c,amica,chb15_49.edf,chb15,0.5155444436785422,195.0,1.0,0
P6c,amica,chb15_50.edf,chb15,0.5550000953868053,202.7,2.0,0;3
P6c,amica,chb15_51.edf,chb15,0.8406726851307973,210.1,1.0,1
P6c,amica,chb15_52.edf,chb15,0.3671813281646858,213.0,2.0,0;2
P6c,amica,chb15_54.edf,chb15,0.8075506749725359,181.1,2.0,1;4
P6c,amica,chb15_61.edf,chb15,0.7227693449114219,173.9,2.0,0;3
P6c,amica,chb15_62.edf,chb15,0.8529988046952418,169.1,1.0,0
P6c,amica,chb15_63.edf,chb15,0.6831009552117532,156.5,1.0,0
P6c,amica,chb16_01.edf,chb16,0.8987863121987744,208.1,2.0,1;2
P6c,amica,chb16_02.edf,chb16,0.4170974091100073,206.9,2.0,0;1
P6c,amica,chb16_03.edf,chb16,0.4074491614026292,186.8,2.0,0;1
P6c,amica,chb16_04.edf,chb16,0.4163801123169219,193.0,2.0,0;1
P6c,amica,chb16_05.edf,chb16,0.7560179643252254,193.0,1.0,1
P6c,amica,chb16_06.edf,chb16,0.8379213817857968,200.9,1.0,1
P6c,amica,chb16_07.edf,chb16,0.8519618771581002,186.8,1.0,1
P6c,amica,chb16_08.edf,chb16,0.8464016401857856,196.2,1.0,1
P6c,amica,chb16_09.edf,chb16,1.0,195.5,0.0,
P6c,amica,chb16_10.edf,chb16,0.303138818057772,201.3,2.0,0;1
P6c,amica,chb16_11.edf,chb16,0.2561577014059554,206.7,2.0,0;1
P6c,amica,chb16_12.edf,chb16,1.0,208.3,0.0,
P6c,amica,chb16_13.edf,chb16,0.5662786308654162,185.0,2.0,0;2
P6c,amica,chb16_14.edf,chb16,0.8455447919139197,196.8,1.0,1
P6c,amica,chb16_15.edf,chb16,0.6424962100629836,195.6,1.0,0
P6c,amica,chb16_16.edf,chb16,0.3435465379696635,200.1,3.0,0;1;5
P6c,amica,chb16_17.edf,chb16,0.4219472692018104,199.9,2.0,0;1
P6c,amica,chb16_18.edf,chb16,0.5207035715349714,199.6,2.0,0;1
P6c,amica,chb16_19.edf,chb16,0.4863456561407533,136.0,4.0,0;2;3;6
P6c,amica,chb17a_03.edf,chb17a,0.4247051852411296,190.8,2.0,0;1
P6c,amica,chb17a_04.edf,chb17a,0.5762318371641627,189.6,1.0,0
P6c,amica,chb17a_05.edf,chb17a,0.391344221230416,202.2,2.0,0;1
P6c,amica,chb17a_06.edf,chb17a,0.8520670724583633,209.3,1.0,1
P6c,amica,chb17a_08.edf,chb17a,0.2129059352150248,207.1,2.0,0;1
P6c,amica,chb17b_57.edf,chb17b,0.4814797720569181,178.6,2.0,0;2
P6c,amica,chb17b_58.edf,chb17b,0.3520073732715266,185.3,3.0,0;1;10
P6c,amica,chb17b_59.edf,chb17b,0.5525293687554421,194.0,2.0,0;3
P6c,amica,chb17b_60.edf,chb17b,0.4924035218671727,195.3,4.0,0;2;10;12
P6c,amica,chb17b_63.edf,chb17b,0.3650417288051022,203.9,2.0,0;1
P6c,amica,chb17b_67.edf,chb17b,0.899837110675207,210.2,2.0,10;12
P6c,amica,chb17b_68.edf,chb17b,0.4551886816048315,211.5,2.0,0;1
P6c,amica,chb17b_69.edf,chb17b,0.3538462869370941,54.9,2.0,0;1
P6c,amica,chb17c_02.edf,chb17c,0.841257069205019,195.5,2.0,3;4
P6c,amica,chb17c_03.edf,chb17c,1.0,195.0,0.0,
P6c,amica,chb17c_04.edf,chb17c,0.9416772118400992,210.2,1.0,5
P6c,amica,chb17c_05.edf,chb17c,0.6733132736341444,203.2,3.0,1;3;5
P6c,amica,chb17c_06.edf,chb17c,0.8046242202211957,183.3,2.0,0;5
P6c,amica,chb17c_07.edf,chb17c,0.8861697875387261,205.0,2.0,1;5
P6c,amica,chb17c_08.edf,chb17c,0.6274056947111606,138.9,1.0,0
P6c,amica,chb17c_13.edf,chb17c,0.2684995722691931,140.8,3.0,0;1;3
P6c,amica,chb18_01.edf,chb18,0.3190345738269154,183.8,2.0,0;2
P6c,amica,chb18_02.edf,chb18,0.1280261788736994,211.1,3.0,0;1;8
P6c,amica,chb18_03.edf,chb18,0.0764225890836278,210.1,3.0,0;1;7
P6c,amica,chb18_04.edf,chb18,0.0987600876221092,212.7,3.0,0;1;5
P6c,amica,chb18_05.edf,chb18,0.0874148333054529,195.7,2.0,0;1
P6c,amica,chb18_06.edf,chb18,0.0811172602175219,197.0,3.0,0;1;7
P6c,amica,chb18_07.edf,chb18,0.1308227214133627,185.9,3.0,0;1;10
P6c,amica,chb18_08.edf,chb18,0.3132823231499065,197.1,2.0,0;2
P6c,amica,chb18_09.edf,chb18,1.0,200.7,0.0,
P6c,amica,chb18_10.edf,chb18,0.7865368548558107,211.8,1.0,4
P6c,amica,chb18_11.edf,chb18,0.8585678128368534,205.3,1.0,3
P6c,amica,chb18_12.edf,chb18,0.7404633137950832,212.5,1.0,0
P6c,amica,chb18_13.edf,chb18,0.832627633670723,187.5,1.0,3
P6c,amica,chb18_14.edf,chb18,0.760527318150452,196.8,1.0,0
P6c,amica,chb18_15.edf,chb18,0.2032962727987931,195.6,2.0,0;1
P6c,amica,chb18_16.edf,chb18,0.1153509251520974,204.6,3.0,0;1;10
P6c,amica,chb18_17.edf,chb18,0.1619745800271947,212.0,2.0,0;1
P6c,amica,chb18_18.edf,chb18,0.1296003990663772,211.4,3.0,0;1;10
P6c,amica,chb18_19.edf,chb18,0.1438347656333798,192.2,2.0,0;1
P6c,amica,chb18_20.edf,chb18,0.1678293130062438,196.4,2.0,0;1
P6c,amica,chb18_21.edf,chb18,0.2863235346623181,197.3,2.0,0;1
P6c,amica,chb18_22.edf,chb18,0.1218364758723073,204.3,3.0,0;1;7
P6c,amica,chb18_23.edf,chb18,0.2441611439386479,211.1,2.0,0;1
P6c,amica,chb18_24.edf,chb18,0.8474008451670607,214.1,1.0,3
P6c,amica,chb18_25.edf,chb18,0.8460658353391951,193.5,1.0,1
P6c,amica,chb18_26.edf,chb18,1.0,199.2,0.0,
P6c,amica,chb18_27.edf,chb18,0.8132511239076587,197.6,1.0,0
P6c,amica,chb18_28.edf,chb18,0.8469290058714357,202.2,1.0,1
P6c,amica,chb18_29.edf,chb18,0.5462618256908214,211.2,2.0,0;2
P6c,amica,chb18_30.edf,chb18,0.834953603600092,208.9,1.0,1
P6c,amica,chb18_31.edf,chb18,0.2318124592518606,120.5,2.0,0;1
P6c,amica,chb18_32.edf,chb18,0.8071329196326125,183.7,1.0,0
P6c,amica,chb18_33.edf,chb18,0.8119972969245256,186.7,1.0,0
P6c,amica,chb18_34.edf,chb18,0.1008732512126286,177.9,3.0,0;1;8
P6c,amica,chb18_35.edf,chb18,0.8315310721480168,170.7,1.0,0
P6c,amica,chb18_36.edf,chb18,0.726809203143466,168.9,1.0,0
P6c,amica,chb19_01.edf,chb19,0.1219683958049907,199.5,2.0,0;1
P6c,amica,chb19_02.edf,chb19,0.1916317068449346,195.6,2.0,0;1
P6c,amica,chb19_03.edf,chb19,0.3127249107490829,194.7,2.0,0;2
P6c,amica,chb19_04.edf,chb19,0.1565646812573965,203.1,2.0,0;1
P6c,amica,chb19_05.edf,chb19,0.2951787738709405,208.7,2.0,0;2
P6c,amica,chb19_06.edf,chb19,0.2287524511866781,208.1,3.0,0;3;4
P6c,amica,chb19_08.edf,chb19,0.7544067357511061,196.1,1.0,0
P6c,amica,chb19_09.edf,chb19,0.8446593547799321,199.1,1.0,6
P6c,amica,chb19_10.edf,chb19,0.8390344206772501,186.3,1.0,6
P6c,amica,chb19_11.edf,chb19,0.7341225861753421,203.3,2.0,2;6
P6c,amica,chb19_12.edf,chb19,0.9038544323276616,207.3,1.0,6
P6c,amica,chb19_13.edf,chb19,0.9236702226395456,210.1,1.0,7
P6c,amica,chb19_14.edf,chb19,0.9141865360088638,195.7,1.0,7
P6c,amica,chb19_15.edf,chb19,0.4027922133750272,194.2,2.0,0;2
P6c,amica,chb19_16.edf,chb19,0.1608194955150074,195.7,2.0,0;1
P6c,amica,chb19_17.edf,chb19,0.2756969140182485,202.6,2.0,0;1
P6c,amica,chb19_18.edf,chb19,0.4185246274327817,207.9,2.0,0;2
P6c,amica,chb19_19.edf,chb19,0.267733712489154,210.3,2.0,0;1
P6c,amica,chb19_20.edf,chb19,0.2688094140669534,184.9,2.0,0;1
P6c,amica,chb19_21.edf,chb19,0.227262726043137,196.6,2.0,0;1
P6c,amica,chb19_22.edf,chb19,0.3618086449343997,194.4,4.0,0;2;4;11
P6c,amica,chb19_23.edf,chb19,0.867689950499336,202.5,2.0,1;9
P6c,amica,chb19_24.edf,chb19,0.8572782755866946,207.1,1.0,1
P6c,amica,chb19_25.edf,chb19,0.8600861007781643,209.6,1.0,6
P6c,amica,chb19_26.edf,chb19,0.6646754607248294,177.7,3.0,0;5;6
P6c,amica,chb19_27.edf,chb19,0.818715756027063,185.8,1.0,0
P6c,amica,chb19_28.edf,chb19,0.8646983797891586,182.6,1.0,0
P6c,amica,chb19_29.edf,chb19,1.0,174.3,0.0,
P6c,amica,chb19_30.edf,chb19,0.787100276138644,162.9,1.0,0
P6c,amica,chb20_01.edf,chb20,0.7567139737659371,212.9,1.0,0
P6c,amica,chb20_02.edf,chb20,0.8215632804730127,190.7,1.0,0
P6c,amica,chb20_03.edf,chb20,0.8950705520103016,200.4,1.0,2
P6c,amica,chb20_04.edf,chb20,0.7351902227260847,200.3,2.0,0;3
P6c,amica,chb20_05.edf,chb20,0.8112847245749023,207.4,1.0,0
P6c,amica,chb20_06.edf,chb20,0.839566853274864,214.9,1.0,2
P6c,amica,chb20_07.edf,chb20,0.8834059989751641,192.8,1.0,2
P6c,amica,chb20_08.edf,chb20,0.810160363593165,200.3,2.0,0;12
P6c,amica,chb20_11.edf,chb20,0.7995359260595651,198.8,3.0,3;4;7
P6c,amica,chb20_12.edf,chb20,0.9168215252708112,205.4,1.0,4
P6c,amica,chb20_13.edf,chb20,0.9454782710754394,213.0,1.0,5
P6c,amica,chb20_14.edf,chb20,0.9432925534677906,211.7,1.0,4
P6c,amica,chb20_15.edf,chb20,0.9305853069061616,189.4,1.0,5
P6c,amica,chb20_16.edf,chb20,0.912056654634468,184.1,1.0,3
P6c,amica,chb20_17.edf,chb20,0.7680179604386188,200.3,1.0,0
P6c,amica,chb20_21.edf,chb20,0.8912037981892122,206.9,1.0,1
P6c,amica,chb20_22.edf,chb20,0.7854976410838962,44.3,1.0,0
P6c,amica,chb20_23.edf,chb20,0.8061848798312267,177.8,1.0,0
P6c,amica,chb20_25.edf,chb20,0.7995476430946832,210.7,3.0,2;3;12
P6c,amica,chb20_26.edf,chb20,0.9066461195997788,186.5,1.0,4
P6c,amica,chb20_27.edf,chb20,0.7936467652835087,200.7,1.0,0
P6c,amica,chb20_28.edf,chb20,0.806207960115758,198.9,1.0,0
P6c,amica,chb20_29.edf,chb20,0.820403247402867,213.6,2.0,1;12
P6c,amica,chb20_30.edf,chb20,0.8511255930056799,218.2,1.0,1
P6c,amica,chb20_31.edf,chb20,0.8305970193317874,210.7,1.0,1
P6c,amica,chb20_34.edf,chb20,0.8142099858277301,175.6,2.0,2;11
P6c,amica,chb20_59.edf,chb20,1.0,172.9,0.0,
P6c,amica,chb20_60.edf,chb20,0.790489405443993,168.3,3.0,0;7;8
P6c,amica,chb20_68.edf,chb20,0.7830742447384034,110.4,2.0,2;5
P6c,amica,chb21_01.edf,chb21,0.5636966495814711,214.4,1.0,0
P6c,amica,chb21_02.edf,chb21,0.4832348315684334,212.6,1.0,0
P6c,amica,chb21_03.edf,chb21,0.2621432041740046,213.2,3.0,0;1;10
P6c,amica,chb21_04.edf,chb21,0.2830243355681222,190.9,2.0,0;1
P6c,amica,chb21_05.edf,chb21,0.3069957250754105,196.9,2.0,0;1
P6c,amica,chb21_06.edf,chb21,0.3439534283806798,197.0,2.0,0;1
P6c,amica,chb21_07.edf,chb21,0.3604856480268102,189.6,2.0,0;2
P6c,amica,chb21_08.edf,chb21,0.4643168273699881,197.4,2.0,0;3
P6c,amica,chb21_09.edf,chb21,0.8675880672486329,199.3,1.0,0
P6c,amica,chb21_10.edf,chb21,1.0,209.6,0.0,
P6c,amica,chb21_11.edf,chb21,0.8640401912956506,212.6,1.0,0
P6c,amica,chb21_12.edf,chb21,1.0,206.5,0.0,
P6c,amica,chb21_13.edf,chb21,0.8432392646497957,198.6,1.0,0
P6c,amica,chb21_14.edf,chb21,0.5701700295542197,195.2,1.0,0
P6c,amica,chb21_15.edf,chb21,0.3541006209529805,196.0,2.0,0;1
P6c,amica,chb21_16.edf,chb21,0.2577849996769543,207.3,2.0,0;1
P6c,amica,chb21_17.edf,chb21,0.3212759752169599,210.8,2.0,0;1
P6c,amica,chb21_18.edf,chb21,0.3781700610056063,210.6,2.0,0;1
P6c,amica,chb21_19.edf,chb21,0.2698128919498596,188.9,2.0,0;1
P6c,amica,chb21_20.edf,chb21,0.2912563541141444,160.2,2.0,0;1
P6c,amica,chb21_21.edf,chb21,0.3106292847955226,196.8,2.0,0;1
P6c,amica,chb21_22.edf,chb21,0.2993972179942074,208.0,2.0,0;1
P6c,amica,chb21_23.edf,chb21,0.4846036657305856,209.2,1.0,0
P6c,amica,chb21_24.edf,chb21,0.3763713316869015,209.0,2.0,0;3
P6c,amica,chb21_25.edf,chb21,0.3606048859163379,193.7,3.0,0;1;4
P6c,amica,chb21_26.edf,chb21,0.8872099923744688,191.4,1.0,0
P6c,amica,chb21_27.edf,chb21,0.8573180179870106,197.9,1.0,0
P6c,amica,chb21_28.edf,chb21,0.824787664490765,203.2,1.0,0
P6c,amica,chb21_29.edf,chb21,0.3084888439342123,203.8,3.0,0;1;3
P6c,amica,chb21_30.edf,chb21,0.4075647977600938,201.9,2.0,0;2
P6c,amica,chb21_31.edf,chb21,0.4319802981236519,157.7,3.0,0;1;10
P6c,amica,chb21_32.edf,chb21,0.8184629072582847,149.6,1.0,0
P6c,amica,chb22_01.edf,chb22,0.3473175293956866,197.1,2.0,0;1
P6c,amica,chb22_02.edf,chb22,0.8309937611150905,206.8,1.0,0
P6c,amica,chb22_03.edf,chb22,0.9270817440700192,209.8,2.0,7;15
P6c,amica,chb22_04.edf,chb22,0.6996695507783515,209.9,3.0,0;2;9
P6c,amica,chb22_05.edf,chb22,1.0,192.9,0.0,
P6c,amica,chb22_07.edf,chb22,0.686895491770227,185.6,2.0,0;5
P6c,amica,chb22_08.edf,chb22,0.2106902109379052,186.7,3.0,0;1;5
P6c,amica,chb22_09.edf,chb22,0.2356388766514151,197.7,2.0,0;1
P6c,amica,chb22_10.edf,chb22,0.2919152422278052,198.7,2.0,0;1
P6c,amica,chb22_11.edf,chb22,0.2811687953967318,205.4,2.0,0;1
P6c,amica,chb22_15.edf,chb22,0.294437952592583,211.4,3.0,0;1;5
P6c,amica,chb22_16.edf,chb22,0.301429451884499,213.6,3.0,0;1;3
P6c,amica,chb22_18.edf,chb22,0.2905632459831107,191.7,3.0,0;1;3
P6c,amica,chb22_19.edf,chb22,0.2433102629104007,197.7,3.0,0;1;2
P6c,amica,chb22_20.edf,chb22,0.2912963168266232,197.6,3.0,0;1;3
P6c,amica,chb22_21.edf,chb22,0.6013209852967786,202.9,1.0,0
P6c,amica,chb22_22.edf,chb22,0.9369325256424232,215.3,1.0,6
P6c,amica,chb22_23.edf,chb22,0.2471263498910559,211.8,3.0,0;1;4
P6c,amica,chb22_24.edf,chb22,0.4223812962136828,186.9,2.0,0;2
P6c,amica,chb22_25.edf,chb22,0.5579544546875326,195.6,1.0,0
P6c,amica,chb22_26.edf,chb22,0.7796378305548533,198.7,4.0,1;7;9;15
P6c,amica,chb22_27.edf,chb22,0.7306252939806125,208.0,3.0,0;4;9
P6c,amica,chb22_28.edf,chb22,1.0,212.3,0.0,
P6c,amica,chb22_29.edf,chb22,0.8233294002212583,214.1,2.0,2;6
P6c,amica,chb22_30.edf,chb22,0.8453356104311622,189.2,2.0,3;11
P6c,amica,chb22_38.edf,chb22,0.3210104661436718,182.1,3.0,0;1;2
P6c,amica,chb22_51.edf,chb22,0.7398543960578106,180.9,1.0,0
P6c,amica,chb22_54.edf,chb22,0.9118813735136956,178.6,2.0,6;11
P6c,amica,chb22_77.edf,chb22,0.9238527087672368,167.8,1.0,4
P6c,amica,chb23_06.edf,chb23,0.5436522197633145,432.2,3.0,0;1;2
P6c,amica,chb23_07.edf,chb23,0.3142463563158977,138.7,3.0,0;1;2
P6c,amica,chb23_08.edf,chb23,0.4839667480295983,556.1,2.0,0;1
P6c,amica,chb23_09.edf,chb23,0.4856624294210711,763.6,2.0,0;1
P6c,amica,chb23_10.edf,chb23,0.7671919640039606,831.3,1.0,0
P6c,amica,chb23_16.edf,chb23,0.6335880714337896,831.1,2.0,0;3
P6c,amica,chb23_17.edf,chb23,0.5322938513564399,675.3,1.0,0
P6c,amica,chb23_19.edf,chb23,0.8985384379392296,665.9,1.0,13
P6c,amica,chb23_20.edf,chb23,0.5759102757812831,267.7,1.0,0
P6c,amica,chb24_01.edf,chb24,0.5558034756864828,194.2,1.0,0
P6c,amica,chb24_02.edf,chb24,0.5859591190940008,192.3,5.0,1;2;3;5;7
P6c,amica,chb24_03.edf,chb24,0.6568034392960472,190.4,3.0,1;6;12
P6c,amica,chb24_04.edf,chb24,0.814601432951541,206.8,1.0,1
P6c,amica,chb24_05.edf,chb24,0.8268412226146649,199.5,1.0,1
P6c,amica,chb24_06.edf,chb24,0.4983238386000329,209.2,2.0,0;3
P6c,amica,chb24_07.edf,chb24,0.8206435674662256,198.9,2.0,2;5
P6c,amica,chb24_08.edf,chb24,0.8855948594207745,197.0,1.0,2
P6c,amica,chb24_09.edf,chb24,0.8324905915729607,197.9,2.0,2;6
P6c,amica,chb24_10.edf,chb24,0.8937384926570803,213.1,1.0,2
P6c,amica,chb24_11.edf,chb24,0.9303532309497016,212.9,1.0,3
P6c,amica,chb24_12.edf,chb24,0.7464745568848533,209.9,2.0,0;2
P6c,amica,chb24_13.edf,chb24,0.8299517217524742,192.9,1.0,2
P6c,amica,chb24_14.edf,chb24,0.8737958025495393,193.2,1.0,2
P6c,amica,chb24_15.edf,chb24,0.8601762693607936,195.2,2.0,2;4
P6c,amica,chb24_16.edf,chb24,0.4477261695158206,205.2,2.0,0;3
P6c,amica,chb24_17.edf,chb24,0.5252465763804388,213.4,1.0,0
P6c,amica,chb24_18.edf,chb24,0.6624946058345885,212.7,1.0,0
P6c,amica,chb24_19.edf,chb24,0.6315133682344649,167.5,2.0,0;5
P6c,amica,chb24_20.edf,chb24,0.5467879806683668,167.0,2.0,0;5
P6c,amica,chb24_21.edf,chb24,0.9444124761021347,163.9,1.0,1
P6c,amica,chb24_22.edf,chb24,0.9425358979053308,53.8,2.0,1;8
P6b,gedai-conservative,chb01_01.edf,chb01,0.4250638662300834,23.0,,
P6b,gedai-conservative,chb01_02.edf,chb01,0.9993919738347585,23.0,,
P6b,gedai-conservative,chb01_03.edf,chb01,0.9993845514487888,22.6,,
P6b,gedai-conservative,chb01_04.edf,chb01,0.9994143361633221,22.5,,
P6b,gedai-conservative,chb01_05.edf,chb01,0.9993779541557423,23.0,,
P6b,gedai-conservative,chb01_06.edf,chb01,0.9994666539417714,22.8,,
P6b,gedai-conservative,chb01_07.edf,chb01,0.999414512017519,17.0,,
P6b,gedai-conservative,chb01_08.edf,chb01,0.9993716957762433,17.6,,
P6b,gedai-conservative,chb01_09.edf,chb01,0.3466268624334881,17.9,,
P6b,gedai-conservative,chb01_10.edf,chb01,0.9993641440974876,17.6,,
P6b,gedai-conservative,chb01_11.edf,chb01,0.9995707135590968,17.7,,
P6b,gedai-conservative,chb01_12.edf,chb01,0.9994144371224368,17.5,,
P6b,gedai-conservative,chb01_13.edf,chb01,0.9994585214892194,17.2,,
P6b,gedai-conservative,chb01_14.edf,chb01,0.9993878362838097,17.3,,
P6b,gedai-conservative,chb01_15.edf,chb01,0.9993077413325003,17.8,,
P6b,gedai-conservative,chb01_16.edf,chb01,0.9992849729833143,17.9,,
P6b,gedai-conservative,chb01_17.edf,chb01,0.9992162226316021,17.9,,
P6b,gedai-conservative,chb01_18.edf,chb01,0.9993712556152677,17.5,,
P6b,gedai-conservative,chb01_19.edf,chb01,0.9993864913946382,17.3,,
P6b,gedai-conservative,chb01_20.edf,chb01,0.9990888503128259,13.1,,
P6b,gedai-conservative,chb01_21.edf,chb01,0.9994138342804427,18.2,,
P6b,gedai-conservative,chb01_22.edf,chb01,0.9993700399800252,17.9,,
P6b,gedai-conservative,chb01_23.edf,chb01,0.9993659109788912,17.7,,
P6b,gedai-conservative,chb01_24.edf,chb01,0.9994880999895419,17.9,,
P6b,gedai-conservative,chb01_25.edf,chb01,0.5700737536204473,16.7,,
P6b,gedai-conservative,chb01_26.edf,chb01,0.9993658647507125,11.3,,
P6b,gedai-conservative,chb01_29.edf,chb01,0.9983450061384993,17.3,,
P6b,gedai-conservative,chb01_30.edf,chb01,0.41355339348372894,17.9,,
P6b,gedai-conservative,chb01_31.edf,chb01,0.36201239533085716,18.3,,
P6b,gedai-conservative,chb01_32.edf,chb01,0.9994118507779864,17.9,,
P6b,gedai-conservative,chb01_33.edf,chb01,0.9993658422614716,17.5,,
P6b,gedai-conservative,chb01_34.edf,chb01,0.9989968932538917,17.1,,
P6b,gedai-conservative,chb01_36.edf,chb01,0.9992889187154784,17.4,,
P6b,gedai-conservative,chb01_37.edf,chb01,0.9991798253490247,17.5,,
P6b,gedai-conservative,chb01_38.edf,chb01,0.9991661617682606,17.9,,
P6b,gedai-conservative,chb01_39.edf,chb01,0.999106380390879,17.5,,
P6b,gedai-conservative,chb01_40.edf,chb01,0.9991839041852572,16.5,,
P6b,gedai-conservative,chb01_41.edf,chb01,0.9990677473535864,16.0,,
P6b,gedai-conservative,chb01_42.edf,chb01,0.9991247166390613,14.8,,
P6b,gedai-conservative,chb01_43.edf,chb01,0.9982752042917332,14.8,,
P6b,gedai-conservative,chb01_46.edf,chb01,0.3655380438662121,14.5,,
P6b,gedai-conservative,chb02_03.edf,chb02,0.32546312198397354,18.0,,
P6b,gedai-conservative,chb02_04.edf,chb02,0.31895418146593907,18.0,,
P6b,gedai-conservative,chb02_06.edf,chb02,0.37737565348933316,18.2,,
P6b,gedai-conservative,chb02_07.edf,chb02,0.3522922473562434,18.3,,
P6b,gedai-conservative,chb02_08.edf,chb02,0.4456747243442626,18.4,,
P6b,gedai-conservative,chb02_09.edf,chb02,0.9992196876240096,18.0,,
P6b,gedai-conservative,chb02_10.edf,chb02,0.9991845073218126,17.7,,
P6b,gedai-conservative,chb02_11.edf,chb02,0.9991992310283854,17.5,,
P6b,gedai-conservative,chb02_12.edf,chb02,0.9993695876191673,17.7,,
P6b,gedai-conservative,chb02_13.edf,chb02,0.9991223124494515,17.8,,
P6b,gedai-conservative,chb02_14.edf,chb02,0.9993466011784261,18.1,,
P6b,gedai-conservative,chb02_15.edf,chb02,0.9994434311738316,17.7,,
P6b,gedai-conservative,chb02_16+.edf,chb02,0.24188485804932472,18.6,,
P6b,gedai-conservative,chb02_16.edf,chb02,0.9993608173045301,5.5,,
P6b,gedai-conservative,chb02_17.edf,chb02,0.9991337665332498,17.4,,
P6b,gedai-conservative,chb02_18.edf,chb02,0.432163023505705,18.2,,
P6b,gedai-conservative,chb02_19.edf,chb02,0.25153181433252547,18.6,,
P6b,gedai-conservative,chb02_21.edf,chb02,0.2231847567692547,18.2,,
P6b,gedai-conservative,chb02_22.edf,chb02,0.9994608013483082,16.3,,
P6b,gedai-conservative,chb02_23.edf,chb02,0.2665179726763809,17.4,,
P6b,gedai-conservative,chb02_24.edf,chb02,0.24855139486190578,17.9,,
P6b,gedai-conservative,chb02_25.edf,chb02,0.41286532728629183,17.5,,
P6b,gedai-conservative,chb02_26.edf,chb02,0.2381715646125876,17.8,,
P6b,gedai-conservative,chb02_27.edf,chb02,0.9652974003864224,17.8,,
P6b,gedai-conservative,chb02_28.edf,chb02,0.9991355114399891,16.6,,
P6b,gedai-conservative,chb02_29.edf,chb02,0.9991558631739373,17.2,,
P6b,gedai-conservative,chb02_30.edf,chb02,0.999190740567075,17.3,,
P6b,gedai-conservative,chb02_32.edf,chb02,0.9990706854775144,17.0,,
P6b,gedai-conservative,chb02_33.edf,chb02,0.999258186452965,17.2,,
P6b,gedai-conservative,chb02_34.edf,chb02,0.9991365912954722,17.2,,
P6b,gedai-conservative,chb02_35.edf,chb02,0.3491532298386567,15.9,,
P6b,gedai-conservative,chb03_01.edf,chb03,0.2837853009249511,19.3,,
P6b,gedai-conservative,chb03_02.edf,chb03,0.25903967638523323,18.9,,
P6b,gedai-conservative,chb03_03.edf,chb03,0.19713930010543387,18.9,,
P6b,gedai-conservative,chb03_04.edf,chb03,0.9993151978850129,17.7,,
P6b,gedai-conservative,chb03_05.edf,chb03,0.567709305701179,18.7,,
P6b,gedai-conservative,chb03_06.edf,chb03,0.9991442878340602,18.1,,
P6b,gedai-conservative,chb03_07.edf,chb03,0.9992023422142955,17.3,,
P6b,gedai-conservative,chb03_08.edf,chb03,0.9990978842605517,17.6,,
P6b,gedai-conservative,chb03_09.edf,chb03,0.9993290524212048,18.2,,
P6b,gedai-conservative,chb03_10.edf,chb03,0.3969711531200994,18.4,,
P6b,gedai-conservative,chb03_11.edf,chb03,0.9991517266666666,17.9,,
P6b,gedai-conservative,chb03_12.edf,chb03,0.9989909731891959,18.1,,
P6b,gedai-conservative,chb03_13.edf,chb03,0.9993912927992187,17.1,,
P6b,gedai-conservative,chb03_14.edf,chb03,0.9994015892285151,17.3,,
P6b,gedai-conservative,chb03_15.edf,chb03,0.9993972726987923,17.5,,
P6b,gedai-conservative,chb03_16.edf,chb03,0.34020398630876675,17.8,,
P6b,gedai-conservative,chb03_17.edf,chb03,0.2871326418164242,18.1,,
P6b,gedai-conservative,chb03_18.edf,chb03,0.3871522311888054,17.6,,
P6b,gedai-conservative,chb03_19.edf,chb03,0.2924668085801848,17.0,,
P6b,gedai-conservative,chb03_20.edf,chb03,0.25488583345429155,17.8,,
P6b,gedai-conservative,chb03_21.edf,chb03,0.26928967480563515,18.3,,
P6b,gedai-conservative,chb03_22.edf,chb03,0.28564444243915693,17.8,,
P6b,gedai-conservative,chb03_23.edf,chb03,0.9995072661101472,17.0,,
P6b,gedai-conservative,chb03_24.edf,chb03,0.25209042226172124,17.8,,
P6b,gedai-conservative,chb03_25.edf,chb03,0.26743399487989794,16.9,,
P6b,gedai-conservative,chb03_26.edf,chb03,0.24985428824846914,17.5,,
P6b,gedai-conservative,chb03_27.edf,chb03,0.23858601954631148,18.1,,
P6b,gedai-conservative,chb03_28.edf,chb03,0.14055789852055142,18.0,,
P6b,gedai-conservative,chb03_29.edf,chb03,0.2573858895409922,17.8,,
P6b,gedai-conservative,chb03_30.edf,chb03,0.9990022802157758,17.4,,
P6b,gedai-conservative,chb03_31.edf,chb03,0.9990735881266548,16.1,,
P6b,gedai-conservative,chb03_32.edf,chb03,0.9990911004442816,16.6,,
P6b,gedai-conservative,chb03_33.edf,chb03,0.2696470914811978,17.8,,
P6b,gedai-conservative,chb03_34.edf,chb03,0.9991857347869673,17.6,,
P6b,gedai-conservative,chb03_35.edf,chb03,0.7526583768491493,17.7,,
P6b,gedai-conservative,chb03_36.edf,chb03,0.9991375493109129,17.5,,
P6b,gedai-conservative,chb03_37.edf,chb03,0.9991502758526472,12.8,,
P6b,gedai-conservative,chb03_38.edf,chb03,0.41424248460573926,11.7,,
P6b,gedai-conservative,chb04_01.edf,chb04,0.25390437638140817,80.6,,
P6b,gedai-conservative,chb04_02.edf,chb04,0.6438020197050849,78.6,,
P6b,gedai-conservative,chb04_03.edf,chb04,0.5809665460181982,80.3,,
P6b,gedai-conservative,chb04_04.edf,chb04,0.3044642852106599,80.0,,
P6b,gedai-conservative,chb04_05.edf,chb04,0.9999436165993366,54.7,,
P6b,gedai-conservative,chb04_06.edf,chb04,0.5790974721404214,79.9,,
P6b,gedai-conservative,chb04_07.edf,chb04,0.9991622019621003,34.9,,
P6b,gedai-conservative,chb04_08.edf,chb04,0.9992093598607186,70.9,,
P6b,gedai-conservative,chb04_09.edf,chb04,0.9991355971420844,72.3,,
P6b,gedai-conservative,chb04_10.edf,chb04,0.999104348069478,72.0,,
P6b,gedai-conservative,chb04_11.edf,chb04,0.9990482790951806,25.1,,
P6b,gedai-conservative,chb04_12.edf,chb04,0.2893342062619498,72.6,,
P6b,gedai-conservative,chb04_13.edf,chb04,0.20433256716078438,69.8,,
P6b,gedai-conservative,chb04_14.edf,chb04,0.9913957426430443,66.6,,
P6b,gedai-conservative,chb04_15.edf,chb04,0.9992999049521758,69.4,,
P6b,gedai-conservative,chb04_16.edf,chb04,0.9994230821399475,69.6,,
P6b,gedai-conservative,chb04_17.edf,chb04,0.9994904683298743,66.4,,
P6b,gedai-conservative,chb04_18.edf,chb04,0.19602371627916962,70.5,,
P6b,gedai-conservative,chb04_21.edf,chb04,0.30519564022509477,68.8,,
P6b,gedai-conservative,chb04_22.edf,chb04,0.682119671308074,65.2,,
P6b,gedai-conservative,chb04_24.edf,chb04,0.28966556887331724,69.0,,
P6b,gedai-conservative,chb04_25.edf,chb04,0.9991024354364719,68.7,,
P6b,gedai-conservative,chb04_26.edf,chb04,0.9988966549317096,68.2,,
P6b,gedai-conservative,chb04_27.edf,chb04,0.23830123447194834,68.8,,
P6b,gedai-conservative,chb04_28.edf,chb04,0.9992752593868703,67.6,,
P6b,gedai-conservative,chb04_29.edf,chb04,0.9989331407837443,64.8,,
P6b,gedai-conservative,chb04_30.edf,chb04,0.35946255602803845,70.2,,
P6b,gedai-conservative,chb04_31.edf,chb04,0.9994324586102729,69.7,,
P6b,gedai-conservative,chb04_32.edf,chb04,0.9995361288392739,69.9,,
P6b,gedai-conservative,chb04_33.edf,chb04,0.9994578197516605,69.8,,
P6b,gedai-conservative,chb04_34.edf,chb04,0.9994152837907332,69.1,,
P6b,gedai-conservative,chb04_35.edf,chb04,0.08073373352537329,67.2,,
P6b,gedai-conservative,chb04_36.edf,chb04,0.9994490353934189,69.0,,
P6b,gedai-conservative,chb04_37.edf,chb04,0.9995357595254045,27.8,,
P6b,gedai-conservative,chb04_38.edf,chb04,0.9993573990868391,68.6,,
P6b,gedai-conservative,chb04_39.edf,chb04,0.49926807263492684,68.3,,
P6b,gedai-conservative,chb04_40.edf,chb04,0.3708339301184726,68.1,,
P6b,gedai-conservative,chb04_41.edf,chb04,0.9990243941901504,64.7,,
P6b,gedai-conservative,chb04_42.edf,chb04,0.9989156589252476,28.5,,
P6b,gedai-conservative,chb04_43.edf,chb04,0.3022682804900096,45.9,,
P6b,gedai-conservative,chb05_01.edf,chb05,0.999527182595195,17.6,,
P6b,gedai-conservative,chb05_02.edf,chb05,0.9432414946247027,17.3,,
P6b,gedai-conservative,chb05_03.edf,chb05,0.999576253709326,17.6,,
P6b,gedai-conservative,chb05_04.edf,chb05,0.8819903736061587,17.7,,
P6b,gedai-conservative,chb05_05.edf,chb05,0.8220679727902701,17.6,,
P6b,gedai-conservative,chb05_06.edf,chb05,0.999527535364073,17.4,,
P6b,gedai-conservative,chb05_07.edf,chb05,0.9993344619933495,17.1,,
P6b,gedai-conservative,chb05_08.edf,chb05,0.9993515857665278,17.8,,
P6b,gedai-conservative,chb05_09.edf,chb05,0.9993196796805448,17.8,,
P6b,gedai-conservative,chb05_10.edf,chb05,0.9993386235948939,17.8,,
P6b,gedai-conservative,chb05_11.edf,chb05,0.9993865666531508,17.8,,
P6b,gedai-conservative,chb05_12.edf,chb05,0.9994203261435237,17.7,,
P6b,gedai-conservative,chb05_13.edf,chb05,0.999545125815137,17.6,,
P6b,gedai-conservative,chb05_14.edf,chb05,0.9993097945791699,18.0,,
P6b,gedai-conservative,chb05_15.edf,chb05,0.9993935468754646,18.4,,
P6b,gedai-conservative,chb05_16.edf,chb05,0.9995493921732667,18.3,,
P6b,gedai-conservative,chb05_17.edf,chb05,0.9995289934636954,18.2,,
P6b,gedai-conservative,chb05_18.edf,chb05,0.9994203109489919,18.0,,
P6b,gedai-conservative,chb05_19.edf,chb05,0.9993652587828824,17.4,,
P6b,gedai-conservative,chb05_20.edf,chb05,0.9995215417509892,17.7,,
P6b,gedai-conservative,chb05_21.edf,chb05,0.9995492377655579,18.0,,
P6b,gedai-conservative,chb05_22.edf,chb05,0.9995277995032591,18.3,,
P6b,gedai-conservative,chb05_23.edf,chb05,0.9992424440251781,17.9,,
P6b,gedai-conservative,chb05_24.edf,chb05,0.9993225506164394,17.8,,
P6b,gedai-conservative,chb05_25.edf,chb05,0.9993362584914414,17.2,,
P6b,gedai-conservative,chb05_26.edf,chb05,0.9993451656543628,17.9,,
P6b,gedai-conservative,chb05_27.edf,chb05,0.9994361514771702,18.0,,
P6b,gedai-conservative,chb05_28.edf,chb05,0.9994872999169716,18.2,,
P6b,gedai-conservative,chb05_29.edf,chb05,0.8628447252096033,18.3,,
P6b,gedai-conservative,chb05_30.edf,chb05,0.992761201741814,18.3,,
P6b,gedai-conservative,chb05_31.edf,chb05,0.9993658722084436,16.8,,
P6b,gedai-conservative,chb05_32.edf,chb05,0.9993308259142559,17.5,,
P6b,gedai-conservative,chb05_33.edf,chb05,0.9971695576885665,17.9,,
P6b,gedai-conservative,chb05_34.edf,chb05,0.9992965957522791,17.7,,
P6b,gedai-conservative,chb05_35.edf,chb05,0.9992967371033289,17.9,,
P6b,gedai-conservative,chb05_36.edf,chb05,0.9993308914261875,17.8,,
P6b,gedai-conservative,chb05_37.edf,chb05,0.9993514238506785,14.3,,
P6b,gedai-conservative,chb05_38.edf,chb05,0.9993469224277112,13.3,,
P6b,gedai-conservative,chb05_39.edf,chb05,0.9993870864573063,12.8,,
P6b,gedai-conservative,chb06_01.edf,chb06,0.9995489358772081,74.8,,
P6b,gedai-conservative,chb06_02.edf,chb06,0.9995324759172411,75.3,,
P6b,gedai-conservative,chb06_03.edf,chb06,0.9994553713237436,75.7,,
P6b,gedai-conservative,chb06_04.edf,chb06,0.6080694494643974,66.2,,
P6b,gedai-conservative,chb06_05.edf,chb06,0.5923145942535787,76.0,,
P6b,gedai-conservative,chb06_06.edf,chb06,0.9995274890929041,76.1,,
P6b,gedai-conservative,chb06_07.edf,chb06,0.9995292894462448,70.6,,
P6b,gedai-conservative,chb06_08.edf,chb06,0.9994856243875008,71.0,,
P6b,gedai-conservative,chb06_09.edf,chb06,0.9994816238063816,71.9,,
P6b,gedai-conservative,chb06_10.edf,chb06,0.9995704044711939,71.9,,
P6b,gedai-conservative,chb06_12.edf,chb06,0.9995175332957195,72.4,,
P6b,gedai-conservative,chb06_13.edf,chb06,0.9995315468425497,72.5,,
P6b,gedai-conservative,chb06_14.edf,chb06,0.9995075714187686,61.5,,
P6b,gedai-conservative,chb06_15.edf,chb06,0.9993873014700798,59.6,,
P6b,gedai-conservative,chb06_16.edf,chb06,0.9993625371325773,15.5,,
P6b,gedai-conservative,chb06_17.edf,chb06,0.9994382214216728,59.8,,
P6b,gedai-conservative,chb06_18.edf,chb06,0.9994916344086798,36.4,,
P6b,gedai-conservative,chb06_24.edf,chb06,0.999140522277255,59.5,,
P6b,gedai-conservative,chb07_01.edf,chb07,0.33763268368429555,72.1,,
P6b,gedai-conservative,chb07_02.edf,chb07,0.9980919229218465,72.1,,
P6b,gedai-conservative,chb07_03.edf,chb07,0.9993594473454019,71.7,,
P6b,gedai-conservative,chb07_04.edf,chb07,0.7730036092008337,71.1,,
P6b,gedai-conservative,chb07_05.edf,chb07,0.12877730233088427,72.4,,
P6b,gedai-conservative,chb07_06.edf,chb07,0.3255379380638486,25.9,,
P6b,gedai-conservative,chb07_07.edf,chb07,0.9304725454361507,22.7,,
P6b,gedai-conservative,chb07_08.edf,chb07,0.365224413120768,67.4,,
P6b,gedai-conservative,chb07_09.edf,chb07,0.3673918502454375,71.4,,
P6b,gedai-conservative,chb07_10.edf,chb07,0.9993791123346751,72.3,,
P6b,gedai-conservative,chb07_11.edf,chb07,0.9994021781617767,72.2,,
P6b,gedai-conservative,chb07_12.edf,chb07,0.9292339115853301,72.2,,
P6b,gedai-conservative,chb07_13.edf,chb07,0.9995030216988612,19.6,,
P6b,gedai-conservative,chb07_14.edf,chb07,0.15887339334448058,65.6,,
P6b,gedai-conservative,chb07_15.edf,chb07,0.3049192921741289,65.4,,
P6b,gedai-conservative,chb07_16.edf,chb07,0.9993370518140462,59.4,,
P6b,gedai-conservative,chb07_17.edf,chb07,0.9993226195485294,59.6,,
P6b,gedai-conservative,chb07_18.edf,chb07,0.9993358201915523,52.4,,
P6b,gedai-conservative,chb07_19.edf,chb07,0.7157318301397908,60.5,,
P6b,gedai-conservative,chb08_02.edf,chb08,0.9992354565110092,17.7,,
P6b,gedai-conservative,chb08_03.edf,chb08,0.9992510494646606,17.9,,
P6b,gedai-conservative,chb08_04.edf,chb08,0.999233587177774,17.9,,
P6b,gedai-conservative,chb08_05.edf,chb08,0.9995017250900321,17.4,,
P6b,gedai-conservative,chb08_10.edf,chb08,0.999353382760378,18.0,,
P6b,gedai-conservative,chb08_11.edf,chb08,0.9994594551795491,17.9,,
P6b,gedai-conservative,chb08_12.edf,chb08,0.999263509229619,17.4,,
P6b,gedai-conservative,chb08_13.edf,chb08,0.9994282940892336,18.1,,
P6b,gedai-conservative,chb08_14.edf,chb08,0.9993050972025228,18.5,,
P6b,gedai-conservative,chb08_15.edf,chb08,0.9992666781216593,18.3,,
P6b,gedai-conservative,chb08_16.edf,chb08,0.9992933204256614,18.0,,
P6b,gedai-conservative,chb08_17.edf,chb08,0.9992985285474054,17.5,,
P6b,gedai-conservative,chb08_18.edf,chb08,0.9992203584009628,17.7,,
P6b,gedai-conservative,chb08_19.edf,chb08,0.9993462269738492,17.6,,
P6b,gedai-conservative,chb08_20.edf,chb08,0.9993401331183451,18.0,,
P6b,gedai-conservative,chb08_21.edf,chb08,0.9992939046095686,18.1,,
P6b,gedai-conservative,chb08_22.edf,chb08,0.9992603025257195,18.1,,
P6b,gedai-conservative,chb08_23.edf,chb08,0.9992291471255752,17.8,,
P6b,gedai-conservative,chb08_24.edf,chb08,0.999359245728777,12.1,,
P6b,gedai-conservative,chb08_29.edf,chb08,0.9993124427925545,12.0,,
P6b,gedai-conservative,chb09_01.edf,chb09,0.9997399872568552,40.4,,
P6b,gedai-conservative,chb09_02.edf,chb09,0.6518116724836311,73.1,,
P6b,gedai-conservative,chb09_03.edf,chb09,0.9995806178051436,74.0,,
P6b,gedai-conservative,chb09_04.edf,chb09,0.9995429815525215,73.2,,
P6b,gedai-conservative,chb09_05.edf,chb09,0.9998235445989255,73.7,,
P6b,gedai-conservative,chb09_06.edf,chb09,0.2857256594890686,74.0,,
P6b,gedai-conservative,chb09_07.edf,chb09,0.9170896228648964,70.1,,
P6b,gedai-conservative,chb09_08.edf,chb09,0.9994117661328651,71.4,,
P6b,gedai-conservative,chb09_09.edf,chb09,0.9993862378077187,72.2,,
P6b,gedai-conservative,chb09_10.edf,chb09,0.9994659423891233,73.0,,
P6b,gedai-conservative,chb09_11.edf,chb09,0.694497146385422,73.0,,
P6b,gedai-conservative,chb09_12.edf,chb09,0.9997643090744617,72.9,,
P6b,gedai-conservative,chb09_13.edf,chb09,0.9996158765354624,67.1,,
P6b,gedai-conservative,chb09_14.edf,chb09,0.9995785363574541,62.1,,
P6b,gedai-conservative,chb09_15.edf,chb09,0.9996078628645082,62.2,,
P6b,gedai-conservative,chb09_16.edf,chb09,0.9994030967647363,59.1,,
P6b,gedai-conservative,chb09_17.edf,chb09,0.9993600984357905,5.5,,
P6b,gedai-conservative,chb09_18.edf,chb09,0.7403875322543374,61.6,,
P6b,gedai-conservative,chb09_19.edf,chb09,0.9995209657553588,27.7,,
P6b,gedai-conservative,chb10_01.edf,chb10,0.9992420293219,35.1,,
P6b,gedai-conservative,chb10_02.edf,chb10,0.9994684175559927,35.0,,
P6b,gedai-conservative,chb10_03.edf,chb10,0.9993531808818038,35.5,,
P6b,gedai-conservative,chb10_04.edf,chb10,0.9991873269966003,35.4,,
P6b,gedai-conservative,chb10_05.edf,chb10,0.9994198545740546,35.2,,
P6b,gedai-conservative,chb10_06.edf,chb10,0.9993069345688461,35.2,,
P6b,gedai-conservative,chb10_07.edf,chb10,0.9993311593368158,36.1,,
P6b,gedai-conservative,chb10_08.edf,chb10,0.9994293046729835,36.3,,
P6b,gedai-conservative,chb10_12.edf,chb10,0.9994035339890741,36.9,,
P6b,gedai-conservative,chb10_13.edf,chb10,0.9993907794028108,36.5,,
P6b,gedai-conservative,chb10_14.edf,chb10,0.9994544163704797,37.1,,
P6b,gedai-conservative,chb10_15.edf,chb10,0.999263971373449,36.8,,
P6b,gedai-conservative,chb10_16.edf,chb10,0.9992498839021621,35.4,,
P6b,gedai-conservative,chb10_17.edf,chb10,0.9994569132564466,36.2,,
P6b,gedai-conservative,chb10_18.edf,chb10,0.999411096460034,36.1,,
P6b,gedai-conservative,chb10_19.edf,chb10,0.9994630493717307,36.2,,
P6b,gedai-conservative,chb10_20.edf,chb10,0.9994328476826528,36.7,,
P6b,gedai-conservative,chb10_21.edf,chb10,0.9993105439835186,36.4,,
P6b,gedai-conservative,chb10_22.edf,chb10,0.9993063454645722,36.5,,
P6b,gedai-conservative,chb10_27.edf,chb10,0.9994053798312633,36.7,,
P6b,gedai-conservative,chb10_28.edf,chb10,0.9993569980612179,36.7,,
P6b,gedai-conservative,chb10_30.edf,chb10,0.9994892218340145,36.8,,
P6b,gedai-conservative,chb10_31.edf,chb10,0.9993926015857897,36.8,,
P6b,gedai-conservative,chb10_38.edf,chb10,0.9994442859741757,36.6,,
P6b,gedai-conservative,chb10_89.edf,chb10,0.9993040356452517,21.9,,
P6b,gedai-conservative,chb11_01.edf,chb11,0.9992880618169353,17.7,,
P6b,gedai-conservative,chb11_02.edf,chb11,0.484419907410389,18.5,,
P6b,gedai-conservative,chb11_03.edf,chb11,0.42851619328319324,18.1,,
P6b,gedai-conservative,chb11_04.edf,chb11,0.4829435093409146,18.4,,
P6b,gedai-conservative,chb11_05.edf,chb11,0.30455214019012916,18.4,,
P6b,gedai-conservative,chb11_06.edf,chb11,0.2791656242176257,18.7,,
P6b,gedai-conservative,chb11_07.edf,chb11,0.2497369503588562,17.5,,
P6b,gedai-conservative,chb11_08.edf,chb11,0.25942819488947777,17.3,,
P6b,gedai-conservative,chb11_09.edf,chb11,0.26022159614092766,17.9,,
P6b,gedai-conservative,chb11_10.edf,chb11,0.31173426496212703,17.9,,
P6b,gedai-conservative,chb11_11.edf,chb11,0.24505254069284474,18.1,,
P6b,gedai-conservative,chb11_12.edf,chb11,0.27854682132392006,17.8,,
P6b,gedai-conservative,chb11_13.edf,chb11,0.26210727104057446,18.1,,
P6b,gedai-conservative,chb11_14.edf,chb11,0.2233004324669864,17.6,,
P6b,gedai-conservative,chb11_15.edf,chb11,0.18846081153462343,18.4,,
P6b,gedai-conservative,chb11_16.edf,chb11,0.9993906612448099,18.3,,
P6b,gedai-conservative,chb11_17.edf,chb11,0.9993786124440416,17.8,,
P6b,gedai-conservative,chb11_18.edf,chb11,0.9992971503033639,17.7,,
P6b,gedai-conservative,chb11_19.edf,chb11,0.9992975015282184,17.3,,
P6b,gedai-conservative,chb11_24.edf,chb11,0.9992585524439257,17.7,,
P6b,gedai-conservative,chb11_25.edf,chb11,0.37998598168635417,18.3,,
P6b,gedai-conservative,chb11_26.edf,chb11,0.26775919113423274,18.3,,
P6b,gedai-conservative,chb11_27.edf,chb11,0.25485805500631287,18.2,,
P6b,gedai-conservative,chb11_53.edf,chb11,0.9993012382921139,17.8,,
P6b,gedai-conservative,chb11_54.edf,chb11,0.9993891560158645,17.0,,
P6b,gedai-conservative,chb11_55.edf,chb11,0.5483502002682733,17.6,,
P6b,gedai-conservative,chb11_56.edf,chb11,0.5498378630577112,17.7,,
P6b,gedai-conservative,chb11_58.edf,chb11,0.9963939959309894,17.9,,
P6b,gedai-conservative,chb11_60.edf,chb11,0.999426253166988,18.0,,
P6b,gedai-conservative,chb11_61.edf,chb11,0.9994272733953653,17.9,,
P6b,gedai-conservative,chb11_62.edf,chb11,0.9994681386618429,15.6,,
P6b,gedai-conservative,chb11_63.edf,chb11,0.9995004267736057,15.5,,
P6b,gedai-conservative,chb11_82.edf,chb11,0.6519208457964113,14.7,,
P6b,gedai-conservative,chb11_92.edf,chb11,0.21346592056390062,14.8,,
P6b,gedai-conservative,chb11_99.edf,chb11,0.9995489643236084,12.6,,
P6b,gedai-conservative,chb12_06.edf,chb12,0.9992859774943124,18.2,,
P6b,gedai-conservative,chb12_08.edf,chb12,0.9992911409797329,18.0,,
P6b,gedai-conservative,chb12_09.edf,chb12,0.999357828771338,18.1,,
P6b,gedai-conservative,chb12_10.edf,chb12,0.9992148451620959,18.1,,
P6b,gedai-conservative,chb12_11.edf,chb12,0.9993333564876438,12.0,,
P6b,gedai-conservative,chb12_19.edf,chb12,0.9992989986562667,18.2,,
P6b,gedai-conservative,chb12_20.edf,chb12,0.9994039592573292,17.5,,
P6b,gedai-conservative,chb12_21.edf,chb12,0.5019336922050384,18.3,,
P6b,gedai-conservative,chb12_23.edf,chb12,0.913456505186997,19.0,,
P6b,gedai-conservative,chb12_24.edf,chb12,0.47321378425827876,18.9,,
P6b,gedai-conservative,chb12_32.edf,chb12,0.7873396785892272,18.8,,
P6b,gedai-conservative,chb12_33.edf,chb12,0.9992589743710547,18.1,,
P6b,gedai-conservative,chb12_34.edf,chb12,0.9991526328696272,18.2,,
P6b,gedai-conservative,chb12_35.edf,chb12,0.9993213893405877,18.3,,
P6b,gedai-conservative,chb12_36.edf,chb12,0.9989835682182346,18.3,,
P6b,gedai-conservative,chb12_37.edf,chb12,0.9991142354285784,18.8,,
P6b,gedai-conservative,chb12_38.edf,chb12,0.9991786171044363,18.7,,
P6b,gedai-conservative,chb12_39.edf,chb12,0.5530862581384257,18.6,,
P6b,gedai-conservative,chb12_40.edf,chb12,0.9993064904809984,15.2,,
P6b,gedai-conservative,chb12_41.edf,chb12,0.9992446209694208,12.9,,
P6b,gedai-conservative,chb12_42.edf,chb12,0.9991343259643619,12.9,,
P6b,gedai-conservative,chb13_02.edf,chb13,0.999599505837709,18.0,,
P6b,gedai-conservative,chb13_03.edf,chb13,0.9995841668140382,17.8,,
P6b,gedai-conservative,chb13_04.edf,chb13,0.9995953956072755,17.9,,
P6b,gedai-conservative,chb13_05.edf,chb13,0.9995422516412734,17.8,,
P6b,gedai-conservative,chb13_06.edf,chb13,0.9995079165602905,17.6,,
P6b,gedai-conservative,chb13_07.edf,chb13,0.9993712602225855,18.0,,
P6b,gedai-conservative,chb13_08.edf,chb13,0.9994214685717574,17.6,,
P6b,gedai-conservative,chb13_09.edf,chb13,0.999322189564606,18.1,,
P6b,gedai-conservative,chb13_10.edf,chb13,0.999341864515235,18.1,,
P6b,gedai-conservative,chb13_11.edf,chb13,0.9993621410060726,17.9,,
P6b,gedai-conservative,chb13_12.edf,chb13,0.999184721961608,18.1,,
P6b,gedai-conservative,chb13_13.edf,chb13,0.9992970542074033,18.0,,
P6b,gedai-conservative,chb13_14.edf,chb13,0.9993681706235795,17.6,,
P6b,gedai-conservative,chb13_15.edf,chb13,0.9993489347902209,17.8,,
P6b,gedai-conservative,chb13_16.edf,chb13,0.9993803242298364,18.0,,
P6b,gedai-conservative,chb13_18.edf,chb13,0.49213631288606086,18.5,,
P6b,gedai-conservative,chb13_19.edf,chb13,0.9995706228390319,18.0,,
P6b,gedai-conservative,chb13_21.edf,chb13,0.9996139892153757,17.9,,
P6b,gedai-conservative,chb13_22.edf,chb13,0.999602747985792,17.1,,
P6b,gedai-conservative,chb13_24.edf,chb13,0.9995754300884954,17.4,,
P6b,gedai-conservative,chb13_30.edf,chb13,0.21991862203586526,18.7,,
P6b,gedai-conservative,chb13_36.edf,chb13,0.9994350224043109,17.8,,
P6b,gedai-conservative,chb13_37.edf,chb13,0.9993234327280112,18.1,,
P6b,gedai-conservative,chb13_38.edf,chb13,0.9992987511464565,18.1,,
P6b,gedai-conservative,chb13_39.edf,chb13,0.9993598801064844,16.8,,
P6b,gedai-conservative,chb13_40.edf,chb13,0.9992341968413184,17.2,,
P6b,gedai-conservative,chb13_47.edf,chb13,0.9991325080067607,17.3,,
P6b,gedai-conservative,chb13_55.edf,chb13,0.9995405190557037,17.2,,
P6b,gedai-conservative,chb13_56.edf,chb13,0.9995361856321732,17.3,,
P6b,gedai-conservative,chb13_58.edf,chb13,0.9992394232922357,17.3,,
P6b,gedai-conservative,chb13_59.edf,chb13,0.9994096143196205,13.6,,
P6b,gedai-conservative,chb13_60.edf,chb13,0.999458995451194,13.1,,
P6b,gedai-conservative,chb13_62.edf,chb13,0.9994379460846885,12.5,,
P6b,gedai-conservative,chb14_01.edf,chb14,0.9995652722808355,18.5,,
P6b,gedai-conservative,chb14_02.edf,chb14,0.9995583188952821,18.6,,
P6b,gedai-conservative,chb14_03.edf,chb14,0.9995659360552132,18.6,,
P6b,gedai-conservative,chb14_04.edf,chb14,0.9995529162425812,18.8,,
P6b,gedai-conservative,chb14_06.edf,chb14,0.9995600919981074,19.0,,
P6b,gedai-conservative,chb14_11.edf,chb14,0.9994767622854517,18.5,,
P6b,gedai-conservative,chb14_12.edf,chb14,0.9993111474708483,17.9,,
P6b,gedai-conservative,chb14_13.edf,chb14,0.9994312397852188,18.3,,
P6b,gedai-conservative,chb14_14.edf,chb14,0.9993961804904496,18.1,,
P6b,gedai-conservative,chb14_16.edf,chb14,0.9994992863869373,18.2,,
P6b,gedai-conservative,chb14_17.edf,chb14,0.9994609329298328,18.4,,
P6b,gedai-conservative,chb14_18.edf,chb14,0.9994974732682503,18.3,,
P6b,gedai-conservative,chb14_19.edf,chb14,0.9995195240984353,17.7,,
P6b,gedai-conservative,chb14_20.edf,chb14,0.9994365032963163,18.2,,
P6b,gedai-conservative,chb14_22.edf,chb14,0.9995166792353837,18.2,,
P6b,gedai-conservative,chb14_24.edf,chb14,0.9995247251892425,17.9,,
P6b,gedai-conservative,chb14_25.edf,chb14,0.9995297761093228,18.1,,
P6b,gedai-conservative,chb14_26.edf,chb14,0.9995413906599516,18.2,,
P6b,gedai-conservative,chb14_27.edf,chb14,0.999405168915013,17.7,,
P6b,gedai-conservative,chb14_29.edf,chb14,0.9994974006487275,17.9,,
P6b,gedai-conservative,chb14_30.edf,chb14,0.9994714483956998,18.1,,
P6b,gedai-conservative,chb14_32.edf,chb14,0.999483333576492,18.0,,
P6b,gedai-conservative,chb14_37.edf,chb14,0.999434733342897,17.9,,
P6b,gedai-conservative,chb14_39.edf,chb14,0.9994879018383703,17.8,,
P6b,gedai-conservative,chb14_42.edf,chb14,0.9993316730326223,11.3,,
P6b,gedai-conservative,chb15_01.edf,chb15,0.34077410735014174,18.3,,
P6b,gedai-conservative,chb15_02.edf,chb15,0.24252790506687646,18.2,,
P6b,gedai-conservative,chb15_03.edf,chb15,0.8265077988828262,18.3,,
P6b,gedai-conservative,chb15_04.edf,chb15,0.9994771480668425,17.7,,
P6b,gedai-conservative,chb15_05.edf,chb15,0.9993662585783931,17.8,,
P6b,gedai-conservative,chb15_06.edf,chb15,0.9996056193860836,17.9,,
P6b,gedai-conservative,chb15_07.edf,chb15,0.9996188727074525,17.4,,
P6b,gedai-conservative,chb15_08.edf,chb15,0.999495810402386,17.6,,
P6b,gedai-conservative,chb15_09.edf,chb15,0.9996552957902126,18.1,,
P6b,gedai-conservative,chb15_10.edf,chb15,0.999591221887627,17.8,,
P6b,gedai-conservative,chb15_11.edf,chb15,0.9994124647321344,18.3,,
P6b,gedai-conservative,chb15_12.edf,chb15,0.999439471354764,18.1,,
P6b,gedai-conservative,chb15_13.edf,chb15,0.31812888808913126,18.3,,
P6b,gedai-conservative,chb15_14.edf,chb15,0.9167748754092949,17.6,,
P6b,gedai-conservative,chb15_15.edf,chb15,0.24057461798797825,18.5,,
P6b,gedai-conservative,chb15_16.edf,chb15,0.6304385229067885,18.1,,
P6b,gedai-conservative,chb15_17.edf,chb15,0.9996230334211179,18.2,,
P6b,gedai-conservative,chb15_19.edf,chb15,0.2639360321776307,18.3,,
P6b,gedai-conservative,chb15_20.edf,chb15,0.27513326503877156,18.2,,
P6b,gedai-conservative,chb15_22.edf,chb15,0.9992575148098733,18.0,,
P6b,gedai-conservative,chb15_26.edf,chb15,0.35656397194633377,17.9,,
P6b,gedai-conservative,chb15_28.edf,chb15,0.5959685998688311,18.3,,
P6b,gedai-conservative,chb15_29.edf,chb15,0.9993718513986476,17.6,,
P6b,gedai-conservative,chb15_30.edf,chb15,0.9994189772567935,18.0,,
P6b,gedai-conservative,chb15_31.edf,chb15,0.9995476544604904,17.8,,
P6b,gedai-conservative,chb15_32.edf,chb15,0.9994215786596803,17.5,,
P6b,gedai-conservative,chb15_33.edf,chb15,0.9995019322943065,18.1,,
P6b,gedai-conservative,chb15_35.edf,chb15,0.9993352070727647,18.0,,
P6b,gedai-conservative,chb15_37.edf,chb15,0.9994017272371722,17.8,,
P6b,gedai-conservative,chb15_40.edf,chb15,0.3484152509818713,18.2,,
P6b,gedai-conservative,chb15_45.edf,chb15,0.9994960921172755,17.1,,
P6b,gedai-conservative,chb15_46.edf,chb15,0.9993319394140864,17.1,,
P6b,gedai-conservative,chb15_49.edf,chb15,0.9993847354812192,17.7,,
P6b,gedai-conservative,chb15_50.edf,chb15,0.9991923556117182,17.4,,
P6b,gedai-conservative,chb15_51.edf,chb15,0.9993882775739938,17.5,,
P6b,gedai-conservative,chb15_52.edf,chb15,0.546174614642903,17.7,,
P6b,gedai-conservative,chb15_54.edf,chb15,0.9995047326679848,15.0,,
P6b,gedai-conservative,chb15_61.edf,chb15,0.7631758561046605,15.1,,
P6b,gedai-conservative,chb15_62.edf,chb15,0.9995060965429172,14.0,,
P6b,gedai-conservative,chb15_63.edf,chb15,0.9700669298118344,14.1,,
P6b,gedai-conservative,chb16_01.edf,chb16,0.04065739635916346,18.6,,
P6b,gedai-conservative,chb16_02.edf,chb16,0.9992660026755356,18.3,,
P6b,gedai-conservative,chb16_03.edf,chb16,0.9992881726128082,18.0,,
P6b,gedai-conservative,chb16_04.edf,chb16,0.27976980044371835,18.3,,
P6b,gedai-conservative,chb16_05.edf,chb16,0.9994520674891905,17.9,,
P6b,gedai-conservative,chb16_06.edf,chb16,0.9994704927373944,18.3,,
P6b,gedai-conservative,chb16_07.edf,chb16,0.9994925240373316,17.4,,
P6b,gedai-conservative,chb16_08.edf,chb16,0.999509142494762,17.8,,
P6b,gedai-conservative,chb16_09.edf,chb16,0.9994569107006046,17.9,,
P6b,gedai-conservative,chb16_10.edf,chb16,0.999121328152399,18.2,,
P6b,gedai-conservative,chb16_11.edf,chb16,0.9991459934685674,18.3,,
P6b,gedai-conservative,chb16_12.edf,chb16,0.9995589741733343,17.8,,
P6b,gedai-conservative,chb16_13.edf,chb16,0.9995026448461087,17.2,,
P6b,gedai-conservative,chb16_14.edf,chb16,0.9995769005138495,17.1,,
P6b,gedai-conservative,chb16_15.edf,chb16,0.9990106636346918,17.2,,
P6b,gedai-conservative,chb16_16.edf,chb16,0.9992791826436767,17.5,,
P6b,gedai-conservative,chb16_17.edf,chb16,0.9993193078687787,17.4,,
P6b,gedai-conservative,chb16_18.edf,chb16,0.9992637448179476,17.4,,
P6b,gedai-conservative,chb16_19.edf,chb16,0.9993876777355698,11.1,,
P6b,gedai-conservative,chb17a_03.edf,chb17a,0.5484107297211327,18.4,,
P6b,gedai-conservative,chb17a_04.edf,chb17a,0.787248554659158,18.2,,
P6b,gedai-conservative,chb17a_05.edf,chb17a,0.4324277828155227,18.3,,
P6b,gedai-conservative,chb17a_06.edf,chb17a,0.999220953496939,18.1,,
P6b,gedai-conservative,chb17a_08.edf,chb17a,0.36748974485489677,18.4,,
P6b,gedai-conservative,chb17b_57.edf,chb17b,0.999273421601333,18.3,,
P6b,gedai-conservative,chb17b_58.edf,chb17b,0.9992447360015558,17.7,,
P6b,gedai-conservative,chb17b_59.edf,chb17b,0.9989998896116989,17.9,,
P6b,gedai-conservative,chb17b_60.edf,chb17b,0.999154738057811,18.0,,
P6b,gedai-conservative,chb17b_63.edf,chb17b,0.9992398840784761,18.2,,
P6b,gedai-conservative,chb17b_67.edf,chb17b,0.999334098597171,18.4,,
P6b,gedai-conservative,chb17b_68.edf,chb17b,0.9989781758369695,18.2,,
P6b,gedai-conservative,chb17b_69.edf,chb17b,0.9994182643878051,17.6,,
P6b,gedai-conservative,chb17c_02.edf,chb17c,0.9992688314863201,17.7,,
P6b,gedai-conservative,chb17c_03.edf,chb17c,0.9990922296375401,17.9,,
P6b,gedai-conservative,chb17c_04.edf,chb17c,0.9992707714136525,18.9,,
P6b,gedai-conservative,chb17c_05.edf,chb17c,0.9992770486160442,18.1,,
P6b,gedai-conservative,chb17c_06.edf,chb17c,0.9991781766427557,18.3,,
P6b,gedai-conservative,chb17c_07.edf,chb17c,0.9991132050004977,14.1,,
P6b,gedai-conservative,chb17c_08.edf,chb17c,0.9992075843113789,13.4,,
P6b,gedai-conservative,chb17c_13.edf,chb17c,0.2708029554287245,13.9,,
P6b,gedai-conservative,chb18_01.edf,chb18,0.29333957301839253,18.7,,
P6b,gedai-conservative,chb18_02.edf,chb18,0.3634377216000083,19.1,,
P6b,gedai-conservative,chb18_03.edf,chb18,0.3900598415806475,18.4,,
P6b,gedai-conservative,chb18_04.edf,chb18,0.40881986371554196,18.8,,
P6b,gedai-conservative,chb18_05.edf,chb18,0.3911123019977477,19.0,,
P6b,gedai-conservative,chb18_06.edf,chb18,0.40636597256113244,18.9,,
P6b,gedai-conservative,chb18_07.edf,chb18,0.41041989955122904,17.5,,
P6b,gedai-conservative,chb18_08.edf,chb18,0.9946064033320086,17.9,,
P6b,gedai-conservative,chb18_09.edf,chb18,0.9994459556664426,17.7,,
P6b,gedai-conservative,chb18_10.edf,chb18,0.9994699849215919,17.5,,
P6b,gedai-conservative,chb18_11.edf,chb18,0.999400008534399,18.0,,
P6b,gedai-conservative,chb18_12.edf,chb18,0.9994512239069988,17.7,,
P6b,gedai-conservative,chb18_13.edf,chb18,0.999538286996686,17.6,,
P6b,gedai-conservative,chb18_14.edf,chb18,0.9995272116899472,18.2,,
P6b,gedai-conservative,chb18_15.edf,chb18,0.46868025469620883,18.5,,
P6b,gedai-conservative,chb18_16.edf,chb18,0.3993961828103471,18.2,,
P6b,gedai-conservative,chb18_17.edf,chb18,0.47562084249006936,18.7,,
P6b,gedai-conservative,chb18_18.edf,chb18,0.4282044861729572,18.4,,
P6b,gedai-conservative,chb18_19.edf,chb18,0.41389898149561194,17.7,,
P6b,gedai-conservative,chb18_20.edf,chb18,0.3491984367605198,18.8,,
P6b,gedai-conservative,chb18_21.edf,chb18,0.30730414287982466,18.2,,
P6b,gedai-conservative,chb18_22.edf,chb18,0.37527047739851,18.1,,
P6b,gedai-conservative,chb18_23.edf,chb18,0.7269464034575058,18.0,,
P6b,gedai-conservative,chb18_24.edf,chb18,0.9994267239322316,17.7,,
P6b,gedai-conservative,chb18_25.edf,chb18,0.9993843295470629,17.5,,
P6b,gedai-conservative,chb18_26.edf,chb18,0.9992830090151128,18.5,,
P6b,gedai-conservative,chb18_27.edf,chb18,0.9993701560547698,18.4,,
P6b,gedai-conservative,chb18_28.edf,chb18,0.9994748393153065,18.5,,
P6b,gedai-conservative,chb18_29.edf,chb18,0.734933387009762,18.6,,
P6b,gedai-conservative,chb18_30.edf,chb18,0.999441915757443,18.5,,
P6b,gedai-conservative,chb18_31.edf,chb18,0.6026660801695716,10.8,,
P6b,gedai-conservative,chb18_32.edf,chb18,0.9997955631836634,16.2,,
P6b,gedai-conservative,chb18_33.edf,chb18,0.9992629187897148,16.7,,
P6b,gedai-conservative,chb18_34.edf,chb18,0.9993951880003102,16.6,,
P6b,gedai-conservative,chb18_35.edf,chb18,0.9993203262443346,16.3,,
P6b,gedai-conservative,chb18_36.edf,chb18,0.9993007331315582,16.4,,
P6b,gedai-conservative,chb19_01.edf,chb19,0.9994378929464239,17.9,,
P6b,gedai-conservative,chb19_02.edf,chb19,0.3555739929877898,18.5,,
P6b,gedai-conservative,chb19_03.edf,chb19,0.32324543491317115,18.3,,
P6b,gedai-conservative,chb19_04.edf,chb19,0.9995052979615219,17.6,,
P6b,gedai-conservative,chb19_05.edf,chb19,0.9995635398938078,18.2,,
P6b,gedai-conservative,chb19_06.edf,chb19,0.9995536215033092,17.7,,
P6b,gedai-conservative,chb19_08.edf,chb19,0.9993638485386988,18.0,,
P6b,gedai-conservative,chb19_09.edf,chb19,0.9992623205843877,17.6,,
P6b,gedai-conservative,chb19_10.edf,chb19,0.9993135882791356,18.1,,
P6b,gedai-conservative,chb19_11.edf,chb19,0.9993430130478863,18.2,,
P6b,gedai-conservative,chb19_12.edf,chb19,0.999373092099017,18.0,,
P6b,gedai-conservative,chb19_13.edf,chb19,0.9992726091307559,17.8,,
P6b,gedai-conservative,chb19_14.edf,chb19,0.999346545866485,17.9,,
P6b,gedai-conservative,chb19_15.edf,chb19,0.9993814903072953,17.8,,
P6b,gedai-conservative,chb19_16.edf,chb19,0.9994824772433736,17.7,,
P6b,gedai-conservative,chb19_17.edf,chb19,0.35829894781179533,18.2,,
P6b,gedai-conservative,chb19_18.edf,chb19,0.9995799667598844,18.2,,
P6b,gedai-conservative,chb19_19.edf,chb19,0.9995189239227101,18.1,,
P6b,gedai-conservative,chb19_20.edf,chb19,0.9995334071953067,18.0,,
P6b,gedai-conservative,chb19_21.edf,chb19,0.9994708865984138,18.5,,
P6b,gedai-conservative,chb19_22.edf,chb19,0.9994437491599312,18.3,,
P6b,gedai-conservative,chb19_23.edf,chb19,0.9994182528015285,18.2,,
P6b,gedai-conservative,chb19_24.edf,chb19,0.9993924021677109,18.1,,
P6b,gedai-conservative,chb19_25.edf,chb19,0.9994413734072582,18.2,,
P6b,gedai-conservative,chb19_26.edf,chb19,0.9990555654744236,16.3,,
P6b,gedai-conservative,chb19_27.edf,chb19,0.9992042204821523,16.3,,
P6b,gedai-conservative,chb19_28.edf,chb19,0.9994012056511875,16.3,,
P6b,gedai-conservative,chb19_29.edf,chb19,0.9992984052752691,15.8,,
P6b,gedai-conservative,chb19_30.edf,chb19,0.9995922246820943,15.0,,
P6b,gedai-conservative,chb20_01.edf,chb20,0.8897166970242697,19.0,,
P6b,gedai-conservative,chb20_02.edf,chb20,0.9997277895880012,17.9,,
P6b,gedai-conservative,chb20_03.edf,chb20,0.42965200467608367,18.8,,
P6b,gedai-conservative,chb20_04.edf,chb20,0.7857254038753594,18.5,,
P6b,gedai-conservative,chb20_05.edf,chb20,0.9996562771279417,18.6,,
P6b,gedai-conservative,chb20_06.edf,chb20,0.9996199749905398,18.0,,
P6b,gedai-conservative,chb20_07.edf,chb20,0.7869665081215687,18.2,,
P6b,gedai-conservative,chb20_08.edf,chb20,0.7221726413195935,18.2,,
P6b,gedai-conservative,chb20_11.edf,chb20,0.9992344417147356,18.8,,
P6b,gedai-conservative,chb20_12.edf,chb20,0.999377250054446,18.2,,
P6b,gedai-conservative,chb20_13.edf,chb20,0.9993882044642974,18.3,,
P6b,gedai-conservative,chb20_14.edf,chb20,0.9992845364697374,18.2,,
P6b,gedai-conservative,chb20_15.edf,chb20,0.9993655229500639,18.0,,
P6b,gedai-conservative,chb20_16.edf,chb20,0.9995140498480873,17.6,,
P6b,gedai-conservative,chb20_17.edf,chb20,0.6749460818922507,18.3,,
P6b,gedai-conservative,chb20_21.edf,chb20,0.3079178371504868,18.4,,
P6b,gedai-conservative,chb20_22.edf,chb20,0.7468496560513215,4.9,,
P6b,gedai-conservative,chb20_23.edf,chb20,0.618010295766569,15.2,,
P6b,gedai-conservative,chb20_25.edf,chb20,0.9994501817302673,16.8,,
P6b,gedai-conservative,chb20_26.edf,chb20,0.9997641438913928,17.4,,
P6b,gedai-conservative,chb20_27.edf,chb20,0.567200763106827,17.9,,
P6b,gedai-conservative,chb20_28.edf,chb20,0.674709757397748,17.8,,
P6b,gedai-conservative,chb20_29.edf,chb20,0.6191887998697546,17.5,,
P6b,gedai-conservative,chb20_30.edf,chb20,0.9997327647910104,17.5,,
P6b,gedai-conservative,chb20_31.edf,chb20,0.9996786930728931,16.6,,
P6b,gedai-conservative,chb20_34.edf,chb20,0.9996525272936935,14.8,,
P6b,gedai-conservative,chb20_59.edf,chb20,0.9993529189686281,14.0,,
P6b,gedai-conservative,chb20_60.edf,chb20,0.9992556698530912,14.0,,
P6b,gedai-conservative,chb20_68.edf,chb20,0.9993581718927426,9.5,,
P6b,gedai-conservative,chb21_01.edf,chb21,0.46659739386714805,18.5,,
P6b,gedai-conservative,chb21_02.edf,chb21,0.5720331366019952,18.3,,
P6b,gedai-conservative,chb21_03.edf,chb21,0.5134316513156272,17.9,,
P6b,gedai-conservative,chb21_04.edf,chb21,0.4388612667608022,18.3,,
P6b,gedai-conservative,chb21_05.edf,chb21,0.42048995862850325,18.4,,
P6b,gedai-conservative,chb21_06.edf,chb21,0.44572459183738056,18.3,,
P6b,gedai-conservative,chb21_07.edf,chb21,0.9995266615816211,17.7,,
P6b,gedai-conservative,chb21_08.edf,chb21,0.9994360144146762,18.5,,
P6b,gedai-conservative,chb21_09.edf,chb21,0.9993495802917053,18.4,,
P6b,gedai-conservative,chb21_10.edf,chb21,0.9993142992688602,18.6,,
P6b,gedai-conservative,chb21_11.edf,chb21,0.999214542756154,18.2,,
P6b,gedai-conservative,chb21_12.edf,chb21,0.999255724517047,18.5,,
P6b,gedai-conservative,chb21_13.edf,chb21,0.9992547090194972,18.2,,
P6b,gedai-conservative,chb21_14.edf,chb21,0.999161762843556,18.2,,
P6b,gedai-conservative,chb21_15.edf,chb21,0.9993218342592852,18.5,,
P6b,gedai-conservative,chb21_16.edf,chb21,0.37252496929846546,18.9,,
P6b,gedai-conservative,chb21_17.edf,chb21,0.3940120237393658,19.1,,
P6b,gedai-conservative,chb21_18.edf,chb21,0.4322115265937675,19.2,,
P6b,gedai-conservative,chb21_19.edf,chb21,0.3773870755603146,17.8,,
P6b,gedai-conservative,chb21_20.edf,chb21,0.38150371267573935,15.8,,
P6b,gedai-conservative,chb21_21.edf,chb21,0.4280146155338759,18.6,,
P6b,gedai-conservative,chb21_22.edf,chb21,0.36864717207925224,18.6,,
P6b,gedai-conservative,chb21_23.edf,chb21,0.4324303629592288,18.9,,
P6b,gedai-conservative,chb21_24.edf,chb21,0.3535488529908959,18.8,,
P6b,gedai-conservative,chb21_25.edf,chb21,0.26150643455018663,18.2,,
P6b,gedai-conservative,chb21_26.edf,chb21,0.9993133456252683,17.9,,
P6b,gedai-conservative,chb21_27.edf,chb21,0.9991817088646773,18.1,,
P6b,gedai-conservative,chb21_28.edf,chb21,0.9991831180356635,18.0,,
P6b,gedai-conservative,chb21_29.edf,chb21,0.9990888293490082,17.8,,
P6b,gedai-conservative,chb21_30.edf,chb21,0.43352982570797816,18.1,,
P6b,gedai-conservative,chb21_31.edf,chb21,0.20898810550751754,12.6,,
P6b,gedai-conservative,chb21_32.edf,chb21,0.9994519215086716,12.6,,
P6b,gedai-conservative,chb22_01.edf,chb22,0.9994293239855618,18.2,,
P6b,gedai-conservative,chb22_02.edf,chb22,0.9994141706212404,18.4,,
P6b,gedai-conservative,chb22_03.edf,chb22,0.9993417182242074,18.4,,
P6b,gedai-conservative,chb22_04.edf,chb22,0.9992230626204911,18.4,,
P6b,gedai-conservative,chb22_05.edf,chb22,0.9992460261051413,18.1,,
P6b,gedai-conservative,chb22_07.edf,chb22,0.9992723098330825,18.2,,
P6b,gedai-conservative,chb22_08.edf,chb22,0.9993962308578368,18.2,,
P6b,gedai-conservative,chb22_09.edf,chb22,0.999403871105434,18.2,,
P6b,gedai-conservative,chb22_10.edf,chb22,0.9994563977617229,17.8,,
P6b,gedai-conservative,chb22_11.edf,chb22,0.9993987632610192,18.3,,
P6b,gedai-conservative,chb22_15.edf,chb22,0.2771262264507719,18.6,,
P6b,gedai-conservative,chb22_16.edf,chb22,0.2809254168294131,18.4,,
P6b,gedai-conservative,chb22_18.edf,chb22,0.9995212864562051,18.1,,
P6b,gedai-conservative,chb22_19.edf,chb22,0.30122453245797,18.7,,
P6b,gedai-conservative,chb22_20.edf,chb22,0.2800288673569175,18.9,,
P6b,gedai-conservative,chb22_21.edf,chb22,0.9994235050280509,17.9,,
P6b,gedai-conservative,chb22_22.edf,chb22,0.9993782417873086,18.3,,
P6b,gedai-conservative,chb22_23.edf,chb22,0.3140009441918939,18.3,,
P6b,gedai-conservative,chb22_24.edf,chb22,0.9992503687267066,17.8,,
P6b,gedai-conservative,chb22_25.edf,chb22,0.5784250838323564,17.9,,
P6b,gedai-conservative,chb22_26.edf,chb22,0.9994274463135896,18.5,,
P6b,gedai-conservative,chb22_27.edf,chb22,0.9992530493667424,18.4,,
P6b,gedai-conservative,chb22_28.edf,chb22,0.9994043080555083,18.5,,
P6b,gedai-conservative,chb22_29.edf,chb22,0.9992675245692185,18.3,,
P6b,gedai-conservative,chb22_30.edf,chb22,0.9994135252726579,16.2,,
P6b,gedai-conservative,chb22_38.edf,chb22,0.9847080800759942,16.2,,
P6b,gedai-conservative,chb22_51.edf,chb22,0.8174802549068755,16.2,,
P6b,gedai-conservative,chb22_54.edf,chb22,0.9992019747716608,15.8,,
P6b,gedai-conservative,chb22_77.edf,chb22,0.999451821518333,15.9,,
P6b,gedai-conservative,chb23_06.edf,chb23,0.9993568515393914,41.2,,
P6b,gedai-conservative,chb23_07.edf,chb23,0.29148953391894367,14.6,,
P6b,gedai-conservative,chb23_08.edf,chb23,0.37736239352820405,55.9,,
P6b,gedai-conservative,chb23_09.edf,chb23,0.3088399816209461,77.9,,
P6b,gedai-conservative,chb23_10.edf,chb23,0.9991754142802928,75.4,,
P6b,gedai-conservative,chb23_16.edf,chb23,0.9991542990249735,77.1,,
P6b,gedai-conservative,chb23_17.edf,chb23,0.29454339483468905,63.7,,
P6b,gedai-conservative,chb23_19.edf,chb23,0.9990838985582834,55.0,,
P6b,gedai-conservative,chb23_20.edf,chb23,0.5708964627582301,22.8,,
P6b,gedai-conservative,chb24_01.edf,chb24,0.9995586061443814,17.0,,
P6b,gedai-conservative,chb24_02.edf,chb24,0.9994707041767651,18.1,,
P6b,gedai-conservative,chb24_03.edf,chb24,0.999546107041648,17.8,,
P6b,gedai-conservative,chb24_04.edf,chb24,0.9995045332852247,17.6,,
P6b,gedai-conservative,chb24_05.edf,chb24,0.999297088131759,18.0,,
P6b,gedai-conservative,chb24_06.edf,chb24,0.9993602961284366,17.9,,
P6b,gedai-conservative,chb24_07.edf,chb24,0.999302250254029,17.2,,
P6b,gedai-conservative,chb24_08.edf,chb24,0.9991871049068808,17.0,,
P6b,gedai-conservative,chb24_09.edf,chb24,0.9992836100029365,17.5,,
P6b,gedai-conservative,chb24_10.edf,chb24,0.9992077885957007,17.6,,
P6b,gedai-conservative,chb24_11.edf,chb24,0.9993976344438938,17.2,,
P6b,gedai-conservative,chb24_12.edf,chb24,0.9992203472088226,17.4,,
P6b,gedai-conservative,chb24_13.edf,chb24,0.9993531169744356,17.6,,
P6b,gedai-conservative,chb24_14.edf,chb24,0.9993178362500833,17.7,,
P6b,gedai-conservative,chb24_15.edf,chb24,0.9993884690439211,17.9,,
P6b,gedai-conservative,chb24_16.edf,chb24,0.9993729707764538,18.1,,
P6b,gedai-conservative,chb24_17.edf,chb24,0.9995156332428835,18.2,,
P6b,gedai-conservative,chb24_18.edf,chb24,0.9994981156306636,18.2,,
P6b,gedai-conservative,chb24_19.edf,chb24,0.9995460063299648,14.0,,
P6b,gedai-conservative,chb24_20.edf,chb24,0.9994657318265987,13.9,,
P6b,gedai-conservative,chb24_21.edf,chb24,0.9995242475450441,13.6,,
P6b,gedai-conservative,chb24_22.edf,chb24,0.9994807803463632,5.2,,
