title,authors,year,venue,doi,doc_type
Deep learning-based classification and segmentation of interictal epileptiform discharges using multichannel electroencephalography,Sun Y.; Guan M.; Chen X.; Feng F.; He R.; Huang L.; Tong X.; Zhou H.; Liu X.; Ming D.,2025,Epilepsia,10.1111/epi.18463,Article
Robust Epileptic Seizure Detection Using Long Short-Term Memory and Feature Fusion of Compressed Time–Frequency EEG Images,Khan S.U.; Jan S.U.; Koo I.,2023,Sensors,10.3390/s23239572,Article
Multi-Scale Deep Learning of Clinically Acquired Multi-Modal MRI Improves the Localization of Seizure Onset Zone in Children with Drug-Resistant Epilepsy,Jeong J.-W.; Lee M.-H.; Kuroda N.; Sakakura K.; O'Hara N.; Juhasz C.; Asano E.,2022,IEEE Journal of Biomedical and Health Informatics,10.1109/JBHI.2022.3196330,Article
Multiple Time Series Fusion Based on LSTM: An Application to CAP A Phase Classification Using EEG,Mendonça F.; Mostafa S.S.; Freitas D.; Morgado-Dias F.; Ravelo-García A.G.,2022,International Journal of Environmental Research and Public Health,10.3390/ijerph191710892,Article
"Neurophotonics: a comprehensive review, current challenges and future trends",Barros B.J.; Cunha J.P.S.,2024,Frontiers in Neuroscience,10.3389/fnins.2024.1382341,Review
FNIRS improves seizure detection in multimodal EEG-fNIRS recordings,Sirpal P.; Kassab A.; Pouliot P.; Nguyen D.K.; Lesage F.,2019,Journal of Biomedical Optics,10.1117/1.JBO.24.5.051408,Article
Toward Reliable Models for Distinguishing Epileptic High-Frequency Oscillations (HFOs) from Non-HFO Events Using LSTM and Pre-Trained OWL-ViT Vision–Language Framework,Chaibi S.; Kachouri A.,2025,AI (Switzerland),10.3390/ai6090230,Article
Seizure Prediction Based on Multi-scale Fusion-Attention Transformer,Pan D.; Luo G.; Zhu Y.,2025,Lecture Notes in Computer Science,10.1007/978-981-96-6588-4_13,Conference paper
SeizureGuard: An adaptive fusion converter model for seizure prediction,Pan W.-X.; Zhu R.; Liu J.-X.; Shang J.-L.,2024,"Proceedings - 2024 IEEE International Conference on Bioinformatics and Biomedicine, BIBM 2024",10.1109/BIBM62325.2024.10822245,Conference paper
Deep Learning for the Prediction of Treatment Responses in Individuals With Epilepsy,Krauss G.L.; Habela C.W.,2025,Neurology,10.1212/WNL.0000000000214421,Editorial
Epileptic seizure detection based on improved wavelet neural networks in long-term intracranial EEG,Geng D.; Zhou W.; Zhang Y.; Geng S.,2016,Biocybernetics and Biomedical Engineering,10.1016/j.bbe.2016.03.001,Article
Fusion-aware Ensemble Learning for Robust Multimodal Epileptic Seizure Detection Under Cross-dataset Distribution Shifts,Khalid A.-M.; Sulemana M.; Iddrisu W.A.,2026,International Journal of Intelligent Engineering and Systems,10.22266/ijies2026.0930.22,Article
Real-time EEG-based epileptic seizure prediction using artificial intelligence: A systematic review,Song Z.; Arrowsmith K.; Henare D.; Pedersen M.,2026,Artificial Intelligence in Medicine,10.1016/j.artmed.2026.103476,Review
Epilepsy seizure prediction based on ViT-2DCNN spatio-temporal fusion model,Yao D.; Chen D.,2026,Biomedical Physics and Engineering Express,10.1088/2057-1976/ae744a,Article
A TRANSFER LEARNING APPROACH FOR EARLY DETECTION OF FEBRILE SEIZURES USING EEG AND CLINICAL FEATURES,Srinivas K.; Archana M.; Sushumna S.; Chakram D.V.; Krishna C.S.R.; Prasanna P.L.; Nancharaiah B.; Naresh M.,2026,Journal of Theoretical and Applied Information Technology,,Article
An explainable multi-view representation fusion learning framework with hybrid MetaFormer for EEG-based epileptic seizure detection,Wang J.; Wei L.; Qian Z.; Shi C.; Liu Y.; Xu Y.,2026,Neurocomputing,10.1016/j.neucom.2026.132929,Article
A model for epileptic EEG detection and recognition based on Multi-Attention mechanism and Spatiotemporal,Su J.; Huang Z.; Ma Y.; Shi H.; Yang Y.; Xi M.; Li B.,2025,Scientific Reports,10.1038/s41598-025-17256-y,Article
"2nd International Conference on Advances in Data-driven Computing and Intelligent Systems, ADCIS 2023",,2024,Lecture Notes in Networks and Systems,,Conference review
A wireless and battery-less implant for multimodal closed-loop neuromodulation in small animals,Ouyang W.; Lu W.; Zhang Y.; Liu Y.; Kim J.U.; Shen H.; Wu Y.; Luan H.; Kilner K.; Lee S.P.; Lu Y.; Yang Y.; Wang J.; Yu Y.; Wegener A.J.; Moreno J.A.; Xie Z.; Wu Y.; Won S.M.; Kwon K.; Wu C.; Bai W.; Guo H.; Liu T.-L.; Bai H.; Monti G.; Zhu J.; Madhvapathy S.R.; Trueb J.; Stanslaski M.; Higbee-Dempsey E.M.; Stepien I.; Ghoreishi-Haack N.; Haney C.R.; Kim T.-I.; Huang Y.; Ghaffari R.; Banks A.R.; Jhou T.C.; Good C.H.; Rogers J.A.,2023,Nature Biomedical Engineering,10.1038/s41551-023-01029-x,Article
A 1-D CNN-FSVM Model with a multi-scale sub-band feature learning for automated seizure detection,Reddy S.K.C.; Suchetha M.,2022,"Proceedings - IEEE International Conference on Advances in Computing, Communication and Applied Informatics, ACCAI 2022",10.1109/ACCAI53970.2022.9752500,Conference paper
Multi-modal characterization and simulation of human epileptic circuitry,Buchin A.; de Frates R.; Nandi A.; Mann R.; Chong P.; Ng L.; Miller J.; Hodge R.; Kalmbach B.; Bose S.; Rutishauser U.; McConoughey S.; Lein E.; Berg J.; Sorensen S.; Gwinn R.; Koch C.; Ting J.; Anastassiou C.A.,2022,Cell Reports,10.1016/j.celrep.2022.111873,Article
Optimized Deep Learning Model for Precise Epileptic Seizure Detection from Electroencephalogram Signals Enhancing Accuracy Performance and Classification,Asha Saraswathi B.; Mevegar Q.; Halwegar W.A.,2026,"IEEE International Conference on Emerging Synergy Science and Technology, ICESST 2026",10.1109/ICESST69086.2026.11582903,Conference paper
"11th International Conference on Intelligent Computing Theories and Methodologies, ICIC 2015",,2015,Lecture Notes in Computer Science,,Conference review
Multiscale Deep Learning for EEG-Based Seizure Detection Bridging Validation Performance and Clinical Deployment,Chowdary M.H.; Munia M.R.; Sheakh M.A.; El-Shafai W.; Azar A.T.; Kamal N.A.,2026,"2026 International Conference on Control, Automation and Diagnosis, ICCAD 2026",10.1109/ICCAD69956.2026.11643149,Conference paper
"Proceedings of the 23rd Polish Conference on Biocybernetics and Biomedical Engineering, PCBEE 2023",,2024,Lecture Notes in Networks and Systems,,Conference review
"3rd International Conference on Artificial Intelligence: Theory and Applications, AITA 2025",,2026,Lecture Notes in Networks and Systems,,Conference review
Validation of an Automated Seizure Detection Procedure for Multi-Channel Neonatal EEG,Micheli C.; Thelen A.; De Vos M.; Dereymaeker A.; Haueisen J.; Fiedler P.,2026,Applied Sciences (Switzerland),10.3390/app16010052,Article
"Proceedings of the 2021 3rd International Conference on Intelligent Medicine and Health, ICIMH 2021",,2021,ACM International Conference Proceeding Series,,Conference review
"High-density EEG and source analysis: Principles, recent progress and applications in children",Bourel-Ponchel E.; Wallois F.,2013,Journal of Pediatric Epilepsy,10.3233/PEP-13041,Article
A multimodal epilepsy dataset of paired 3-Tesla and 7-Tesla MRI and intracranial EEG,Imtiaz T.; Lucas A.; Josyula M.; Petillo N.; Wagenaar J.; Stein J.M.; Das S.; Sinha N.; Davis K.A.,2026,Scientific Data,10.1038/s41597-026-07540-5,Data paper
Early seizure detection in childhood focal epilepsy with electroencephalogram feature fusion on deep autoencoder learning and channel correlations,Jiang T.; Zhu J.; Hu D.; Gao W.; Gao F.; Cao J.,2022,Multidimensional Systems and Signal Processing,10.1007/s11045-022-00839-7,Article
A time-frequency cross-attention network model for epileptic seizure detection,Wang R.; Tian L.; Li M.; Han J.,2026,Scientific Reports,10.1038/s41598-026-41636-7,Article
Multi-scale Feature Fusion Adaptive Adversarial Learning Net for Cross-patient Epileptic Seizure Detection,Chen Z.; Cui F.; Zhang Z.; Lai J.,2025,"2025 4th International Conference on Cloud Computing, Big Data Application and Software Engineering, CBASE 2025",10.1109/CBASE67452.2025.11335563,Conference paper
Epileptic State Classification by Fusing Hand-Crafted and Deep Learning EEG Features,Hu D.; Cao J.; Lai X.; Wang Y.; Wang S.; Ding Y.,2021,IEEE Transactions on Circuits and Systems II: Express Briefs,10.1109/TCSII.2020.3031399,Article
"Transforming EEG into Scalable Neurotechnology: Advances, Frontiers, and Future Directions",Pamungkas Y.; Triandini E.; Forca A.J.; Sangsawang T.; Karim A.,2025,Buletin Ilmiah Sarjana Teknik Elektro,10.12928/biste.v7i3.13824,Article
Energy-Efficient Spiking-CNN-Based Cross-Patient Seizure Detection,Muneeb A.; Kassiri H.,2023,Proceedings - IEEE International Symposium on Circuits and Systems,10.1109/ISCAS46773.2023.10181879,Conference paper
Miniaturized Wearable System for Multimodal EEG/ECG/EMG Sensing and Real-Time Physiological Monitoring,Zhang Y.; Meng X.; Lu C.; He Y.; Liang X.,2026,Micromachines,10.3390/mi17060697,Article
"13th International Conference on Brain Informatics, BI 2020",,2020,Lecture Notes in Computer Science (including subseries Lecture Notes in Artificial Intelligence and Lecture Notes in Bioinformatics),,Conference review
NeuroFusion: An Intelligent Multimodal AI Framework for Early Diagnosis and Risk Stratification of Neurological Disorders,Suriyapriya N.; Maheswari K.G.,2026,"Proceedings - ICSES 2026: 5th International Conference on Innovative Computing, Intelligent Communication and Smart Electrical Systems",10.1109/ICSES66558.2026.11478866,Conference paper
Multimodal data analysis of epileptic EEG and rs-fMRI via deep learning and edge computing,Hosseini M.-P.; Tran T.X.; Pompili D.; Elisevich K.; Soltanian-Zadeh H.,2020,Artificial Intelligence in Medicine,10.1016/j.artmed.2020.101813,Article
"Wearable seizure detection systems: Advancement, challenges, and future direction",Labeb O.A.; Ahmed M.A.; Salih M.M.; Abdulwahhab Z.T.,2026,AIP Conference Proceedings,10.1063/5.0328066,Conference paper
Blockchain-integrated multi-modal LSTM-CNN fusion for high-precision epileptic seizure detection from EEG signals,Mokhiamar M.O.; Mahmoud A.; Eldagla M.I.; Aribi Y.; Anter A.M.,2025,Knowledge-Based Systems,10.1016/j.knosys.2025.113703,Article
A Graph-Transformer Fusion Network Based on Multimodal Brain Connectivity for Epileptic Seizure Prediction,Lin Y.; Yu H.; Li H.,2025,"Proceeding of 2025 IEEE 4th International Conference on Computing, Communication, Perception and Quantum Technology, CCPQT 2025",10.1109/CCPQT66408.2025.11383053,Conference paper
Multimodal MRI radiomics enhances epilepsy prediction in pediatric low-grade glioma patients,Tang T.; Wu Y.; Dong X.; Zhai X.,2025,Journal of Neuro-Oncology,10.1007/s11060-025-05073-2,Article
Multimodality Deep Learning Fusion Based Epileptic Seizure Detection,Thakare V.S.; Ranawat R.,2025,International Journal of Intelligent Engineering and Systems,10.22266/IJIES2025.0331.49,Article
MAFNet: Dynamic multiscale anti-aliasing fusion network for end-to-end explainable seizure prediction,Wang J.; Wang Y.; Nie W.; Yuan Q.,2026,Applied Soft Computing,10.1016/j.asoc.2026.115554,Article
Adaptive Multi-Scale Fusion and Uncertainty-Aware CNN-ViT for EEG Seizure Detection,Chawla S.; Ranjan R.; Narayan Y.,2026,"Proceeding - 2026 IEEE 6th International Conference on Computing, Power, and Communication Technologies, IC2PCT 2026",10.1109/IC2PCT68894.2026.11584424,Conference paper
Automatic diagnostics of electroencephalography pathology based on multi-domain feature fusion,Chen S.; Huang D.; Liu X.; Chen J.; Kong X.; Zhang T.,2025,PLoS ONE,10.1371/journal.pone.0310348,Article
A Novel Prognostic Model Using Chaotic CNN with Hybridized Spoofing for Enhancing Diagnostic Accuracy in Epileptic Seizure Prediction,Palanisamy P.; Urooj S.; Arunachalam R.; Lay-Ekuakille A.,2023,Diagnostics,10.3390/diagnostics13213382,Article
Cross-subject seizure detection with isochronous time–frequency gated attention and incremental graph bias,Su S.; Hu M.; Wei L.; Yan Z.,2026,Biomedical Signal Processing and Control,10.1016/j.bspc.2026.109699,Article
Proceedings - IEEE Symposium on Computer-Based Medical Systems,,2018,Proceedings - IEEE Symposium on Computer-Based Medical Systems,,Conference review
GEM-CRAP: a fusion architecture for focal seizure detection,Shi J.; Zhang Y.; Song Z.; Xu H.; Yang Y.; Jin L.; Dong H.; Li Z.; Wei P.; Shan Y.; Zhao G.,2025,Journal of Translational Medicine,10.1186/s12967-025-06414-5,Article
Mixed supervised cross-subject seizure detection with transformer and reference learning,He L.; Ji D.; Dong X.; Li H.; Liu G.; Zhou W.,2025,Applied Soft Computing,10.1016/j.asoc.2025.113104,Article
"Automatic Detection of Epileptic Seizures in Neonatal Intensive Care Units through EEG, ECG and Video Recordings: A Survey",Olmi B.; Frassineti L.; Lanata A.; Manfredi C.,2021,IEEE Access,10.1109/ACCESS.2021.3118227,Review
CMTS-GNN: a cross-modal temporal-spectral graph neural network with cognitive network explainability,Wang Y.; Meng L.; Fan Y.,2025,Frontiers in Neurology,10.3389/fneur.2025.1700161,Article
Artificial intelligence-enhanced epileptic seizure detection by wearables,Yu S.; El Atrache R.; Tang J.; Jackson M.; Makarucha A.; Cantley S.; Sheehan T.; Vieluf S.; Zhang B.; Rogers J.L.; Mareels I.; Harrer S.; Loddenkemper T.,2023,Epilepsia,10.1111/epi.17774,Article
A pre-modeling interpretable epilepsy detection model with multi-feature fusion and graph attention network,Jing Z.; Wang J.; Yuan M.; Wang R.; Wu Y.,2026,European Physical Journal: Special Topics,10.1140/epjs/s11734-025-02053-5,Article
Research on Epilepsy Classification and Recognition Based on Multi-Domain Feature Fusion via Multi-Head Cross-Attention Mechanism; [基于多头交叉注意力机制融合多域特征的癫痫分类识别研究],Wen-wen C.; Ya-jun W.; Jin-cheng G.; Kang S.; Yu M.,2025,Tien Tzu Hsueh Pao/Acta Electronica Sinica,10.12263/DZXB.20250911,Article
Epilepsy Diagnosis Based on a Multi-Scale Graph Convolution and Adaptive Attention Fusion Network,Rong S.; Liu Q.; Ma Y.; Xu M.; Chen Y.; Fei Y.,2026,"2026 10th International Conference on Electronic Information Technology and Computer Engineering, EITCE 2026",10.1109/EITCE70137.2026.11634459,Conference paper
Dynamic Spatio-Temporal Fusion Network Via Hierarchical Self-Attention for Seizure Prediction,Xiong T.; Zhang T.; Xiao Q.; Yang J.; Huang D.; Kong X.,2026,IEEE Journal of Biomedical and Health Informatics,10.1109/JBHI.2026.3714542,Article
A multi-scale information fusion approach for brain network construction in epileptic EEG analysis,Ren Z.; Han D.,2025,Physica A: Statistical Mechanics and its Applications,10.1016/j.physa.2025.130415,Article
IoT-enabled EEG-based Epilepsy Detection using Multilayer Deep Learning and the Evolutionary Algorithm Approach,Jaffar A.Y.,2024,"Engineering, Technology and Applied Science Research",10.48084/etasr.8270,Article
"Computational neuroelectrophysiology and artificial intelligence for drug-resistant epilepsy: recent advances, current challenges, and future directions",Wang Y.; Yan Z.; Gong Y.; Lin W.; Wang T.; Liu Y.; Han Y.; Yang M.; Liu M.; Chen W.; Hu B.,2026,Journal of Neural Engineering,10.1088/1741-2552/ae6bf4,Review
Prognosis of Neonatal Hypoxic-Ischemic Encephalopathy Using Multimodal Deep Learning on MRI and EEG: A Critical Review,Kalimumbalo Y.K.; Mubake M.W.; Kambale W.V.; Hamed M.; Kasereka S.; Kyamakya K.,2026,Lecture Notes in Networks and Systems,10.1007/978-3-032-26319-3_30,Conference paper
A Frequency-Aware CNN-Vision Transformer with Adaptive Multi-Scale Feature Fusion Framework for Real-Time EEG-Based Epileptic Seizure Detection,Chawla S.; Ranjan R.; Narayan Y.,2026,"2026 International Conference on Emerging Smart Computing and Informatics, ESCI 2026",10.1109/ESCI68015.2026.11493313,Conference paper
A multi-context learning approach for EEG epileptic seizure detection,Yuan Y.; Xun G.; Jia K.; Zhang A.,2018,BMC Systems Biology,10.1186/s12918-018-0626-2,Article
Bridging the Gap in Tonic Seizure Detection: A Systematic Review and Meta-Analysis of Automatic Detection Systems,Guerrero-Aranda A.; Quintero-Valdez J.R.; Vélez-Pérez H.; Romo-Vázquez R.,2026,Journal of Clinical Neurophysiology,10.1097/WNP.0000000000001217,Review
"9th International Conference on Information and Communication Technology for Intelligent Systems, ICTIS 2025",,2026,Lecture Notes in Networks and Systems,,Conference review
Retraction:Automatic Detection of High-Frequency Oscillations Based on an End-to-End Bi-Branch Neural Network and Clinical Cross-Validation,Liu Z.; Wei P.; Wang Y.; Yang Y.; Dai Y.; Cao G.; Kang G.; Shan Y.; Liu D.; Xie Y.,2021,Computational Intelligence and Neuroscience,10.1155/2021/7532241,Retracted
Optimized Seizure Detection in EEG Using Dual-Branch Feature Fusion and Machine Learning Technique,Hema P.; Vanithamani R.,2026,Developmental Neurobiology,10.1002/dneu.70014,Article
Diverse Applications of Artificial Intelligence in Neuroradiology,Duong M.T.; Rauschecker A.M.; Mohan S.,2020,Neuroimaging Clinics of North America,10.1016/j.nic.2020.07.003,Review
An EEG-Based Seizure Recognition Method Using Dynamic Routing,Xiong Z.; Liu Y.; Jiang P.,2024,IEEE Access,10.1109/ACCESS.2024.3402075,Article
"Proceedings - 2017 IEEE International Conference on Autonomic Computing, ICAC 2017",,2017,"Proceedings - 2017 IEEE International Conference on Autonomic Computing, ICAC 2017",,Conference review
Interactive local and global feature coupling for EEG-based epileptic seizure detection,Zhao Y.; Chu D.; He J.; Xue M.; Jia W.; Xu F.; Zheng Y.,2023,Biomedical Signal Processing and Control,10.1016/j.bspc.2022.104441,Article
Comparison of Epilepsy Induced by Ischemic Hypoxic Brain Injury and Hypoglycemic Brain Injury using Multilevel Fusion of Data Features,Kadem S.; Sami N.; Elaraby A.; Alyousif S.; Jalil M.; Altaee M.; Almusawi M.; Ghany I.A.; Kareem A.K.; Kamalrudin M.; Ftaiet A.A.,2023,Fusion: Practice and Applications,10.54216/FPA.100106,Article
"Multi-Modal Artificial Intelligence System for Early Detection of Neurological Diseases: A Comprehensive Approach to Alzheimer's, Parkinson's, and Epilepsy Diagnosis",Mukkawar S.; Anokar B.; Limaye K.; Gosavi C.; Pagaree R.,2026,"International Conference on Emerging Trends and Innovations in ICT, ICEI 2026",10.1109/ICEI65890.2026.11447679,Conference paper
"Multimodal, Multiscale Insights into Hippocampal Seizures Enabled by Transparent, Graphene-Based Microelectrode Arrays",Mulcahey P.J.; Chen Y.; Driscoll N.; Murphy B.B.; Dickens O.O.; Johnson A.T.C.; Vitale F.; Takano H.,2022,eNeuro,10.1523/ENEURO.0386-21.2022,Article
Intracortical recordings reveal the neuronal selectivity for bodies and body parts in the human visual cortex,Ramirez J.G.; Vanhoyland M.; Ratan Murty N.A.; Decramer T.; Van Paesschen W.; Bracci S.; de Beeck H.O.; Kanwisher N.; Janssen P.; Theys T.,2024,Proceedings of the National Academy of Sciences of the United States of America,10.1073/pnas.2408871121,Article
EAViz: a user-friendly deep learning-based epilepsy analysis visualizer using multimodal data,Xia Z.; Hu D.; Jiang T.; Zhu S.; Lou X.; Cao J.,2025,Journal of Supercomputing,10.1007/s11227-025-07494-2,Article
"7th IEEE International Conference on Advanced Technologies, Signal and Image Processing, ATSIP 2024",,2024,"7th IEEE International Conference on Advanced Technologies, Signal and Image Processing, ATSIP 2024",,Conference review
"2nd International Conference on Advances in Data-driven Computing and Intelligent Systems, ADCIS 2023",,2024,Lecture Notes in Networks and Systems,,Conference review
Integrating Multimodal Neuroimaging for Neurological Disorders: A Systematic Framework for Clinical Translation,Lin Y.J.; Komperda I.,2026,SN Comprehensive Clinical Medicine,10.1007/s42399-026-02330-x,Review
Hybrid Convolutional Neural Network for Localization of Epileptic Focus Based on iEEG,Sui L.; Zhao X.; Zhao Q.; Tanaka T.; Cao J.,2021,Neural Plasticity,10.1155/2021/6644365,Article
Improving the Performance of ECG-based Epileptic Seizure Prediction,Nair S.; Kumar C.S.; Muralidharan P.; Gopinath S.; Kumar A.A.; Parasuram H.,2023,"2023 14th International Conference on Computing Communication and Networking Technologies, ICCCNT 2023",10.1109/ICCCNT56998.2023.10306997,Conference paper
A multimodal temporal attention network for seizure classification via one-dimensional convolutional neural architecture,Guhdar M.; Mstafa R.J.; Mohammed A.O.,2026,Biomedical Signal Processing and Control,10.1016/j.bspc.2025.108495,Article
Development and validation of a multimodal automatic interictal epileptiform discharge detection model: a prospective multi-center study,Lin N.; Li L.; Gao W.; Hu P.; Yuan G.; Sun H.; Qi F.; Wang L.; Wang S.; Liang Z.; He H.; Dong Y.; Gao Z.; Shao X.; Cui L.; Lu Q.,2025,BMC Medicine,10.1186/s12916-025-04316-3,Article
BioWAP: A Reconfigurable Biomedical AI Processor with Adaptive Processing for Co-Optimized Accuracy and Energy Efficiency,Liu J.; Xie Z.; Wang X.; Liu X.; Qiao X.; Fan J.; Qin H.; Guo C.; Xiao J.; Lin S.; Zhou J.,2024,Proceedings of the Custom Integrated Circuits Conference,10.1109/CICC60959.2024.10528956,Conference paper
Epileptic EEG signal analysis and classification based on a hybrid CNN-LSTM-self-attention framework,Xiao H.; Wang J.; Zeng X.; Yuan Q.,2025,Proceedings of SPIE - The International Society for Optical Engineering,10.1117/12.3076758,Conference paper
Epilepsy lesion localization method based on brain function network,Fang C.; Li X.; Na M.; Jiang W.; He Y.; Wei A.; Huang J.; Zhou M.,2024,Frontiers in Human Neuroscience,10.3389/fnhum.2024.1431153,Article
LGFNet: A Local-Global Focused Network for EEG Seizure Detection,Hong C.; Sun J.; Wu Y.; Jiang Y.; Diao Y.; Wang L.; Fang H.,2026,ICIMH 2025 - Proceedings of the 6th International Conference on Intelligent Medicine and Health,10.1145/3784929.3784934,Conference paper
Multimodal Mutual Information Extraction and Source Detection with Application in Focal Seizure Localization,Beheshti S.; Naghsh E.; Sadat-Nejad Y.; Naderahmadian Y.,2025,Electronics (Switzerland),10.3390/electronics14244897,Article
Automatic Detection of Epilepsy Based on Entropy Feature Fusion and Convolutional Neural Network,Sun Y.; Chen X.,2022,Oxidative Medicine and Cellular Longevity,10.1155/2022/1322826,Retracted
Pediatric SleepNet: a deep learning network for reliable pediatric sleep staging across developmental stages,Tripathi A.; Gupta A.; Ganglberger W.; Waters S.; Sun H.; Nasiri S.; Mitra A.; Stone K.L.; Mignot E.; Hwang D.; Reyna M.A.; Trotti L.M.; Clifford G.D.; Maski K.; Katwa U.; Thomas R.J.; Westover M.B.,2026,Sleep,10.1093/sleep/zsag064,Article
Concept of a Pipeline System for Automatic Markup and Prediction of Epileptic Seizures Based on Multimodal Analysis of EEG and Video Data,Malinin I.I.; Molodyakov S.A.,2025,"Proceedings of 2025 28th International Conference on Soft Computing and Measurements, SCM 2025",10.1109/SCM66446.2025.11060088,Conference paper
Multi-modality NDE fusion using encoder–decoder networks for identify multiple neurological disorders from EEG signals,Jain S.; Srivastava R.,2025,Technology and Health Care,10.1177/09287329241291334,Article
A Comprehensive Analysis of Biomarkers for Neurological Disorder Detections,Bhardwaj K.; Sharma S.,2026,"Proceedings - IEEE Madhya Pradesh Section Conference, MPCON 2026",10.1109/MPCON69668.2026.11509017,Conference paper
"2026 6th International Conference on Sensors and Information Technology, ICSI 2026",,2026,"2026 6th International Conference on Sensors and Information Technology, ICSI 2026",,Conference review
Modeling Clinical Decision Variability in Explainable Multimodal Seizure Detection,Azhar A.; Mathur A.; Jain S.; Emilian J.; Mandal S.; Shah N.; Zhang Y.J.,2024,Proceedings of Machine Learning Research,,Conference paper
Neural network underlying ictal humming demonstrated by very early SPECT: A case report,Guedj E.; Guye M.; De Laforte C.; Chauvel P.; Liegeois-Chauvel C.; Mundler O.; Bartolomei F.,2006,Epilepsia,10.1111/j.1528-1167.2006.00647.x,Article
MACHINE-LEARNING TECHNIQUES IN MULTIPLE SCLEROSIS PREDICTION USING EEG,Soleimanidoust L.; Rezai A.; Barghamadi H.; Ahanian I.,2025,"Biomedical Engineering - Applications, Basis and Communications",10.4015/S1016237224300050,Review
Dual-topology dynamic graph convolution-based spatial-spectral feature fusion network for patient-specific seizure detection,Ma R.; Shi B.; Liu M.; Wang Y.,2026,Complex and Intelligent Systems,10.1007/s40747-026-02358-5,Article
TFFBN-HDLF: a hybrid deep learning framework based on time-frequency functional brain networks for epileptic seizure detection,Gu P.; Wang R.; Lin Y.; Zhang M.; Liu F.; Guo J.; Jiang B.,2026,Frontiers in Medicine,10.3389/fmed.2026.1788516,Article
Improved EEG-Based Epileptic Seizure Classification with 2D Convolutional Neural Networks and Augmentation Strategies,Sharma L.; Maji S.,2025,"INDISCON 2025 - IEEE 6th India Council International Subsections Conference, Proceedings",10.1109/INDISCON66021.2025.11252104,Conference paper
A New Approach for Epileptic Seizure Detection from EEG and ECG Signals Using Wavelet Decomposition,Zougagh L.; Bouyghf H.; Nahid M.; Sabiri I.,2024,Lecture Notes in Networks and Systems,10.1007/978-3-031-52388-5_33,Conference paper
IoT based cloud network for smart health care using optimization algorithm,Goyal A.; kanyal H.S.; Kaushik S.; Khan R.,2021,Informatics in Medicine Unlocked,10.1016/j.imu.2021.100792,Article
Multi-scale spatio-temporal-spectral sparse attention-based hierarchical graph convolutional network for seizure prediction,Qin Y.; Yuan S.; Ma L.; Liu H.,2026,Knowledge-Based Systems,10.1016/j.knosys.2026.115429,Article
CMEpiNet: Complex-Valued Multimodal Epilepsy Detection Network Model,Su T.; Zhu H.; Chen S.; Wang H.,2026,Sensors,10.3390/s26134186,Article
Ensemble Fusion Models Using Various Strategies and Machine Learning for EEG Classification,Prabhakar S.K.; Lee J.J.; Won D.-O.,2024,Bioengineering,10.3390/bioengineering11100986,Article
Epileptic signal classification with deep eeg features by stacked cnns,Cao J.; Zhu J.; Hu W.; Kummert A.,2020,IEEE Transactions on Cognitive and Developmental Systems,10.1109/TCDS.2019.2936441,Article
Recent advances in artificial intelligence-assisted EEG analysis in diagnosis and treatment of epilepsy; [人工智能辅助脑电图分析在癫痫诊疗中的研究进展],Yao J.; Li J.; Lin J.; Meng H.,2026,Chinese Journal of Neuromedicine,10.3760/cma.j.cn115354-20251017-00633,Article
Multi-label Classification for Epileptic Seizure Recognition: Deep Neural Network Ensemble versus Choquet Fuzzy Integral Fusion,Ludwig S.A.,2020,"2020 IEEE Symposium Series on Computational Intelligence, SSCI 2020",10.1109/SSCI47803.2020.9308541,Conference paper
An Enhanced Machine Learning–Based Multimodal Framework for Seizure Detection Using EEG and MRI Data,Dharani V.; Lakshmanan L.,2026,Developmental Neurobiology,10.1002/dneu.70049,Article
HCFT: A Hierarchical Convolutional Fusion Transformer for Cross-Task EEG Decoding,Zhang H.; Zhu J.; Chen Y.; Li H.,2026,IEEE Journal of Biomedical and Health Informatics,10.1109/JBHI.2026.3721596,Article
DDFE-HCNN-E: A Dual-Domain Feature Fusion Hybrid CNN Ensemble Model for Automated Epileptic Seizure Detection,Gopi K.; Ramanujam E.; Thati J.; Kumar G.S.; Merugu N.B.,2026,ICCIDS 2026 - 9th International Conference on Computational Intelligence in Data Science,10.1109/ICCIDS69108.2026.11407570,Conference paper
"17th International Conference on Brain Informatics, BI 2024",,2025,Lecture Notes in Computer Science,,Conference review
Machine learning approaches for prediction of epilepsy risk across clinical pathways: a systematic review,Omar A.M.; Omisade A.; Gallivan J.P.; Winston G.P.,2026,Journal of Neural Engineering,10.1088/1741-2552/ae8eb1,Review
Brain network construction and analysis for epilepsy: A methodology review,Yang Y.; Wu D.; Gao Y.; Jiang T.; Yan C.; Yuan Y.; Zhang L.; Kashi S.; Qin P.,2026,Neural Networks,10.1016/j.neunet.2026.109294,Review
Automatic EEG artifact detection using a local-global feature fusion network in time and time-frequency domains,Yu Q.; Lin C.; Wang W.; Feng Z.; Wen M.,2026,Acta Epileptologica,10.1186/s42494-026-00248-4,Article
2015 IEEE Signal Processing in Medicine and Biology Symposium - Proceedings,,2016,2015 IEEE Signal Processing in Medicine and Biology Symposium - Proceedings,,Conference review
Automated Identification of Brain Disorders Using EEG and Hybrid Deep Learning Methodologies,Hasan D.S.; Al-Gayem Q.; Al-Libawy H.,2026,"Proceedings of the International Colloquium on Signal Processing and Its Applications, CSPA",10.1109/CSPA68262.2026.11517921,Conference paper
"Deep Learning for EEG-based epilepsy seizure detection and prediction: a comprehensive review of datasets, architectures, and clinical challenges",Alqahtani H.; Ahuja P.; Shishah W.; Kumar G.,2026,Multimedia Tools and Applications,10.1007/s11042-026-21699-4,Review
Classification of EEG Signals for Epileptic Seizures Using Feature Dimension Reduction Algorithm based on LPP,Liu Y.; Jiang B.; Feng J.; Hu J.; Zhang H.,2021,Multimedia Tools and Applications,10.1007/s11042-020-09135-7,Article
An effective fusion model for seizure prediction: GAMRNN,Ji H.; Xu T.; Xue T.; Xu T.; Yan Z.; Liu Y.; Chen B.; Jiang W.,2023,Frontiers in Neuroscience,10.3389/fnins.2023.1246995,Article
MCLF: Montage consistent CNN–Liquid fusion for long-term scalp EEG seizure detection,Wang Y.; Zhao X.; Yin X.,2026,MethodsX,10.1016/j.mex.2026.103929,Article
Multimodal Approach for Epileptic Seizure Detection in Epilepsy Monitoring Units,Maia P.; Lopes E.; Hartl E.; Vollmar C.; Noachtar S.; Cunha J.P.S.,2020,IFMBE Proceedings,10.1007/978-3-030-31635-8_133,Conference paper
"12th International Conference on Brain Informatics, BI 2019",,2019,Lecture Notes in Computer Science (including subseries Lecture Notes in Artificial Intelligence and Lecture Notes in Bioinformatics),,Conference review
EEG-based machine-learning prognostication in comatose patients with indeterminate outcome after cardiac arrest,Xhepa S.; Degano G.; Francini N.; Rochat T.; Kleinschmidt A.; Quintard H.; De Stefano P.,2026,Critical Care,10.1186/s13054-026-05982-2,Article
A Multi-Modal AI System for Epilepsy Diagnosis and Treatment Response,Gunathilaka S.; Ranaweera D.; Navodya S.; Himsara D.; Rathnayake S.; Thelijjagoda S.,2026,IEEE International Conference on Electro Information Technology,10.1109/eIT68936.2026.11670359,Conference paper
"Neonatal seizure detection: a review of current methods, challenges and future directions; [Anfallserkennung bei Neugeborenen: Übersicht über aktuelle Verfahren, Probleme und die zukünftige Ausrichtung]",Pavel A.M.; Mathieson S.R.; Boylan G.B.,2026,Clinical Epileptology,10.1007/s10309-026-00823-2,Review
FedMWAD: Module-wise weighted aggregation federated learning combined with Ditto for patient-independent seizure prediction,Ding Y.; Zhao W.; Huang K.,2025,Information Processing and Management,10.1016/j.ipm.2025.104253,Article
"An Attention-Based Hybrid Deep Learning Approach for Patient-Specific, Cross-Patient, and Patient-Independent Seizure Detection",Ahmad I.; Wang X.; Li L.; Liu Z.; Huang J.; Aboyeji S.T.; Li G.; Mukhopadhyay S.C.; Liu Z.; Zhao G.; Guo Y.; Chen S.,2024,"Proceedings of the Annual International Conference of the IEEE Engineering in Medicine and Biology Society, EMBS",10.1109/EMBC53108.2024.10782346,Conference paper
Explainable End-to-End Seizure Prediction via Stationary Wavelet Transform-Driven Dynamic Multiscale Fuzzy Clustering,Wang J.; Wang Y.; Nie W.; Yuan Q.,2025,IEEE Journal of Biomedical and Health Informatics,10.1109/JBHI.2025.3633739,Article
Automatic detection and prediction of epileptic EEG signals based on nonlinear dynamics and deep learning: a review,Tan S.; Tang Z.; He Q.; Li Y.; Cai Y.; Zhang J.; Fan D.; Guo Z.,2025,Frontiers in Neuroscience,10.3389/fnins.2025.1630664,Review
"Seizure detection based on wearable devices: A review of device, mechanism, and algorithm",Li W.; Wang G.; Lei X.; Sheng D.; Yu T.; Wang G.,2022,Acta Neurologica Scandinavica,10.1111/ane.13716,Review
Deep Multi-scale Feature Fusion Convolutional Neural Network for Automatic Epilepsy Detection Using EEG Signals,Qin H.; Deng B.; Wang J.; Yi G.; Wang R.; Zhang Z.,2020,"Chinese Control Conference, CCC",10.23919/CCC50068.2020.9188949,Conference paper
Deep learning for emotion recognition using physiological signals,Indolia S.; Nigam S.; Singh R.,2024,Data Fusion Techniques and Applications for Smart Healthcare,10.1016/B978-0-44-313233-9.00023-0,Book chapter
Epileptic Classification With Deep-Transfer-Learning-Based Feature Fusion Algorithm,Cao J.; Hu D.; Wang Y.; Wang J.; Lei B.,2022,IEEE Transactions on Cognitive and Developmental Systems,10.1109/TCDS.2021.3064228,Article
TinyML for Epileptic Seizure Detection: A State-of-the-Art Review,Yahyati C.; Lamaakal I.; Maleh Y.; El Makkaoui K.; Ouahbi I.,2026,Springer Proceedings in Physics,10.1007/978-3-032-19038-3_21,Conference paper
Multimodal Coherence-Correlation Fusion of EEG and ECoG Signals for Enhanced Epileptic Seizure Detection Using Discrete Lyapunov Wavelet Transform,Prinston Pinto A.; Dattathreya; Prasada P.; Rag S.A.,2025,IEEE Access,10.1109/ACCESS.2025.3608806,Article
Application of machine learning approaches to predict seizure-onset zones in patients with drug-resistant epilepsy: a systematic review,Bangash A.H.; Bercu M.M.; Byrne R.W.; Pavuluri S.; Salehi A.,2025,Frontiers in Neurology,10.3389/fneur.2025.1687144,Review
Epileptic Seizure Detection via TFN-GAT-Based Enhanced EEG Decoding,Ge Z.; Wang C.; Zou A.-M.; Zou R.; Cui J.; Liang G.,2026,Lecture Notes in Electrical Engineering,10.1007/978-981-95-4045-7_29,Conference paper
A hybrid CNN-Bi-LSTM model with feature fusion for accurate epilepsy seizure detection,Cao X.; Zheng S.; Zhang J.; Chen W.; Du G.,2025,BMC Medical Informatics and Decision Making,10.1186/s12911-024-02845-0,Article
A causal attention network with time frequency channel feature fusion for epileptic seizure prediction,Qu Y.; Rao S.; Li T.; Li Y.; Niu Y.; Chang R.; Chen X.; Wang B.,2026,Journal of Neuroscience Methods,10.1016/j.jneumeth.2025.110665,Article
An Approach for Detection of Epileptic Seizures from EEGs Considering Ictal-like Non-Ictal Signals,Wu Z.; Zhou S.,2022,"2022 International Conference on Smart Generation Computing, Communication and Networking, SMART GENCON 2022",10.1109/SMARTGENCON56628.2022.10084311,Conference paper
Epileptic Seizure Detection with Hybrid Time-Frequency EEG Input: A Deep Learning Approach,Pan Y.; Zhou X.; Dong F.; Wu J.; Xu Y.; Zheng S.,2022,Computational and Mathematical Methods in Medicine,10.1155/2022/8724536,Article
Power and Phase Fusion Spectrogram with Three-Dimensional Convolution and Vision Transformer for Seizure Detection,Jiang Y.; Wang Z.; Zhao Y.; Zhou W.; Liu G.,2026,Diagnostics,10.3390/diagnostics16132012,Article
Epileptic seizure prediction based on a residual capsule network with multidimensional electroencephalography feature fusion,Xi Y.; Lan Z.; Meng T.; Chen Y.; Cao J.; Zhang L.,2026,Biomedical Signal Processing and Control,10.1016/j.bspc.2025.109370,Article
Learning feature-wise temporal-spatial gating with Kolmogorov-Arnold networks for EEG seizure detection,Basheer R.; Mishra D.,2026,Pattern Recognition Letters,10.1016/j.patrec.2026.07.016,Article
Sage Against the Machine: Promise and Challenge of Artificial Intelligence in Epilepsy,Karakis I.,2022,Epilepsy Currents,10.1177/15357597221105139,Note
Epileptic EEG signal classification with ANFIS based on harmony search method,Wang J.; Gao X.Z.; Tanskanen J.M.A.; Guo P.,2012,"Proceedings of the 2012 8th International Conference on Computational Intelligence and Security, CIS 2012",10.1109/CIS.2012.159,Conference paper
MultiEpilepsyNet: An EEG and MRI data based multimodal seizure detection model using hybrid deep learning model,Khan M.A.R.; AlJarallah N.A.; Dutta A.K.; Alsubai S.; Mousavirad S.J.; Sharma S.K.; Tejani G.G.; BASSIR D.,2025,Brain Research Bulletin,10.1016/j.brainresbull.2025.111645,Article
"1st International Conference on Bioengineering and Biomedical Signal and Image Processing, BIOMESIP 2021",,2021,Lecture Notes in Computer Science (including subseries Lecture Notes in Artificial Intelligence and Lecture Notes in Bioinformatics),,Conference review
"5th International Conference on Frontiers of Electronics, Information and Computation Technologies, ICFEICT 2025",,2026,Lecture Notes in Electrical Engineering,,Conference review
Federated learning-enabled privacy-preserving framework for seizure forecasting and affective state analysis using multi-modal EEG-ECG data,Arulmurugan V.S.; Aarthy R.; Vidhya S.S.; K S.,2026,Scientific Reports,10.1038/s41598-026-50003-5,Article
"26th International Conference on Information Processing in Medical Imaging, IPMI 2019",,2019,Lecture Notes in Computer Science (including subseries Lecture Notes in Artificial Intelligence and Lecture Notes in Bioinformatics),,Conference review
Epileptic Seizures Detection using Fusion of Artificial Neural Network with Hybrid Deep Learning,Asrithavalli P.; Kumar K.A.; Anirudh P.; Begum B.,2024,"Proceedings - 3rd International Conference on Advances in Computing, Communication and Applied Informatics, ACCAI 2024",10.1109/ACCAI61061.2024.10602167,Conference paper
Memory optimized random forest classifier for EEG seizure detection in implantable monitoring and closed-loop neurostimulation devices,Kalousios S.; Larochelle J.; Zabler N.; Locker N.; Woias P.; Comella L.M.; Schulze-Bonhage A.; Dümpelmann M.,2025,Journal of Neural Engineering,10.1088/1741-2552/add76f,Article
A FREQUENCY-AWARE CNN–VISION TRANSFORMER WITH ADAPTIVE MULTI-STREAM FEATURE FUSION AND UNCERTAINTY ESTIMATION FOR EEG SEIZURE DETECTION,Chawla S.; Ranjan R.; Narayan Y.,2026,Journal of Mechanics of Continua and Mathematical Sciences,10.26782/jmcms.2026.05.00002,Article
Multi-modal Patient Cohort Identification from EEG Report and Signal Data,Goodwin T.R.; Harabagiu S.M.,2016,AMIA ... Annual Symposium proceedings. AMIA Symposium,,Article
Epileptic EEG signal detection based on deep learning,Li J.; Zhang Y.,2025,"2025 8th International Conference on Computer Information Science and Application Technology, CISAT 2025",10.1109/CISAT66811.2025.11181834,Conference paper
"27th International Conference on Pattern Recognition Workshops, ICPRW 2024",,2025,Lecture Notes in Computer Science,,Conference review
Improved Cross-Branch Fusion Method and Contrastive Learning for Seizure Type Recognition,Li Z.; Yuan M.; Jiang C.; Qi L.; Yuan S.,2027,Lecture Notes in Computer Science,10.1007/978-981-92-3495-0_3,Conference paper
IESS-FusionNet: Physiologically Inspired EEG-EMG Fusion with Linear Recurrent Attention for Infantile Epileptic Spasms Syndrome Detection,Feng J.; Liu Z.; Shen L.; Luo X.; Chen Y.; Li L.; Zhang T.,2026,Bioengineering,10.3390/bioengineering13010057,Article
Epileptical Seizure Classification from Electroencephalography Signals and 2-D Images: A Comprehensive Approach,Anita M.; Kowshalya A.M.; Elma K.J.; Muthuram A.; Peer Mohamed Appa M.A.Y.; Sivasakthi P.,2026,Communications in Computer and Information Science,10.1007/978-3-032-13026-6_17,Conference paper
Pyramid Vision Transformer-Enhanced Conformer Network for Epileptic Seizure Recognition Using Multichannel EEG Signals,Dong W.; Lian J.; Wang X.; Dong M.,2026,International Journal of Neural Systems,10.1142/S0129065726500504,Article
"8th International Conference on Computer Vision and Image Processing, CVIP 2023",,2024,Communications in Computer and Information Science,,Conference review
"Explainable AI for wearable seizure logging: Impact of data quality, patient age, and antiseizure medication on performance",Halimeh M.; Jackson M.; Vieluf S.; Loddenkemper T.; Meisel C.,2023,Seizure,10.1016/j.seizure.2023.06.002,Article
TriFusionNet: Multiscale dual-stream and dimension-adaptive fusion network for epileptic seizure prediction,Zhai D.; Wang J.; Xiao H.; Zeng X.; Leng Y.; Nie W.; Yuan Q.,2026,Biomedical Signal Processing and Control,10.1016/j.bspc.2026.110671,Article
What is the across-subject performance of your Artificial Intelligence method for EEG analysis?,Gil D.; Hernández-Sabaté A.,2026,Biomedical Signal Processing and Control,10.1016/j.bspc.2026.110020,Article
FF-DGAT: Feature Fusion Dual Graph Attention Network for Epileptic Seizure Detection Based on EEG Channel Correlation,Wang J.; Zhao J.-L.; Zhu P.; Li L.; Wang L.,2025,Journal of Network Intelligence,,Article
A Multi-Channel Feature Fusion CNN-Bi-LSTM Epilepsy EEG Classification and Prediction Model Based on Attention Mechanism,Ma Y.; Huang Z.; Su J.; Shi H.; Wang D.; Jia S.; Li W.,2023,IEEE Access,10.1109/ACCESS.2023.3287927,Article
Integrating deep learning and critical slowing theory for automated epileptic detection and seizure prediction,Yang X.; Liu H.; Yan F.; Cao J.,2026,Engineering Applications of Artificial Intelligence,10.1016/j.engappai.2026.114181,Article
MASF-FB: Multi-Attention Spatio-Frequency Fusion for Epileptic Seizure Prediction,Batra A.; Goyal K.; Gandhi V.; Vankayalapati H.D.; Rathor K.,2025,"2025 IEEE Pune Section International Conference, PuneCon 2025",10.1109/PuneCon67554.2025.11379240,Conference paper
A multi-frame network model based on time-frequency analysis for epilepsy prediction,Zhang F.; Wei X.; Lu L.,2024,"Chinese Control Conference, CCC",10.23919/CCC63176.2024.10662334,Conference paper
A multimodal attention-fusion convolutional neural network for automatic detection of sleep disorders,Wang W.; Li J.; Fang Y.; Zheng Y.; You F.,2024,Applied Intelligence,10.1007/s10489-024-05499-7,Article
"8th International Conference on Computer Vision and Image Processing, CVIP 2023",,2024,Communications in Computer and Information Science,,Conference review
Multimodal brain image fusion for neurological disease detection and classification: a comprehensive review,Shaik M.; Gupta S.; Kishan Babu K.,2026,International Journal of Computers and Applications,10.1080/1206212X.2026.2690510,Review
"27th International Conference on Pattern Recognition Workshops, ICPRW 2024",,2025,Lecture Notes in Computer Science,,Conference review
Artificial intelligence for medical image analysis in epilepsy,Sollee J.; Tang L.; Igiraneza A.B.; Xiao B.; Bai H.X.; Yang L.,2022,Epilepsy Research,10.1016/j.eplepsyres.2022.106861,Review
MWAM-CNN: A Multimodal Convolutional Neural Network Integrating Wavelet Transform and Attention Mechanism for Neonatal Seizures Detection,Qian Y.; Zheng W.; Wei X.; Li X.,2026,IRBM,10.1016/j.irbm.2026.100953,Article
Non-EEG-Based Seizure Detection: A Comprehensive Review,Singh A.K.; Rana A.; Kapse V.,2024,"Proceedings of International Conference on Communication, Computer Sciences and Engineering, IC3SE 2024",10.1109/IC3SE62002.2024.10593241,Conference paper
Epileptic Seizures Diagnosis Using Amalgamated Extremely Focused EEG Signals and Brain MRI,Mohammad F.; Al-Ahmadi S.,2023,"Computers, Materials and Continua",10.32604/cmc.2023.032552,Article
"13th International Joint Conference on Biomedical Engineering Systems and Technologies, BIOSTEC 2020",,2021,Communications in Computer and Information Science,,Conference review
Reliable decision making on clinical EEG: Trusted multi-view learning with subjective logic for uncertainty quantification,Zuo Y.; Wang Y.; Chen D.; Gao T.; Chen J.,2026,Expert Systems with Applications,10.1016/j.eswa.2025.129453,Article
MULTISCALE DENSE CONVOLUTIONAL NETWORK FOR EEG SEIZURE DETECTION,Zhu Z.; Zhang M.; Cui Y.,2024,"ICIC Express Letters, Part B: Applications",10.24507/icicelb.15.09.889,Article
Analysis of the application effectiveness of privacy-preserving transfer learning technology in epileptic intracranial EEG spike signal recognition; [隐私保护迁移学习技术在癫痫颅内脑电棘波信号识别中的应用效果分析],Wang K.; Wang L.; Liu X.; Zhang D.; Qi Y.; Chen X.; Qian R.,2025,Chinese Journal of Neurosurgery,10.3760/cma.j.cn112050-20250403-00104,Article
Epileptic Seizure Prediction on CHB-MIT EEG Using Soft Fusion Post-Processing of Top-K Predictions with CNN Architectures,Balamas A.M.; Aldabbagh G.A.; Alkhuraiji S.M.,2025,Advances in Artificial Intelligence and Machine Learning,10.54364/AAIML.2025.54254,Article
Editorial: Translational applications of neuroimaging,Haugg A.; Mehler D.M.A.; Skouras S.,2024,Frontiers in Neuroscience,10.3389/fnins.2024.1400383,Editorial
Enhancing Epileptic Seizure Classification via Multi-Feature Fusion in a Transformer-LSTM Architecture,Yuan G.; Qiu P.; Lin Q.; Lin J.; Li X.; Gao D.,2026,CMES - Computer Modeling in Engineering and Sciences,10.32604/cmes.2026.081152,Article
Battery-Less Implantable Continuous EEG Monitoring via Anisotropic Diffusion,Anjum K.; Pompili D.,2024,IEEE Journal on Selected Areas in Communications,10.1109/JSAC.2024.3399203,Article
Automatic Seizure Prediction Based on Cross-Feature Fusion Stream Convolutional Neural Network,Wang Y.; Wang Y.; Piao Y.,2021,Communications in Computer and Information Science,10.1007/978-3-030-82269-9_6,Conference paper
Epileptic Seizure Prediction and Detection Based on Limited-Channel EEG Signals,Zhang Y.; Zhang P.; Yin Z.,2025,"Proceedings - 2025 17th International Conference on Signal Processing Systems, ICSPS 2025",10.1109/ICSPS66615.2025.11347624,Conference paper
Deep Learning Models for Predicting Epileptic Seizures Using iEEG Signals,Ouichka O.; Echtioui A.; Hamam H.,2022,Electronics (Switzerland),10.3390/electronics11040605,Article
Predicting Epileptic Seizures using Ensemble Method,Noble-Nnakenyi P.C.; Olatunji K.A.; Abiola O.B.; Oguntimilehin A.; Adeyemo O.A.; Babalola G.,2022,"Proceedings of the 5th International Conference on Information Technology for Education and Development: Changing the Narratives Through Building a Secure Society with Disruptive Technologies, ITED 2022",10.1109/ITED56637.2022.10051568,Conference paper
A Temporal Multi-View Fuzzy Classifier for Fusion Identification on Epileptic Brain Network,Xia Z.; Xue W.; Zhai J.; Zhou T.; Su C.,2025,IEEE Transactions on Fuzzy Systems,10.1109/TFUZZ.2024.3363623,Article
Research on Automatic Detection and Early Warning of Epilepsy in Electroencephalogram Signals,Zheng S.-X.; Li S.-T.; Zhang H.-L.; Bao J.,2025,Lecture Notes in Computer Science,10.1007/978-3-031-77003-6_8,Conference paper
Explainable automated seizure detection using attentive deep multi-view networks,Einizade A.; Nasiri S.; Mozafari M.; Sardouie S.H.; Clifford G.D.,2023,Biomedical Signal Processing and Control,10.1016/j.bspc.2022.104076,Article
Epileptic Seizure Detection Using Convolutional Neural Network: A Multi-Biosignal study,Liu Y.; Sivathamboo S.; Goodin P.; Bonnington P.; Kwan P.; Kuhlmann L.; O'Brien T.; Perucca P.; Ge Z.,2020,ACM International Conference Proceeding Series,10.1145/3373017.3373055,Conference paper
Seizure Detection using Deep Multiset Canonical Correlation Analysis and Bayesian Optimization,Bai X.; Yan L.,2021,Journal of Physics: Conference Series,10.1088/1742-6596/1748/2/022034,Conference paper
A bibliometric analysis of electroencephalogram research in stroke: current trends and future directions,Liao X.-Y.; Jiang Y.-E.; Xu R.-J.; Qian T.-T.; Liu S.-L.; Che Y.,2025,Frontiers in Neurology,10.3389/fneur.2025.1539736,Review
fastSeizureNet: Accurate and efficient knowledge-data fusion for semi-supervised seizure detection,An J.; Peng R.; Yang X.; Wu D.,2026,Neural Networks,10.1016/j.neunet.2026.109078,Article
Investigating the Impact of CNN Depth on Neonatal Seizure Detection Performance,OrShea A.; Lightbody G.; Boylan G.; Temko A.,2018,Conference proceedings : ... Annual International Conference of the IEEE Engineering in Medicine and Biology Society. IEEE Engineering in Medicine and Biology Society. Annual Conference,10.1109/EMBC.2018.8513617,Article
End-to-End Deep Learning Framework for Automated Epilepsy Diagnosis from EEG Data,Nagoor Meeral M.; Rashed Khan A.A.; Mishra A.; Pradhan N.; Anitha C.; Reshma M.,2025,"2025 IEEE 1st International Conference on Recent Trends in Computing and Smart Mobility, RCSM 2025",10.1109/RCSM67767.2025.11506764,Conference paper
Neuromorphic Innovations in Medical Imaging and Diagnostics,Prakash K.B.; Kumar V.P.,2026,Brain-Inspired Artificial Intelligence and Neuromorphic Computing in Healthcare,10.1002/9781394395477.ch20,Book chapter
SCFNet: An easily transportable epileptiform electrical classification network,Xu W.; Lu R.; Yao K.; Zhang H.,2025,"Youth Academic Annual Conference of Chinese Association of Automation, YAC",10.1109/YAC66630.2025.11149728,Conference paper
EEG-SF2Net: A Dual-Stream Squeezeformer Fusion Network for Multiclass Classification of IIIC Events in Epileptiform and Periodic Brain Activities,Jiang Y.; Zhou Y.; Zhang Y.; Su J.,2027,Lecture Notes in Computer Science,10.1007/978-981-92-3485-1_27,Conference paper
Smart Devices and Multimodal Systems for Mental Health Monitoring: From Theory to Application,Caragață A.V.; Hnatiuc M.; Geman O.; Halunga S.; Tulbure A.; Iov C.J.,2026,Bioengineering,10.3390/bioengineering13020165,Review
Detection of Epileptic Seizures Based-on Channel Fusion and Transformer Network in EEG Recordings,Yauri J.; Lagos M.; Vega-Huerta H.; De-La-Cruz-VdV P.; Maquen-Niño G.L.E.; Condor-Tinoco E.,2023,International Journal of Advanced Computer Science and Applications,10.14569/IJACSA.2023.01405110,Article
Seizure detection using wearable sensors and machine learning: Setting a benchmark,Tang J.; El Atrache R.; Yu S.; Asif U.; Jackson M.; Roy S.; Mirmomeni M.; Cantley S.; Sheehan T.; Schubach S.; Ufongene C.; Vieluf S.; Meisel C.; Harrer S.; Loddenkemper T.,2021,Epilepsia,10.1111/epi.16967,Article
Two-Stage Multi-task Learning for Automatic Epilepsy Detection,Xi H.; Wang Y.; Niu R.; Hao Y.; Chen Y.,2022,Lecture Notes on Data Engineering and Communications Technologies,10.1007/978-3-030-89698-0_89,Book chapter
Seizure prediction in scalp EEG based channel attention dual-input convolutional neural network,Sun B.; Lv J.-J.; Rui L.-G.; Yang Y.-X.; Chen Y.-G.; Ma C.; Gao Z.-K.,2021,Physica A: Statistical Mechanics and its Applications,10.1016/j.physa.2021.126376,Article
Epileptic Spike Detection Based on Deep Learning,Duan L.; Cui Y.; Wang Y.; Wang Z.; Cao M.; Qiao Y.,2023,ACM International Conference Proceeding Series,10.1145/3594315.3594324,Conference paper
Deep anomaly detection of seizures with paired stereoelectroencephalography and video recordings,Martini M.L.; Valliani A.A.; Sun C.; Costa A.B.; Zhao S.; Panov F.; Ghatan S.; Rajan K.; Oermann E.K.,2021,Scientific Reports,10.1038/s41598-021-86891-y,Article
Deep Learning with Multi Modal Ensemble Fusion for Epilepsy Diagnosis,Kunekar P.R.; Gupta M.; Agarwal B.,2020,"Proceedings of 3rd International Conference on Emerging Technologies in Computer Engineering: Machine Learning and Internet of Things, ICETCE 2020",10.1109/ICETCE48199.2020.9091742,Conference paper
Epileptic seizure detection with linear and nonlinear features,Yuan Q.; Zhou W.; Liu Y.; Wang J.,2012,Epilepsy and Behavior,10.1016/j.yebeh.2012.05.009,Article
An Active Dry-Contact Continuous EEG Monitoring System for Seizure Detection Applications in Clinical Neurophysiology,Wickramasinghe N.L.; Udayantha D.S.; Abeyratne A.; Weerasinghe K.; Wickremasinghe K.; Wanigasinghe J.; De Silva A.; Edussooriya C.U.S.,2026,IEEE Transactions on Biomedical Engineering,10.1109/TBME.2025.3629563,Article
"Machine learning from wristband sensor data for wearable, noninvasive seizure forecasting",Meisel C.; El Atrache R.; Jackson M.; Schubach S.; Ufongene C.; Loddenkemper T.,2020,Epilepsia,10.1111/epi.16719,Article
Semiology and Epileptic Networks,McGonigal A.,2020,Neurosurgery Clinics of North America,10.1016/j.nec.2020.03.003,Review
Computational Neurosurgery in Deep Brain Stimulation,Germann J.; Gouveia F.V.; Beyn M.E.; Elias G.J.B.; Lozano A.M.,2024,Advances in Experimental Medicine and Biology,10.1007/978-3-031-64892-2_26,Book chapter
EEG-based harmful brain activity classification using deep learning and feature fusion,Unnisa Z.; Jaffar A.; Akram S.; Din I.; Khan K.; Masood Bhatti S.,2026,Scientific Reports,10.1038/s41598-026-48670-5,Article
MF-TopoNet: A Multi-Frequency Topological Neural Network for Epileptic Seizure Prediction,Mei Y.; Sun J.; Wang D.; An J.; Li H.; Li J.,2026,Sensors,10.3390/s26175623,Article
"Correction to: Employing Siamese Networks as Quantitative Biomarker for Assessing the Effect of Dolphin-Assisted Therapy on Pediatric Cerebral Palsy (Brain Sciences, (2024), 14, 8, (778), 10.3390/brainsci14080778)",Moreno Escobar J.J.; Morales Matamoros O.; Aguilar del Villar E.Y.; Quintana Espinosa H.; Chanona Hernández L.,2025,Brain Sciences,10.3390/brainsci15050425,Erratum
MGFormer: A lightweight multi-granular transformer for subject-independent Alzheimer's classification,Rahman R.; Azad A.K.A.; Momen S.,2025,Biomedical Signal Processing and Control,10.1016/j.bspc.2025.108230,Article
"2026 International Conference on Data Science for Cyber-Physical Systems Resilience using Advanced Applications, ICDCA 2026",,2026,"2026 International Conference on Data Science for Cyber-Physical Systems Resilience using Advanced Applications, ICDCA 2026",,Conference review
An adaptive epilepsy detection system using federated learning,ElHadidi H.H.; Saad H.H.; Behery G.M.,2026,Multimedia Tools and Applications,10.1007/s11042-026-21858-7,Article
Multi-feature Fusion for Epileptic Focus Localization Based on Tensor Representation,Zhao X.; Sole-Casals J.; Zhao Q.; Cao J.; Tanaka T.,2021,"2021 Asia-Pacific Signal and Information Processing Association Annual Summit and Conference, APSIPA ASC 2021 - Proceedings",,Conference paper
Sigma-1 Expression in Chronic Mouse Models of Temporal Lobe Epilepsy,Stocker V.M.; Lad C.; Markov A.; Potschka H.; von Rüden E.-L.,2026,Molecular Neurobiology,10.1007/s12035-026-06155-6,Article
RETRACTED: Automatic Detection and Classification of Epileptic Seizures in Patients with Liver Cirrhosis and Overlapping Hev Infection Based on Deep Multimodal Fusion Technology,Yu J.; Min R.; Yu Y.; Hu X.; Fu X.; Chi N.,2022,Contrast Media and Molecular Imaging,10.1155/2022/3176134,Retracted
Multimodal detection of epilepsy with deep neural networks,Ilias L.; Askounis D.; Psarras J.,2023,Expert Systems with Applications,10.1016/j.eswa.2022.119010,Article
Weakly supervised single-channel interictal epileptiform discharge detection with spatial priors,Wang C.; Luo W.; Shen J.; Jin B.; Yu F.,2026,Expert Systems with Applications,10.1016/j.eswa.2026.132136,Article
Integrative Approach for Automated Epileptic Seizure Detection: EEG-MRI Hybrid Model Utilizing Deep Learning Techniques,Dharani V.; Lakshmanan L.,2024,"Proceedings of the 5th International Conference on Data Intelligence and Cognitive Informatics, ICDICI 2024",10.1109/ICDICI62993.2024.10810967,Conference paper
Leveraging interictal multimodal features and graph neural networks for automated planning of epilepsy surgery,Nejedly P.; Hrtonova V.; Pail M.; Cimbalnik J.; Daniel P.; Travnicek V.; Dolezalova I.; Mivalt F.; Kremen V.; Jurak P.; Worrell G.A.; Frauscher B.; Klimes P.; Brazdil M.,2025,Brain Communications,10.1093/braincomms/fcaf140,Article
Epileptic Seizure Prediction Using Deep Neural Networks Via Transfer Learning and Multi-Feature Fusion,Yu Z.; Albera L.; Le Bouquin Jeannes R.; Kachenoura A.; Karfoul A.; Yang C.; Shu H.,2022,International Journal of Neural Systems,10.1142/S0129065722500320,Article
In-ear EEG wearables for brain activity assessment and cognitive rehabilitation: the emerging role of multimodal embedded intelligence,Channa A.; Jelinek H.F.; Belkacem A.N.; Atef M.; Elfadel I.A.M.,2026,Frontiers in Human Neuroscience,10.3389/fnhum.2026.1793705,Review
Deep Learning-Based Early Detection of Neurodevelopmental Disorders Using Multimodal Behavioral and EEG Data,Madhushika B.A.E.; Kulawansa K.A.D.T.; Chandrasiri M.D.N.,2026,"Proceedings - IEEE International Research Conference on Smart Computing and Systems Engineering, SCSE 2026",10.1109/SCSE70081.2026.11499783,Conference paper
Improved attention-based PCNN with GhostNet for epilepsy seizure detection using EEG and fMRI modalities: extractive pattern and histogram feature set,Mounika S.; S. R R.,2026,Frontiers in Artificial Intelligence,10.3389/frai.2025.1679218,Article
GRP-DNet: A gray recurrence plot-based densely connected convolutional network for classification of epileptiform EEG,Zeng M.; Zhang X.; Zhao C.; Lu X.; Meng Q.,2021,Journal of Neuroscience Methods,10.1016/j.jneumeth.2020.108953,Article
"6th International Conference on Communication and Intelligent Systems, ICCIS 2024",,2026,Lecture Notes in Networks and Systems,,Conference review
Multi-Feature Fusion-Based Convolutional Neural Networks for EEG Epileptic Seizure Prediction in Consumer Internet of Things,Ahmad I.; Zhu M.; Liu Z.; Shabaz M.; Ullah I.; Tong M.C.F.; Sambas A.; Men L.; Chen Y.; Chen S.,2024,IEEE Transactions on Consumer Electronics,10.1109/TCE.2024.3363166,Article
A deep learning framework with multi-perspective fusion for interictal epileptiform discharges detection in scalp electroencephalogram,Wei B.; Zhao X.; Shi L.; Xu L.; Liu T.; Zhang J.,2021,Journal of Neural Engineering,10.1088/1741-2552/ac0d60,Article
"Deep learning in intracranial EEG for seizure detection: advances, challenges, and clinical applications",Qamar W.U.R.; Lee M.-H.; Abibullaev B.,2025,Frontiers in Neuroscience,10.3389/fnins.2025.1677898,Review
A novel method for optimizing epilepsy detection features through multi-domain feature fusion and selection,Kong G.; Ma S.; Zhao W.; Wang H.; Fu Q.; Wang J.,2024,Frontiers in Computational Neuroscience,10.3389/fncom.2024.1416838,Article
An Advanced Deep Representation and Heuristic-based Model for Reliable Epileptic Seizure Detection from Electroencephalogram Signals,Selvam R.; Mahalakshmi R.,2026,"Proceedings of 9th International Conference on Trends in Electronics and Informatics, ICOEI 2026",10.1109/ICOEI68323.2026.11541928,Conference paper
A Fusion-Based Technique With Hybrid Swarm Algorithm and Deep Learning for Biosignal Classification,Prabhakar S.K.; Rajaguru H.; Kim C.; Won D.-O.,2022,Frontiers in Human Neuroscience,10.3389/fnhum.2022.895761,Article
Adaptive multi-scale phase-aware fusion network for EEG seizure recognition,Liang Y.; Liu J.; Zhang X.,2025,Frontiers in Neurology,10.3389/fneur.2025.1631064,Article
Seizure Types Classification Based on Multi-branch Hybrid Deep Learning Network,Jia Q.; Liu J.-X.; Shang J.; Dai L.; Wang Y.; Hu W.; Yuan S.,2024,Lecture Notes in Computer Science,10.1007/978-981-97-5591-2_39,Conference paper
LAG-EEGNet: A Length-Adaptive Global CNN-Transformer Framework for EEG-Based Epileptic Seizure Detection,Liu R.; Jia K.; Liu W.,2026,"2026 International Conference on Image, Signal Processing and Pattern Recognition, ISPP 2026",10.1109/ISPP69262.2026.11543120,Conference paper
Self-supervised spatial–temporal contrastive network for EEG-based brain network classification,Dong C.; Sun D.; Luo B.,2025,Neural Networks,10.1016/j.neunet.2025.107505,Article
"Enhancing Drug Response Prediction in Epilepsy with Emerging Multimodal Models: Focus on Clinical, Pharmacologic, and Genomic Factors",Anderson A.; Chang R.S.-K.; Howard M.; Chen Z.; Nhu D.; Ge Z.; Kwan P.,2026,CNS Drugs,10.1007/s40263-026-01295-8,Review
DistilCLIP-EEG: Enhancing Epileptic Seizure Detection Through Multi-modal Learning and Knowledge Distillation,Wang Z.; Shi L.; Wu H.; Luo J.; Kong X.; Qi J.,2025,IEEE Journal of Biomedical and Health Informatics,10.1109/JBHI.2025.3603022,Article
The Emerging Role of Artificial Intelligence in Identifying Epileptogenic Zone: A Systematic Literature Review,Pamungkas Y.; Radiansyah R.S.; Pratasik S.; Krisnanda M.; Derek N.,2025,Journal of Robotics and Control (JRC),10.18196/jrc.v6i5.27281,Article
Multichannel epileptic EEG classification using quaternions and neural network,Zhao Y.; Hong W.; Xu Y.; Zhang T.,2010,"Proceedings - 2010 1st International Conference on Pervasive Computing, Signal Processing and Applications, PCSPA 2010",10.1109/PCSPA.2010.143,Conference paper
Cognitive therapy for brain diseases using deep learning models,Olaniyan O.T.; Adetunji C.O.; Adeyomoye O.; Dare A.; Adeniyi M.J.; Enoch A.,2022,Artificial Intelligence for Neurological Disorders,10.1016/B978-0-323-90277-9.00017-1,Book chapter
A Comprehensive Analysis of Automatic Epilepsy Detection Techniques: Problems and Limitations,Krishna P.V.R.; Senthil M.,2024,"2nd International Conference on Self Sustainable Artificial Intelligence Systems, ICSSAS 2024 - Proceedings",10.1109/ICSSAS64001.2024.10760412,Conference paper
Quantitative EEG enhances early assessment and prognostic stratification of brain dysfunction in infants with abusive head trauma,Hess V.; Doyen M.; Nabbout R.; Blauwblomme T.; Serrand B.; Balençon M.; Bar C.; Brissaud O.; Klein O.; Wiedemann A.; Kuchenbuch M.,2026,Neurophysiologie Clinique,10.1016/j.neucli.2025.103132,Article
Spatiotemporal Network Based on GCN and BiGRU for Seizure Detection,Xu J.; Yuan S.; Shang J.; Wang J.; Yan K.; Yang Y.,2024,IEEE Journal of Biomedical and Health Informatics,10.1109/JBHI.2024.3349583,Article
A multi-domain feature fusion epilepsy seizure detection method based on spike matching and PLV functional networks,Fan Q.; Jiang L.; El Gohary A.; Dong F.; Wu D.; Jiang T.; Wang C.; Liu J.,2025,Journal of Neural Engineering,10.1088/1741-2552/adaef3,Article
Simultaneous electroencephalography-functional magnetic resonance imaging for assessment of human brain function,Ebrahimzadeh E.; Saharkhiz S.; Rajabion L.; Oskouei H.B.; Seraji M.; Fayaz F.; Saliminia S.; Sadjadi S.M.; Soltanian-Zadeh H.,2022,Frontiers in Systems Neuroscience,10.3389/fnsys.2022.934266,Review
EEG signals classification of epileptic patients via feature selection and voting criteria in intelligent method,Ghaffari A.; Ebrahimi Orimi H.,2014,Journal of Medical Engineering and Technology,10.3109/03091902.2014.890677,Article
FDCANET-SPIKE: EPILEPSY SEIZURE PREDICTION MODEL BASED ON FUSION OF DEEP CONVOLUTIONAL ATTENTION AND SPIKING NEURAL NETWORK,Wang H.; Shen Q.; Yan C.; Zhang Y.; Wan Z.; Xi Q.,2025,Journal of Mechanics in Medicine and Biology,10.1142/S0219519425400780,Article
Epileptic seizures detection in eeg signals using fusion handcrafted and deep learning features,Malekzadeh A.; Zare A.; Yaghoobi M.; Kobravi H.-R.; Alizadehsani R.,2021,Sensors,10.3390/s21227710,Article
Multi-branch fusion graph neural network based on multi-head attention for childhood seizure detection,Li Y.; Yang Y.; Song S.; Wang H.; Sun M.; Liang X.; Zhao P.; Wang B.; Wang N.; Sun Q.; Han Z.,2024,Frontiers in Physiology,10.3389/fphys.2024.1439607,Article
Fusion of electroencephalography and functional magnetic resonance imaging to explore epileptic network activity,Hunyadi B.; Van Paesschen W.; De Vos M.; Van Huffel S.,2016,European Signal Processing Conference,10.1109/EUSIPCO.2016.7760246,Conference paper
"13th International Conference on Health Information Science, HIS 2024",,2025,Lecture Notes in Computer Science,,Conference review
Mapping subcortical connectivity related to cortical gamma and theta oscillations,Ellmore T.M.; Tertel K.; Dias N.R.; Tandon N.,2012,"2012 IEEE Signal Processing in Medicine and Biology Symposium, SPMB 2012",10.1109/SPMB.2012.6469452,Conference paper
"14th International Conference on Brain Informatics, BI 2021",,2021,Lecture Notes in Computer Science (including subseries Lecture Notes in Artificial Intelligence and Lecture Notes in Bioinformatics),,Conference review
RDPNet: A Multi-Scale Residual Dilated Pyramid Network with Entropy-Based Feature Fusion for Epileptic EEG Classification,Xie T.; Zhao W.; Liu Y.; Xiao S.,2025,Entropy,10.3390/e27080830,Article
Deep Learning with Dual-Channel Feature Fusion for Epileptic EEG Signal Classification,Yu B.; Zuo M.; Sui L.,2025,Eng,10.3390/eng6070150,Article
Grasshopper optimization algorithm–based approach for the optimization of ensemble classifier and feature selection to classify epileptic EEG signals,Singh G.; Singh B.; Kaur M.,2019,Medical and Biological Engineering and Computing,10.1007/s11517-019-01951-w,Article
Hybrid Feature Fusion for EEG-Based Seizure Detection: A Deep vs Shallow Model Analysis,Rajeev A.; Kumar S.,2025,"2025 International Conference on Electrical and Electronics Engineering, ICE3 2025",10.1109/ICE367573.2025.11448935,Conference paper
A Multi-Modal Non-Invasive Deep Learning Framework for Progressive Prediction of Seizures,Saeizadeh A.; Schonholtz D.; Neimat J.S.; Johari P.; Melodia T.,2024,"2024 IEEE 20th International Conference on Body Sensor Networks, BSN 2024 - Proceedings",10.1109/BSN63547.2024.10780713,Conference paper
Asynchronous 3D bias-aware graph convolutional network and its application,Dong K.; Zhang L.,2026,Communications in Nonlinear Science and Numerical Simulation,10.1016/j.cnsns.2026.110710,Article
A Multimodal AI System for Out-of-Distribution Generalization of Seizure Identification,Yang Y.; Truong N.D.; Eshraghian J.K.; Maher C.; Nikpour A.; Kavehei O.,2022,IEEE Journal of Biomedical and Health Informatics,10.1109/JBHI.2022.3157877,Article
Integration of Spatiotemporal Dynamics and Structural Connectivity for Automated Epileptogenic Zone Localization in Temporal Lobe Epilepsy,Xiao L.; Zheng Q.; Li S.; Wei Y.; Si W.; Pan Y.,2025,IEEE Transactions on Neural Systems and Rehabilitation Engineering,10.1109/TNSRE.2025.3595906,Article
African Vultures Based Feature Selection with Multi-modal Deep Learning for Automatic Seizure Prediction,Nallur M.; Sandhya M.; Khan Z.; Mohan B.R.; Nayana C.P.; Rajashekhar S.A.,2024,"International Conference on Distributed Computing and Optimization Techniques, ICDCOT 2024",10.1109/ICDCOT61034.2024.10515466,Conference paper
Multi-modal Graph-Based Machine Learning for Predicting Surgical Outcome in Epilepsy Patients,Aharonyan A.A.; Amir S.A.; Wittayanakorn N.; Linguraru M.G.; Oluigbo C.; Anwar S.M.,2026,Lecture Notes in Computer Science,10.1007/978-3-032-05162-2_48,Conference paper
Enhanced neurological anomaly detection in MRI images using deep convolutional neural networks,Buttar A.M.; Shaheen Z.; Gumaei A.H.; Mosleh M.A.A.; Gupta I.; Alzanin S.M.; Akbar M.A.,2024,Frontiers in Medicine,10.3389/fmed.2024.1504545,Article
Machine Learning-Driven EEG Signal Analysis for Neurological Diagnostics,Vandna; Banita,2026,"Proceedings of 2nd International Conference on Visual Analytics and Data Visualization, ICVADV 2026",10.1109/ICVADV67766.2026.11470481,Conference paper
Deep learning-based epileptic seizure detection from EEG signals and PPG signals using LSTM and CNN models,B A.D.,2026,International Journal of Neuroscience,10.1080/00207454.2026.2621855,Article
Hierarchical Spatio-Temporal-Spectral Multiple Hybrid Attention Mechanisms for Seizure Prediction,Ge S.; Wang W.; Shi X.; Wang M.,2024,IAENG International Journal of Computer Science,,Article
Interpretable Seizure Classification Using Unprocessed EEG with Multi-Channel Attentive Feature Fusion,Priyasad D.; Fernando T.; Denman S.; Sridharan S.; Fookes C.,2021,IEEE Sensors Journal,10.1109/JSEN.2021.3090062,Article
A Comprehensive Survey on Epilepsy Prediction Using Deep Learning Models with EEG Signals,Arathi; Prabha R.; Shylaja K.R.,2026,"Proceedings of the 2026 13th International Conference on Computing for Sustainable Global Development, INDIACom 2026",10.23919/INDIACom70271.2026.11526435,Conference paper
CPRSCA-ResNet: a novel ResNet-based model with Channel-Partitioned Resolution Spatial-Channel Attention for EEG-based seizure detection,Ye S.; Chen G.; Li G.; Shen X.,2025,Frontiers in Neuroscience,10.3389/fnins.2025.1693079,Article
Multi-kernel convolutional neural network with attention mechanism for RonS detection,Zhu T.; Hu D.; Jiang T.; Zhu S.; Zhao Y.; Cao J.,2026,Medical and Biological Engineering and Computing,10.1007/s11517-026-03521-3,Article
Epileptic seizure prediction via multidimensional transformer and recurrent neural network fusion,Zhu R.; Pan W.-X.; Liu J.-X.; Shang J.-L.,2024,Journal of Translational Medicine,10.1186/s12967-024-05678-7,Article
"15th International Conference on Brain Informatics, BI 2022",,2022,Lecture Notes in Computer Science (including subseries Lecture Notes in Artificial Intelligence and Lecture Notes in Bioinformatics),,Conference review
Machine learning detection of epileptic seizure onset zone from iEEG,Broti N.M.; Iwasaki M.; Ono Y.,2025,Biomedical Engineering Letters,10.1007/s13534-025-00480-w,Review
Advanced Epileptic Seizure Detection Model Using Adaptive Deep Learning Technique With Coordinate Attention- Based Feature Fusion Approach: A Proposal,Kumari N.; Kumar R.; Sharma R.,2025,Advancing Cybersecurity in Smart Factories through Autonomous Robotic Defenses,10.4018/979-8-3373-0583-7.ch017,Book chapter
Transparent MXene Microelectrode Arrays for Multimodal Mapping of Neural Dynamics,Shankar S.; Chen Y.; Averbeck S.; Hendricks Q.; Murphy B.; Ferleger B.; Driscoll N.; Shekhirev M.; Takano H.; Richardson A.; Gogotsi Y.; Vitale F.,2025,Advanced Healthcare Materials,10.1002/adhm.202402576,Article
An Overview of Machine Learning Approaches for ECG-Based Epileptic Seizure Detection,Jumakhan H.; Deriche M.,2025,"22nd IEEE International Multi-Conference on Systems, Signals and Devices, SSD 2025",10.1109/SSD64182.2025.10989891,Conference paper
DuoQ-EpiNet: a dual-track quantum–classical convolutional neural network for EEG-based epilepsy seizure detection,Dutta S.S.; Sawant I.M.; S S.; Randhawa G.S.; Mistry R.; Ortega J.; P A.; B I.,2026,EPJ Quantum Technology,10.1140/epjqt/s40507-026-00500-3,Article
Feature fusion ensemble classification approach for epileptic seizure prediction using electroencephalographic bio-signals,Alkhrijah Y.; Khalid S.; Usman S.M.; Jameel A.; Zubair M.; Aldossary H.; Anwar A.; Arif S.,2025,Frontiers in Medicine,10.3389/fmed.2025.1566870,Article
Efficient EEG-based seizure prediction using DOFANet: a deep learning approach,Upadhyay P.K.; Kumar P.; Mishra S.K.; Bhutani M.,2025,International Journal of Information Technology (Singapore),10.1007/s41870-025-02646-2,Article
DWT-EMD Feature Level Fusion Based Approach over Multi and Single Channel EEG Signals for Seizure Detection,Jana G.C.; Agrawal A.; Pattnaik P.K.; Sain M.,2022,Diagnostics,10.3390/diagnostics12020324,Article
Reduction theories elucidate the origins of complex biological rhythms generated by interacting delay-induced oscillations,Yamaguchi I.; Ogawa Y.; Jimbo Y.; Nakao H.; Kotani K.,2011,PLoS ONE,10.1371/journal.pone.0026497,Article
Optimized Edge AI Framework for Wearable Epilepsy Seizure Monitoring on Microcontrollers,Navarro-Lázaro J.; Lupión M.; González-Ruiz V.; Sanjuan J.F.; Ortigosa P.M.,2026,Lecture Notes in Networks and Systems,10.1007/978-3-032-16995-2_14,Conference paper
"Deep Convolutional Neural Networks in Neurological Disorders Diagnosis: Comprehensive Review of Cutting-Edge Architectures, Challenges, and Future Directions",Zamani H.; Asghari Varzaneh Z.; Nadimi-Shahraki M.H.,2025,Archives of Computational Methods in Engineering,10.1007/s11831-025-10435-0,Review
AI-Powered Multimodal Seizure Detection and Classification using CNN and GAN-based EEG Signal Analysis,Radhika V.; Harish S.P.; Sivaganesh M.; Akilan B.,2025,"3rd International Conference on Emerging Applications of Material Science and Technology, ICEAMST 2025",10.1109/ICEAMST67459.2025.11335834,Conference paper
Collecting EEG signals in the IMPROVE data library,Thomsen C.E.; Gade J.; Nieminen K.; Langford R.M.; Ghosh I.R.; Jensen K.; Van Gils M.; Rosenfalck A.; Prior P.; White S.,1997,IEEE Engineering in Medicine and Biology Magazine,10.1109/51.637115,Article
Multimodal Attention Guided Optimized Temporal Network for Epileptic Seizure Detection,Thakare V.S.; Ranawat R.,2025,International Journal of Intelligent Engineering and Systems,10.22266/ijies2025.1130.36,Article
A Neural ODE-Enhanced Deep Learning Framework for Accurate and Real-Time Epilepsy Detection,Shawly T.; Alsheikhy A.A.,2025,CMES - Computer Modeling in Engineering and Sciences,10.32604/cmes.2025.065264,Article
Epileptic focus localization using transfer learning on multi-modal EEG,Yang Y.; Li F.; Luo J.; Qin X.; Huang D.,2023,Frontiers in Computational Neuroscience,10.3389/fncom.2023.1294770,Article
"Epileptic Seizure Prediction Using a Combination of Deep Learning, Time–Frequency Fusion Methods, and Discrete Wavelet Analysis",Khansari H.S.; Abbaszadeh M.; Joonaghany G.H.; Mohagerani H.; Faraji F.,2025,Algorithms,10.3390/a18080492,Article
Dual-path complementary attention network for neonatal seizure detection,Qian Y.; Zheng W.; Zhou W.; Feng Y.; Li X.; Mo Q.,2026,Biomedical Signal Processing and Control,10.1016/j.bspc.2026.110151,Article
A Deep Learning Method for Classification of Interictal and Preictal EEG Signals in Epileptic Seizure Prediction,Chen L.,2023,"Proceedings - 2023 9th Annual International Conference on Network and Information Systems for Computers, ICNISC 2023",10.1109/ICNISC60562.2023.00038,Conference paper
"8th International Conference on Computer Vision and Image Processing, CVIP 2023",,2024,Communications in Computer and Information Science,,Conference review
Multi-Channel Fusion Deep Wavelet Spectrum Network for Epileptic Signal Classification,Sun J.; Cao Z.; Zhao J.,2026,IEEE Journal of Biomedical and Health Informatics,10.1109/JBHI.2025.3610433,Article
"Eighth International Conference on Machine Vision and Applications, ICMVA 2025",,2025,Proceedings of SPIE - The International Society for Optical Engineering,,Conference review
Select for better learning: identifying high-quality training data for a multimodal cyclic transformer,Zhang J.; Liu Z.; Chatzichristos C.; Michiels S.; Van Paesschen W.; Hughes D.; De Vos M.,2025,Journal of Neural Engineering,10.1088/1741-2552/adbec0,Article
Modalities and algorithms for generalized motor seizure detection and prediction: a scoping review,Wesal A.; Hesham F.; Gad M.A.M.; Abdelrahim M.; Ahmed Sayed N.; Bahgat N.; Zaki N.A.; Rehan Youssef A.,2026,Expert Review of Medical Devices,10.1080/17434440.2026.2632757,Review
Automated Identification of Cyclic Alternating Patterns of Sleep Using Fusion of VGG16 and Vision Transformer,Telangore H.; Kumar Jha A.; Verma P.; Sharma M.; Sabareesh C.; Bhurane A.A.; Mir H.S.; Rajendra Acharya U.,2025,IEEE Access,10.1109/ACCESS.2025.3571145,Article
Feature Fusion of Time-frequency and Deep Learning Features for Epileptic Seizure Detection using EEG Signals,Sadam S.P.; Nj N.,2023,International Journal of Electrical and Electronics Research,10.37391/ijeer.110329,Article
Evidence theory-based approach for epileptic seizure detection using EEG signals,Mohamed A.; Shaban K.B.; Mohamed A.,2012,"Proceedings - 12th IEEE International Conference on Data Mining Workshops, ICDMW 2012",10.1109/ICDMW.2012.36,Conference paper
Personalized whole-brain models of seizure propagation,Lopez-Sola E.; Mercadal B.; Lleal-Custey I.; Salvador R.; Sanchez-Todo R.; Wendling F.; Bartolomei F.; Ruffini G.,2025,Journal of Neural Engineering,10.1088/1741-2552/ae08e9,Article
"2nd International Conference on Advances in Data-driven Computing and Intelligent Systems, ADCIS 2023",,2024,Lecture Notes in Networks and Systems,,Conference review
BioSympNet: Adaptive Bio-Signal Cross-Linking for Multi-Disease Early Prediction,Janet A M.V.; Kathyani A.; Kavya A.; Athiban S.; Pradeepthika Kh.; Pavithra S.,2025,"International Conference on Communication, Computer and Information Technology, IC3IT 2025",10.1109/IC3IT66137.2025.11341538,Conference paper
Epileptic Seizure Prediction Using Convolutional Neural Networks and Fusion Features on Scalp EEG Signals,Lan Q.; Yao B.; Qing T.,2023,IEICE Transactions on Information and Systems,10.1587/transinf.2022DLL0002,Article
"4th IEEE International Conference on Distributed Computing and Electrical Circuits and Electronics, ICDCECE 2025",,2025,"4th IEEE International Conference on Distributed Computing and Electrical Circuits and Electronics, ICDCECE 2025",,Conference review
Deep Learning-Based Epileptic Seizure Classification in Neonates Using STFT-Transformed EEG Signals,Al-Jumaili S.; Alyassri S.; Mohammed A.A.; Duru A.D.; Uçan O.N.,2026,Time-Frequency Analysis in Biomedical Engineering: Contemporary Methods and Applications,10.1201/9781003611448-12,Book chapter
Temporal Fusion Transformer-Based Multimodal Approach for Epileptic Seizure Prediction,Gnanaguru G.; Praveen B.M.; Silvia Priscila S.,2026,Lecture Notes in Networks and Systems,10.1007/978-3-032-23945-7_25,Conference paper
iEEG-recon: A fast and scalable pipeline for accurate reconstruction of intracranial electrodes and implantable devices,Lucas A.; Scheid B.H.; Pattnaik A.R.; Gallagher R.; Mojena M.; Tranquille A.; Prager B.; Gleichgerrcht E.; Gong R.; Litt B.; Davis K.A.; Das S.; Stein J.M.; Sinha N.,2024,Epilepsia,10.1111/epi.17863,Article
"14th International Conference on Health Information Science, HIS 2025",,2026,Lecture Notes in Computer Science,,Conference review
Neurological disorder detection based on an adaptive self-supervised multi-scale spatiotemporal interaction network,Dong C.; Gu Z.; Li D.; Xi X.; Luo B.; Sun D.,2026,Expert Systems with Applications,10.1016/j.eswa.2026.133360,Article
A multimodal explainable-ai approach for deep-learning-based epileptic seizure detection,Patil A.; Patil M.,2026,"Journal of Electronics, Electromedical Engineering, and Medical Informatics",10.35882/jeeemi.v8i2.1380,Article
Multimodal machine learning for surgical decision support in epilepsy: Current evidence and translational gaps,Mercier M.; de Palma L.; Specchio N.,2026,Epilepsia,10.1111/epi.70019,Article
Epileptic Seizure Detection Using Multimodal EEG Scalogram and ConvNet Model,Arslan Ö.,2025,"9th International Artificial Intelligence and Data Processing Symposium, IDAP 2025",10.1109/IDAP68205.2025.11222275,Conference paper
Epileptic seizure prediction based on EEG using pseudo-three-dimensional CNN,Liu X.; Li C.; Lou X.; Kong H.; Li X.; Li Z.; Zhong L.,2024,Frontiers in Neuroinformatics,10.3389/fninf.2024.1354436,Article
A Multi-head CNN for Interictal EEG Classification of Epilepsy and PNES,Lo Giudice M.; Mammone N.; Aguglia U.; Salvini A.; Morabito F.C.,2025,"Smart Innovation, Systems and Technologies",10.1007/978-981-96-0994-9_12,Conference paper
"17th International Joint Conference on Biomedical Engineering Systems and Technologies, BIOSTEC 2024",,2026,Communications in Computer and Information Science,,Conference review
A scheme combining feature fusion and hybrid deep learning models for epileptic seizure detection and prediction,Zhang J.; Zheng S.; Chen W.; Du G.; Fu Q.; Jiang H.,2024,Scientific Reports,10.1038/s41598-024-67855-4,Article
EEG-Based Seizure Prediction Using Hybrid DenseNet–ViT Network with Attention Fusion,Yuan S.; Yan K.; Wang S.; Liu J.-X.; Wang J.,2024,Brain Sciences,10.3390/brainsci14080839,Article
vEpiNet: A multimodal interictal epileptiform discharge detection method based on video and electroencephalogram data,Lin N.; Gao W.; Li L.; Chen J.; Liang Z.; Yuan G.; Sun H.; Liu Q.; Chen J.; Jin L.; Huang Y.; Zhou X.; Zhang S.; Hu P.; Dai C.; He H.; Dong Y.; Cui L.; Lu Q.,2024,Neural Networks,10.1016/j.neunet.2024.106319,Article
"6th International Conference on Communication and Intelligent Systems, ICCIS 2024",,2026,Lecture Notes in Networks and Systems,,Conference review
An AI-Driven Interpretable Multiview Feature Learning Approach for EEG Based Epileptic Seizure Detection,Ahmad I.; Ayouni S.; Ahmad F.; Li H.; Aboyeji S.T.; Bilal H.; Ullah I.; Atoum M.S.; Choi C.; Nawaz R.; Lei B.,2026,IEEE Journal of Biomedical and Health Informatics,10.1109/JBHI.2025.3604638,Article
A multi-feature and multi-channel univariate selection process for seizure prediction,D'Alessandro M.; Vachtsevanos G.; Esteller R.; Echauz J.; Cranstoun S.; Worrell G.; Parish L.; Litt B.,2005,Clinical Neurophysiology,10.1016/j.clinph.2004.11.014,Article
Application of multi-domain fusion methods for detecting epilepsy from electroencephalogram using classification methods,Susmitha L.; Thomas George S.; Subathra M.S.P.; Kumar N.M.,2019,Advances in Intelligent Systems and Computing,10.1007/978-981-13-0617-4_70,Conference paper
"2nd International Conference on 6G Communications Networking and Signal Processing, SGCNSP 2024",,2025,Lecture Notes in Electrical Engineering,,Conference review
Internet of Healthcare Things Based Detection of EEG Epileptic Seizures: A Smart System,Thakur T.; Rana N.; Jain S.,2025,Current Drug Therapy,10.2174/0115748855307754240711065309,Article
Multimodal quantitative analysis guides precise preoperative localization of epilepsy,Shen Y.; Shen Z.; Huang Y.; Wu Z.; Ma Y.; Hu F.; Shu K.,2025,Journal of Neurology,10.1007/s00415-025-13324-5,Review
"17th International Conference on Brain Informatics, BI 2024",,2025,Lecture Notes in Computer Science,,Conference review
Classification of FC and NFC EEG Signals Using ConVnet Bidirectional Long Short-Term Memory,Alabdeli H.; Obaid M.K.; Raju N.V.G.,2025,Lecture Notes in Electrical Engineering,10.1007/978-981-96-5388-1_14,Conference paper
Parallel Dual-Branch Fusion Network for Epileptic Seizure Prediction,Ma H.; Wu Y.; Tang Y.; Chen R.; Xu T.; Zhang W.,2024,Computers in Biology and Medicine,10.1016/j.compbiomed.2024.108565,Article
Semi-supervised Seizure Prediction with Generative Adversarial Networks,Truong N.D.; Zhou L.; Kavehei O.,2019,"Proceedings of the Annual International Conference of the IEEE Engineering in Medicine and Biology Society, EMBS",10.1109/EMBC.2019.8857755,Conference paper
Graph Priors Improve Seizure Onset Zone Identification in a Graph Convolutional Network of StereoEEG,Pan B.; Sun X.; Looti A.Z.L.; Geronimo A.,2027,Lecture Notes in Computer Science,10.1007/978-3-032-35387-0_6,Conference paper
Optimal Feature Selection and Classification Model for Multi-Modality Epilepsy Detection,Kumbam V.R.; Viji Amutha Mary A.,2025,"Smart Innovation, Systems and Technologies",10.1007/978-981-96-3420-0_41,Conference paper
"6th International Conference on Communication and Intelligent Systems, ICCIS 2024",,2025,Lecture Notes in Networks and Systems,,Conference review
"Harnessing artificial intelligence for brain disease: advances in diagnosis, drug discovery, and closed-loop therapeutics",Fang S.-J.; Yin Z.-D.; Cai Q.; Li L.-F.; Zheng P.-F.; Chen L.-Z.,2025,Frontiers in Neurology,10.3389/fneur.2025.1615523,Short survey
Preictal neuronal and vascular activity precedes the onset of childhood absence seizure: direct current potential shifts and their correlation with hemodynamic activity,Nourhashemi M.; Mahmoudzadeh M.; Heberle C.; Wallois F.,2023,Neurophotonics,10.1117/1.NPh.10.2.025005,Article
A novel multi-feature fusion attention neural network for the recognition of epileptic EEG signals,Sun C.; Xu C.; Li H.; Bo H.; Ma L.; Li H.,2024,Frontiers in Computational Neuroscience,10.3389/fncom.2024.1393122,Article
Epileptic Seizure Diagnosis using Bayesian Belief Network and T-CNN,Poovarasu S.; Gopinath R.; Mohanraj A.; Sakthivarshan S.,2024,"2024 International Conference on Knowledge Engineering and Communication Systems, ICKECS 2024",10.1109/ICKECS61492.2024.10616858,Conference paper
Advancements in epilepsy classification: Current trends and future directions,Rai B R.; Rai B K.; A S M.; Sooda K.,2025,MethodsX,10.1016/j.mex.2025.103257,Review
EEG-Based Seizure Detection Using Temporal Convolutional Networks and Tree-Based Models,Reddy K.R.; Kadha V.; Surekha J.N.; Kumar P.A.; Mishra M.,2026,"Proceedings of the International Colloquium on Signal Processing and Its Applications, CSPA",10.1109/CSPA68262.2026.11517706,Conference paper
Efficient graph convolutional networks for seizure prediction using scalp EEG,Jia M.; Liu W.; Duan J.; Chen L.; Chen C.L.P.; Wang Q.; Zhou Z.,2022,Frontiers in Neuroscience,10.3389/fnins.2022.967116,Article
EEG signal processing and machine learning,Sanei S.; Chambers J.A.,2021,EEG Signal Processing and Machine Learning,10.1002/9781119386957,Book
EEG-TBSANet: Temporal-Spectral Fusion Network for Robust Epilepsy Diagnosis from EEG,Ji S.; Wang W.; Chen J.; Qi J.,2025,IEEE International Conference on Industrial Informatics (INDIN),10.1109/INDIN64977.2025.11279416,Conference paper
EEG Interpretation for Healthcare: Emotional Analysis Using GRU and Activity Tracking with Epilepsy Diagnosis using Random Forest,Aldo Stalin J.L.; Jeba Emilyn J.; Monish P.; Jagan B.; Giridharan P.; Mukesh K.,2024,"International Conference on Computing and Intelligent Reality Technologies, Proceedings of ICCIRT 2024",10.1109/ICCIRT59484.2024.10921934,Conference paper
Tri-SeizureDualNet: A novel multimodal brain seizure detection using triple stream skipped feature extraction module entrenched dual parallel attention transformer,Sunkara M.; Reeja S R,2024,Biomedical Signal Processing and Control,10.1016/j.bspc.2023.105593,Article
Dynamic Ensemble Selection for EEG Signal Classification in Distributed Data Environments,Przybyła-Kasperek M.; Sacewicz J.,2025,Applied Sciences (Switzerland),10.3390/app15116043,Article
Applications of quantum AI in brain disorder diagnosis: A systematic review,Jafari M.; Tang Z.; Acharya U.; Li Y.,2026,Computer Methods and Programs in Biomedicine,10.1016/j.cmpb.2026.109565,Review
Implementing a Novel Framework for Focal and Generalized Epilepsy Classification using Adaptive VAE with Dense Bi-GRU through Multimodal Data-guided Feature Fusion,Kumar M.; Kumar R.; Kumar S.,2026,International Journal of Intelligent Systems and Applications,10.5815/ijisa.2026.04.10,Article
A multi-feature fusion model with temporal convolution and vision transformer for epileptic seizure prediction,Li Z.; Heng S.; Zhang M.; Xu C.; Lu J.; Xie W.; Yang Z.; Chai F.; Hu B.,2026,Biomedical Signal Processing and Control,10.1016/j.bspc.2025.108628,Article
"2nd International Conference on Advances in Data-driven Computing and Intelligent Systems, ADCIS 2023",,2024,Lecture Notes in Networks and Systems,,Conference review
Comparative Analysis of Deep Learning Approaches for Harmful Brain Activity Detection Using EEG,Bhatti S.S.; Yadav A.; Monga M.; Kumar N.,2024,"2024 IEEE 8th International Conference on Information and Communication Technology, CICT 2024",10.1109/CICT64037.2024.10899480,Conference paper
Automatic Detection of EEG Epileptiform Abnormalities in Traumatic Brain Injury using Deep Learning,Faghihpirayesh R.; Ruf S.; Rocca M.L.; Garner R.; Vespa P.; Erdogmus D.; Duncan D.,2021,"Proceedings of the Annual International Conference of the IEEE Engineering in Medicine and Biology Society, EMBS",10.1109/EMBC46164.2021.9630242,Conference paper
Detection Method of Epileptic Seizures Using a Neural Network Model Based on Multimodal Dual-Stream Networks,Wang B.; Xu Y.; Peng S.; Wang H.; Li F.,2024,Sensors,10.3390/s24113360,Article
Epilepsy detection based on spatiotemporal feature interaction fusion of EEG signals,Xu Z.; Ge H.; Huang W.; Lu H.,2026,Frontiers in Neurology,10.3389/fneur.2025.1478718,Article
Forecasting Seizure Storms Using Epilepsy Wristband Sensors,Vossler D.G.,2021,Epilepsy Currents,10.1177/1535759721990062,Note
Emerging Frontiers of Artificial Intelligence in Epilepsy Care: A Comprehensive Overview,Moon P.S.; Chaudhary N.I.; Bainalwar P.A.; Moon V.K.; Shambharkar S.S.,2024,"2024 2nd DMIHER International Conference on Artificial Intelligence in Healthcare, Education and Industry, IDICAIEI 2024",10.1109/IDICAIEI61867.2024.10842843,Conference paper
A Review of AI-Powered Multimodal Monitoring and Neuromodulation Techniques for Epilepsy Management,Spandana A.P.; Shravya P.; Deepak D.J.,2026,"2026 1st IEEE International Conference on Intelligent Technologies for a Sustainable and Inclusive Future, ICITSIF 2026",10.1109/ICITSIF69060.2026.11608611,Conference paper
A Cross-patient SEEG Epileptic Signal Detection Method Based on Adaptive Feature Fusion of Brain Network Features and Single-Channel Features,Wang Y.; Bao Z.; Wang Y.; Yang Y.; Feng T.; Kang G.,2022,ACM International Conference Proceeding Series,10.1145/3574198.3574224,Conference paper
Multi-band graph attention modeling of EEG for long-term epileptic seizure prediction,He T.; Sun Y.; Yi Z.; Li Z.,2026,Biomedical Signal Processing and Control,10.1016/j.bspc.2026.111333,Article
Application of EEG and EMG Signals in Multi-Classification of Epilepsy,Liang J.; Wang G.; Jia S.; Wang D.; Wang G.,2024,"2024 IEEE 5th International Conference on Pattern Recognition and Machine Learning, PRML 2024",10.1109/PRML62565.2024.10779807,Conference paper
An Efficient Seizure Prediction Method Based on Multi-scale Feature Fusion with Reduced Channels,Gu S.; Song X.,2021,"Proceedings of the 2021 IEEE International Conference on Progress in Informatics and Computing, PIC 2021",10.1109/PIC53636.2021.9687085,Conference paper
Deep Learning-Based Predictive Analysis for EEG Signal Processing in Epileptic Seizure Detection,Kanakalakshmi N.S.; Mohammad T.K.; Poornima R.,2026,AIP Conference Proceedings,10.1063/5.0342245,Conference paper
SemSTNet: Medical EEG Semantic Metric Learning With Class Prototypes Generated by Pretrained Language Model,Chen Q.; Ye C.; Xiao R.; Pan J.; Li J.,2026,IEEE Transactions on Biomedical Engineering,10.1109/TBME.2025.3620754,Article
EEG detection and recognition model for epilepsy based on dual attention mechanism,Huang Z.; Yang Y.; Ma Y.; Dong Q.; Su J.; Shi H.; Zhang S.; Hu L.,2025,Scientific Reports,10.1038/s41598-025-90315-6,Article
Classification of EEG Signals Extracted Feature for Epilepsy Seizures Detection Based on Deep Learning,Mohammed M.R.; Sagheer A.M.,2025,AIP Conference Proceedings,10.1063/5.0260061,Conference paper
GT-STAFG: Graph Transformer with Spatiotemporal Attention Fusion Gate for Epileptic Seizure Detection in Imbalanced EEG Data,Nafea M.S.; Ismail Z.H.,2025,AI (Switzerland),10.3390/ai6060120,Article
An Iterative Analysis of Deep Learning Models Including LSTM and CNN-GRU for Real-Time Seizure Prediction,Sai R.U.; Parthiban L.,2025,"2nd International Conference on Machine Learning and Autonomous Systems, ICMLAS 2025 - Proceedings",10.1109/ICMLAS64557.2025.10968206,Conference paper
Epileptic seizure prediction with deep learning-based fusion methods,Daşdemir A.; Örnek H.K.,2025,"Engineering Science and Technology, an International Journal",10.1016/j.jestch.2025.102212,Article
Seizure Detection using Hybrid Feature Fusion of Deep Learning Models,Ramesh A.; Ganesh S.; Leeladithya S.; Asha K.,2025,"5th IEEE International Conference on Mobile Networks and Wireless Communications, ICMNWC 2025",10.1109/ICMNWC66779.2025.11354275,Conference paper
2005 First International Conference on Neural Interface and Control Proceedings,,2005,"2005 First International Conference on Neural Interface and Control, Proceedings",,Conference review
A progressive deep wavelet cascade classification model for epilepsy detection,He H.; Liu X.; Hao Y.,2021,Artificial Intelligence in Medicine,10.1016/j.artmed.2021.102117,Article
"A Systematic Review of AI and Hybrid Computational Models for Epileptic Seizure Prediction: Methods, Datasets, and Performance Insights",Tilwant S.; Kulkarni N.,2026,Lecture Notes in Networks and Systems,10.1007/978-3-032-28293-4_24,Conference paper
"4th International Workshop on Human Brain and Artificial Intelligence, HBAI 2024",,2025,Communications in Computer and Information Science,,Conference review
"13th International Conference on Big Data Analytics, BDA 2025",,2026,Lecture Notes in Computer Science,,Conference review
RNN and BiLSTM Fusion for Accurate Automatic Epileptic Seizure Diagnosis Using EEG Signals,Samee N.A.; Mahmoud N.F.; Aldhahri E.A.; Rafiq A.; Muthanna M.S.A.; Ahmad I.,2022,Life,10.3390/life12121946,Article
Research on Epileptic Seizure Detection in EEG Signals Based on a Dual-Stream Architecture,Wang Z.; Qin F.; Liu W.,2026,Lecture Notes in Electrical Engineering,10.1007/978-981-95-6817-8_9,Conference paper
"27th International Conference on Pattern Recognition Workshops, ICPRW 2024",,2025,Lecture Notes in Computer Science,,Conference review
MSM-TSFNet: A Multi-Stage Memory-augmented Temporal–Spectral Fusion Network for EEG-based epileptic seizure detection,Hou W.; Zhong S.; Li X.; Zhang K.; Wang X.; Yang C.; Aboyeji S.T.; Zhu M.; Zeng Z.; Cao S.; Chen S.,2026,Biomedical Signal Processing and Control,10.1016/j.bspc.2026.110712,Article
Deep feature fusion based childhood epilepsy syndrome classification from electroencephalogram,Cui X.; Hu D.; Lin P.; Cao J.; Lai X.; Wang T.; Jiang T.; Gao F.,2022,Neural Networks,10.1016/j.neunet.2022.03.014,Article
"COSMIC 2025 - 2nd IEEE International Conference on Computing, Semiconductor, Mechatronics, Intelligent Systems and Communications, Conference Proceedings",,2025,"COSMIC 2025 - 2nd IEEE International Conference on Computing, Semiconductor, Mechatronics, Intelligent Systems and Communications, Conference Proceedings",,Conference review
"2nd International Conference on Advances in Artificial Intelligence and Machine Learning in Big Data Processing, AAIMB 2024",,2026,Communications in Computer and Information Science,,Conference review
Enhanced Non-EEG Multimodal Seizure Detection: A Real-World Model for Identifying Generalised Seizures Across the Ictal State,Pordoy J.; Jones G.; Matoorian N.; Evans M.; Dadashiserej N.; Zolgharni M.,2025,IEEE Journal of Biomedical and Health Informatics,10.1109/JBHI.2025.3532223,Article
Multi-View Temporal Fusion with Clustering Optimization for Robust Epileptic Seizure Prediction,Huang C.; Ma H.; Zhang Y.; Yang C.; Song J.,2025,"2025 6th International Conference on Machine Learning and Computer Application, ICMLCA 2025",10.1109/ICMLCA66850.2025.11336386,Conference paper
SEEG-RF for revealing and treating Geschwind syndrome's epileptic network: A case study,Levy M.; Weinstein M.; Mirson A.; Madar S.; Lorberboym M.; Getter N.; Zer-Zion M.; Sepkuty J.,2023,Epilepsy and Behavior Reports,10.1016/j.ebr.2023.100617,Article
An EEG Signal Recognition Algorithm During Epileptic Seizure Based on Distributed Edge Computing,Qiu S.; Cheng K.; Zhou T.; Tahir R.; Ting L.,2022,International Journal of Interactive Multimedia and Artificial Intelligence,10.9781/ijimai.2022.07.001,Article
Seizing the Moment: Multimodal EEG Trends and Real-Time Epilepsy Seizure Detection with Dual Deep Nets,Ganguly S.; Chakraborty S.; Roy A.; Patil M.V.; Pagare R.,2025,"2025 IEEE Pune Section International Conference, PuneCon 2025",10.1109/PuneCon67554.2025.11378879,Conference paper
A Fusion of CNN and Grey Wolf Optimization-Enhanced BiGRU for Epileptic Seizure Recognition Using EEG Signals,De S.; Mukherjee P.; Biswas D.; Roy A.H.,2023,"3rd IEEE International Conference on Mobile Networks and Wireless Communications, ICMNWC 2023",10.1109/ICMNWC60182.2023.10435930,Conference paper
Low-Power and Low-Cost AI Processor With Distributed-Aggregated Classification Architecture for Wearable Epilepsy Seizure Detection,Zhang Q.; Cui M.; Liu Y.; Chen W.; Yu Z.,2025,IEEE Transactions on Biomedical Circuits and Systems,10.1109/TBCAS.2024.3450896,Article
Analysis of Epileptic EEG Signals Based on Graph Capsule with Spatio-Temporal Spectral Hierarchical Residual Attention,Ge S.; Wang S.; Zhao X.; Wang X.; Yang Q.; Tian S.; Chen J.,2025,IAENG International Journal of Computer Science,,Article
"International Conference on Artificial Intelligence and Applications, ICAIA 2020",,2021,Advances in Intelligent Systems and Computing,,Conference review
A Modified Transformer Network for Seizure Detection Using EEG Signals,Hu W.; Wang J.; Li F.; Ge D.; Wang Y.; Jia Q.; Yuan S.,2025,International Journal of Neural Systems,10.1142/S0129065725500030,Article
Epileptic Seizure Detection in EEG via Fusion of Multi-View Attention-Gated U-Net Deep Neural Networks,Chatzichristos C.; Dan J.; Narayanan A.M.; Seeuws N.; Vandecasteele K.; De Vos M.; Bertrand A.; Van Huffel S.,2020,"2020 IEEE Signal Processing in Medicine and Biology Symposium, SPMB 2020 - Proceedings",10.1109/SPMB50085.2020.9353630,Conference paper
Optimized Multilayer Neural Network for Epilepsy Prevention Using Enhanced Genetic Algorithms,Ambika L.G.; Upendra R.S.; Shivaram A.M.; Thanuja M.; Navya B.R.; Radha R.,2025,"Proceedings of 3rd IEEE International Conference on Knowledge Engineering and Communication Systems, ICKECS 2025",10.1109/ICKECS65700.2025.11035461,Conference paper
Intelligence computing approach for seizure detection based on intracranial electroencephalogram (IEEG),Shen T.-W.; Kuo X.; Yu C.-S.,2008,Proceedings - International Conference on Pattern Recognition,10.1109/ICPR.2008.4761739,Conference paper
Artificial intelligence in electroencephalography analysis for epilepsy diagnosis and management,Wang C.; Yuan X.; Jing W.,2025,Frontiers in Neurology,10.3389/fneur.2025.1615120,Review
A hybrid 1D CNN-BiLSTM model for epileptic seizure detection using multichannel EEG feature fusion,Ravi S.; Radhakrishnan A.,2024,Biomedical Physics and Engineering Express,10.1088/2057-1976/ad3afd,Article
Lagged Correlogram Patterns-based seizure detection algorithm using optimized HMM feature fusion,Behnam M.; Pourghassem H.,2016,"12th IEEE International Conference Electronics, Energy, Environment, Communication, Computer, Control: (E3-C3), INDICON 2015",10.1109/INDICON.2015.7443124,Conference paper
Learning Robust Representations of Tonic-Clonic Seizures with Cyclic Transformer,Zhang J.; Swinnen L.; Chatzichristos C.; Van Paesschen W.; De Vos M.,2024,IEEE Journal of Biomedical and Health Informatics,10.1109/JBHI.2024.3375123,Article
Feature Fusion Based on Temporal-Spatial Attention Model for Automatic Epileptic Seizure Detection,Li X.; Zhang Z.; Guo Z.; Wang X.; Zhang K.; Chen S.,2025,"BHI 2025 - IEEE-EMBS International Conference on Biomedical and Health Informatics, Conference Proceedings",10.1109/BHI67747.2025.11269540,Conference paper
"8th International Conference on Cognitive Systems and Information Processing, ICCSIP 2023",,2024,Communications in Computer and Information Science,,Conference review
Characteristic analysis of epileptic brain network based on attention mechanism,Yu H.-S.; Meng X.-F.,2023,Scientific Reports,10.1038/s41598-023-38012-0,Article
Epileptic Seizure Prediction Using Spatiotemporal Feature Fusion on EEG,Ji D.; He L.; Dong X.; Li H.; Zhong X.; Liu G.; Zhou W.,2024,International Journal of Neural Systems,10.1142/S0129065724500412,Article
MIVT: Medical-Informed Vision Transformer for Early Epilepsy Diagnosis,Masum Rana M.; Rizk R.; Santosh K.C.,2026,Lecture Notes in Networks and Systems,10.1007/978-981-96-9533-1_23,Conference paper
Advanced EEG-based brain monitoring for early detection of harmful neural activities using EfficientNet architecture,Awan T.; Aftab M.; Naveed A.; Shahid M.H.; Sajid A.; Khan K.B.,2026,Biomedical Signal Processing and Control,10.1016/j.bspc.2025.108360,Article
ANFIS Granger Causality for Estimating Effective Brain Connectivity and Mutual Information for Connectivity Type Determination Using MEG and EEG Data: Application to Epilepsy,Vajdi E.; Fattahi M.; Soltanian-Zadeh H.,2026,AUT Journal of Electrical Engineering,10.22060/eej.2025.23832.5645,Article
"27th International Conference on Pattern Recognition Workshops, ICPRW 2024",,2025,Lecture Notes in Computer Science,,Conference review
Applying 3DCNN to Recognize the weighted Time- frequency Features by Phase Locking Value for Epilepsy Prediction,Li M.; Zhang Z.,2023,"Proceedings of the 35th Chinese Control and Decision Conference, CCDC 2023",10.1109/CCDC58219.2023.10326652,Conference paper
NLCTCN: A Non-Local Temporal Convolutional Framework for Spatiotemporal Modeling in Multichannel EEG,Zhang H.; Yang L.; Li Z.; Yang L.; Bian Y.; Ding D.; Jiang L.; Chen Y.-C.; Xue G.,2025,"Proceedings - 2025 IEEE International Conference on Bioinformatics and Biomedicine, BIBM 2025",10.1109/BIBM66473.2025.11356971,Conference paper
An enhanced CNN-Bi-transformer based framework for detection of neurological illnesses through neurocardiac data fusion,Rawat K.; Sharma T.,2025,Scientific Reports,10.1038/s41598-025-96052-0,Article
A dynamic graph learning framework with neural attenuation priors for EEG-based seizure classification,Li M.; Shi Y.; Li Y.,2026,Biomedical Signal Processing and Control,10.1016/j.bspc.2026.110890,Article
NRGAMTE: Neurophysiological Residual Gated Attention Multimodal Transformer Encoder for Sleep Disorder Detection,Subramaniam J.; Guruvaya A.M.; Vijaykumar A.; Gowda P.C.,2025,Brain Sciences,10.3390/brainsci15090985,Article
Epileptic Seizure Detection on Resource Constrained Edge Devices using Multi-Scale Temporal Convolutional Networks,Rahul Chiranjeevi V.; Ezhumalai P.; Sharmila V.,2026,"2026 3rd International Conference on Research Methodologies in Knowledge Management Artificial Intelligence and Telecommunication Engineering, RMKMATE 2026",10.1109/RMKMATE69073.2026.11518642,Conference paper
Multimodal Autoencoder Predicts fNIRS Resting State From EEG Signals,Sirpal P.; Damseh R.; Peng K.; Nguyen D.K.; Lesage F.,2022,Neuroinformatics,10.1007/s12021-021-09538-3,Article
CrossConvPyramid: Deep Multimodal Fusion for Epileptic Magnetoencephalography Spike Detection,Zhang L.; Sheng S.; Wang X.; Gao J.-H.; Sun Y.; Xiao K.; Yang W.; Teng P.; Luan G.; Lv Z.,2025,IEEE Journal of Biomedical and Health Informatics,10.1109/JBHI.2025.3538582,Article
A novel dual-branch network for comprehensive spatiotemporal information integration for EEG-based epileptic seizure detection,Deng X.,2025,PLOS ONE,10.1371/journal.pone.0321942,Article
"6th International Conference on Communication and Intelligent Systems, ICCIS 2024",,2025,Lecture Notes in Networks and Systems,,Conference review
Temporal attention fusion network with custom loss function for EEG-fNIRS classification,Bunterngchit C.; Wang J.; Su J.; Wang Y.; Liu S.; Hou Z.-G.,2024,Journal of Neural Engineering,10.1088/1741-2552/ad8e86,Article
"2025 IEEE International Conference on Advances in Computing Research on Science Engineering and Technology, ACROSET 2025",,2025,"2025 IEEE International Conference on Advances in Computing Research on Science Engineering and Technology, ACROSET 2025",,Conference review
An Innovative Information-Based Strategy for Epileptic EEG Classification,Goshvarpour A.; Goshvarpour A.,2023,Neural Processing Letters,10.1007/s11063-023-11253-w,Article
Multi-stream feature fusion of vision transformer and CNN for precise epileptic seizure detection from EEG signals,Li Q.; Cao W.; Zhang A.,2025,Journal of Translational Medicine,10.1186/s12967-025-06862-z,Article
Improving wearable-based seizure prediction by feature fusion using an explainable growing network,Hasija T.; Kuschel M.; Jackson M.; Dailey S.; Menne H.; Reinsberger C.; Vieluf S.; Loddenkemper T.,2025,Artificial Intelligence in Medicine,10.1016/j.artmed.2025.103228,Article
AI-Based Approaches for Analyzing EEG Signals to Identify Epileptic Seizures: A Survey,Tadesse D.M.; Gonfa O.M.; Workafesku N.D.; Bayessa E.G.; Kebede S.R.; Debele T.G.; Waldamichael F.G.; Mekonnen H.T.; Assore T.F.; Mehammed M.F.,2026,Applied Computational Intelligence and Soft Computing,10.1155/acis/3727976,Review
Equation-level parameterized fusion reformulation for multimodal epileptic seizure detection using interaction control and data-quality screening,Khalid A.-M.; Sulemana M.; Abdul I.W.,2026,Frontiers in Signal Processing,10.3389/frsip.2026.1745291,Article
Reading epilepsy from the dominant temporo-occipital region,Gavaret M.; Guedj E.; Koessler L.; Fonseca A.T.-D.; Aubert S.; Mundler O.; Chauvel P.; Bartolomei F.,2010,"Journal of Neurology, Neurosurgery and Psychiatry",10.1136/jnnp.2009.175935,Article
MMA: metadata supported multi-variate attention for onset detection and prediction,Ravindranath M.; Candan K.S.; Sapino M.L.; Appavu B.,2024,Data Mining and Knowledge Discovery,10.1007/s10618-024-01008-z,Article
Multicenter Validation of a Deep Learning Detection Algorithm for Focal Cortical Dysplasia,Gill R.S.; Lee H.-M.; Caldairou B.; Hong S.-J.; Barba C.; Deleo F.; D'Incerti L.; Mendes Coelho V.C.; Lenge M.; Semmelroch M.; Schrader D.V.; Bartolomei F.; Guye M.; Schulze-Bonhage A.; Urbach H.; Cho K.H.; Cendes F.; Guerrini R.; Jackson G.; Hogan R.E.; Bernasconi N.; Bernasconi A.,2021,Neurology,10.1212/WNL.0000000000012698,Article
"8th International Conference on Cognitive Systems and Information Processing, ICCSIP 2023",,2024,Communications in Computer and Information Science,,Conference review
"Seizure prediction: Time for new, multimodal and ultra-long-term approaches",Schulze-Bonhage A.,2022,Clinical Neurophysiology,10.1016/j.clinph.2021.10.006,Editorial
Phase spectrogram of EEG from S-transform Enhances epileptic seizure detection,Liu Y.; Liu G.; Wu S.; Tin C.,2025,Expert Systems with Applications,10.1016/j.eswa.2024.125621,Article
BECT Spike Detection Based on Novel Multichannel Data Weighted Fusion Algorithm,Jiang T.; Xu Z.; Cao J.; Bao Z.; Gao F.; Zhang J.; Vidal P.-P.,2022,IEEE Transactions on Circuits and Systems II: Express Briefs,10.1109/TCSII.2022.3192827,Article
Automatic diagnosis of epileptic seizures using entropy-based features and multimodel deep learning approaches,Al-Qazzaz N.K.; Alrahhal M.; Jaafer S.H.; Ali S.H.B.M.; Ahmad S.A.,2024,Medical Engineering and Physics,10.1016/j.medengphy.2024.104206,Article
Seizures Prediction with Slower Alpha Rhythm and Faster Gamma Rhythm using CNN-XGBoost Fusion Algorithm,Sabarinadh B.G.; Murugan S.; Rajeshkannan,2025,"Proceedings of 3rd International Conference on Sustainable Computing and Data Communication Systems, ICSCDS 2025",10.1109/ICSCDS65426.2025.11167418,Conference paper
Monitoring and Prognostic Analysis of Severe Cerebrovascular Diseases Based on Multi-Scale Dynamic Brain Imaging,Zhong S.; Sun K.; Zuo X.; Chen A.,2021,Frontiers in Neuroscience,10.3389/fnins.2021.684469,Article
A review of epilepsy detection and prediction methods based on EEG signal processing and deep learning,Zhang X.; Zhang X.; Huang Q.; Chen F.,2024,Frontiers in Neuroscience,10.3389/fnins.2024.1468967,Review
Computer-aided intracranial eeg signal identification method based on a multi-branch deep learning fusion model and clinical validation,Wang Y.; Dai Y.; Liu Z.; Guo J.; Cao G.; Ouyang M.; Liu D.; Shan Y.; Kang G.; Zhao G.,2021,Brain Sciences,10.3390/brainsci11050615,Article
DAFF-SNN: Dual Attention-Driven and Feature Fusion-Based Spiking Neural Network for Epilepsy Detection Based on Electroencephalogram,Zhang T.; He L.; Zhang D.; Li M.; Chang Z.,2026,IEEE Journal of Biomedical and Health Informatics,10.1109/JBHI.2025.3589392,Article
Pediatric Seizure Prediction in Scalp EEG Using a Multi-Scale Neural Network With Dilated Convolutions,Gao Y.; Chen X.; Liu A.; Liang D.; Wu L.; Qian R.; Xie H.; Zhang Y.,2022,IEEE Journal of Translational Engineering in Health and Medicine,10.1109/JTEHM.2022.3144037,Article
Early prediction of epileptic seizures using a long-term recurrent convolutional network,Wei X.; Zhou L.; Zhang Z.; Chen Z.; Zhou Y.,2019,Journal of Neuroscience Methods,10.1016/j.jneumeth.2019.108395,Article
Advances in Neuroimaging and Multiple Post-Processing Techniques for Epileptogenic Zone Detection of Drug-Resistant Epilepsy,Yao L.; Cheng N.; Chen A.-Q.; Wang X.; Gao M.; Kong Q.-X.; Kong Y.,2024,Journal of Magnetic Resonance Imaging,10.1002/jmri.29157,Review
"Smart Wearable EEG Devices: A Review of Lightweight, Multi-Sensor Systems for Sleep and Everyday Neurophysiology",Kosnacova H.; Horvath D.; Vitazkova D.; Foltan E.; Pecik M.; Vavrinsky E.,2026,Biosensors,10.3390/bios16070374,Review
Robust Epileptic Seizure Recognition using Dimensionality Reduction with Deep Learning on EEG Signals,Selvam R.; Mahalakshmi R.,2025,SSRG International Journal of Electronics and Communication Engineering,10.14445/23488549/IJECE-V12I4P102,Article
Cross Model Attention based Deep Learning for Multi Modal Epilepsy Detection,Kumbam V.R.; Mary A.V.A.,2023,International Journal of Intelligent Engineering and Systems,10.22266/ijies2023.1031.07,Article
Enhancing EEG signal analysis with geometry invariants for multichannel fusion,Cimr D.; Fujita H.; Busovsky D.; Cimler R.,2024,Information Fusion,10.1016/j.inffus.2023.102023,Article
MuGEP: Multiplex Graph-Based Brain Network Modeling for Epileptic Seizure Prediction Using Intracranial EEG,Zhou M.; Wu Y.; Tang Y.; Zhou X.; Zhang Y.; Gao R.; Jia W.; Zhang W.,2026,IEEE Journal of Biomedical and Health Informatics,10.1109/JBHI.2026.3679376,Article
Deep Learning with Edge Computing for Localization of Epileptogenicity Using Multimodal rs-fMRI and EEG Big Data,Hosseini M.-P.; Tran T.X.; Pompili D.; Elisevich K.; Soltanian-Zadeh H.,2017,"Proceedings - 2017 IEEE International Conference on Autonomic Computing, ICAC 2017",10.1109/ICAC.2017.41,Conference paper
DTSF: A dual-branch temporal and spectral fusion model with data augmentation for intracranial EEG classification,Wang K.; Chen X.; Li C.; Qian R.; Liu A.,2026,Biomedical Signal Processing and Control,10.1016/j.bspc.2025.108507,Article
Parameterized Multimodal Feature Fusion for Explainable Seizure Detection Using PCA and SHAP,Khalid A.-M.; Sulemana M.; Iddrisu W.A.,2026,AppliedMath,10.3390/appliedmath6030049,Article
Multiple epileptiform waves detection algorithm based on improved VMD and multidimensional feature fusion,Cai Q.; Hu D.; Gao F.; Lou X.; Cao J.,2026,Journal of Neuroscience Methods,10.1016/j.jneumeth.2026.110703,Article
Epileptic Seizure Detection Based on Stockwell Transform and Bidirectional Long Short-Term Memory,Geng M.; Zhou W.; Liu G.; Li C.; Zhang Y.,2020,IEEE Transactions on Neural Systems and Rehabilitation Engineering,10.1109/TNSRE.2020.2966290,Article
An On-Board Executable Multi-Feature Transfer-Enhanced Fusion Model for Three-Lead EEG Sensor-Assisted Depression Diagnosis,Tian F.; Zhang H.; Tan Y.; Zhu L.; Shen L.; Qian K.; Hu B.; Schuller B.W.; Yamamoto Y.,2025,IEEE Journal of Biomedical and Health Informatics,10.1109/JBHI.2024.3487012,Article
FSG-Zero: An efficient end-to-end fusion framework for robust continual adaptation in EEG seizure prediction,Zhang H.; Zhang J.; Chen W.; Du G.,2026,Knowledge-Based Systems,10.1016/j.knosys.2025.115203,Article
SeiFuD: A novel deep learning framework leveraging domain generalization for cross-subject seizure prediction,Zhao S.; Zhang C.; Wang J.; Jiang H.; Li S.; Li T.; Pan G.,2026,Neurocomputing,10.1016/j.neucom.2025.132227,Article
Montage-guided fusion network for long-term scalp electroencephalography seizure detection,Yin H.; Yin X.,2026,Frontiers in Neuroinformatics,10.3389/fninf.2026.1942480,Article
"EEG-Based Machine Learning in Pediatric Epilepsy Research: Worldwide Patterns, Recent Trends and Future Prospects: A Bibliometric Study",Bhat J.; Saikia A.; Pathak N.,2026,Journal of Scientometric Research,10.5530/jscires.20260172,Article
Feature Fusion of Gramian Angular Field Deep Learning EEG-Based Epileptic Seizure Classification,Aboyeji S.T.; Wang X.; Chen Y.; Ahmad I.; Li L.; Liu Z.; Yao C.; Zhang Y.; Zhao G.; Li G.; Chen S.,2024,"2024 17th International Convention on Rehabilitation Engineering and Assistive Technology, i-CREATe 2024 and World Rehabilitation Robot Convention, WRRC 2024 - Proceedings",10.1109/i-CREATe62067.2024.10776422,Conference paper
Imag(in)ing seizure propagation: MEG-guided interpretation of epileptic activity from a deep source,Wang Z.I.; Jin K.; Kakisaka Y.; Mosher J.C.; Bingaman W.E.; Kotagal P.; Burgess R.C.; Najm I.M.; Alexopoulos A.V.,2012,Human Brain Mapping,10.1002/hbm.21401,Article
An automated detection of epileptic seizures EEG using CNN classifier based on feature fusion with high accuracy,Chen W.; Wang Y.; Ren Y.; Jiang H.; Du G.; Zhang J.; Li J.,2023,BMC Medical Informatics and Decision Making,10.1186/s12911-023-02180-w,Article
A unified multi-level spectral–temporal feature learning framework for patient-specific seizure onset detection in EEG signals,Tang F.-G.; Liu Y.; Li Y.; Peng Z.-W.,2020,Knowledge-Based Systems,10.1016/j.knosys.2020.106152,Article
2D Wavelet-Scalogram Deep-Learning for Seizures Pattern Identification in the Post-Hypoxic-Ischemic EEG of Preterm Fetal Sheep,Abbasi H.; Dhillon S.K.; Davidson J.; Gunn A.J.; Bennet L.,2023,"Proceedings of the Annual International Conference of the IEEE Engineering in Medicine and Biology Society, EMBS",10.1109/EMBC40787.2023.10340425,Conference paper
Multimodal feature representation and enhancement EEG signal processing for epilepsy detection,Zhao Y.; Kang Y.; Li W.; Zhou D.; Lyu X.; Lian C.; Wang S.,2026,Measurement: Journal of the International Measurement Confederation,10.1016/j.measurement.2025.119877,Article
A Review of Joint EEG-fMRI Methods for Visual Evoked Response Studies; [视觉诱发响应研究中EEG与fMRI联合应用方法综述],WEI Z.; XIAO X.; XU M.; MING D.,2026,Dianzi Yu Xinxi Xuebao/Journal of Electronics and Information Technology,10.11999/JEIT250781,Article
Explainable End-to-End Seizure Prediction via Dynamic Multiscale Cross-Band Fusion Filter Network,Wang J.; Wang Y.; Nie W.; Yuan Q.,2026,International Journal of Neural Systems,10.1142/S0129065726500103,Article
Unveiling the brain’s symphony: exploring the necessity and sufficiency of neural networks in behavior control,Bustos F.J.,2025,Neural Regeneration Research,10.4103/NRR.NRR-D-23-02084,Article
