method,record,removed_a,removed_b,same_removed,power_kept_a,power_kept_b,abs_dpower,threshold_a,threshold_b
infomax,PN00-1.edf,[0],[0],True,0.6583236387344668,0.6583236387345193,5.2513549064769904e-14,,
infomax,PN00-2.edf,"[0, 2]","[0, 2]",True,0.7392293027284854,0.7392293027334642,4.9787951539315145e-12,,
infomax,PN00-3.edf,[1],[1],True,0.8174442244870078,0.8174442244871698,1.6198153929281034e-13,,
infomax,PN00-4.edf,"[0, 4]","[0, 4]",True,0.5776856421192198,0.5776856421187011,5.186961971048731e-13,,
infomax,PN00-5.edf,[0],[0],True,0.7727889430289734,0.7727888551419769,8.788699645823073e-08,,
infomax,PN01-1.edf,[1],[1],True,0.7753790898951324,0.7753790898951355,3.1086244689504383e-15,,
infomax,PN03-1.edf,"[0, 7, 10]","[0, 7, 10]",True,0.6263939737907854,0.626393973790786,5.551115123125783e-16,,
infomax,PN03-2.edf,"[0, 5, 9]","[0, 5, 9]",True,0.5628325286541754,0.5628325286541742,1.2212453270876722e-15,,
infomax,PN05-2.edf,"[2, 9]","[2, 9]",True,0.8635230671020946,0.8635230671020941,4.440892098500626e-16,,
infomax,PN05-3.edf,[3],[3],True,0.9933357782140925,0.9933357782140905,1.9984014443252818e-15,,
infomax,PN05-4.edf,"[3, 9]","[3, 9]",True,0.9737530962971532,0.9737530962971546,1.3322676295501878e-15,,
infomax,PN06-1.edf,"[1, 6, 8]","[1, 6, 8]",True,0.9144114651518417,0.9144114651518219,1.9761969838327786e-14,,
infomax,PN06-2.edf,"[0, 1, 2]","[0, 1, 2]",True,0.09281755942206388,0.09281755942206975,5.870304242705515e-15,,
infomax,PN06-3.edf,"[0, 1]","[0, 1]",True,0.08499121710755358,0.08499121710755166,1.9290125052862095e-15,,
infomax,PN06-4.edf,[1],[1],True,0.8128386284769138,0.8128386284769133,4.440892098500626e-16,,
infomax,PN06-5.edf,"[1, 2, 5]","[1, 2, 5]",True,0.7927825167886808,0.7927825167886877,6.8833827526759706e-15,,
infomax,PN07-1.edf,"[0, 1, 11]","[0, 1, 11]",True,0.5450898684169699,0.5451136464786215,2.3778061651547056e-05,,
infomax,PN09-1.edf,[0],[0],True,0.6354296944520931,0.6354296944520678,2.531308496145357e-14,,
infomax,PN09-2.edf,[],[],True,1.0,1.0,0.0,,
infomax,PN09-3.edf,"[0, 1]","[0, 1]",True,0.3243743088934662,0.3243743088934708,4.6074255521944e-15,,
infomax,chb01_01.edf,[0],[0],True,0.422168372568107,0.42216837256811207,5.051514762044462e-15,,
infomax,chb01_02.edf,"[0, 1]","[0, 1]",True,0.5397576397830453,0.5397576397831322,8.693046282814976e-14,,
infomax,chb01_03.edf,"[2, 5]","[2, 5]",True,0.8253315849783849,0.8253315849785072,1.2234657731369225e-13,,
infomax,chb01_04.edf,[0],[0],True,0.8371402315301169,0.8371402315301225,5.662137425588298e-15,,
infomax,chb01_05.edf,[0],[0],True,0.4209581987549185,0.42095819875492135,2.831068712794149e-15,,
infomax,chb01_06.edf,[0],[0],True,0.33648260973938277,0.33648260973893845,4.4431125445498765e-13,,
infomax,chb01_07.edf,[0],[0],True,0.44259480898795,0.44259480902689513,3.894512490276725e-11,,
infomax,chb01_08.edf,[0],[0],True,0.5206252622921933,0.5206252622921819,1.1435297153639112e-14,,
infomax,chb01_09.edf,"[0, 2]","[0, 2]",True,0.422338076168701,0.422338076167917,7.839839888390543e-13,,
infomax,chb01_10.edf,"[0, 2]","[0, 2]",True,0.4463733415396601,0.44637334787593985,6.336279778640375e-09,,
infomax,chb01_11.edf,"[0, 1]","[0, 1]",True,0.3276730062005759,0.3276730062006056,2.969846590872294e-14,,
infomax,chb01_12.edf,"[0, 2]","[0, 2]",True,0.3754708809537417,0.3754708809665375,1.279581995916601e-11,,
infomax,chb01_13.edf,"[0, 3, 5]","[0, 3, 5]",True,0.3840813986705569,0.38408139867050645,5.0459636469213365e-14,,
infomax,chb01_14.edf,[0],[0],True,0.7894751032897073,0.7894751032895169,1.9040324872321435e-13,,
infomax,chb01_15.edf,[1],[1],True,0.8841113572071236,0.8841113571986117,8.511968907498613e-12,,
infomax,chb01_16.edf,"[1, 2]","[1, 2]",True,0.7576055427029149,0.7576055427029537,3.8746783559417963e-14,,
infomax,chb01_17.edf,[0],[0],True,0.8743393005387359,0.8743393005387597,2.3869795029440866e-14,,
infomax,chb01_18.edf,[0],[0],True,0.858432395040663,0.8584323950405472,1.1579626146840383e-13,,
infomax,chb01_19.edf,"[0, 3]","[0, 3]",True,0.7621455243274263,0.7621455240974904,2.2993595916176446e-10,,
infomax,chb01_20.edf,[1],[1],True,0.8970772507803529,0.8970772507803574,4.440892098500626e-15,,
infomax,chb01_21.edf,[0],[0],True,0.6839408920209101,0.6839408921492294,1.283192441192682e-10,,
infomax,chb01_22.edf,"[0, 1, 6]","[0, 1, 6]",True,0.2780181897362862,0.2780181897362904,4.163336342344337e-15,,
infomax,chb01_23.edf,"[0, 1, 10]","[0, 1, 10]",True,0.42771696465329634,0.4277169646532709,2.5424107263916085e-14,,
infomax,chb01_24.edf,"[0, 2, 10]","[0, 2, 10]",True,0.3765000134723464,0.37650000193430944,1.153803697029332e-08,,
infomax,chb01_25.edf,"[0, 2, 12]","[0, 2, 12]",True,0.5320754461912218,0.5320754458585599,3.326618980281637e-10,,
infomax,chb01_26.edf,[0],[0],True,0.8267799190049575,0.8267799190049739,1.6431300764452317e-14,,
infomax,chb01_29.edf,[0],[0],True,0.813595319482379,0.8135953194820541,3.248512570053208e-13,,
infomax,chb01_30.edf,"[0, 2]","[0, 2]",True,0.5015575806189331,0.5015575806189424,9.325873406851315e-15,,
infomax,chb01_31.edf,"[0, 4]","[0, 4, 5]",False,0.6626492372433074,0.6075655529141205,0.055083684329186866,,
infomax,chb01_32.edf,"[0, 4]","[0, 4]",True,0.6769348834584537,0.6769348834572892,1.1644019082268642e-12,,
infomax,chb01_33.edf,"[0, 3]","[0, 3]",True,0.5416356132002057,0.541635613192993,7.212674901779792e-12,,
infomax,chb01_34.edf,"[1, 10]","[1, 10]",True,0.7747345072766278,0.7747345072774919,8.640865800657593e-13,,
infomax,chb01_36.edf,[1],[1],True,0.8301459515012525,0.8301459515016951,4.426459199180499e-13,,
infomax,chb01_37.edf,[0],[0],True,0.83121118646294,0.8312111864630015,6.150635556423367e-14,,
infomax,chb01_38.edf,[],[],True,1.0,1.0,0.0,,
infomax,chb01_39.edf,"[1, 2]","[1, 2]",True,0.7695983887288691,0.7695951130671087,3.275661760393511e-06,,
infomax,chb01_40.edf,[4],[4],True,0.9329701988891128,0.9329701988869067,2.2061241722326486e-12,,
infomax,chb01_41.edf,[0],[0],True,0.887307109182784,0.8873071091827351,4.884981308350689e-14,,
infomax,chb01_42.edf,"[0, 2, 13]","[0, 2, 13]",True,0.6771313169828449,0.6771313169828462,1.3322676295501878e-15,,
infomax,chb01_43.edf,[1],[1],True,0.8836970576285127,0.8836970576285861,7.338574192772285e-14,,
infomax,chb01_46.edf,"[0, 2]","[0, 2]",True,0.5186774085219833,0.5186774085219326,5.0737192225369654e-14,,
infomax,chb02_03.edf,[0],[0],True,0.8127550615456842,0.8127550615456002,8.404388296412435e-14,,
infomax,chb02_04.edf,[1],[1],True,0.846874365204115,0.846874365203758,3.5693670241698783e-13,,
infomax,chb02_06.edf,"[0, 5]","[0, 5]",True,0.7062392319866359,0.7062392319865934,4.241051954068098e-14,,
infomax,chb02_07.edf,"[0, 5, 13]","[0, 5, 13]",True,0.675304981618898,0.6753049816188818,1.6209256159527285e-14,,
infomax,chb02_08.edf,"[1, 2, 13]","[1, 2, 13]",True,0.6934872871845482,0.6934872871845508,2.55351295663786e-15,,
infomax,chb02_09.edf,[0],[0],True,0.8373039442509244,0.8373039442498253,1.0990097720764425e-12,,
infomax,chb02_10.edf,[1],[1],True,0.865786924484045,0.8657869244825742,1.4708234630234074e-12,,
infomax,chb02_11.edf,[1],[1],True,0.883805243672254,0.8838052436722851,3.108624468950438e-14,,
infomax,chb02_12.edf,[4],[4],True,0.9211827242455062,0.9211827242456073,1.0114131754335176e-13,,
infomax,chb02_13.edf,[4],[4],True,0.9211467935074146,0.9211467935092085,1.793898363189328e-12,,
infomax,chb02_14.edf,"[1, 11]","[1, 11]",True,0.8023336817916941,0.8023336817918246,1.305622276959184e-13,,
infomax,chb02_15.edf,"[1, 5, 7]","[1, 5, 7]",True,0.7851540844521229,0.785154084452149,2.609024107869118e-14,,
infomax,chb02_16+.edf,[5],[],False,0.9486938152906818,1.0,0.05130618470931825,,
infomax,chb02_16.edf,"[2, 3]","[2, 3]",True,0.8343697413405712,0.8343697413414973,9.261480471423056e-13,,
infomax,chb02_17.edf,"[0, 3]","[0, 3]",True,0.6992654376285246,0.6992654376285155,9.103828801926284e-15,,
infomax,chb02_18.edf,"[0, 8]","[0, 8]",True,0.6874028146445513,0.6874027837378439,3.090670741556778e-08,,
infomax,chb02_19.edf,"[0, 1]","[0, 1]",True,0.5303177431515864,0.5303177431517496,1.63202784619898e-13,,
infomax,chb02_21.edf,"[2, 8, 15]","[2, 8, 15]",True,0.853729857821633,0.8537298578215988,3.419486915845482e-14,,
infomax,chb02_22.edf,"[3, 12]","[3, 12]",True,0.8937508829436528,0.8937508829436671,1.432187701766452e-14,,
infomax,chb02_23.edf,"[0, 1, 7]","[0, 1, 7]",True,0.5598545468542127,0.5598545468547889,5.762057497804562e-13,,
infomax,chb02_24.edf,"[0, 1, 7]","[0, 1, 7]",True,0.4833040991663792,0.4831251843976185,0.00017891476876069623,,
infomax,chb02_25.edf,"[0, 1, 8]","[0, 1, 8]",True,0.5553878183301543,0.5553881108882509,2.925580966373076e-07,,
infomax,chb02_26.edf,"[0, 1, 4]","[0, 1, 4]",True,0.5139656878058781,0.5139656878058796,1.4432899320127035e-15,,
infomax,chb02_27.edf,"[0, 1, 2]","[0, 1]",False,0.5187431379367482,0.6178037612827321,0.09906062334598387,,
infomax,chb02_28.edf,[],[],True,1.0,1.0,0.0,,
infomax,chb02_29.edf,[],[],True,1.0,1.0,0.0,,
infomax,chb02_30.edf,[],[],True,1.0,1.0,0.0,,
infomax,chb02_32.edf,[6],[6],True,0.9250641030080047,0.9250641031039094,9.590472860310228e-11,,
infomax,chb02_33.edf,[4],[4],True,0.9272796609783058,0.9272796609785346,2.2881696537524476e-13,,
infomax,chb02_34.edf,"[0, 9, 14]","[0, 9, 14]",True,0.8004785125219089,0.8004785124917609,3.0147995211393663e-11,,
infomax,chb02_35.edf,"[0, 1]","[0, 1]",True,0.691004941124969,0.6910049411653317,4.036271317175988e-11,,
infomax,chb03_01.edf,"[0, 1]","[0, 1]",True,0.2541330104073209,0.25413301891489853,8.507577642369313e-09,,
infomax,chb03_02.edf,[0],"[0, 1]",False,0.5318733282982523,0.3744977766446815,0.1573755516535708,,
infomax,chb03_03.edf,"[0, 2]","[0, 2]",True,0.44999177978976346,0.4499917800936364,3.038729268212137e-10,,
infomax,chb03_04.edf,"[0, 1]","[0, 1]",True,0.18144381988346162,0.1814438198811032,2.3584190156356044e-12,,
infomax,chb03_05.edf,"[0, 1]","[0, 1]",True,0.4044794884669819,0.4044794884656677,1.3141709942487978e-12,,
infomax,chb03_06.edf,[0],[0],True,0.7848319622495039,0.7848319622493036,2.0028423364237824e-13,,
infomax,chb03_07.edf,[],[],True,1.0,1.0,0.0,,
infomax,chb03_08.edf,"[0, 1]","[0, 1]",True,0.5695990965201603,0.5695990965901458,6.998557289250584e-11,,
infomax,chb03_09.edf,[1],[1],True,0.8212565723534421,0.8212565722483527,1.0508938164122128e-10,,
infomax,chb03_10.edf,"[0, 1]","[0, 1]",True,0.3365695784783738,0.3365695784783737,1.1102230246251565e-16,,
infomax,chb03_11.edf,"[0, 1]","[0, 1]",True,0.6946630182469664,0.6946630182493185,2.3521184999708566e-12,,
infomax,chb03_12.edf,[],[],True,1.0,1.0,0.0,,
infomax,chb03_13.edf,"[0, 1]","[0, 1]",True,0.6726106764775112,0.67261067647809,5.788702850395566e-13,,
infomax,chb03_14.edf,[],[],True,1.0,1.0,0.0,,
infomax,chb03_15.edf,[],[],True,1.0,1.0,0.0,,
infomax,chb03_16.edf,"[0, 1]","[0, 1]",True,0.3168404244040536,0.31684042438781335,1.6240231381914327e-11,,
infomax,chb03_17.edf,[0],[0],True,0.425074462502996,0.42507446250286046,1.3555823130673161e-13,,
infomax,chb03_18.edf,[0],[0],True,0.4889512682672704,0.48895126826726465,5.773159728050814e-15,,
infomax,chb03_19.edf,"[0, 1, 6]","[0, 1, 6]",True,0.18882135264139918,0.18882135255080065,9.059852867920881e-11,,
infomax,chb03_20.edf,"[0, 1, 8, 12]","[0, 1, 8, 12]",True,0.23593365915022457,0.23593365915021838,6.189493362285248e-15,,
infomax,chb03_21.edf,[0],[0],True,0.44758418169914227,0.44758418169913755,4.718447854656915e-15,,
infomax,chb03_22.edf,"[0, 1]","[0, 1]",True,0.24238406688633912,0.24238406688634048,1.3600232051658168e-15,,
infomax,chb03_23.edf,"[0, 9]","[0, 9]",True,0.7865239176097097,0.7873386458449374,0.0008147282352276575,,
infomax,chb03_24.edf,"[0, 1]","[0, 1]",True,0.12114658734690396,0.12114658734688963,1.4335754805472334e-14,,
infomax,chb03_25.edf,[0],[0],True,0.43093905492968226,0.4309390549383088,8.626543923639929e-12,,
infomax,chb03_26.edf,"[0, 1]","[0, 1]",True,0.20800283677791637,0.20800283696467728,1.8676091229075098e-10,,
infomax,chb03_27.edf,[0],[0],True,0.5946825090112289,0.5946825090046717,6.5571992280410996e-12,,
infomax,chb03_28.edf,[0],[0],True,0.7555810321605163,0.755581032163365,2.848721258885689e-12,,
infomax,chb03_29.edf,[0],[0],True,0.48549488590757456,0.48549488590764817,7.360778653264788e-14,,
infomax,chb03_30.edf,"[0, 5]","[0, 5]",True,0.6608470431512206,0.6608470432058553,5.463474117561873e-11,,
infomax,chb03_31.edf,[0],[0],True,0.7748937074432766,0.77489370744346,1.8340884366807586e-13,,
infomax,chb03_32.edf,"[0, 4]","[0, 4]",True,0.62147175691892,0.6214717558956082,1.0233117686553328e-09,,
infomax,chb03_33.edf,"[0, 5]","[0, 5]",True,0.7105764678047995,0.7105764677868462,1.7953305508910944e-11,,
infomax,chb03_34.edf,[2],[2],True,0.8787214290807445,0.878724299186034,2.8701052895430124e-06,,
infomax,chb03_35.edf,[2],[2],True,0.8610096144055029,0.8610096185334879,4.12798495386113e-09,,
infomax,chb03_36.edf,[2],[2],True,0.8854940146712427,0.8854996086483676,5.593977124962457e-06,,
infomax,chb03_37.edf,"[0, 1, 3]","[0, 1, 3]",True,0.30269555247759067,0.30269555247760804,1.73749903353837e-14,,
infomax,chb03_38.edf,[0],[0],True,0.5763539684379121,0.5763539684397307,1.818656336638469e-12,,
infomax,chb04_01.edf,"[0, 2]","[0, 2]",True,0.5193079904501751,0.519307990450005,1.7008616737257398e-13,,
infomax,chb04_02.edf,[0],[0],True,0.7453746200466199,0.7453746200470516,4.3165471197426086e-13,,
infomax,chb04_03.edf,[4],[4],True,0.9305950621953174,0.9305950012790866,6.091623083737119e-08,,
infomax,chb04_04.edf,"[0, 6]","[0, 6]",True,0.6285261332972387,0.628526133297256,1.7319479184152442e-14,,
infomax,chb04_05.edf,[],[],True,1.0,1.0,0.0,,
infomax,chb04_06.edf,"[0, 5]","[0, 5]",True,0.5981371956255103,0.5981371956232118,2.2984947278814616e-12,,
infomax,chb04_07.edf,[0],[0],True,0.6125222728199007,0.6125222728198879,1.27675647831893e-14,,
infomax,chb04_08.edf,"[0, 8]","[0, 8]",True,0.6389334092022176,0.6389276487757022,5.760426515455386e-06,,
infomax,chb04_09.edf,"[1, 2, 4, 6]","[1, 2, 4, 6]",True,0.5853697760271964,0.585369797405585,2.137838861493435e-08,,
infomax,chb04_10.edf,[2],[2],True,0.9010602428155599,0.9010593522669267,8.905486331700629e-07,,
infomax,chb04_11.edf,"[1, 2, 4]","[1, 2, 4]",True,0.6564662923338549,0.6564658159941443,4.7633971056448843e-07,,
infomax,chb04_12.edf,"[0, 5]","[0, 5]",True,0.6790621239055721,0.6790621239055725,4.440892098500626e-16,,
infomax,chb04_13.edf,"[0, 1, 11]","[0, 1, 11]",True,0.429613041713817,0.4296130417138192,2.220446049250313e-15,,
infomax,chb04_14.edf,[],[],True,1.0,1.0,0.0,,
infomax,chb04_15.edf,"[1, 2, 4]","[1, 2]",False,0.5704136797019477,0.6659425955126734,0.09552891581072576,,
infomax,chb04_16.edf,"[0, 1, 3]","[0, 1, 3]",True,0.14108032759426303,0.1410803275942625,5.273559366969494e-16,,
infomax,chb04_17.edf,"[0, 1, 4]","[0, 1, 4]",True,0.12556238154312255,0.12556238154311516,7.382983113757291e-15,,
infomax,chb04_18.edf,[],[],True,1.0,1.0,0.0,,
infomax,chb04_21.edf,[0],[0],True,0.6173477218317833,0.6173522676230024,4.545791219112694e-06,,
infomax,chb04_22.edf,"[0, 4]","[0, 4]",True,0.5896596493138032,0.589659649313802,1.2212453270876722e-15,,
infomax,chb04_24.edf,[0],[0],True,0.6347831711274907,0.6347831711275058,1.509903313490213e-14,,
infomax,chb04_25.edf,[0],[0],True,0.674014112826609,0.6740141128266087,2.220446049250313e-16,,
infomax,chb04_26.edf,"[1, 2]","[1, 2]",True,0.711240833576488,0.7112408350514094,1.4749214072296013e-09,,
infomax,chb04_27.edf,[0],[0],True,0.7200815683554327,0.7200815683555127,8.004708007547379e-14,,
infomax,chb04_28.edf,"[1, 2]",[1],False,0.8273067613860832,0.9121431214641144,0.08483636007803119,,
infomax,chb04_29.edf,[],[],True,1.0,1.0,0.0,,
infomax,chb04_30.edf,"[0, 1, 14]","[0, 1, 14]",True,0.4994632637590016,0.49946326375887756,1.2401191185062999e-13,,
infomax,chb04_31.edf,"[0, 3, 13]","[0, 3, 13]",True,0.5437494409149632,0.543749440914972,8.770761894538737e-15,,
infomax,chb04_32.edf,"[0, 6, 14]","[0, 6, 14]",True,0.6428106136225151,0.6428106496174743,3.599495912443018e-08,,
infomax,chb04_33.edf,"[0, 3, 4, 7]","[0, 3, 4, 7]",True,0.48021443693512966,0.48021443693513927,9.603429163007604e-15,,
infomax,chb04_34.edf,"[0, 1, 2, 3]","[0, 1, 2, 3]",True,0.12380131423358849,0.12380131423346792,1.20570220474292e-13,,
infomax,chb04_35.edf,"[1, 3, 5, 9]","[1, 3, 5, 9]",True,0.6272970366416772,0.6272970366418676,1.9040324872321435e-13,,
infomax,chb04_36.edf,[2],[2],True,0.9770189860843741,0.9770189860843771,2.9976021664879227e-15,,
infomax,chb04_37.edf,"[1, 3]","[1, 3]",True,0.79962635870014,0.8002290848143355,0.0006027261141955398,,
infomax,chb04_38.edf,"[0, 1, 4]","[0, 1, 4]",True,0.18680821249312338,0.1868082124930824,4.0967229608668276e-14,,
infomax,chb04_39.edf,[0],[0],True,0.7096184967744077,0.7096184221859233,7.458848438890442e-08,,
infomax,chb04_40.edf,"[0, 2, 3]","[0, 2, 3]",True,0.5590926276606815,0.5590926276607526,7.116529587847253e-14,,
infomax,chb04_41.edf,[5],[5],True,0.928008671219611,0.9280086727632401,1.5436291134207636e-09,,
infomax,chb04_42.edf,"[1, 3]","[1, 3]",True,0.8177299455933497,0.8177299455938934,5.437872374614017e-13,,
infomax,chb04_43.edf,[0],[0],True,0.6990344196046024,0.6990344192899149,3.146874982817849e-10,,
infomax,chb05_01.edf,[0],[0],True,0.8215489081370193,0.8215489081370224,3.1086244689504383e-15,,
infomax,chb05_02.edf,[0],[0],True,0.8424339124118172,0.8424339124120115,1.942890293094024e-13,,
infomax,chb05_03.edf,[0],[0],True,0.861285659053872,0.8612856590538733,1.3322676295501878e-15,,
infomax,chb05_04.edf,[2],[2],True,0.9005783520424232,0.9005783520424239,6.661338147750939e-16,,
infomax,chb05_05.edf,[0],[0],True,0.8851138636128667,0.8851138636128646,2.1094237467877974e-15,,
infomax,chb05_06.edf,[],[],True,1.0,1.0,0.0,,
infomax,chb05_07.edf,[1],[1],True,0.8780779527868134,0.8780779527868524,3.8968828164342995e-14,,
infomax,chb05_08.edf,[1],[1],True,0.8810694257678211,0.8810694257674527,3.6837199957062694e-13,,
infomax,chb05_09.edf,[],[],True,1.0,1.0,0.0,,
infomax,chb05_10.edf,[3],[3],True,0.9107128588859288,0.9107128588856145,3.143041382713818e-13,,
infomax,chb05_11.edf,[1],[1],True,0.8890946813672136,0.889094681345845,2.136857357726285e-11,,
infomax,chb05_12.edf,[],[],True,1.0,1.0,0.0,,
infomax,chb05_13.edf,"[2, 14]","[2, 4, 13]",False,0.85652780552533,0.7897231608546857,0.06680464467064429,,
infomax,chb05_14.edf,[0],[0],True,0.774652624463851,0.7746526244662527,2.401745469171601e-12,,
infomax,chb05_15.edf,[],[],True,1.0,1.0,0.0,,
infomax,chb05_16.edf,[],[],True,1.0,1.0,0.0,,
infomax,chb05_17.edf,[0],[0],True,0.8860424796524089,0.8861022914139332,5.981176152425327e-05,,
infomax,chb05_18.edf,[],[],True,1.0,1.0,0.0,,
infomax,chb05_19.edf,[],[],True,1.0,1.0,0.0,,
infomax,chb05_20.edf,[],[],True,1.0,1.0,0.0,,
infomax,chb05_21.edf,[0],[0],True,0.8428961367122786,0.8428961367122212,5.739853037312059e-14,,
infomax,chb05_22.edf,[],[],True,1.0,1.0,0.0,,
infomax,chb05_23.edf,[1],[1],True,0.887817910023377,0.8878179100235362,1.5920598173124745e-13,,
infomax,chb05_24.edf,[],[],True,1.0,1.0,0.0,,
infomax,chb05_25.edf,[2],[2],True,0.9078064428103481,0.9078064428098221,5.259126467649367e-13,,
infomax,chb05_26.edf,[1],[1],True,0.85619504106169,0.8561950410617013,1.1324274851176597e-14,,
infomax,chb05_27.edf,[],[],True,1.0,1.0,0.0,,
infomax,chb05_28.edf,[],[],True,1.0,1.0,0.0,,
infomax,chb05_29.edf,[1],[1],True,0.8742018862330209,0.8742018862329304,9.048317650695026e-14,,
infomax,chb05_30.edf,"[1, 3]","[1, 3]",True,0.7894592144869608,0.7894592144858555,1.1052270210143433e-12,,
infomax,chb05_31.edf,[2],[2],True,0.9054961664387694,0.905496166441366,2.596589609993316e-12,,
infomax,chb05_32.edf,[],[],True,1.0,1.0,0.0,,
infomax,chb05_33.edf,[3],[3],True,0.9140356397152702,0.9140356397157464,4.761746552617296e-13,,
infomax,chb05_34.edf,[],[],True,1.0,1.0,0.0,,
infomax,chb05_35.edf,"[2, 3]","[2, 3]",True,0.8473737511200294,0.8473737511199086,1.2079226507921703e-13,,
infomax,chb05_36.edf,[2],[2],True,0.8935867429511329,0.8935867429511359,2.9976021664879227e-15,,
infomax,chb05_37.edf,[4],[4],True,0.9180708255454476,0.918070825614505,6.905742644391921e-11,,
infomax,chb05_38.edf,[2],[2],True,0.9205855022615715,0.9205855022615517,1.9872992140790302e-14,,
infomax,chb05_39.edf,[2],[2],True,0.8765552584436823,0.8765552584428404,8.418821195732562e-13,,
infomax,chb06_01.edf,[9],[9],True,0.960706594279698,0.9607065942796882,9.769962616701378e-15,,
infomax,chb06_02.edf,[],[],True,1.0,1.0,0.0,,
infomax,chb06_03.edf,[15],[15],True,0.9841576004907585,0.9841576004907572,1.3322676295501878e-15,,
infomax,chb06_04.edf,[0],[0],True,0.5816863190596209,0.5801392965116483,0.0015470225479725652,,
infomax,chb06_05.edf,[0],[0],True,0.6738275060633371,0.6745499841765448,0.0007224781132076918,,
infomax,chb06_06.edf,[8],[8],True,0.9624941532898466,0.9624941532898469,3.3306690738754696e-16,,
infomax,chb06_07.edf,[8],[8],True,0.959842956017843,0.9598429560179346,9.159339953157541e-14,,
infomax,chb06_08.edf,[],[],True,1.0,1.0,0.0,,
infomax,chb06_09.edf,[],[],True,1.0,1.0,0.0,,
infomax,chb06_10.edf,[],[],True,1.0,1.0,0.0,,
infomax,chb06_12.edf,[7],[7],True,0.954695504362745,0.9546955043627602,1.5210055437364645e-14,,
infomax,chb06_13.edf,[7],[7],True,0.9533145787792723,0.9533145787792564,1.587618925213974e-14,,
infomax,chb06_14.edf,[7],[7],True,0.9544017269508963,0.9543980409470961,3.6860038001851336e-06,,
infomax,chb06_15.edf,[12],[12],True,0.9845107800502284,0.9844580303082344,5.2749741993984856e-05,,
infomax,chb06_16.edf,[14],[13],False,0.9799383576943752,0.9793645605371007,0.0005737971572744582,,
infomax,chb06_17.edf,[6],[6],True,0.9498419942177635,0.949841994217765,1.5543122344752192e-15,,
infomax,chb06_18.edf,[],[],True,1.0,1.0,0.0,,
infomax,chb06_24.edf,"[0, 5, 12]","[0, 5, 12]",True,0.6577201402832017,0.6577212173294328,1.077046231090506e-06,,
infomax,chb07_01.edf,"[0, 1]","[0, 1]",True,0.273875335760002,0.2738753357598652,1.3677947663381929e-13,,
infomax,chb07_02.edf,"[0, 3]","[0, 3]",True,0.5942959707304589,0.5942959707304287,3.019806626980426e-14,,
infomax,chb07_03.edf,[],[],True,1.0,1.0,0.0,,
infomax,chb07_04.edf,[],[],True,1.0,1.0,0.0,,
infomax,chb07_05.edf,[0],[],False,0.5570658441043006,1.0,0.4429341558956994,,
infomax,chb07_06.edf,"[0, 1, 2]","[0, 1, 2]",True,0.30469005254671316,0.30469005254546827,1.244893077512188e-12,,
infomax,chb07_07.edf,"[0, 2]","[0, 2]",True,0.5351618843832009,0.5351618843832011,2.220446049250313e-16,,
infomax,chb07_08.edf,"[0, 1, 4]","[0, 1, 4]",True,0.3006147045431972,0.3006147045431969,3.3306690738754696e-16,,
infomax,chb07_09.edf,"[0, 1]","[0, 1]",True,0.3232721962636001,0.3232721962635941,5.995204332975845e-15,,
infomax,chb07_10.edf,[],[],True,1.0,1.0,0.0,,
infomax,chb07_11.edf,[],[],True,1.0,1.0,0.0,,
infomax,chb07_12.edf,"[0, 1]","[0, 1]",True,0.3559378617159377,0.35593786171593617,1.5543122344752192e-15,,
infomax,chb07_13.edf,[0],[0],True,0.6704868355667466,0.6702493961161321,0.00023743945061449612,,
infomax,chb07_14.edf,[1],[1],True,0.8861433090523744,0.8861188375910045,2.4471461369857117e-05,,
infomax,chb07_15.edf,"[0, 2]","[0, 2]",True,0.45439040961174465,0.4543904110068808,1.3951361732544854e-09,,
infomax,chb07_16.edf,"[0, 3]","[0, 3]",True,0.5355545763026234,0.5355545763026209,2.4424906541753444e-15,,
infomax,chb07_17.edf,[],[],True,1.0,1.0,0.0,,
infomax,chb07_18.edf,"[1, 2]","[1, 2]",True,0.7948295064942165,0.7948295064942175,9.992007221626409e-16,,
infomax,chb07_19.edf,"[0, 2, 3]","[0, 3]",False,0.37146513883438065,0.4652542711159711,0.09378913228159047,,
infomax,chb08_02.edf,"[0, 2, 5]","[0, 2, 5]",True,0.5503560195147708,0.550356019514773,2.220446049250313e-15,,
infomax,chb08_03.edf,"[8, 13, 14, 15]","[8, 13, 14, 15]",True,0.8699312489436315,0.8699312489436223,9.2148511043888e-15,,
infomax,chb08_04.edf,"[6, 12]","[6, 12]",True,0.9279801104397322,0.9279801104415598,1.8276491431379327e-12,,
infomax,chb08_05.edf,[0],[0],True,0.8268600336391067,0.826860033639089,1.765254609153999e-14,,
infomax,chb08_10.edf,[0],[0],True,0.5665141310848222,0.5665141310848087,1.3433698597964394e-14,,
infomax,chb08_11.edf,[0],[0],True,0.6513174450173689,0.6513174450176492,2.8033131371785203e-13,,
infomax,chb08_12.edf,"[0, 7]","[0, 7]",True,0.6449657360059302,0.6449657360059459,1.5654144647214707e-14,,
infomax,chb08_13.edf,"[0, 5]","[0, 5]",True,0.6152107441281842,0.6152107441282689,8.471001677889944e-14,,
infomax,chb08_14.edf,[1],[1],True,0.8692023558733306,0.8692023558733204,1.021405182655144e-14,,
infomax,chb08_15.edf,"[6, 14]","[6, 14]",True,0.9183085135633501,0.9183085135634265,7.638334409421077e-14,,
infomax,chb08_16.edf,[6],[6],True,0.9448110430767945,0.9448110430768235,2.8976820942716586e-14,,
infomax,chb08_17.edf,[9],[9],True,0.9644284288532995,0.9644284288744819,2.1182389176033212e-11,,
infomax,chb08_18.edf,[8],[8],True,0.9570193555750354,0.9570193555741274,9.07940389538453e-13,,
infomax,chb08_19.edf,[5],[5],True,0.9437280834503194,0.9437280834502068,1.1268763699945339e-13,,
infomax,chb08_20.edf,"[0, 9]","[0, 9]",True,0.7053860646251868,0.7053860646252736,8.681944052568724e-14,,
infomax,chb08_21.edf,"[0, 8]","[0, 8]",True,0.6681096104993006,0.6681096104992864,1.4210854715202004e-14,,
infomax,chb08_22.edf,[],[],True,1.0,1.0,0.0,,
infomax,chb08_23.edf,"[3, 7, 9]","[3, 7, 9]",True,0.8244016452516181,0.8244016452517925,1.744160371686121e-13,,
infomax,chb08_24.edf,"[0, 6]","[0, 6]",True,0.6054595506164518,0.6054595506161741,2.7777780076121417e-13,,
infomax,chb08_29.edf,"[0, 9]","[0, 9]",True,0.6730764990293425,0.6730764990293534,1.0880185641326534e-14,,
infomax,chb09_01.edf,[0],[0],True,0.8694259681531631,0.8694259681531287,3.441691376337985e-14,,
infomax,chb09_02.edf,[1],[1],True,0.8455831208344514,0.8455831208344455,5.88418203051333e-15,,
infomax,chb09_03.edf,[1],[1],True,0.894587942915059,0.8945879429150609,1.887379141862766e-15,,
infomax,chb09_04.edf,[],[],True,1.0,1.0,0.0,,
infomax,chb09_05.edf,[0],[0],True,0.789116357354832,0.7891157240438734,6.333109585643371e-07,,
infomax,chb09_06.edf,[0],[0],True,0.5853744197285863,0.5844033638168709,0.0009710559117154238,,
infomax,chb09_07.edf,[0],[0],True,0.8115688945093287,0.8115688945093249,3.774758283725532e-15,,
infomax,chb09_08.edf,[0],[1],False,0.847472634704363,0.8487425083828808,0.00126987367851783,,
infomax,chb09_09.edf,[0],[0],True,0.849379757801041,0.8493797578010328,8.215650382226158e-15,,
infomax,chb09_10.edf,[4],[4],True,0.9228583481786031,0.9228583481785361,6.705747068735946e-14,,
infomax,chb09_11.edf,[],[],True,1.0,1.0,0.0,,
infomax,chb09_12.edf,[5],[5],True,0.9358137687812472,0.9358137687812061,4.107825191113079e-14,,
infomax,chb09_13.edf,"[0, 7]","[0, 7]",True,0.7352350690271162,0.7352350690271143,1.887379141862766e-15,,
infomax,chb09_14.edf,"[0, 6]","[0, 6]",True,0.6778976779899761,0.6778976779899802,4.107825191113079e-15,,
infomax,chb09_15.edf,[0],[0],True,0.8081412376268415,0.8081412376268222,1.9317880628477724e-14,,
infomax,chb09_16.edf,[3],[3],True,0.9061182640099003,0.9061182640099192,1.8984813721090177e-14,,
infomax,chb09_17.edf,[],[],True,1.0,1.0,0.0,,
infomax,chb09_18.edf,"[0, 3]","[0, 3]",True,0.666402652341447,0.6664026523414736,2.653433028854124e-14,,
infomax,chb09_19.edf,[0],[0],True,0.8090127747109498,0.8090127751744596,4.6350978610831817e-10,,
infomax,chb10_01.edf,[0],[0],True,0.8293146691541408,0.8293146691541204,2.0317081350640365e-14,,
infomax,chb10_02.edf,[0],[0],True,0.848462381158165,0.8484623811582153,5.029310301551959e-14,,
infomax,chb10_03.edf,[0],[0],True,0.7966398296229524,0.7966398296228221,1.3034018309099338e-13,,
infomax,chb10_04.edf,"[0, 8]","[0, 8]",True,0.7669728356708916,0.7669728356727306,1.8389734179891093e-12,,
infomax,chb10_05.edf,"[0, 1]","[0, 1]",True,0.7120121441135072,0.7120121441141786,6.713518629908322e-13,,
infomax,chb10_06.edf,[0],[0],True,0.842197346294644,0.8421973462946036,4.04121180963557e-14,,
infomax,chb10_07.edf,[],[],True,1.0,1.0,0.0,,
infomax,chb10_08.edf,[],[],True,1.0,1.0,0.0,,
infomax,chb10_12.edf,[],[],True,1.0,1.0,0.0,,
infomax,chb10_13.edf,[],[],True,1.0,1.0,0.0,,
infomax,chb10_14.edf,[0],[0],True,0.7050498680340768,0.7050498680200468,1.4029999384490566e-11,,
infomax,chb10_15.edf,[1],[1],True,0.8828152628903366,0.882815262890526,1.894040480010517e-13,,
infomax,chb10_16.edf,[0],[0],True,0.8139856801091594,0.8139856803032631,1.9410373308659246e-10,,
infomax,chb10_17.edf,"[0, 2]","[0, 2]",True,0.6900223435071665,0.6900223435046647,2.5017765636903277e-12,,
infomax,chb10_18.edf,"[0, 3]","[0, 3]",True,0.7312767048329616,0.7312767047796452,5.3316351333876355e-11,,
infomax,chb10_19.edf,[],[],True,1.0,1.0,0.0,,
infomax,chb10_20.edf,[],[],True,1.0,1.0,0.0,,
infomax,chb10_21.edf,[1],[1],True,0.8950622819197386,0.8950622819199742,2.355893258254582e-13,,
infomax,chb10_22.edf,"[2, 3]","[2, 3]",True,0.8293126916029365,0.8293126916033009,3.643751966819764e-13,,
infomax,chb10_27.edf,[4],[4],True,0.9114335523295413,0.9114335523294604,8.08242361927114e-14,,
infomax,chb10_28.edf,"[0, 4]","[0, 4]",True,0.7639445217970917,0.7639445217972405,1.4876988529977098e-13,,
infomax,chb10_30.edf,"[0, 6]","[0, 6]",True,0.7017705550919596,0.7017705550977842,5.824563054090959e-12,,
infomax,chb10_31.edf,[],[],True,1.0,1.0,0.0,,
infomax,chb10_38.edf,[],[],True,1.0,1.0,0.0,,
infomax,chb10_89.edf,"[2, 7]","[2, 7]",True,0.8577189043758483,0.8577189043761763,3.2795988147427124e-13,,
infomax,chb11_01.edf,[],[],True,1.0,1.0,0.0,,
infomax,chb11_02.edf,[0],[0],True,0.7796570721015167,0.7796570721015732,5.651035195342047e-14,,
infomax,chb11_03.edf,[0],[0],True,0.6841359773211597,0.684135977321169,9.325873406851315e-15,,
infomax,chb11_04.edf,"[0, 2]","[0, 2]",True,0.6098637443579441,0.6098637443579549,1.0769163338864018e-14,,
infomax,chb11_05.edf,"[0, 1]","[0, 1]",True,0.5060456950770787,0.5060456950770901,1.1324274851176597e-14,,
infomax,chb11_06.edf,"[0, 1]","[0, 1]",True,0.4253002255436566,0.42530022554383756,1.8096635301390052e-13,,
infomax,chb11_07.edf,[0],[0],True,0.5734025442869951,0.5734025442879187,9.235945341856677e-13,,
infomax,chb11_08.edf,"[0, 2]","[0, 2]",True,0.3843813710883451,0.3843813710881809,1.6420198534206065e-13,,
infomax,chb11_09.edf,"[0, 1]","[0, 1]",True,0.24588155454108823,0.24588155454109661,8.382183835919932e-15,,
infomax,chb11_10.edf,"[0, 1, 2]","[0, 1, 2]",True,0.21460478981394104,0.21460478981377604,1.650068970349139e-13,,
infomax,chb11_11.edf,"[0, 1, 2, 3]","[0, 1, 2, 3]",True,0.123166658031014,0.1231666580310088,5.190292640122607e-15,,
infomax,chb11_12.edf,"[0, 1, 2, 3]","[0, 1, 2, 3]",True,0.15524142779754113,0.1552414277980784,5.372646771917289e-13,,
infomax,chb11_13.edf,"[0, 1, 2, 3]","[0, 1, 2, 3]",True,0.14792180881822925,0.14792180881824474,1.5487611193520934e-14,,
infomax,chb11_14.edf,"[0, 2]","[0, 2]",True,0.24141867914709333,0.24141867914710013,6.800116025829084e-15,,
infomax,chb11_15.edf,"[0, 1, 2, 3]","[0, 1, 2, 3]",True,0.12504547430257115,0.1250454743025684,2.7478019859472624e-15,,
infomax,chb11_16.edf,[0],[0],True,0.8107178645775125,0.8107178645774614,5.10702591327572e-14,,
infomax,chb11_17.edf,[],[],True,1.0,1.0,0.0,,
infomax,chb11_18.edf,[0],[0],True,0.7754455853750988,0.7754455853751048,5.995204332975845e-15,,
infomax,chb11_19.edf,[3],[3],True,0.9204444464999866,0.9204444464999849,1.6653345369377348e-15,,
infomax,chb11_24.edf,[],[],True,1.0,1.0,0.0,,
infomax,chb11_25.edf,[0],[0],True,0.6467254044267489,0.6467254044264661,2.8277380437202737e-13,,
infomax,chb11_26.edf,[],[],True,1.0,1.0,0.0,,
infomax,chb11_27.edf,"[0, 1, 4]","[0, 1, 4]",True,0.3927763650386121,0.3927763650391183,5.062061880778401e-13,,
infomax,chb11_53.edf,"[0, 9]","[0, 9]",True,0.8223616679996776,0.8223616680005459,8.683054275593349e-13,,
infomax,chb11_54.edf,[],[],True,1.0,1.0,0.0,,
infomax,chb11_55.edf,[0],[0],True,0.7443760785379557,0.7443760786923826,1.54426915699446e-10,,
infomax,chb11_56.edf,"[0, 1, 12]","[0, 1, 12]",True,0.5762402412249097,0.5762402412249084,1.3322676295501878e-15,,
infomax,chb11_58.edf,[1],[1],True,0.8257637850528037,0.8257637850528171,1.3433698597964394e-14,,
infomax,chb11_60.edf,"[0, 3, 5]","[0, 3, 5]",True,0.6973603633579866,0.69736036335792,6.661338147750939e-14,,
infomax,chb11_61.edf,[3],[3],True,0.9176014902699796,0.9176014902701574,1.7774670624248756e-13,,
infomax,chb11_62.edf,[2],[2],True,0.8866912361273532,0.8866912361274076,5.440092820663267e-14,,
infomax,chb11_63.edf,"[0, 7]","[0, 7]",True,0.8062562722598259,0.8062562722627911,2.965183654168868e-12,,
infomax,chb11_82.edf,"[0, 2]","[0, 2]",True,0.5989003965864395,0.598900396586432,7.438494264988549e-15,,
infomax,chb11_92.edf,"[0, 8]","[0, 8]",True,0.6569268022225645,0.656926802193571,2.8993474288085963e-11,,
infomax,chb11_99.edf,[2],[1],False,0.8931343914810427,0.8925767741275443,0.000557617353498352,,
infomax,chb12_06.edf,[],[],True,1.0,1.0,0.0,,
infomax,chb12_08.edf,[],[],True,1.0,1.0,0.0,,
infomax,chb12_09.edf,[12],[12],True,0.9657654008143461,0.9657654008142517,9.447997939560082e-14,,
infomax,chb12_10.edf,[13],[13],True,0.9617835641836222,0.9617835641837199,9.769962616701378e-14,,
infomax,chb12_11.edf,[14],[14],True,0.975518581117573,0.9755185811176409,6.794564910705958e-14,,
infomax,chb12_19.edf,[0],[0],True,0.7804415450228709,0.7804415450218551,1.0157430452295557e-12,,
infomax,chb12_20.edf,[0],[0],True,0.7637157572963261,0.763715757296341,1.4876988529977098e-14,,
infomax,chb12_21.edf,[0],[0],True,0.7575969634867481,0.7575969634867391,8.992806499463768e-15,,
infomax,chb12_23.edf,[0],[0],True,0.8155623597624866,0.8155623597624858,7.771561172376096e-16,,
infomax,chb12_24.edf,"[0, 15]","[0, 15]",True,0.7615312817332868,0.7615312817332843,2.4424906541753444e-15,,
infomax,chb12_32.edf,"[0, 7]","[0, 7]",True,0.7746901130609761,0.7746901130623187,1.3425927036792018e-12,,
infomax,chb12_33.edf,[1],[1],True,0.8650183018371252,0.8650183018371246,6.661338147750939e-16,,
infomax,chb12_34.edf,[0],[0],True,0.870475982342572,0.8704759821106863,2.318856218153087e-10,,
infomax,chb12_35.edf,[5],[5],True,0.9339680577273812,0.933968057727358,2.3203661214665772e-14,,
infomax,chb12_36.edf,[0],[0],True,0.8804076581161848,0.8804076581163339,1.4910295220715852e-13,,
infomax,chb12_37.edf,[9],[9],True,0.9504046223433145,0.9504046215092804,8.340340640344834e-10,,
infomax,chb12_38.edf,[15],[15],True,0.9727129366021858,0.9727129366021724,1.3433698597964394e-14,,
infomax,chb12_39.edf,[2],[2],True,0.9026747716658912,0.9026747716658885,2.6645352591003757e-15,,
infomax,chb12_40.edf,"[10, 14]","[10, 14]",True,0.922652142211918,0.9226521398404481,2.371469909334678e-09,,
infomax,chb12_41.edf,"[11, 13]","[11, 13]",True,0.9318909069946951,0.931890906994791,9.592326932761353e-14,,
infomax,chb12_42.edf,[2],[2],True,0.9112413486616179,0.9112413486616153,2.55351295663786e-15,,
infomax,chb13_02.edf,[0],[0],True,0.766124753543456,0.7661247535432993,1.566524687746096e-13,,
infomax,chb13_03.edf,[0],[0],True,0.7883309761674534,0.7883309761675171,6.372680161348399e-14,,
infomax,chb13_04.edf,[1],[1],True,0.8075650627126603,0.8075650627126842,2.398081733190338e-14,,
infomax,chb13_05.edf,[1],[1],True,0.8518431137717126,0.8518431137716844,2.8199664825478976e-14,,
infomax,chb13_06.edf,"[0, 9]","[0, 9]",True,0.7748261984655773,0.7748261984655637,1.3655743202889425e-14,,
infomax,chb13_07.edf,[],[],True,1.0,1.0,0.0,,
infomax,chb13_08.edf,"[1, 8, 10]","[1, 8, 10]",True,0.7799100279382418,0.7799100279379523,2.8954616482224083e-13,,
infomax,chb13_09.edf,"[1, 5, 9, 10, 12]","[1, 5, 9, 10, 12]",True,0.6797173337353485,0.6797173339027481,1.6739964969758603e-10,,
infomax,chb13_10.edf,"[1, 9]","[1, 9]",True,0.8306877180059458,0.8306877179940597,1.1886047701636926e-11,,
infomax,chb13_11.edf,"[1, 4, 8, 13]","[1, 4, 8, 13]",True,0.7197708430513384,0.7197708430491758,2.1626034296673424e-12,,
infomax,chb13_12.edf,"[1, 2, 9, 10, 12]","[2, 3, 8, 9, 12]",False,0.6527991348406553,0.6534554969980185,0.0006563621573631995,,
infomax,chb13_13.edf,"[2, 4, 6]","[2, 4, 6]",True,0.7695248059385817,0.7695248056265069,3.120748104379345e-10,,
infomax,chb13_14.edf,[],[],True,1.0,1.0,0.0,,
infomax,chb13_15.edf,[],[],True,1.0,1.0,0.0,,
infomax,chb13_16.edf,"[1, 4]","[1, 4]",True,0.7894567360784814,0.7894567360788385,3.5704772471945034e-13,,
infomax,chb13_18.edf,[0],[0],True,0.7154740155865877,0.7154740155865603,2.7422508708241367e-14,,
infomax,chb13_19.edf,[0],[0],True,0.6781030183427912,0.6781030183426839,1.0724754417879012e-13,,
infomax,chb13_21.edf,[0],[0],True,0.7781543967600327,0.7781543967599333,9.947598300641403e-14,,
infomax,chb13_22.edf,"[0, 6]","[0, 6]",True,0.7413432878336519,0.7413432878336287,2.3203661214665772e-14,,
infomax,chb13_24.edf,[],[],True,1.0,1.0,0.0,,
infomax,chb13_30.edf,"[0, 1]","[0, 1]",True,0.6097789379726695,0.6097789379726801,1.0658141036401503e-14,,
infomax,chb13_36.edf,"[1, 12]","[1, 12]",True,0.8242841461683728,0.8242841466195165,4.511437889931358e-10,,
infomax,chb13_37.edf,"[1, 12]","[1, 12]",True,0.8587095388720218,0.8548775919601718,0.0038319469118500704,,
infomax,chb13_38.edf,"[1, 13]","[1, 13]",True,0.8565460522457031,0.8565424863840095,3.5658616935885235e-06,,
infomax,chb13_39.edf,"[4, 6, 10]","[4, 6, 10]",True,0.8141764806808414,0.8141764806821283,1.2869705301454815e-12,,
infomax,chb13_40.edf,[1],[1],True,0.8577315690187477,0.8574725730125174,0.0002589960062302499,,
infomax,chb13_47.edf,"[0, 1, 5]","[0, 1, 5]",True,0.5566260326191187,0.5566260326190893,2.942091015256665e-14,,
infomax,chb13_55.edf,[],[],True,1.0,1.0,0.0,,
infomax,chb13_56.edf,"[0, 9]","[0, 9]",True,0.820398469279066,0.8203984692789288,1.3722356584366935e-13,,
infomax,chb13_58.edf,"[3, 4]","[3, 4]",True,0.8244938712759488,0.8244938712726402,3.308575635685429e-12,,
infomax,chb13_59.edf,[0],[0],True,0.7668683706323175,0.7668683706322919,2.5646151868841116e-14,,
infomax,chb13_60.edf,"[0, 6, 8]","[0, 6, 8]",True,0.7530307498674201,0.7530307498674879,6.772360450213455e-14,,
infomax,chb13_62.edf,[2],[2],True,0.8990185449577605,0.8990185449576079,1.525446435834965e-13,,
infomax,chb14_01.edf,[1],[1],True,0.8258939693542772,0.825893969354276,1.2212453270876722e-15,,
infomax,chb14_02.edf,[1],[1],True,0.7943720438859869,0.7943720438869695,9.825473767932635e-13,,
infomax,chb14_03.edf,[0],[0],True,0.8316711705129693,0.8316711705109584,2.010946964503546e-12,,
infomax,chb14_04.edf,[1],[1],True,0.8546193119517584,0.8546193119517561,2.3314683517128287e-15,,
infomax,chb14_06.edf,[1],[1],True,0.8221051041653207,0.8221051041654294,1.0869083411080283e-13,,
infomax,chb14_11.edf,[0],[0],True,0.7665799580914208,0.7665799580915701,1.4932499681208355e-13,,
infomax,chb14_12.edf,[],[],True,1.0,1.0,0.0,,
infomax,chb14_13.edf,[],[],True,1.0,1.0,0.0,,
infomax,chb14_14.edf,[3],[3],True,0.8642846762990638,0.8642846762990355,2.8310687127941492e-14,,
infomax,chb14_16.edf,[],[],True,1.0,1.0,0.0,,
infomax,chb14_17.edf,[4],[4],True,0.8946592221793108,0.894659222179303,7.771561172376096e-15,,
infomax,chb14_18.edf,[4],[4],True,0.9241606443945375,0.9241606443945277,9.769962616701378e-15,,
infomax,chb14_19.edf,[],[],True,1.0,1.0,0.0,,
infomax,chb14_20.edf,[],[],True,1.0,1.0,0.0,,
infomax,chb14_22.edf,[],[],True,1.0,1.0,0.0,,
infomax,chb14_24.edf,[4],[4],True,0.9031790687085971,0.9031790687086297,3.26405569239796e-14,,
infomax,chb14_25.edf,[3],[3],True,0.8827411159006749,0.8827411159007414,6.650235917504688e-14,,
infomax,chb14_26.edf,"[0, 3]","[0, 3]",True,0.6215492710965889,0.6215492710966045,1.5654144647214707e-14,,
infomax,chb14_27.edf,[],[],True,1.0,1.0,0.0,,
infomax,chb14_29.edf,[2],[2],True,0.8765572285270665,0.8765572285270631,3.4416913763379853e-15,,
infomax,chb14_30.edf,[1],[1],True,0.8506362632215908,0.8506362632215209,6.994405055138486e-14,,
infomax,chb14_32.edf,[1],[1],True,0.8480529830501796,0.8480529830501831,3.4416913763379853e-15,,
infomax,chb14_37.edf,[],[],True,1.0,1.0,0.0,,
infomax,chb14_39.edf,[],[],True,1.0,1.0,0.0,,
infomax,chb14_42.edf,[],[],True,1.0,1.0,0.0,,
infomax,chb15_01.edf,[],[],True,1.0,1.0,0.0,,
infomax,chb15_02.edf,[0],[0],True,0.720358511511825,0.7203585115117728,5.218048215738236e-14,,
infomax,chb15_03.edf,"[0, 4]","[0, 4]",True,0.5850462461536104,0.585046246153128,4.82502926502093e-13,,
infomax,chb15_04.edf,[0],[0],True,0.7663820369445359,0.7663820369445312,4.6629367034256575e-15,,
infomax,chb15_05.edf,[],[],True,1.0,1.0,0.0,,
infomax,chb15_06.edf,[11],[11],True,0.9573948470880471,0.9573948470874969,5.502265310042276e-13,,
infomax,chb15_07.edf,[],[],True,1.0,1.0,0.0,,
infomax,chb15_08.edf,[2],[2],True,0.901941817259691,0.901941817259799,1.0802470029602773e-13,,
infomax,chb15_09.edf,[],[],True,1.0,1.0,0.0,,
infomax,chb15_10.edf,[],[],True,1.0,1.0,0.0,,
infomax,chb15_11.edf,[0],[0],True,0.7582110578067347,0.758211057591603,2.151316902399003e-10,,
infomax,chb15_12.edf,"[0, 1]","[0, 1]",True,0.3548384644701439,0.3548384644701376,6.2727600891321345e-15,,
infomax,chb15_13.edf,[0],[0],True,0.4529193490359918,0.452919349034339,1.6527890167594705e-12,,
infomax,chb15_14.edf,"[0, 1]","[0, 1]",True,0.3539588123949586,0.35395881239495025,8.326672684688674e-15,,
infomax,chb15_15.edf,[0],[0],True,0.6374077985332476,0.6374077985359503,2.702726931147481e-12,,
infomax,chb15_16.edf,"[0, 1]","[0, 1]",True,0.37835880133092964,0.3783588013249122,6.01746430461958e-12,,
infomax,chb15_17.edf,[0],[0],True,0.8788129893678301,0.8788129893661921,1.638023050531956e-12,,
infomax,chb15_19.edf,[0],[0],True,0.5646789202600003,0.5646789202593785,6.218359160925502e-13,,
infomax,chb15_20.edf,[0],[0],True,0.6045614325951154,0.6045614325965271,1.4116485758108865e-12,,
infomax,chb15_22.edf,"[0, 1]","[0, 1]",True,0.23128426247368297,0.23128426247423167,5.48699974345368e-13,,
infomax,chb15_26.edf,"[0, 1]","[0, 1]",True,0.3015176594979803,0.3015176594984185,4.382050278195493e-13,,
infomax,chb15_28.edf,"[0, 1]","[0, 1]",True,0.5247691700717576,0.5247691700718367,7.904787935331115e-14,,
infomax,chb15_29.edf,[6],[6],True,0.9288353605633954,0.928835360563607,2.1160850849355484e-13,,
infomax,chb15_30.edf,"[0, 6]","[0, 6]",True,0.8022147679207033,0.802214767920439,2.6434410216324977e-13,,
infomax,chb15_31.edf,[4],[4],True,0.9290711566459136,0.9290711566456307,2.828848266744899e-13,,
infomax,chb15_32.edf,"[3, 8]","[3, 8]",True,0.8425665941520037,0.8425665941658347,1.3830936396175275e-11,,
infomax,chb15_33.edf,[],[],True,1.0,1.0,0.0,,
infomax,chb15_35.edf,[0],[0],True,0.8828042827571179,0.8828042827575169,3.9901415505028126e-13,,
infomax,chb15_37.edf,[4],[4],True,0.9215467807766365,0.9215467807765301,1.0647038806155251e-13,,
infomax,chb15_40.edf,"[0, 1]","[0, 1]",True,0.36400646112967205,0.3640064611296056,6.644684802381562e-14,,
infomax,chb15_45.edf,[0],[0],True,0.6233269185780695,0.6233269185780766,7.105427357601002e-15,,
infomax,chb15_46.edf,"[0, 4, 6]","[0, 4, 6]",True,0.5266703859766644,0.5266703859772018,5.374589662210383e-13,,
infomax,chb15_49.edf,[0],[0],True,0.5241544324295316,0.5241544323282684,1.012632200314556e-10,,
infomax,chb15_50.edf,[0],[0],True,0.6401650515398731,0.6401650515398698,3.3306690738754696e-15,,
infomax,chb15_51.edf,[0],[0],True,0.8328576191437013,0.8328576191437155,1.4210854715202004e-14,,
infomax,chb15_52.edf,"[0, 1]","[0, 1]",True,0.3688047562914093,0.3688047562913893,1.9984014443252818e-14,,
infomax,chb15_54.edf,[6],[6],True,0.9431377412450771,0.9431377412450587,1.84297022087776e-14,,
infomax,chb15_61.edf,"[0, 1]","[0, 1]",True,0.7058134278606417,0.7058134278606143,2.7422508708241367e-14,,
infomax,chb15_62.edf,[0],[0],True,0.8387572055127971,0.8387572055128422,4.5075054799781356e-14,,
infomax,chb15_63.edf,[0],[0],True,0.6636665139888528,0.6636665139888457,7.105427357601002e-15,,
infomax,chb16_01.edf,"[1, 2]","[1, 2]",True,0.8991273714079072,0.8991273714076862,2.2104540420286867e-13,,
infomax,chb16_02.edf,[0],[0],True,0.5258546115181336,0.5258546115174819,6.517009154549669e-13,,
infomax,chb16_03.edf,[0],[0],True,0.5128825851366002,0.5128825851363461,2.5413005033669833e-13,,
infomax,chb16_04.edf,[0],[0],True,0.5091181940266757,0.5091181940184157,8.259948280908702e-12,,
infomax,chb16_05.edf,[0],[0],True,0.7683259267329621,0.7683259267701005,3.71384034636435e-11,,
infomax,chb16_06.edf,[],[],True,1.0,1.0,0.0,,
infomax,chb16_07.edf,[],[],True,1.0,1.0,0.0,,
infomax,chb16_08.edf,[1],[1],True,0.8619956204644318,0.861995620479675,1.5243251105800937e-11,,
infomax,chb16_09.edf,[],[],True,1.0,1.0,0.0,,
infomax,chb16_10.edf,"[0, 1]","[0, 1]",True,0.3094789957241626,0.3094789957241624,2.220446049250313e-16,,
infomax,chb16_11.edf,"[0, 1]","[0, 1]",True,0.2616192228409661,0.2616192228408626,1.0352829704629585e-13,,
infomax,chb16_12.edf,[],[],True,1.0,1.0,0.0,,
infomax,chb16_13.edf,[2],[2],True,0.8497670002683264,0.8497670002681412,1.851852005074761e-13,,
infomax,chb16_14.edf,[],[],True,1.0,1.0,0.0,,
infomax,chb16_15.edf,[0],[0],True,0.6656726562060116,0.6656760786356793,3.4224296677765054e-06,,
infomax,chb16_16.edf,"[0, 1, 11]","[0, 1, 11]",True,0.34917262742746563,0.349172627428984,1.518341008477364e-12,,
infomax,chb16_17.edf,"[0, 1, 3]","[0, 1, 3]",True,0.3754114884868843,0.37541148848673284,1.514899317101026e-13,,
infomax,chb16_18.edf,"[0, 1]","[0, 1]",True,0.5250777299888651,0.5250777299809122,7.952971614599846e-12,,
infomax,chb16_19.edf,"[0, 3, 4, 6]","[0, 3, 4, 6]",True,0.4867537458690227,0.48675374586901965,3.0531133177191805e-15,,
infomax,chb17a_03.edf,"[0, 1, 3]","[0, 1, 3]",True,0.39140217597292265,0.3914021751635481,8.093745673676267e-10,,
infomax,chb17a_04.edf,[0],[0],True,0.5713450628216837,0.5713450628217711,8.737455203799982e-14,,
infomax,chb17a_05.edf,"[0, 1]","[0, 1]",True,0.4147671851222038,0.41476718512224625,4.246603069191224e-14,,
infomax,chb17a_06.edf,"[1, 11]","[1, 11]",True,0.8169801214188972,0.8169801214188627,3.452793606584237e-14,,
infomax,chb17a_08.edf,"[0, 1]","[0, 1]",True,0.219897907143613,0.2198979071433588,2.541855614879296e-13,,
infomax,chb17b_57.edf,"[0, 3]","[0, 3]",True,0.4968794814648198,0.49687948146470773,1.1207701433590955e-13,,
infomax,chb17b_58.edf,"[0, 1, 6]","[0, 1, 6]",True,0.3503088922030766,0.3503088942536073,2.0505306896900777e-09,,
infomax,chb17b_59.edf,[0],[0],True,0.6213922757938569,0.6213922872192917,1.1425434820466762e-08,,
infomax,chb17b_60.edf,"[0, 13]","[0, 13]",True,0.60369976754584,0.603699836610628,6.90647879997286e-08,,
infomax,chb17b_63.edf,[0],[0],True,0.49139569953867546,0.49139569953867657,1.1102230246251565e-15,,
infomax,chb17b_67.edf,"[10, 12]","[10, 12]",True,0.9131629013641663,0.913162901364163,3.3306690738754696e-15,,
infomax,chb17b_68.edf,[0],[0],True,0.5719407146783325,0.5719407079795601,6.698772425650645e-09,,
infomax,chb17b_69.edf,"[0, 1]","[0, 1]",True,0.39864575807111435,0.39864575809789254,2.6778190775900157e-11,,
infomax,chb17c_02.edf,"[2, 5]","[2, 5]",True,0.8360165868261606,0.8360165868261782,1.7541523789077473e-14,,
infomax,chb17c_03.edf,[0],[0],True,0.7352237399328728,0.7352237610468255,2.1113952697326965e-08,,
infomax,chb17c_04.edf,[7],[7],True,0.9415589283969981,0.9415589284880235,9.102540943217718e-11,,
infomax,chb17c_05.edf,"[0, 4]","[0, 4]",True,0.7578397246496984,0.7578397247905161,1.4081769084128837e-10,,
infomax,chb17c_06.edf,"[0, 4]","[0, 4]",True,0.7763930139156316,0.7763930140311845,1.1555290058140599e-10,,
infomax,chb17c_07.edf,"[3, 4]","[3, 4]",True,0.8304581401958411,0.8304581402055596,9.718559290661233e-12,,
infomax,chb17c_08.edf,"[0, 2]",[0],False,0.5237837100880096,0.6676861339453082,0.14390242385729857,,
infomax,chb17c_13.edf,"[0, 1]","[0, 1]",True,0.3063965100744666,0.3063965100652913,9.175327164712144e-12,,
infomax,chb18_01.edf,"[0, 1]","[0, 1]",True,0.3257051532213467,0.3257040957151246,1.057506222090776e-06,,
infomax,chb18_02.edf,"[0, 1]","[0, 1]",True,0.13503031326213605,0.13503041478775935,1.0152562329723835e-07,,
infomax,chb18_03.edf,"[0, 1]","[0, 1]",True,0.08974177798396625,0.08974177798400826,4.200806369425436e-14,,
infomax,chb18_04.edf,"[0, 1]","[0, 1]",True,0.10681805719684696,0.1068180571968529,5.9396931817445875e-15,,
infomax,chb18_05.edf,"[0, 2]","[0, 2]",True,0.18976802584924152,0.18976802584919533,4.618527782440651e-14,,
infomax,chb18_06.edf,"[0, 1]","[0, 1]",True,0.0925875759227814,0.09258757592275015,3.1252778143198157e-14,,
infomax,chb18_07.edf,"[0, 1]","[0, 1]",True,0.13442049021714256,0.13442049021684208,3.004818616147986e-13,,
infomax,chb18_08.edf,"[0, 1]","[0, 1]",True,0.3115158554709873,0.3115158554709362,5.112577028398846e-14,,
infomax,chb18_09.edf,[],[],True,1.0,1.0,0.0,,
infomax,chb18_10.edf,[0],[0],True,0.7980165733553217,0.7980165733552382,8.348877145181177e-14,,
infomax,chb18_11.edf,[],[],True,1.0,1.0,0.0,,
infomax,chb18_12.edf,[0],[0],True,0.7301596721923208,0.7301596721914269,8.93951579428176e-13,,
infomax,chb18_13.edf,[],[],True,1.0,1.0,0.0,,
infomax,chb18_14.edf,[0],[0],True,0.7494125748191797,0.7494123982976036,1.7652157602299212e-07,,
infomax,chb18_15.edf,"[0, 1]","[0, 1]",True,0.19687705592666632,0.19687705592604887,6.174505351452808e-13,,
infomax,chb18_16.edf,"[0, 1]","[0, 1]",True,0.13075236161751408,0.13075236161750575,8.326672684688674e-15,,
infomax,chb18_17.edf,"[0, 1]","[0, 1]",True,0.15934377946370118,0.1593437794637266,2.5424107263916085e-14,,
infomax,chb18_18.edf,"[0, 1]","[0, 1]",True,0.13697635869139077,0.13697635868918775,2.203015547763698e-12,,
infomax,chb18_19.edf,"[0, 1]","[0, 1]",True,0.15045071302461482,0.1504507130246153,4.718447854656915e-16,,
infomax,chb18_20.edf,"[0, 1]","[0, 1]",True,0.16573864230591734,0.16573879317293766,1.508670203209661e-07,,
infomax,chb18_21.edf,"[0, 1]","[0, 1]",True,0.31514651072576383,0.3151465282751654,1.7549401598593306e-08,,
infomax,chb18_22.edf,"[0, 1, 2]","[0, 1, 2]",True,0.11947052002936506,0.11947052002936155,3.5110803153770576e-15,,
infomax,chb18_23.edf,"[0, 1]","[0, 1]",True,0.2388969356400171,0.2388969356400203,3.191891195797325e-15,,
infomax,chb18_24.edf,[1],[1],True,0.8453712823887705,0.8453712823887901,1.965094753586527e-14,,
infomax,chb18_25.edf,[],[],True,1.0,1.0,0.0,,
infomax,chb18_26.edf,[],[],True,1.0,1.0,0.0,,
infomax,chb18_27.edf,[1],[1],True,0.8075749445420066,0.8075749448809757,3.389690750310592e-10,,
infomax,chb18_28.edf,[1],[1],True,0.8434530516210214,0.8434530516439483,2.2926993636929183e-11,,
infomax,chb18_29.edf,[0],[0],True,0.6869130244335626,0.6869130244335296,3.297362383136715e-14,,
infomax,chb18_30.edf,[0],[0],True,0.8211889892990778,0.8211889892991211,4.3298697960381105e-14,,
infomax,chb18_31.edf,"[0, 1]","[0, 1]",True,0.2250313324759307,0.22503133247473653,1.194183640862434e-12,,
infomax,chb18_32.edf,[0],[0],True,0.8075711953103318,0.8075711951720941,1.3823775457666443e-10,,
infomax,chb18_33.edf,[0],[0],True,0.7965748705420531,0.7965748705331995,8.853584532175773e-12,,
infomax,chb18_34.edf,"[0, 1]","[0, 1]",True,0.11089008930449602,0.11089008930445801,3.80112608056038e-14,,
infomax,chb18_35.edf,"[0, 6]","[0, 6]",True,0.7751625750128723,0.7751625749815123,3.1360025687376947e-11,,
infomax,chb18_36.edf,[0],[0],True,0.7115410410078842,0.7115410410078854,1.2212453270876722e-15,,
infomax,chb19_01.edf,"[0, 1]","[0, 1]",True,0.12118536580954933,0.12118536580954613,3.2057689836051395e-15,,
infomax,chb19_02.edf,"[0, 1]","[0, 1]",True,0.18636171788173247,0.18636171788177006,3.758104938356155e-14,,
infomax,chb19_03.edf,"[0, 2]","[0, 2]",True,0.30075241571354033,0.3007524152119519,5.015884374515167e-10,,
infomax,chb19_04.edf,"[0, 1]","[0, 1]",True,0.14884729347604592,0.14884729347618086,1.3494760864318778e-13,,
infomax,chb19_05.edf,"[0, 3]","[0, 3]",True,0.28759184332398513,0.2875918433238823,1.028066520802895e-13,,
infomax,chb19_06.edf,"[0, 6, 7]","[0, 6, 7]",True,0.22644757010695826,0.22644757010695196,6.300515664747763e-15,,
infomax,chb19_08.edf,[0],[0],True,0.74030926066371,0.7403092606637472,3.730349362740526e-14,,
infomax,chb19_09.edf,"[0, 2]","[0, 2]",True,0.719218720603805,0.7192187206039287,1.2367884494324244e-13,,
infomax,chb19_10.edf,[0],[0],True,0.7928843887679908,0.7928843887700572,2.0663470934323414e-12,,
infomax,chb19_11.edf,"[0, 2]","[0, 2]",True,0.7075572309033121,0.7075572308972335,6.0785820821251946e-12,,
infomax,chb19_12.edf,[4],[4],True,0.9035225715622276,0.9035225715583143,3.913314117198752e-12,,
infomax,chb19_13.edf,[4],[4],True,0.9231632467490773,0.923163246750267,1.1896039708858552e-12,,
infomax,chb19_14.edf,[3],[3],True,0.904711760384575,0.9047117603845898,1.4765966227514582e-14,,
infomax,chb19_15.edf,"[0, 2]","[0, 2]",True,0.38285318296462006,0.3828531829646135,6.5503158452884236e-15,,
infomax,chb19_16.edf,"[0, 1]","[0, 1]",True,0.14913383851863743,0.1491338385186352,2.220446049250313e-15,,
infomax,chb19_17.edf,"[0, 1]","[0, 1]",True,0.2655969466839299,0.2655969466827688,1.16112675030422e-12,,
infomax,chb19_18.edf,"[0, 1, 2]","[0, 1, 2]",True,0.30305757294052255,0.3030575729404292,9.336975637097567e-14,,
infomax,chb19_19.edf,"[0, 1, 2]","[0, 1, 2]",True,0.2004024736029611,0.2004024720661166,1.536844485006128e-09,,
infomax,chb19_20.edf,"[0, 1]","[0, 1]",True,0.2618186712023792,0.26181867120227253,1.0669243266647754e-13,,
infomax,chb19_21.edf,"[0, 1]","[0, 1]",True,0.2171688914877987,0.2171688914877933,5.384581669432009e-15,,
infomax,chb19_22.edf,"[0, 2, 6]","[0, 2, 6]",True,0.3697447934117458,0.36974479341132854,4.172773238053651e-13,,
infomax,chb19_23.edf,"[0, 13]","[0, 13]",True,0.8523952993082672,0.8523952993083198,5.262457136723242e-14,,
infomax,chb19_24.edf,[1],[1],True,0.8441386340877254,0.8441386340876939,3.1530333899354446e-14,,
infomax,chb19_25.edf,[0],[0],True,0.8023028938539715,0.8023028938539452,2.631228568361621e-14,,
infomax,chb19_26.edf,"[0, 6, 7, 11]","[0, 6, 7, 11]",True,0.6047126479990154,0.6047126479989081,1.0724754417879012e-13,,
infomax,chb19_27.edf,[1],[1],True,0.8464649860959448,0.8464649858427239,2.532208887018328e-10,,
infomax,chb19_28.edf,[0],[0],True,0.7564646237070659,0.7564646237004949,6.5709659935464515e-12,,
infomax,chb19_29.edf,[2],[5],False,0.9104085684249739,0.9252407638545682,0.014832195429594353,,
infomax,chb19_30.edf,"[0, 5]",[0],False,0.6740469511755638,0.7195451563285666,0.045498205153002846,,
infomax,chb20_01.edf,[0],[0],True,0.757166418201739,0.7571664182017772,3.8191672047105385e-14,,
infomax,chb20_02.edf,[0],[0],True,0.8199571705043269,0.8199571705044172,9.026113190202523e-14,,
infomax,chb20_03.edf,[2],[2],True,0.8933221798831704,0.8933221798831424,2.7977620220553945e-14,,
infomax,chb20_04.edf,"[0, 4]","[0, 4]",True,0.7351862244864371,0.7351862244865238,8.670841822322473e-14,,
infomax,chb20_05.edf,[0],[0],True,0.809901239861951,0.8099012398619161,3.4861002973229915e-14,,
infomax,chb20_06.edf,[0],[0],True,0.8378405286919286,0.8378405286921405,2.1194157540094238e-13,,
infomax,chb20_07.edf,[3],[3],True,0.8814785243004736,0.8814785243003371,1.3644640972643174e-13,,
infomax,chb20_08.edf,"[0, 12]","[0, 12]",True,0.8107872800270866,0.8107872800266299,4.566347300283269e-13,,
infomax,chb20_11.edf,"[7, 9, 12]","[7, 9, 12]",True,0.8467122339357971,0.8467122339360451,2.4802382370125997e-13,,
infomax,chb20_12.edf,"[3, 13]","[3, 13]",True,0.8961976845838351,0.8961976845836027,2.3236967905404526e-13,,
infomax,chb20_13.edf,[6],[6],True,0.9444042522094684,0.9444042522036332,5.83522119512736e-12,,
infomax,chb20_14.edf,[6],[6],True,0.9462072780883919,0.9462072780881722,2.1971313657331848e-13,,
infomax,chb20_15.edf,"[4, 12]","[4, 12]",True,0.9197769735987854,0.9197769735988903,1.0491607582707729e-13,,
infomax,chb20_16.edf,[3],[3],True,0.910815950345636,0.9108159503456058,3.019806626980426e-14,,
infomax,chb20_17.edf,[0],[0],True,0.7663418077553231,0.766341807755214,1.0913492332065289e-13,,
infomax,chb20_21.edf,"[2, 14]","[2, 14]",True,0.8717339598269623,0.8717339598269913,2.8976820942716586e-14,,
infomax,chb20_22.edf,[0],[0],True,0.7831004201765029,0.7831004201770838,5.808686864838819e-13,,
infomax,chb20_23.edf,"[0, 3]","[0, 3]",True,0.7347896114337849,0.7347896114337813,3.552713678800501e-15,,
infomax,chb20_25.edf,[],[],True,1.0,1.0,0.0,,
infomax,chb20_26.edf,[2],[2],True,0.9118902483384544,0.9118912093224812,9.609840267987835e-07,,
infomax,chb20_27.edf,[0],[0],True,0.7937192464859342,0.7937192464859357,1.5543122344752192e-15,,
infomax,chb20_28.edf,[0],[0],True,0.8051436331186254,0.8051436331186277,2.3314683517128287e-15,,
infomax,chb20_29.edf,[1],[1],True,0.8565700279200514,0.8565700279200481,3.3306690738754696e-15,,
infomax,chb20_30.edf,"[0, 12]","[0, 12]",True,0.8129715549631246,0.812971554962966,1.5853984791647235e-13,,
infomax,chb20_31.edf,[0],[0],True,0.8286272679468037,0.8286272679467761,2.7644553313166398e-14,,
infomax,chb20_34.edf,"[1, 7]","[1, 7]",True,0.8201815873064798,0.8201815873065015,2.1649348980190553e-14,,
infomax,chb20_59.edf,[],[],True,1.0,1.0,0.0,,
infomax,chb20_60.edf,"[2, 6, 13]","[2, 6, 13]",True,0.8189083344492106,0.8189083344492648,5.417888360170764e-14,,
infomax,chb20_68.edf,"[1, 4, 10]","[1, 4, 10]",True,0.7524333072998508,0.7524333072999273,7.649436639667329e-14,,
infomax,chb21_01.edf,[0],[0],True,0.5463050703560093,0.5463050703560544,4.5075054799781356e-14,,
infomax,chb21_02.edf,[0],[0],True,0.46665718917260357,0.46665718917262466,2.1094237467877974e-14,,
infomax,chb21_03.edf,"[0, 1]","[0, 1]",True,0.28200975082847674,0.2820097508281025,3.7425618160114027e-13,,
infomax,chb21_04.edf,"[0, 1]","[0, 1]",True,0.272179945332471,0.27217994533222156,2.494116024820414e-13,,
infomax,chb21_05.edf,"[0, 1]","[0, 1]",True,0.3008335233356538,0.30083352333566243,8.659739592076221e-15,,
infomax,chb21_06.edf,"[0, 1]","[0, 1]",True,0.33270673491805114,0.33270673491803443,1.6708856520608606e-14,,
infomax,chb21_07.edf,"[0, 1, 3]","[0, 1, 3]",True,0.31764644357603694,0.3176464435743521,1.6848189510199063e-12,,
infomax,chb21_08.edf,[0],[0],True,0.5144007601635489,0.5144007601634198,1.290079154614432e-13,,
infomax,chb21_09.edf,[0],[0],True,0.8630120603136184,0.8630120603139543,3.3584246494910985e-13,,
infomax,chb21_10.edf,[0],[0],True,0.832745323204286,0.8327453232042593,2.6645352591003757e-14,,
infomax,chb21_11.edf,[],[],True,1.0,1.0,0.0,,
infomax,chb21_12.edf,[],[],True,1.0,1.0,0.0,,
infomax,chb21_13.edf,[0],[0],True,0.8295210702452878,0.8295210702452517,3.608224830031759e-14,,
infomax,chb21_14.edf,[0],[0],True,0.5554528409069817,0.5554528423120255,1.4050438590373915e-09,,
infomax,chb21_15.edf,"[0, 1]","[0, 1]",True,0.3307436213809435,0.33074362138108365,1.4016565685892601e-13,,
infomax,chb21_16.edf,"[0, 1]","[0, 1]",True,0.2535385412794104,0.25353854127938913,2.1260770921571748e-14,,
infomax,chb21_17.edf,"[0, 1]","[0, 1]",True,0.3180186865284316,0.3180186865250138,3.4178215813085444e-12,,
infomax,chb21_18.edf,"[0, 1]","[0, 1]",True,0.3920146047961513,0.3920146047964025,2.5118795932144167e-13,,
infomax,chb21_19.edf,"[0, 1]","[0, 1]",True,0.2790869377581887,0.27908693775817567,1.304512053934559e-14,,
infomax,chb21_20.edf,[0],[0],True,0.3670762271806498,0.36707622721644506,3.5795255648451985e-11,,
infomax,chb21_21.edf,"[0, 1]","[0, 1]",True,0.3164280764216708,0.3164280764216081,6.272760089132134e-14,,
infomax,chb21_22.edf,"[0, 1]","[0, 1]",True,0.3150403998268313,0.3150403998268727,4.141131881851834e-14,,
infomax,chb21_23.edf,[0],[0],True,0.46353527691846746,0.46353527691846946,1.9984014443252818e-15,,
infomax,chb21_24.edf,"[0, 2]","[0, 2]",True,0.370902268959304,0.3709022689594536,1.4960255256823984e-13,,
infomax,chb21_25.edf,"[0, 1, 4]","[0, 1, 4]",True,0.3533526343070074,0.3533526341798099,1.2719753028633818e-10,,
infomax,chb21_26.edf,[],[],True,1.0,1.0,0.0,,
infomax,chb21_27.edf,[0],[0],True,0.8579452174972204,0.85794521749718,4.04121180963557e-14,,
infomax,chb21_28.edf,[0],[0],True,0.8164909308767818,0.8164908759970931,5.4879688682341055e-08,,
infomax,chb21_29.edf,"[0, 1, 2]","[0, 1, 2]",True,0.31195571202362277,0.31195571202367106,4.829470157119431e-14,,
infomax,chb21_30.edf,"[0, 1]","[0, 1]",True,0.40796893164504966,0.40796893164513487,8.520961713998076e-14,,
infomax,chb21_31.edf,"[0, 1, 9]","[0, 1, 9]",True,0.45350682342644555,0.4535068234264575,1.1934897514720433e-14,,
infomax,chb21_32.edf,[0],[0],True,0.8121495848917561,0.8121495848894319,2.3242519020527652e-12,,
infomax,chb22_01.edf,"[0, 1]","[0, 1]",True,0.3494429897076581,0.34944298970765814,5.551115123125783e-17,,
infomax,chb22_02.edf,[0],[0],True,0.8276979426565261,0.8276979426564893,3.674838211509268e-14,,
infomax,chb22_03.edf,"[0, 1, 15]","[0, 1, 15]",True,0.743761291138451,0.7437612911376101,8.408829188510936e-13,,
infomax,chb22_04.edf,"[0, 1, 5]","[0, 1, 5]",True,0.6997481879977071,0.6997481879977064,6.661338147750939e-16,,
infomax,chb22_05.edf,[3],[3],True,0.8995849585534811,0.8995849585551876,1.7065238111513281e-12,,
infomax,chb22_07.edf,"[0, 5]","[0, 5]",True,0.6739689758161591,0.6739689758161407,1.84297022087776e-14,,
infomax,chb22_08.edf,"[0, 1, 2]","[0, 1, 2]",True,0.21065187436457208,0.21065187436466046,8.837375276016246e-14,,
infomax,chb22_09.edf,"[0, 1]","[0, 1]",True,0.23917290889603032,0.2391729088960516,2.1288526497187377e-14,,
infomax,chb22_10.edf,"[0, 1]","[0, 1]",True,0.29722699712038003,0.29722699712012973,2.5029978090174154e-13,,
infomax,chb22_11.edf,"[0, 1, 9]","[0, 1, 9]",True,0.2727499330432206,0.27274993304324213,2.1538326677728037e-14,,
infomax,chb22_15.edf,"[0, 1, 8]","[0, 1, 8]",True,0.2966529291073419,0.296652929107358,1.609823385706477e-14,,
infomax,chb22_16.edf,"[0, 1, 6]","[0, 1, 6]",True,0.3077229531902795,0.3077229531902806,1.1102230246251565e-15,,
infomax,chb22_18.edf,"[0, 2]","[0, 2]",True,0.32313085010498804,0.32313085010501275,2.4702462297909733e-14,,
infomax,chb22_19.edf,"[0, 1, 2]","[0, 1, 2]",True,0.24927571823003747,0.24927571823000588,3.1585845050585704e-14,,
infomax,chb22_20.edf,"[0, 1, 4]","[0, 1, 4]",True,0.29620143718386366,0.2962014371849196,1.0559331187209864e-12,,
infomax,chb22_21.edf,[0],[0],True,0.5858242988181604,0.5858242988181576,2.886579864025407e-15,,
infomax,chb22_22.edf,[],[],True,1.0,1.0,0.0,,
infomax,chb22_23.edf,"[0, 1, 4]","[0, 1, 4]",True,0.24993683024273142,0.24993683024273153,1.1102230246251565e-16,,
infomax,chb22_24.edf,"[0, 2]","[0, 2]",True,0.4276922162246804,0.42769221622469117,1.0769163338864018e-14,,
infomax,chb22_25.edf,"[0, 3]","[0, 3]",True,0.49862932941344246,0.49862932941340826,3.419486915845482e-14,,
infomax,chb22_26.edf,"[1, 5, 14, 15]","[1, 5, 14, 15]",True,0.7874759169616922,0.7874759169617649,7.271960811294775e-14,,
infomax,chb22_27.edf,"[3, 4, 5]","[3, 4, 5]",True,0.7335463860156396,0.7335463860157224,8.282263763703668e-14,,
infomax,chb22_28.edf,[],[],True,1.0,1.0,0.0,,
infomax,chb22_29.edf,"[1, 5]","[1, 5]",True,0.8080799412829355,0.8080799412829409,5.440092820663267e-15,,
infomax,chb22_30.edf,[2],[2],True,0.8869552561623034,0.8869552561610907,1.2126966097980585e-12,,
infomax,chb22_38.edf,"[0, 2]","[0, 2]",True,0.4137578176251799,0.4137578176251928,1.2934098236883074e-14,,
infomax,chb22_51.edf,"[0, 1, 7]","[0, 1, 7]",True,0.4759849196840451,0.4759849196840611,1.5987211554602254e-14,,
infomax,chb22_54.edf,[10],[10],True,0.9534307303525849,0.9534307303524995,8.537615059367454e-14,,
infomax,chb22_77.edf,[3],[3],True,0.9210519469980959,0.9210519469982209,1.2501111257279263e-13,,
infomax,chb23_06.edf,"[0, 2, 6]","[0, 2, 6]",True,0.5360088454703571,0.5360088454473222,2.3034907314922748e-11,,
infomax,chb23_07.edf,"[0, 1, 2]","[0, 1, 2]",True,0.31638146562425773,0.3163814656242049,5.284661597215745e-14,,
infomax,chb23_08.edf,"[0, 1, 2]","[0, 1, 2]",True,0.36347424620688423,0.36347424620689067,6.439293542825908e-15,,
infomax,chb23_09.edf,"[0, 1, 2]","[0, 1, 2]",True,0.34922984141577046,0.34922984141577573,5.2735593669694936e-15,,
infomax,chb23_10.edf,[0],[0],True,0.7641607755568364,0.76416077555665,1.8640644583456378e-13,,
infomax,chb23_16.edf,[0],[0],True,0.7025097119050812,0.7025097119050112,6.994405055138486e-14,,
infomax,chb23_17.edf,[0],[0],True,0.5307046422373518,0.5307046422373517,1.1102230246251565e-16,,
infomax,chb23_19.edf,"[1, 10]","[1, 10]",True,0.8576106418290271,0.8576106418081517,2.0875412509724356e-11,,
infomax,chb23_20.edf,[0],[0],True,0.5749498112642393,0.5749498112642414,2.1094237467877974e-15,,
infomax,chb24_01.edf,[0],[0],True,0.5622860183075962,0.5622860183185168,1.092059775942289e-11,,
infomax,chb24_02.edf,"[1, 2, 3, 5, 9]","[1, 2, 3, 5, 9]",True,0.574516203888751,0.5745162038887652,1.4210854715202004e-14,,
infomax,chb24_03.edf,"[1, 4, 5, 7]","[1, 4, 5, 7]",True,0.6393762198752637,0.6393762198765854,1.3217205108162489e-12,,
infomax,chb24_04.edf,[1],[1],True,0.8151414885679562,0.8151414885679735,1.7319479184152442e-14,,
infomax,chb24_05.edf,[0],[0],True,0.8289398051835772,0.828939805185274,1.6967538485346267e-12,,
infomax,chb24_06.edf,"[0, 7]","[0, 7]",True,0.5079103915347729,0.5080110884056235,0.00010069687085056955,,
infomax,chb24_07.edf,"[2, 13]","[2, 13]",True,0.85430072533356,0.8543007253336783,1.1823875212257917e-13,,
infomax,chb24_08.edf,[1],[1],True,0.8898808957993418,0.889880895793647,5.694777982512278e-12,,
infomax,chb24_09.edf,"[1, 8]","[1, 8]",True,0.8200062352352714,0.8267938247841848,0.006787589548913453,,
infomax,chb24_10.edf,"[1, 11]","[1, 11]",True,0.865452034040043,0.8654520340399986,4.440892098500626e-14,,
infomax,chb24_11.edf,[3],[3],True,0.9365362150228983,0.9365362131752752,1.8476230545516614e-09,,
infomax,chb24_12.edf,"[0, 2]","[0, 2]",True,0.7572295925081239,0.7572296913358038,9.882767981750362e-08,,
infomax,chb24_13.edf,"[1, 5]","[1, 5]",True,0.8115667205749142,0.8115666207236605,9.985125370981507e-08,,
infomax,chb24_14.edf,"[5, 7]","[1, 3, 6]",False,0.897869244153841,0.752940222197583,0.1449290219562579,,
infomax,chb24_15.edf,"[4, 8]","[4, 8]",True,0.8834554624540866,0.8834866487016474,3.1186247560821556e-05,,
infomax,chb24_16.edf,"[0, 2]","[0, 2]",True,0.45271634779839554,0.45271634780623576,7.840228466449162e-12,,
infomax,chb24_17.edf,"[0, 5]","[0, 5]",True,0.49233674922048,0.4923367488217914,3.9868858214830993e-10,,
infomax,chb24_18.edf,"[0, 8]","[0, 8]",True,0.6352864807172329,0.6352864781950246,2.522208331079412e-09,,
infomax,chb24_19.edf,"[0, 4, 7]","[0, 4, 7]",True,0.5885895074002027,0.5885895074001976,5.10702591327572e-15,,
infomax,chb24_20.edf,"[0, 3, 9]","[0, 3, 9]",True,0.4853743309605673,0.48537433096013133,4.3598458177029897e-13,,
infomax,chb24_21.edf,"[1, 3]","[1, 3]",True,0.9351631916650864,0.9351631921463593,4.812729104131108e-10,,
infomax,chb24_22.edf,"[1, 12, 15]","[1, 12, 15]",True,0.9380656997345448,0.9380656997347472,2.0239365738916604e-13,,
gedai,chb01_01.edf,,,True,0.4250638662300834,0.4579899648829946,0.032926098652911184,1.9107998112725952e-14,2.85959009728888e-14
gedai,chb01_02.edf,,,True,0.9993919738347585,0.9993919738346008,1.5776269179923474e-13,2.1538642612844133e-13,2.8515424193489435e-13
gedai,chb01_03.edf,,,True,0.9993845514487888,0.9993845514488319,4.3076653355456074e-14,8.550400244116643e-12,8.550400244116643e-12
gedai,chb01_04.edf,,,True,0.9994143361633221,0.9994143361633113,1.0769163338864018e-14,7.164586165248659e-13,4.168676626884374e-12
gedai,chb01_05.edf,,,True,0.9993779541557423,0.99937795415574,2.220446049250313e-15,1.1720555080583378e-11,1.1720555080583378e-11
gedai,chb01_06.edf,,,True,0.9994666539417714,0.999466653941786,1.4654943925052066e-14,1.0244895173956529e-11,1.02646697585351e-11
gedai,chb01_07.edf,,,True,0.999414512017519,0.9994145120175122,6.772360450213455e-15,1.0407737118480314e-11,1.0407737118480314e-11
gedai,chb01_08.edf,,,True,0.9993716957762433,0.9993716957762409,2.4424906541753444e-15,7.01197926502485e-13,1.4090181085611214e-11
gedai,chb01_09.edf,,,True,0.3466268624334881,0.9993692206104219,0.6527423581769338,1.3574588323698729e-14,1.2789700763453952e-11
gedai,chb01_10.edf,,,True,0.9993641440974876,0.999364144097481,6.661338147750939e-15,8.7308257081821e-12,1.5448684900169836e-12
gedai,chb01_11.edf,,,True,0.9995707135590968,0.9995707135590847,1.2101430968414206e-14,4.0271379187577133e-13,3.920157817006586e-12
gedai,chb01_12.edf,,,True,0.9994144371224368,0.9994144371224372,3.3306690738754696e-16,9.80517452446565e-12,9.9812050370396e-12
gedai,chb01_13.edf,,,True,0.9994585214892194,0.999458521489225,5.551115123125783e-15,5.9246538394517e-12,5.946453968597893e-12
gedai,chb01_14.edf,,,True,0.9993878362838097,0.9993878362838099,2.220446049250313e-16,8.322579441520681e-12,8.322579441520681e-12
gedai,chb01_15.edf,,,True,0.9993077413325003,0.9993077413324789,2.142730437526552e-14,1.2768489389955622e-11,1.276848938995526e-11
gedai,chb01_16.edf,,,True,0.9992849729833143,0.9992849729832889,2.5424107263916085e-14,1.1817579910326658e-11,1.1817579910326658e-11
gedai,chb01_17.edf,,,True,0.9992162226316021,0.9992162226316125,1.0325074129013956e-14,1.3132524451634027e-11,1.3132524451634027e-11
gedai,chb01_18.edf,,,True,0.9993712556152677,0.9993712556152546,1.3100631690576847e-14,8.199414119354046e-13,5.478739417705306e-13
gedai,chb01_19.edf,,,True,0.9993864913946382,0.9993864913946421,3.885780586188048e-15,7.042986637337616e-13,7.042986637337616e-13
gedai,chb01_20.edf,,,True,0.9990888503128259,0.9990888503128262,3.3306690738754696e-16,3.694402497696211e-12,3.693708382024033e-12
gedai,chb01_21.edf,,,True,0.9994138342804427,0.999413834280429,1.3766765505351941e-14,1.118229374715799e-12,1.113545741308483e-12
gedai,chb01_22.edf,,,True,0.9993700399800252,0.999370039980039,1.3877787807814457e-14,1.3981442532207748e-11,1.3981442532207748e-11
gedai,chb01_23.edf,,,True,0.9993659109788912,0.9993659109788916,4.440892098500626e-16,2.167993465495711e-11,2.1538703145624415e-11
gedai,chb01_24.edf,,,True,0.9994880999895419,0.9994880999895428,8.881784197001252e-16,8.202209349151389e-12,8.19849725942909e-12
gedai,chb01_25.edf,,,True,0.5700737536204473,0.9993461984894029,0.42927244486895555,1.3862431664482104e-13,4.687057375250165e-11
gedai,chb01_26.edf,,,True,0.9993658647507125,0.9993658647506274,8.515410598874951e-14,1.1203448188190313e-11,1.8012815833132482e-12
gedai,chb01_29.edf,,,True,0.9983450061384993,0.9983450061384803,1.8984813721090177e-14,3.5906749055981677e-11,3.5906749055981677e-11
gedai,chb01_30.edf,,,True,0.41355339348372894,0.35497404150610534,0.058579351977623595,3.207850236619083e-14,1.659434232084068e-14
gedai,chb01_31.edf,,,True,0.36201239533085716,0.3627591054792345,0.0007467101483773497,3.6253635550245355e-14,3.6449080017514587e-14
gedai,chb01_32.edf,,,True,0.9994118507779864,0.9994118507779827,3.774758283725532e-15,3.954964530485785e-11,3.954964530485785e-11
gedai,chb01_33.edf,,,True,0.9993658422614716,0.9993658422614623,9.325873406851315e-15,1.1254671897762986e-11,1.1254671897762986e-11
gedai,chb01_34.edf,,,True,0.9989968932538917,0.9989968932539258,3.4083846855992306e-14,4.407338251758618e-11,4.407338251758618e-11
gedai,chb01_36.edf,,,True,0.9992889187154784,0.9992889187154899,1.1435297153639112e-14,1.0700985175468745e-11,1.0700985175468897e-11
gedai,chb01_37.edf,,,True,0.9991798253490247,0.9991798253490549,3.019806626980426e-14,5.8663607540372926e-12,5.85903980633746e-12
gedai,chb01_38.edf,,,True,0.9991661617682606,0.9991661617682611,5.551115123125783e-16,1.2323075664721572e-11,1.2323075664721572e-11
gedai,chb01_39.edf,,,True,0.999106380390879,0.9991063803909234,4.440892098500626e-14,2.0919753215590626e-12,2.089203767404655e-12
gedai,chb01_40.edf,,,True,0.9991839041852572,0.9991839041852557,1.4432899320127035e-15,1.1737074932486092e-12,1.8624465057251367e-13
gedai,chb01_41.edf,,,True,0.9990677473535864,0.9990677473535082,7.815970093361102e-14,6.44511966063329e-13,3.906795051586196e-12
gedai,chb01_42.edf,,,True,0.9991247166390613,0.9991247166390571,4.218847493575595e-15,7.094071202704118e-11,2.222554475558102e-11
gedai,chb01_43.edf,,,True,0.9982752042917332,0.9994141707417987,0.001138966450065504,2.1684097572471654e-13,4.33848513097987e-13
gedai,chb01_46.edf,,,True,0.3655380438662121,0.3632678904126156,0.0022701534535964907,1.94627921018913e-14,1.8995348996460232e-14
gedai,chb02_03.edf,,,True,0.32546312198397354,0.29977687666640684,0.02568624531756669,4.707011873421396e-14,3.629807887774882e-14
gedai,chb02_04.edf,,,True,0.31895418146593907,0.31882338977060126,0.00013079169533780632,1.5027930962049155e-14,1.501447916354234e-14
gedai,chb02_06.edf,,,True,0.37737565348933316,0.3760972130075036,0.001278440481829568,3.27220207016664e-14,3.24399569966085e-14
gedai,chb02_07.edf,,,True,0.3522922473562434,0.34825922084080185,0.004033026515441573,1.9569245406229305e-14,1.901003135649139e-14
gedai,chb02_08.edf,,,True,0.4456747243442626,0.9994023559876877,0.5537276316434251,7.839871763205485e-14,1.5824029754870425e-11
gedai,chb02_09.edf,,,True,0.9992196876240096,0.9992196876239026,1.0702549957386509e-13,8.625737362923085e-12,8.59792118531333e-12
gedai,chb02_10.edf,,,True,0.9991845073218126,0.999184507321688,1.2467804566540508e-13,6.231842501804398e-12,6.231842501804398e-12
gedai,chb02_11.edf,,,True,0.9991992310283854,0.9991992310283745,1.0880185641326534e-14,1.3275217753020845e-11,1.7117777877327844e-12
gedai,chb02_12.edf,,,True,0.9993695876191673,0.9993695876191582,9.103828801926284e-15,4.7543411629039505e-12,6.796515759669444e-13
gedai,chb02_13.edf,,,True,0.9991223124494515,0.9991223124494462,5.329070518200751e-15,6.073564063351084e-12,6.028868746784041e-12
gedai,chb02_14.edf,,,True,0.9993466011784261,0.99934660117843,3.885780586188048e-15,7.290136246097558e-12,7.275311662829464e-12
gedai,chb02_15.edf,,,True,0.9994434311738316,0.9994434311738345,2.886579864025407e-15,3.5820981883529225e-11,2.4319940670225977e-11
gedai,chb02_16+.edf,,,True,0.24188485804932472,0.218880616190319,0.02300424185900571,4.702806900157043e-14,3.790791013966113e-14
gedai,chb02_16.edf,,,True,0.9993608173045301,0.9993608173043985,1.3156142841808105e-13,1.1413475679222374e-11,1.1138743624976725e-10
gedai,chb02_17.edf,,,True,0.9991337665332498,0.9991337665332368,1.2989609388114332e-14,4.769954946495269e-11,1.5430542616428553e-10
gedai,chb02_18.edf,,,True,0.432163023505705,0.9990802280961715,0.5669172045904665,6.51159803053757e-14,1.6114479977331963e-11
gedai,chb02_19.edf,,,True,0.25153181433252547,0.27432426493121237,0.022792450598686897,3.643528784989504e-14,4.838888902800404e-14
gedai,chb02_21.edf,,,True,0.2231847567692547,0.20859767969367884,0.014587077075575855,2.3628186716659292e-14,1.982907562606632e-14
gedai,chb02_22.edf,,,True,0.9994608013483082,0.999460801348311,2.7755575615628914e-15,3.1950918420157395e-10,9.77997896934695e-11
gedai,chb02_23.edf,,,True,0.2665179726763809,0.2566069037052448,0.009911068971136083,2.872123262796374e-14,2.4988109385909485e-14
gedai,chb02_24.edf,,,True,0.24855139486190578,0.2501693711083802,0.0016179762464744452,2.1448186021862293e-14,2.195811137759796e-14
gedai,chb02_25.edf,,,True,0.41286532728629183,0.4181832750017401,0.005317947715448246,3.582108035321807e-14,3.666491150587241e-14
gedai,chb02_26.edf,,,True,0.2381715646125876,0.23817156461258804,4.440892098500626e-16,2.7031225520218347e-14,2.7031225520218347e-14
gedai,chb02_27.edf,,,True,0.9652974003864224,0.9991295847416071,0.03383218435518465,3.331309041035031e-13,2.357306417837813e-12
gedai,chb02_28.edf,,,True,0.9991355114399891,0.9991355114399282,6.09512440519211e-14,1.0370700760752691e-11,1.0370700760752691e-11
gedai,chb02_29.edf,,,True,0.9991558631739373,0.9991558631739496,1.2212453270876722e-14,3.2018795342279564e-12,3.2228865039447377e-12
gedai,chb02_30.edf,,,True,0.999190740567075,0.999190740567113,3.7969627442180354e-14,1.6873156976511967e-13,1.903034650296091e-13
gedai,chb02_32.edf,,,True,0.9990706854775144,0.9990706854776399,1.254552017826427e-13,1.869151151451504e-11,1.869151151451504e-11
gedai,chb02_33.edf,,,True,0.999258186452965,0.9992581864529544,1.0658141036401503e-14,3.314606118984494e-12,3.300881817215587e-12
gedai,chb02_34.edf,,,True,0.9991365912954722,0.9991365912954797,7.549516567451064e-15,6.445574479834411e-13,7.989336951081416e-13
gedai,chb02_35.edf,,,True,0.3491532298386567,0.5407937406552431,0.1916405108165864,6.208574532312257e-14,1.6918678305732413e-13
gedai,chb03_01.edf,,,True,0.2837853009249511,0.2843611797288379,0.0005758788038868201,4.210164818114035e-15,4.401791149507845e-15
gedai,chb03_02.edf,,,True,0.25903967638523323,0.27993752592273874,0.02089784953750551,7.0514215431879875e-15,1.5723233579191903e-14
gedai,chb03_03.edf,,,True,0.19713930010543387,0.19721787286979114,7.85727643572709e-05,2.5380879056214825e-15,2.5560930740666946e-15
gedai,chb03_04.edf,,,True,0.9993151978850129,0.9993151978850098,3.1086244689504383e-15,9.912604626219676e-13,5.134854358910492e-13
gedai,chb03_05.edf,,,True,0.567709305701179,0.5087525878053486,0.058956717895830346,3.3260259338426193e-14,1.933438369963964e-14
gedai,chb03_06.edf,,,True,0.9991442878340602,0.9991442878340739,1.3766765505351941e-14,3.1664060919612567e-12,3.1664060919612567e-12
gedai,chb03_07.edf,,,True,0.9992023422142955,0.9992023422142221,7.338574192772285e-14,1.1665814937058903e-12,3.558118290311358e-12
gedai,chb03_08.edf,,,True,0.9990978842605517,0.999097884260583,3.1308289294429414e-14,1.2146139068665534e-13,1.2276720294345538e-13
gedai,chb03_09.edf,,,True,0.9993290524212048,0.9993290524212182,1.3322676295501878e-14,5.658298328280968e-14,5.902250699632655e-13
gedai,chb03_10.edf,,,True,0.3969711531200994,0.4134995496273251,0.016528396507225707,1.4290694783792205e-14,1.7675839792506507e-14
gedai,chb03_11.edf,,,True,0.9991517266666666,0.9991517266666717,5.10702591327572e-15,4.704247870972392e-13,2.5621881486041054e-12
gedai,chb03_12.edf,,,True,0.9989909731891959,0.9988579006203967,0.00013307256879924179,1.558353519853734e-14,1.3585652624467077e-14
gedai,chb03_13.edf,,,True,0.9993912927992187,0.9993912927992166,2.1094237467877974e-15,5.606476377566448e-13,5.597423496534147e-13
gedai,chb03_14.edf,,,True,0.9994015892285151,0.9994015892284612,5.384581669432009e-14,1.5959288530742955e-13,3.9059421463024596e-13
gedai,chb03_15.edf,,,True,0.9993972726987923,0.9889262333083095,0.010471039390482773,9.722233204424564e-14,1.5630758517942333e-14
gedai,chb03_16.edf,,,True,0.34020398630876675,0.362729597622831,0.022525611314064276,1.0134910581480217e-14,1.4820513856237363e-14
gedai,chb03_17.edf,,,True,0.2871326418164242,0.2876306632198557,0.0004980214034315256,2.2320944470390306e-15,2.339983886779202e-15
gedai,chb03_18.edf,,,True,0.3871522311888054,0.3971749356055552,0.01002270441674985,9.118022305380984e-15,1.010808994911058e-14
gedai,chb03_19.edf,,,True,0.2924668085801848,0.29312615476481513,0.0006593461846303161,3.187501101585677e-15,3.341038833119439e-15
gedai,chb03_20.edf,,,True,0.25488583345429155,0.2550598404623026,0.00017400700801106783,2.5080222279085744e-15,2.555012707810254e-15
gedai,chb03_21.edf,,,True,0.26928967480563515,0.2703488140737991,0.0010591392681639777,3.227008757992979e-15,3.574413529931682e-15
gedai,chb03_22.edf,,,True,0.28564444243915693,0.281637111380875,0.004007331058281938,3.423124471997293e-15,2.4907575500602784e-15
gedai,chb03_23.edf,,,True,0.9995072661101472,0.9995072661101474,2.220446049250313e-16,6.289400647756668e-11,6.308601887748753e-11
gedai,chb03_24.edf,,,True,0.25209042226172124,0.252090422261682,3.9246383920499284e-14,2.8950420774332646e-15,2.8950420774332646e-15
gedai,chb03_25.edf,,,True,0.26743399487989794,0.26757055149618536,0.00013655661628741989,2.056245364391311e-15,2.0837608091265783e-15
gedai,chb03_26.edf,,,True,0.24985428824846914,0.2505981338253608,0.0007438455768916385,2.7465929567876166e-15,2.9218962127556914e-15
gedai,chb03_27.edf,,,True,0.23858601954631148,0.2385860195462758,3.5665914666083154e-14,3.5972665693624284e-15,3.5972665693624284e-15
gedai,chb03_28.edf,,,True,0.14055789852055142,0.14096416253691982,0.00040626401636839615,4.721760087216442e-15,4.915647223105743e-15
gedai,chb03_29.edf,,,True,0.2573858895409922,0.9992633817049881,0.7418774921639959,3.154848425943681e-15,4.612533959476525e-11
gedai,chb03_30.edf,,,True,0.9990022802157758,0.9990022802157804,4.6629367034256575e-15,4.969084241797128e-11,6.508511077446554e-11
gedai,chb03_31.edf,,,True,0.9990735881266548,0.9990735881266469,7.882583474838611e-15,1.0057463572705581e-11,3.1267961201842504e-11
gedai,chb03_32.edf,,,True,0.9990911004442816,0.999091100443562,7.196465645620265e-13,2.3470676404962283e-11,2.3474436241173105e-11
gedai,chb03_33.edf,,,True,0.2696470914811978,0.32833479300298113,0.05868770152178332,1.2903109182834612e-14,2.2941750020297453e-14
gedai,chb03_34.edf,,,True,0.9991857347869673,0.9991857347869703,2.9976021664879227e-15,4.4527300676373224e-11,4.4527300676373224e-11
gedai,chb03_35.edf,,,True,0.7526583768491493,0.9992046929610218,0.2465463161118725,1.344112817639403e-13,3.408791543471847e-11
gedai,chb03_36.edf,,,True,0.9991375493109129,0.9991375493109127,2.220446049250313e-16,6.133278310262233e-11,6.133278310262233e-11
gedai,chb03_37.edf,,,True,0.9991502758526472,0.999150275852646,1.1102230246251565e-15,3.4971403225142237e-12,8.377179781154312e-12
gedai,chb03_38.edf,,,True,0.41424248460573926,0.40298124415739967,0.011261240448339593,4.795433877405329e-14,4.315576579222738e-14
gedai,chb04_01.edf,,,True,0.25390437638140817,0.26985382677488984,0.015949450393481668,2.9978239748697996e-15,4.52862387972134e-15
gedai,chb04_02.edf,,,True,0.6438020197050849,0.5111055411079589,0.13269647859712597,2.973015674359976e-14,1.4497443102986023e-14
gedai,chb04_03.edf,,,True,0.5809665460181982,0.5789084920568225,0.0020580539613757054,1.474918992306265e-14,1.4417602894823674e-14
gedai,chb04_04.edf,,,True,0.3044642852106599,0.30414707097407145,0.0003172142365884256,7.512900090286731e-15,7.473468692997226e-15
gedai,chb04_05.edf,,,True,0.9999436165993366,0.9999436165993362,4.440892098500626e-16,1.4767686882675684e-10,1.4767686882675684e-10
gedai,chb04_06.edf,,,True,0.5790974721404214,0.9868233906803366,0.40772591853991524,5.268513087290495e-14,1.8139380919691128e-13
gedai,chb04_07.edf,,,True,0.9991622019621003,0.9991622019621043,3.9968028886505635e-15,3.764685356943414e-12,3.769985916922669e-12
gedai,chb04_08.edf,,,True,0.9992093598607186,0.9992093598606948,2.375877272697835e-14,7.767677389438131e-12,7.626771360057272e-12
gedai,chb04_09.edf,,,True,0.9991355971420844,0.9991355971420862,1.7763568394002505e-15,4.361756217199299e-12,5.996700504952685e-12
gedai,chb04_10.edf,,,True,0.999104348069478,0.9991043480694811,3.1086244689504383e-15,1.2835159556849537e-12,2.6621549549474686e-12
gedai,chb04_11.edf,,,True,0.9990482790951806,0.9990482790950953,8.526512829121202e-14,5.823475265711188e-12,5.886795088837652e-13
gedai,chb04_12.edf,,,True,0.2893342062619498,0.28738836748917823,0.0019458387727715465,1.803356949324446e-14,1.757154170406811e-14
gedai,chb04_13.edf,,,True,0.20433256716078438,0.225793281380839,0.021460714220054633,8.908522413988976e-15,1.4839527141758872e-14
gedai,chb04_14.edf,,,True,0.9913957426430443,0.9844639438044417,0.006931798838602621,1.7985748413852211e-12,1.6893400922067548e-12
gedai,chb04_15.edf,,,True,0.9992999049521758,0.9992999049521799,4.107825191113079e-15,8.217401553959341e-11,2.61186910748808e-11
gedai,chb04_16.edf,,,True,0.9994230821399475,0.9994230821399452,2.220446049250313e-15,7.547917497499203e-11,1.027156316577122e-11
gedai,chb04_17.edf,,,True,0.9994904683298743,0.9994904683298736,6.661338147750939e-16,1.0464921552200144e-10,1.0480507338715366e-10
gedai,chb04_18.edf,,,True,0.19602371627916962,0.1932752509067039,0.0027484653724657304,6.462932756428988e-15,5.9240101679442574e-15
gedai,chb04_21.edf,,,True,0.30519564022509477,0.3590454549471045,0.053849814722009726,4.184398249968483e-15,8.135664486687087e-15
gedai,chb04_22.edf,,,True,0.682119671308074,0.5548917959224161,0.12722787538565794,3.063228166669384e-14,1.8977226710631995e-14
gedai,chb04_24.edf,,,True,0.28966556887331724,0.3174962010607651,0.027830632187447857,5.2314261828616195e-15,8.852583709342657e-15
gedai,chb04_25.edf,,,True,0.9991024354364719,0.9991024354364751,3.219646771412954e-15,9.027340237023599e-12,9.149560617340532e-12
gedai,chb04_26.edf,,,True,0.9988966549317096,0.9988966549317044,5.218048215738236e-15,6.932520230005556e-13,1.6025625010660769e-12
gedai,chb04_27.edf,,,True,0.23830123447194834,0.24366739377689645,0.005366159304948104,7.269565802282957e-15,8.059151570355102e-15
gedai,chb04_28.edf,,,True,0.9992752593868703,0.9992752593868731,2.7755575615628914e-15,2.004286013669031e-12,1.4921268048134401e-12
gedai,chb04_29.edf,,,True,0.9989331407837443,0.9989331407837504,6.106226635438361e-15,5.88211166759949e-13,1.2523599831059894e-12
gedai,chb04_30.edf,,,True,0.35946255602803845,0.36128135593976934,0.001818799911730895,8.339021725596517e-15,8.549463005845056e-15
gedai,chb04_31.edf,,,True,0.9994324586102729,0.9994324586102726,2.220446049250313e-16,3.860124409997007e-11,1.2450019799985127e-10
gedai,chb04_32.edf,,,True,0.9995361288392739,0.9995361288392743,4.440892098500626e-16,1.0755295343516749e-10,1.0743666404851428e-10
gedai,chb04_33.edf,,,True,0.9994578197516605,0.99945781975166,4.440892098500626e-16,2.8997210450436553e-10,2.8997210450436553e-10
gedai,chb04_34.edf,,,True,0.9994152837907332,0.999415283790733,2.220446049250313e-16,2.982632249082946e-10,2.982632249082946e-10
gedai,chb04_35.edf,,,True,0.08073373352537329,0.0902107474599883,0.009477013934615017,1.4441561455719315e-14,2.0081461298079774e-14
gedai,chb04_36.edf,,,True,0.9994490353934189,0.999449035393419,1.1102230246251565e-16,9.695390638795724e-11,9.695390638795724e-11
gedai,chb04_37.edf,,,True,0.9995357595254045,0.999535759525406,1.4432899320127035e-15,2.659050832965399e-11,2.659050832965399e-11
gedai,chb04_38.edf,,,True,0.9993573990868391,0.9993573990868346,4.440892098500626e-15,2.6720929835588266e-11,2.6796838894971797e-11
gedai,chb04_39.edf,,,True,0.49926807263492684,0.45460457093325163,0.04466350170167521,2.091560960829435e-14,1.5694978353090276e-14
gedai,chb04_40.edf,,,True,0.3708339301184726,0.38160656498505025,0.010772634866577646,6.9420870154830784e-15,7.592311139250283e-15
gedai,chb04_41.edf,,,True,0.9990243941901504,0.9990243941901502,2.220446049250313e-16,3.07706409585712e-12,3.1252208330018936e-12
gedai,chb04_42.edf,,,True,0.9989156589252476,0.9989156589252532,5.662137425588298e-15,8.656479435278543e-12,9.051607126260478e-12
gedai,chb04_43.edf,,,True,0.3022682804900096,0.29826086633250154,0.004007414157508049,1.0040523240871153e-14,9.474948471708992e-15
gedai,chb05_01.edf,,,True,0.999527182595195,0.9995271825952075,1.2434497875801753e-14,1.819649238500834e-11,1.819649238500834e-11
gedai,chb05_02.edf,,,True,0.9432414946247027,0.9494978568539622,0.0062563622292594046,3.216599338184904e-13,3.282079784302104e-13
gedai,chb05_03.edf,,,True,0.999576253709326,0.9995762537093206,5.440092820663267e-15,2.0866295557460875e-11,2.0866295557460875e-11
gedai,chb05_04.edf,,,True,0.8819903736061587,0.9995558611595273,0.1175654875533686,2.6321621075533386e-13,1.0810300634248543e-12
gedai,chb05_05.edf,,,True,0.8220679727902701,0.7641302967725236,0.057937676017746464,2.5153103332226387e-13,2.334842142466551e-13
gedai,chb05_06.edf,,,True,0.999527535364073,0.9995275353640274,4.5630166312093934e-14,2.4490039724496428e-11,3.776006837147479e-12
gedai,chb05_07.edf,,,True,0.9993344619933495,0.9993344619933415,7.993605777301127e-15,1.1361624106220853e-11,1.136124802124881e-11
gedai,chb05_08.edf,,,True,0.9993515857665278,0.9993515857664966,3.11972669919669e-14,1.0371330540471814e-11,1.0395192508208567e-11
gedai,chb05_09.edf,,,True,0.9993196796805448,0.9993196796805074,3.7414515929867775e-14,1.058531216685479e-11,1.058531216685479e-11
gedai,chb05_10.edf,,,True,0.9993386235948939,0.9993386235949653,7.138734048339757e-14,9.716725565063947e-12,9.716725565063947e-12
gedai,chb05_11.edf,,,True,0.9993865666531508,0.9993865666531541,3.219646771412954e-15,9.571120128965675e-12,9.580138955866722e-12
gedai,chb05_12.edf,,,True,0.9994203261435237,0.9994203261435265,2.7755575615628914e-15,8.828844048289824e-12,8.830151841833841e-12
gedai,chb05_13.edf,,,True,0.999545125815137,0.9995451258151364,5.551115123125783e-16,2.8046273680315364e-11,2.8046273680315364e-11
gedai,chb05_14.edf,,,True,0.9993097945791699,0.9993097945791166,5.3290705182007514e-14,2.082132827837605e-11,2.082132827837605e-11
gedai,chb05_15.edf,,,True,0.9993935468754646,0.9993935468754611,3.4416913763379853e-15,1.2211635637690255e-11,1.2211635637690255e-11
gedai,chb05_16.edf,,,True,0.9995493921732667,0.999549392173274,7.327471962526033e-15,1.9807382808075245e-12,3.137315884019548e-11
gedai,chb05_17.edf,,,True,0.9995289934636954,0.9995289934636907,4.6629367034256575e-15,2.983590938649566e-11,2.976336150937056e-11
gedai,chb05_18.edf,,,True,0.9994203109489919,0.9994203109490104,1.8540724511240114e-14,2.1111682232655986e-11,2.1111682232656283e-11
gedai,chb05_19.edf,,,True,0.9993652587828824,0.9993652587828623,2.0095036745715333e-14,3.649337472875521e-12,3.644164194104666e-12
gedai,chb05_20.edf,,,True,0.9995215417509892,0.9995215417512004,2.112754415861673e-13,2.6170184392656554e-11,2.6170184392656554e-11
gedai,chb05_21.edf,,,True,0.9995492377655579,0.9995492377655815,2.353672812205332e-14,3.172087273280229e-11,3.172087273280229e-11
gedai,chb05_22.edf,,,True,0.9995277995032591,0.9995277995032568,2.3314683517128287e-15,4.592315340690315e-11,4.5923153406903804e-11
gedai,chb05_23.edf,,,True,0.9992424440251781,0.9992424440252071,2.8976820942716586e-14,1.457122213524951e-11,1.457122213524951e-11
gedai,chb05_24.edf,,,True,0.9993225506164394,0.999322550616524,8.459899447643693e-14,2.0181814456731454e-11,2.0181814456731454e-11
gedai,chb05_25.edf,,,True,0.9993362584914414,0.99933625849142,2.1316282072803006e-14,1.4146057205600596e-11,1.4146057205600395e-11
gedai,chb05_26.edf,,,True,0.9993451656543628,0.9993451656543655,2.6645352591003757e-15,3.989151255747086e-11,3.989151255747086e-11
gedai,chb05_27.edf,,,True,0.9994361514771702,0.8955577208959983,0.10387843058117197,2.2690934098478303e-12,9.916029427704047e-13
gedai,chb05_28.edf,,,True,0.9994872999169716,0.999487299916971,5.551115123125783e-16,4.283248204570008e-11,4.283248204570008e-11
gedai,chb05_29.edf,,,True,0.8628447252096033,0.999458060165767,0.13661333495616368,6.81811865064839e-13,5.98541337396432e-11
gedai,chb05_30.edf,,,True,0.992761201741814,0.997045319931581,0.004284118189766928,7.76513623205679e-13,8.389712646960578e-13
gedai,chb05_31.edf,,,True,0.9993658722084436,0.9993658722083596,8.404388296412435e-14,4.014112353504196e-12,4.000809942931567e-12
gedai,chb05_32.edf,,,True,0.9993308259142559,0.99933082591426,4.107825191113079e-15,1.5736865607769702e-12,2.001174235363309e-12
gedai,chb05_33.edf,,,True,0.9971695576885665,0.9993366440887856,0.0021670864002191204,7.153165718133177e-13,8.377506321587209e-13
gedai,chb05_34.edf,,,True,0.9992965957522791,0.9992965957523022,2.3092638912203256e-14,4.437030616962142e-11,4.437030616962142e-11
gedai,chb05_35.edf,,,True,0.9992967371033289,0.9992967371033384,9.547918011776346e-15,4.354883055226091e-11,4.354883055226091e-11
gedai,chb05_36.edf,,,True,0.9993308914261875,0.9993308914261921,4.6629367034256575e-15,4.192024354476707e-11,4.192024354476707e-11
gedai,chb05_37.edf,,,True,0.9993514238506785,0.9993514238506992,2.0650148258027912e-14,2.3517589271396556e-12,3.056597687296543e-11
gedai,chb05_38.edf,,,True,0.9993469224277112,0.9993469224277083,2.886579864025407e-15,3.536787671773884e-11,3.536787671773884e-11
gedai,chb05_39.edf,,,True,0.9993870864573063,0.9993870864572549,5.140332604014475e-14,6.241662955140304e-11,6.241662955140304e-11
gedai,chb06_01.edf,,,True,0.9995489358772081,0.9995489358772122,4.107825191113079e-15,4.800542892899124e-11,4.800542892899124e-11
gedai,chb06_02.edf,,,True,0.9995324759172411,0.9995324759172449,3.774758283725532e-15,3.8020075077397435e-11,1.224013349947664e-10
gedai,chb06_03.edf,,,True,0.9994553713237436,0.999455371323756,1.2323475573339238e-14,3.06198448801365e-11,3.06198448801365e-11
gedai,chb06_04.edf,,,True,0.6080694494643974,0.48387710321792277,0.12419234624647468,1.3836782941103089e-12,9.13340087311234e-13
gedai,chb06_05.edf,,,True,0.5923145942535787,0.6705096270255207,0.07819503277194206,9.086131361977243e-13,1.023524178569139e-12
gedai,chb06_06.edf,,,True,0.9995274890929041,0.9995274890928996,4.551914400963142e-15,4.0160935364127203e-11,4.0160935364127203e-11
gedai,chb06_07.edf,,,True,0.9995292894462448,0.9995292894462285,1.6209256159527285e-14,4.433329121870993e-11,4.433329121870993e-11
gedai,chb06_08.edf,,,True,0.9994856243875008,0.9994856243874969,3.885780586188048e-15,3.9695108074206227e-11,3.9695108074206227e-11
gedai,chb06_09.edf,,,True,0.9994816238063816,0.9994816238063643,1.7319479184152442e-14,3.2778494230326534e-11,3.2778494230326534e-11
gedai,chb06_10.edf,,,True,0.9995704044711939,0.9995704044711843,9.658940314238862e-15,6.152535508941921e-11,6.152535508941921e-11
gedai,chb06_12.edf,,,True,0.9995175332957195,0.9995175332957258,6.328271240363392e-15,4.698474710500675e-11,4.698474710500675e-11
gedai,chb06_13.edf,,,True,0.9995315468425497,0.9995315468425465,3.219646771412954e-15,5.1302333211057953e-11,5.1302333211057953e-11
gedai,chb06_14.edf,,,True,0.9995075714187686,0.9995075714187683,2.220446049250313e-16,3.8156373957088624e-11,3.815534884653557e-11
gedai,chb06_15.edf,,,True,0.9993873014700798,0.9993873014700809,1.1102230246251565e-15,2.373793144019738e-11,5.271556618431854e-12
gedai,chb06_16.edf,,,True,0.9993625371325773,0.9993625371329674,3.9013237085328e-13,2.4511945237668176e-11,2.4450658017728932e-11
gedai,chb06_17.edf,,,True,0.9994382214216728,0.9994382214216758,2.9976021664879227e-15,3.6103189213412723e-11,3.6103189213412723e-11
gedai,chb06_18.edf,,,True,0.9994916344086798,0.9994916344086808,9.992007221626409e-16,4.0987002755249407e-11,4.0987002755249407e-11
gedai,chb06_24.edf,,,True,0.999140522277255,0.9373002072379949,0.06184031503926013,6.0481537047222585e-12,1.469987417787476e-12
gedai,chb07_01.edf,,,True,0.33763268368429555,0.33844280067534827,0.0008101169910527117,8.192026415369198e-15,8.387478143935063e-15
gedai,chb07_02.edf,,,True,0.9980919229218465,0.9990213283496597,0.0009294054278132791,2.685865436475917e-13,2.9272805555505605e-13
gedai,chb07_03.edf,,,True,0.9993594473454019,0.9993594473454013,6.661338147750939e-16,8.560172007255752e-12,8.560172007255752e-12
gedai,chb07_04.edf,,,True,0.7730036092008337,0.9995603506829371,0.22655674148210347,1.5797849520910953e-13,3.48397192311147e-12
gedai,chb07_05.edf,,,True,0.12877730233088427,0.12877730233088588,1.609823385706477e-15,1.6383406542984176e-14,1.638340654298441e-14
gedai,chb07_06.edf,,,True,0.3255379380638486,0.34300552204563295,0.01746758398178433,1.3486599680576894e-14,1.8477465170278993e-14
gedai,chb07_07.edf,,,True,0.9304725454361507,0.9605148243316819,0.030042278895531238,1.1428599318466506e-13,2.0294855322852133e-13
gedai,chb07_08.edf,,,True,0.365224413120768,0.36391689197560667,0.0013075211451613056,9.672552866253017e-15,9.380636595868878e-15
gedai,chb07_09.edf,,,True,0.3673918502454375,0.3826054558818268,0.015213605636389294,8.738984952493035e-15,1.2059208763084897e-14
gedai,chb07_10.edf,,,True,0.9993791123346751,0.9993791123346749,2.220446049250313e-16,1.2157358662725693e-12,1.986765617880044e-12
gedai,chb07_11.edf,,,True,0.9994021781617767,0.9994021781617762,4.440892098500626e-16,5.125074047235214e-12,5.131400446372833e-12
gedai,chb07_12.edf,,,True,0.9292339115853301,0.9994239309461559,0.0701900193608258,4.902706101453661e-13,2.283426408700276e-11
gedai,chb07_13.edf,,,True,0.9995030216988612,0.9995030216988658,4.6629367034256575e-15,3.348726148748478e-11,3.3693545585938906e-11
gedai,chb07_14.edf,,,True,0.15887339334448058,0.1493325309888704,0.009540862355610191,3.054082076042867e-14,2.3930768271826968e-14
gedai,chb07_15.edf,,,True,0.3049192921741289,0.3212865571614761,0.016367264987347196,1.273306780100769e-14,1.722293215645516e-14
gedai,chb07_16.edf,,,True,0.9993370518140462,0.9993370518140494,3.219646771412954e-15,1.3455707656666985e-11,1.3432142788174447e-11
gedai,chb07_17.edf,,,True,0.9993226195485294,0.9993226195485257,3.6637359812630166e-15,8.956616544980926e-12,8.94308660925634e-12
gedai,chb07_18.edf,,,True,0.9993358201915523,0.9993358201915518,5.551115123125783e-16,1.4617721167888445e-11,2.5246214260298663e-12
gedai,chb07_19.edf,,,True,0.7157318301397908,0.893237378702585,0.1775055485627942,3.106225057234518e-13,4.502081352891536e-13
gedai,chb08_02.edf,,,True,0.9992354565110092,0.9992354565110095,3.3306690738754696e-16,3.900647922083217e-11,3.900647922083217e-11
gedai,chb08_03.edf,,,True,0.9992510494646606,0.9992510494646559,4.6629367034256575e-15,1.5884578167923236e-11,1.5884578167923236e-11
gedai,chb08_04.edf,,,True,0.999233587177774,0.9992335871777595,1.454392162258955e-14,1.443649349632249e-11,1.443649349632249e-11
gedai,chb08_05.edf,,,True,0.9995017250900321,0.9995017250900308,1.3322676295501878e-15,8.150451161586402e-11,8.150451161586402e-11
gedai,chb08_10.edf,,,True,0.999353382760378,0.9993533827603253,5.2735593669694936e-14,3.0258193972121075e-12,3.0258193972121075e-12
gedai,chb08_11.edf,,,True,0.9994594551795491,0.9994594551795898,4.063416270128073e-14,4.342576493330565e-11,4.342576493330565e-11
gedai,chb08_12.edf,,,True,0.999263509229619,0.9992635092296348,1.5765166949677223e-14,2.1148805409063736e-11,2.1148805409063736e-11
gedai,chb08_13.edf,,,True,0.9994282940892336,0.9994282940893002,6.661338147750939e-14,3.013158116074412e-11,3.013158116074412e-11
gedai,chb08_14.edf,,,True,0.9993050972025228,0.9993050972024083,1.1446399383885364e-13,2.4846101061596403e-11,2.4846101061596403e-11
gedai,chb08_15.edf,,,True,0.9992666781216593,0.9992666781217008,4.1522341120980855e-14,3.723130180195859e-11,3.723130180195859e-11
gedai,chb08_16.edf,,,True,0.9992933204256614,0.9992933204255097,1.517674874662589e-13,2.1306383836728905e-11,2.1306383836728905e-11
gedai,chb08_17.edf,,,True,0.9992985285474054,0.999298528547405,4.440892098500626e-16,2.4580468054981347e-11,2.4580468054981347e-11
gedai,chb08_18.edf,,,True,0.9992203584009628,0.9992203584010071,4.4297898682543746e-14,1.751364187668246e-11,1.751364187668246e-11
gedai,chb08_19.edf,,,True,0.9993462269738492,0.9993462269738806,3.141931159689193e-14,1.0054781498297933e-11,1.0054781498297933e-11
gedai,chb08_20.edf,,,True,0.9993401331183451,0.9993401331183548,9.658940314238862e-15,2.7742989520910143e-11,2.7742989520910143e-11
gedai,chb08_21.edf,,,True,0.9992939046095686,0.9992939046095675,1.1102230246251565e-15,3.9098059489629585e-11,3.9098059489629585e-11
gedai,chb08_22.edf,,,True,0.9992603025257195,0.9992603025257184,1.1102230246251565e-15,2.276144029664435e-11,2.276144029664435e-11
gedai,chb08_23.edf,,,True,0.9992291471255752,0.9992291471255748,4.440892098500626e-16,2.6187753457317927e-11,2.61877534573183e-11
gedai,chb08_24.edf,,,True,0.999359245728777,0.9993592457287073,6.972200594645983e-14,3.445293383002438e-11,5.630292813583114e-12
gedai,chb08_29.edf,,,True,0.9993124427925545,0.9993124427926198,6.52811138479592e-14,3.5547912436119817e-11,5.804898371566173e-12
gedai,chb09_01.edf,,,True,0.9997399872568552,0.9081870670251391,0.09155292023171613,5.598808351030883e-12,7.101406940453378e-14
gedai,chb09_02.edf,,,True,0.6518116724836311,0.6518116724836243,6.8833827526759706e-15,7.59609355191946e-14,7.59609355191946e-14
gedai,chb09_03.edf,,,True,0.9995806178051436,0.9996193337061366,3.871590099302491e-05,3.1561283510224607e-13,1.7463872577212282e-12
gedai,chb09_04.edf,,,True,0.9995429815525215,0.9995429815525209,6.661338147750939e-16,7.99736275465424e-12,7.99736275465424e-12
gedai,chb09_05.edf,,,True,0.9998235445989255,0.9998235445989255,0.0,7.506478845059685e-11,7.491661376178026e-11
gedai,chb09_06.edf,,,True,0.2857256594890686,0.9994979917656405,0.7137723322765719,6.679479197233931e-14,2.4247286592420893e-10
gedai,chb09_07.edf,,,True,0.9170896228648964,0.9995460402031864,0.08245641733829001,1.3228277508079022e-13,9.002647384480673e-12
gedai,chb09_08.edf,,,True,0.9994117661328651,0.999411766132869,3.885780586188048e-15,3.3404903299577375e-12,2.1093333645272904e-11
gedai,chb09_09.edf,,,True,0.9993862378077187,0.9993862378077178,8.881784197001252e-16,1.8572311461270612e-12,7.31220061095405e-12
gedai,chb09_10.edf,,,True,0.9994659423891233,0.9994659423891281,4.773959005888173e-15,7.980499999816903e-12,7.980499999816903e-12
gedai,chb09_11.edf,,,True,0.694497146385422,0.6942827233188497,0.00021442306657237786,2.3251852203218855e-12,2.1895145403664614e-12
gedai,chb09_12.edf,,,True,0.9997643090744617,0.9997643090744578,3.885780586188048e-15,3.0588101262854425e-09,4.610199474044384e-10
gedai,chb09_13.edf,,,True,0.9996158765354624,0.9996158765354564,5.995204332975845e-15,1.5955033229746486e-11,1.5955033229746486e-11
gedai,chb09_14.edf,,,True,0.9995785363574541,0.9995785363574611,6.994405055138486e-15,2.089959815113727e-11,2.089959815113727e-11
gedai,chb09_15.edf,,,True,0.9996078628645082,0.9996078628645118,3.552713678800501e-15,4.315151594783175e-12,4.7050655303541686e-12
gedai,chb09_16.edf,,,True,0.9994030967647363,0.9994030967647363,0.0,1.097065491539122e-11,1.097065491539122e-11
gedai,chb09_17.edf,,,True,0.9993600984357905,0.9993600984357814,9.103828801926284e-15,1.3224906098016717e-11,1.3224906098016717e-11
gedai,chb09_18.edf,,,True,0.7403875322543374,0.999615824878408,0.25922829262407066,1.9406626464725125e-13,3.1633034865653437e-12
gedai,chb09_19.edf,,,True,0.9995209657553588,0.999520965755357,1.7763568394002505e-15,3.9430129967503225e-11,3.943012996750379e-11
gedai,chb10_01.edf,,,True,0.9992420293219,0.9992420293219287,2.8754776337791554e-14,3.487860592195293e-11,3.487860592195293e-11
gedai,chb10_02.edf,,,True,0.9994684175559927,0.9994684175559748,1.787459069646502e-14,4.211001217408498e-11,4.211001217408498e-11
gedai,chb10_03.edf,,,True,0.9993531808818038,0.9993531808817664,3.7414515929867775e-14,3.32305379566236e-11,3.32305379566236e-11
gedai,chb10_04.edf,,,True,0.9991873269966003,0.9991873269965998,4.440892098500626e-16,2.8231781771138554e-11,2.8231781771138554e-11
gedai,chb10_05.edf,,,True,0.9994198545740546,0.9994198545740475,7.105427357601002e-15,3.7748089251920926e-11,3.7748089251920926e-11
gedai,chb10_06.edf,,,True,0.9993069345688461,0.9993069345688552,9.103828801926284e-15,3.869195450317505e-11,3.869195450317505e-11
gedai,chb10_07.edf,,,True,0.9993311593368158,0.9993311593367901,2.5757174171303632e-14,1.2191065138645893e-10,1.2191065138645893e-10
gedai,chb10_08.edf,,,True,0.9994293046729835,0.9994293046729619,2.1649348980190553e-14,1.9327269133300973e-11,4.4415503862656006e-11
gedai,chb10_12.edf,,,True,0.9994035339890741,0.9994035339890719,2.220446049250313e-15,2.2330637173031893e-12,3.844621272231924e-11
gedai,chb10_13.edf,,,True,0.9993907794028108,0.9993907794028132,2.3314683517128287e-15,4.208304533598528e-11,4.208304533598528e-11
gedai,chb10_14.edf,,,True,0.9994544163704797,0.999454416370483,3.3306690738754696e-15,3.700972444272254e-11,3.7025091635039064e-11
gedai,chb10_15.edf,,,True,0.999263971373449,0.9992639713735192,7.016609515630989e-14,3.1590477504930086e-11,3.1590477504930086e-11
gedai,chb10_16.edf,,,True,0.9992498839021621,0.9992498839022629,1.0080825063596421e-13,1.3305007103432976e-11,1.3305007103432976e-11
gedai,chb10_17.edf,,,True,0.9994569132564466,0.9994569132564535,6.8833827526759706e-15,2.4575599522997036e-11,2.4575599522997036e-11
gedai,chb10_18.edf,,,True,0.999411096460034,0.9994110964599965,3.752553823233029e-14,2.882330538548759e-11,2.882330538548759e-11
gedai,chb10_19.edf,,,True,0.9994630493717307,0.999463049371711,1.965094753586527e-14,3.750375940466397e-11,3.750375940466397e-11
gedai,chb10_20.edf,,,True,0.9994328476826528,0.9994328476826684,1.554312234475219e-14,1.1608348549948221e-10,1.5073236077935367e-09
gedai,chb10_21.edf,,,True,0.9993105439835186,0.9993105439835331,1.454392162258955e-14,6.379876226441261e-12,4.094716337589985e-11
gedai,chb10_22.edf,,,True,0.9993063454645722,0.9993063454645699,2.3314683517128287e-15,2.14014993760929e-11,2.14014993760929e-11
gedai,chb10_27.edf,,,True,0.9994053798312633,0.9994053798312601,3.219646771412954e-15,3.141355358988636e-11,3.141355358988636e-11
gedai,chb10_28.edf,,,True,0.9993569980612179,0.9993569980612163,1.6653345369377348e-15,1.7399294246053874e-11,1.7399294246053874e-11
gedai,chb10_30.edf,,,True,0.9994892218340145,0.9994892218340194,4.9960036108132044e-15,2.7408688799263484e-11,2.7408688799263484e-11
gedai,chb10_31.edf,,,True,0.9993926015857897,0.999392601585803,1.3322676295501878e-14,3.811660818457538e-11,3.811660818457538e-11
gedai,chb10_38.edf,,,True,0.9994442859741757,0.9994442859741755,2.220446049250313e-16,4.4654102538461716e-11,4.4654102538461716e-11
gedai,chb10_89.edf,,,True,0.9993040356452517,0.9993040356452478,3.885780586188048e-15,4.521176532772591e-11,4.521176532772591e-11
gedai,chb11_01.edf,,,True,0.9992880618169353,0.9992880618169494,1.4099832412739488e-14,1.0437376929608645e-11,1.0437376929608645e-11
gedai,chb11_02.edf,,,True,0.484419907410389,0.44439311011640265,0.04002679729398634,1.7287022278671032e-14,1.320825784953414e-14
gedai,chb11_03.edf,,,True,0.42851619328319324,0.4740542271644916,0.045538033881298345,1.551985038279782e-14,2.1661308333283052e-14
gedai,chb11_04.edf,,,True,0.4829435093409146,0.3561769371004107,0.12676657224050392,2.7155280015153604e-14,1.066971543331669e-14
gedai,chb11_05.edf,,,True,0.30455214019012916,0.29282334697385765,0.011728793216271516,1.38045276485616e-14,1.1801766374511928e-14
gedai,chb11_06.edf,,,True,0.2791656242176257,0.28390014536313757,0.004734521145511872,1.450786270431045e-14,1.5648593818371465e-14
gedai,chb11_07.edf,,,True,0.2497369503588562,0.24639591343276918,0.003341036926087032,1.3603948998392873e-14,1.2621992692437183e-14
gedai,chb11_08.edf,,,True,0.25942819488947777,0.2693698566684056,0.009941661778927857,2.546484539520419e-14,3.013761615590627e-14
gedai,chb11_09.edf,,,True,0.26022159614092766,0.25353131234606835,0.006690283794859309,5.202717678791048e-14,4.689304443704994e-14
gedai,chb11_10.edf,,,True,0.31173426496212703,0.3183865984107522,0.006652333448625147,4.627296184487106e-14,5.112181391505232e-14
gedai,chb11_11.edf,,,True,0.24505254069284474,0.24018353640997603,0.004869004282868711,3.564692070051911e-14,3.302528351859071e-14
gedai,chb11_12.edf,,,True,0.27854682132392006,0.31624329171333493,0.03769647038941487,2.793553422641566e-14,5.39641379776508e-14
gedai,chb11_13.edf,,,True,0.26210727104057446,0.3330090962929129,0.07090182525233846,2.166970444107929e-14,6.097841827388294e-14
gedai,chb11_14.edf,,,True,0.2233004324669864,0.20954430173952815,0.013756130727458238,2.0388028669393876e-14,1.6293299334132246e-14
gedai,chb11_15.edf,,,True,0.18846081153462343,0.19359752758647103,0.005136716051847595,1.4230854315715422e-14,1.592640300663587e-14
gedai,chb11_16.edf,,,True,0.9993906612448099,0.9993906612448428,3.2862601528904634e-14,1.3060901496637095e-12,1.337403975259365e-12
gedai,chb11_17.edf,,,True,0.9993786124440416,0.9993786124440468,5.218048215738236e-15,1.4982989661959815e-11,1.4982989661959815e-11
gedai,chb11_18.edf,,,True,0.9992971503033639,0.9992971503033792,1.532107773982716e-14,1.5565813524496528e-12,4.567557684569243e-12
gedai,chb11_19.edf,,,True,0.9992975015282184,0.9992975015282551,3.674838211509268e-14,9.936611130579352e-12,9.920169363129564e-12
gedai,chb11_24.edf,,,True,0.9992585524439257,0.9992585524439114,1.432187701766452e-14,1.1764140637560434e-11,1.1764140637560434e-11
gedai,chb11_25.edf,,,True,0.37998598168635417,0.37998598168636255,8.382183835919932e-15,1.0098782887265741e-14,1.0098782887265741e-14
gedai,chb11_26.edf,,,True,0.26775919113423274,0.25796846156034225,0.009790729573890489,1.1533346468583817e-14,9.871809891015927e-15
gedai,chb11_27.edf,,,True,0.25485805500631287,0.24847807510312156,0.006379979903191307,1.5602153107082843e-14,1.3484309596823658e-14
gedai,chb11_53.edf,,,True,0.9993012382921139,0.9993012382921188,4.884981308350689e-15,2.3159880876459987e-11,2.3159880876459987e-11
gedai,chb11_54.edf,,,True,0.9993891560158645,0.9993891560158609,3.6637359812630166e-15,3.173857508638875e-12,3.17385750863883e-12
gedai,chb11_55.edf,,,True,0.5483502002682733,0.5299482552402398,0.018401945028033495,4.5944271889094915e-14,4.1616156587087926e-14
gedai,chb11_56.edf,,,True,0.5498378630577112,0.5145226147548198,0.035315248302891455,4.7266640578576124e-14,3.6697243289591496e-14
gedai,chb11_58.edf,,,True,0.9963939959309894,0.9974271137336977,0.0010331178027083165,6.737343072751962e-14,7.012639383506105e-14
gedai,chb11_60.edf,,,True,0.999426253166988,0.9994262531669716,1.63202784619898e-14,3.686925567722007e-13,1.1419907806070667e-12
gedai,chb11_61.edf,,,True,0.9994272733953653,0.9994272733953657,4.440892098500626e-16,3.82481933917916e-12,6.306769546484501e-13
gedai,chb11_62.edf,,,True,0.9994681386618429,0.9983265936885118,0.0011415449733310767,4.586022908692586e-13,5.567099338870972e-14
gedai,chb11_63.edf,,,True,0.9995004267736057,0.9995004267736183,1.2545520178264269e-14,1.3900135401096012e-12,3.3550216327692617e-12
gedai,chb11_82.edf,,,True,0.6519208457964113,0.6247569734791706,0.02716387231724071,4.263177708831033e-14,3.675775270258356e-14
gedai,chb11_92.edf,,,True,0.21346592056390062,0.22427735173475186,0.010811431170851232,1.0312741526085233e-14,1.2623504320768853e-14
gedai,chb11_99.edf,,,True,0.9995489643236084,0.9995489643235945,1.3877787807814457e-14,4.721755559784026e-11,4.721755559784026e-11
gedai,chb12_06.edf,,,True,0.9992859774943124,0.9992859774943198,7.438494264988549e-15,7.883547763421633e-12,1.7747675872438034e-12
gedai,chb12_08.edf,,,True,0.9992911409797329,0.9992886391573137,2.501822419231914e-06,3.8558681364942e-12,6.337981067596212e-13
gedai,chb12_09.edf,,,True,0.999357828771338,0.9993578287712676,7.049916206369744e-14,3.4776703668739678e-12,3.4776703668739678e-12
gedai,chb12_10.edf,,,True,0.9992148451620959,0.9992148451621047,8.770761894538737e-15,5.578660041686869e-12,5.578660041686869e-12
gedai,chb12_11.edf,,,True,0.9993333564876438,0.9993333564876263,1.7430501486614958e-14,7.997946384948775e-12,7.997946384948775e-12
gedai,chb12_19.edf,,,True,0.9992989986562667,0.9992989986562599,6.772360450213455e-15,1.2313919296440983e-12,2.900236613331953e-12
gedai,chb12_20.edf,,,True,0.9994039592573292,0.9994039592573679,3.8746783559417963e-14,6.653831121312913e-12,6.653831121312913e-12
gedai,chb12_21.edf,,,True,0.5019336922050384,0.9992678486034259,0.4973341563983875,4.502348967277801e-14,1.7904174683561551e-12
gedai,chb12_23.edf,,,True,0.913456505186997,0.6631685728679044,0.2502879323190925,1.8566587669836295e-13,1.0835125526577784e-13
gedai,chb12_24.edf,,,True,0.47321378425827876,0.47321378425826915,9.603429163007604e-15,4.936310635744262e-14,4.936310635744262e-14
gedai,chb12_32.edf,,,True,0.7873396785892272,0.996013680341461,0.20867400175223383,1.4282894994772807e-13,3.3551304001163723e-13
gedai,chb12_33.edf,,,True,0.9992589743710547,0.9992589743710555,7.771561172376096e-16,5.080535495606563e-12,5.1574238989284205e-12
gedai,chb12_34.edf,,,True,0.9991526328696272,0.9991526328696322,4.9960036108132044e-15,4.963594647519418e-13,4.850183213975974e-12
gedai,chb12_35.edf,,,True,0.9993213893405877,0.9993213893405752,1.2434497875801753e-14,6.120537732122966e-12,6.0896343214880495e-12
gedai,chb12_36.edf,,,True,0.9989835682182346,0.9989835682182105,2.4091839634365897e-14,1.0543425940939787e-11,1.0437374881844083e-11
gedai,chb12_37.edf,,,True,0.9991142354285784,0.999114235428583,4.6629367034256575e-15,7.970092975305453e-12,1.4379524898344723e-12
gedai,chb12_38.edf,,,True,0.9991786171044363,0.9991786171044195,1.687538997430238e-14,1.0017916937085518e-11,1.0009348702363093e-11
gedai,chb12_39.edf,,,True,0.5530862581384257,0.5555067405947476,0.0024204824563218708,1.5106429271137646e-13,1.5563544053579356e-13
gedai,chb12_40.edf,,,True,0.9993064904809984,0.9993064904809917,6.661338147750939e-15,6.3202510784882086e-12,6.359104981127073e-12
gedai,chb12_41.edf,,,True,0.9992446209694208,0.9992446209692984,1.2234657731369225e-13,5.159316066243959e-12,5.159316066243959e-12
gedai,chb12_42.edf,,,True,0.9991343259643619,0.9991343259643853,2.3425705819590803e-14,3.601333315866489e-12,2.6543677824986585e-12
gedai,chb13_02.edf,,,True,0.999599505837709,0.9995995058377355,2.653433028854124e-14,2.1220571211479993e-11,2.1220571211479993e-11
gedai,chb13_03.edf,,,True,0.9995841668140382,0.9995841668139374,1.0080825063596421e-13,3.0615144368215884e-11,3.0615144368215884e-11
gedai,chb13_04.edf,,,True,0.9995953956072755,0.9995953956073504,7.494005416219807e-14,3.646027996166208e-11,3.646027996166208e-11
gedai,chb13_05.edf,,,True,0.9995422516412734,0.9995422516412537,1.9761969838327786e-14,4.805410022204871e-11,4.805410022204871e-11
gedai,chb13_06.edf,,,True,0.9995079165602905,0.9995079165602925,1.9984014443252818e-15,2.811455608676342e-11,6.120748619157492e-12
gedai,chb13_07.edf,,,True,0.9993712602225855,0.9993712602226251,3.963496197911809e-14,4.8463995636569435e-11,4.8463995636569435e-11
gedai,chb13_08.edf,,,True,0.9994214685717574,0.9994214685717593,1.887379141862766e-15,1.4593517170165963e-11,1.458105203877646e-11
gedai,chb13_09.edf,,,True,0.999322189564606,0.9993221895645552,5.0737192225369654e-14,1.0737519607761715e-11,1.067254106268769e-11
gedai,chb13_10.edf,,,True,0.999341864515235,0.9993418645151851,4.984901380566953e-14,9.540780152912331e-12,9.558804786363745e-12
gedai,chb13_11.edf,,,True,0.9993621410060726,0.9993621410060985,2.5979218776228663e-14,5.7491234312992736e-12,1.6043682208854584e-11
gedai,chb13_12.edf,,,True,0.999184721961608,0.9991847219616151,7.105427357601002e-15,6.922107394072808e-12,6.9503523224267444e-12
gedai,chb13_13.edf,,,True,0.9992970542074033,0.9992970542073677,3.5638159090467525e-14,1.8077013492395246e-11,1.8000644507291826e-11
gedai,chb13_14.edf,,,True,0.9993681706235795,0.9993681706235794,1.1102230246251565e-16,1.3088956708168829e-11,1.3088956708168829e-11
gedai,chb13_15.edf,,,True,0.9993489347902209,0.999348934790162,5.895284260759581e-14,2.1656276400724942e-11,7.008819200632693e-12
gedai,chb13_16.edf,,,True,0.9993803242298364,0.9993803242298402,3.885780586188048e-15,4.1237670772736474e-11,4.515636498851818e-11
gedai,chb13_18.edf,,,True,0.49213631288606086,0.9988964224759892,0.5067601095899283,9.23991002319907e-14,4.805341391991711e-11
gedai,chb13_19.edf,,,True,0.9995706228390319,0.9995706228390324,5.551115123125783e-16,2.7608167065098252e-11,2.7608167065098252e-11
gedai,chb13_21.edf,,,True,0.9996139892153757,0.34727716829443966,0.652336820920936,2.8805102180146145e-11,4.898534427231781e-14
gedai,chb13_22.edf,,,True,0.999602747985792,0.9996027479858104,1.84297022087776e-14,3.180312129457902e-11,3.232450860938844e-11
gedai,chb13_24.edf,,,True,0.9995754300884954,0.9995754300885524,5.706546346573305e-14,3.0041451603360316e-11,3.008589824764259e-11
gedai,chb13_30.edf,,,True,0.21991862203586526,0.21972957253273043,0.00018904950313483604,2.8026386276717618e-14,2.7934209414829872e-14
gedai,chb13_36.edf,,,True,0.9994350224043109,0.9994350224042917,1.9206858326015208e-14,5.009963552994736e-12,4.371156280209905e-12
gedai,chb13_37.edf,,,True,0.9993234327280112,0.9993234327280377,2.653433028854124e-14,2.5873603922760204e-11,8.30528784408666e-12
gedai,chb13_38.edf,,,True,0.9992987511464565,0.9992987511464879,3.141931159689193e-14,7.651309923393029e-13,5.609604683740451e-12
gedai,chb13_39.edf,,,True,0.9993598801064844,0.9993598801064938,9.43689570931383e-15,3.003423285560193e-12,6.6962205260802965e-12
gedai,chb13_40.edf,,,True,0.9992341968413184,0.9992341968413442,2.5757174171303632e-14,5.220836808339841e-11,1.3070623940622201e-11
gedai,chb13_47.edf,,,True,0.9991325080067607,0.9991325080067769,1.6209256159527285e-14,7.36375976979667e-11,7.363759769796774e-11
gedai,chb13_55.edf,,,True,0.9995405190557037,0.9995405190559431,2.3936408410918375e-13,2.5803688936853615e-11,2.580368893685325e-11
gedai,chb13_56.edf,,,True,0.9995361856321732,0.9995361856321908,1.765254609153999e-14,1.698693490613211e-11,1.698693490613211e-11
gedai,chb13_58.edf,,,True,0.9992394232922357,0.999239423292214,2.1649348980190553e-14,1.5445921819892295e-12,9.576304223110806e-12
gedai,chb13_59.edf,,,True,0.9994096143196205,0.9994096143193875,2.3303581286882036e-13,3.0460987195637984e-11,5.813831517860901e-12
gedai,chb13_60.edf,,,True,0.999458995451194,0.9994589954512011,7.105427357601002e-15,1.1605115667795975e-11,1.1605115667795975e-11
gedai,chb13_62.edf,,,True,0.9994379460846885,0.9994379460847024,1.3877787807814457e-14,1.556082588983352e-12,3.040663290095178e-11
gedai,chb14_01.edf,,,True,0.9995652722808355,0.9995652722808412,5.773159728050814e-15,1.849223929493017e-11,1.849223929493017e-11
gedai,chb14_02.edf,,,True,0.9995583188952821,0.999558318895266,1.609823385706477e-14,1.786846536135567e-11,1.786846536135567e-11
gedai,chb14_03.edf,,,True,0.9995659360552132,0.9995659360552566,4.340972026284362e-14,1.7084928295145693e-11,1.708492829514545e-11
gedai,chb14_04.edf,,,True,0.9995529162425812,0.9995529162425222,5.906386491005833e-14,1.5845837623313404e-11,1.5845837623313404e-11
gedai,chb14_06.edf,,,True,0.9995600919981074,0.9995600919981164,8.992806499463768e-15,1.7307983486595078e-11,1.7307983486595078e-11
gedai,chb14_11.edf,,,True,0.9994767622854517,0.9994767622854449,6.772360450213455e-15,1.1357331161454032e-11,1.1357331161454032e-11
gedai,chb14_12.edf,,,True,0.9993111474708483,0.9993111474708508,2.55351295663786e-15,9.141818561296326e-12,9.141818561296326e-12
gedai,chb14_13.edf,,,True,0.9994312397852188,0.9994312397852113,7.438494264988549e-15,7.513929360541921e-12,7.513929360541921e-12
gedai,chb14_14.edf,,,True,0.9993961804904496,0.9993961804904413,8.326672684688674e-15,9.776966566779633e-12,1.5758975365773232e-12
gedai,chb14_16.edf,,,True,0.9994992863869373,0.9994992863869839,4.6629367034256575e-14,8.449911240804628e-12,8.449911240804628e-12
gedai,chb14_17.edf,,,True,0.9994609329298328,0.9994609329298221,1.0769163338864018e-14,1.13454452218459e-11,1.13454452218459e-11
gedai,chb14_18.edf,,,True,0.9994974732682503,0.9994974732682482,2.1094237467877974e-15,1.355227172053688e-12,9.416185677193654e-13
gedai,chb14_19.edf,,,True,0.9995195240984353,0.9995195240984371,1.887379141862766e-15,1.148061988694531e-11,1.148061988694531e-11
gedai,chb14_20.edf,,,True,0.9994365032963163,0.999436503296357,4.0745185003743245e-14,9.869534497915422e-12,9.869534497915422e-12
gedai,chb14_22.edf,,,True,0.9995166792353837,0.9993106345820483,0.00020604465333540212,1.214556716887121e-11,2.8830036596738007e-13
gedai,chb14_24.edf,,,True,0.9995247251892425,0.9995247251892493,6.772360450213455e-15,2.015876456478781e-12,1.0087372080515469e-12
gedai,chb14_25.edf,,,True,0.9995297761093228,0.9995297761093079,1.4876988529977098e-14,7.736151361218201e-13,7.91987626303146e-13
gedai,chb14_26.edf,,,True,0.9995413906599516,0.9995413906600417,9.00390872971002e-14,1.5934860371353787e-11,1.5934860371353787e-11
gedai,chb14_27.edf,,,True,0.999405168915013,0.9994051689151097,9.670042544485113e-14,1.4123203761863717e-11,1.4123203761863717e-11
gedai,chb14_29.edf,,,True,0.9994974006487275,0.9994974006487276,1.1102230246251565e-16,1.0088658712122337e-12,1.814613016462305e-11
gedai,chb14_30.edf,,,True,0.9994714483956998,0.9994714483957078,7.993605777301127e-15,1.450680356728691e-11,1.4502701000121357e-11
gedai,chb14_32.edf,,,True,0.999483333576492,0.9994833335764988,6.772360450213455e-15,2.0396983370056872e-11,2.0396983370056872e-11
gedai,chb14_37.edf,,,True,0.999434733342897,0.9994347333428736,2.3425705819590803e-14,8.852122434466446e-12,8.852122434466446e-12
gedai,chb14_39.edf,,,True,0.9994879018383703,0.9994879018383269,4.340972026284362e-14,8.50908357107362e-12,8.5090835710735e-12
gedai,chb14_42.edf,,,True,0.9993316730326223,0.9993316730326283,5.995204332975845e-15,1.3678879669006943e-11,1.3678879669006943e-11
gedai,chb15_01.edf,,,True,0.34077410735014174,0.28549007603983245,0.05528403131030929,1.6711378063558864e-14,7.80842119671491e-15
gedai,chb15_02.edf,,,True,0.24252790506687646,0.23503050703771086,0.007497398029165603,8.080175228251328e-15,6.876364953328987e-15
gedai,chb15_03.edf,,,True,0.8265077988828262,0.9994250132395021,0.17291721435667584,1.648128216094169e-14,1.7446020634020948e-13
gedai,chb15_04.edf,,,True,0.9994771480668425,0.9994771480668386,3.885780586188048e-15,9.625664178216285e-13,9.625664178216285e-13
gedai,chb15_05.edf,,,True,0.9993662585783931,0.9993662585784093,1.6209256159527285e-14,4.202640014314738e-13,4.159640802551199e-13
gedai,chb15_06.edf,,,True,0.9996056193860836,0.9996056193860723,1.1324274851176597e-14,6.311759037927782e-13,6.311759037927782e-13
gedai,chb15_07.edf,,,True,0.9996188727074525,0.9996188727074437,8.881784197001252e-15,3.9827804604775363e-13,1.5983579644919015e-13
gedai,chb15_08.edf,,,True,0.999495810402386,0.9994958104023075,7.849276784099857e-14,7.754333723819829e-13,7.754333723819829e-13
gedai,chb15_09.edf,,,True,0.9996552957902126,0.9996552957902116,9.992007221626409e-16,2.132633793107797e-14,2.1226844608894194e-14
gedai,chb15_10.edf,,,True,0.999591221887627,0.9995912218876531,2.6201263381153694e-14,6.088600646320957e-13,6.088600646320957e-13
gedai,chb15_11.edf,,,True,0.9994124647321344,0.9994124647322639,1.2945200467129325e-13,4.078787615781396e-14,7.968737601623283e-13
gedai,chb15_12.edf,,,True,0.999439471354764,0.9994394713547466,1.7319479184152442e-14,1.3660592651603022e-13,1.0500226532814658e-13
gedai,chb15_13.edf,,,True,0.31812888808913126,0.35296439504098337,0.03483550695185211,3.5624430935300064e-15,7.830357289926325e-15
gedai,chb15_14.edf,,,True,0.9167748754092949,0.9988051566474921,0.08203028123819722,2.994048049257747e-14,5.3547947335476384e-14
gedai,chb15_15.edf,,,True,0.24057461798797825,0.2386275939719101,0.0019470240160681385,4.738921921230972e-15,4.324733294065863e-15
gedai,chb15_16.edf,,,True,0.6304385229067885,0.5174098171329528,0.11302870577383572,1.5514329882093067e-14,7.449148658348735e-15
gedai,chb15_17.edf,,,True,0.9996230334211179,0.9996230334211231,5.218048215738236e-15,1.8972033453193118e-14,1.495285377373737e-13
gedai,chb15_19.edf,,,True,0.2639360321776307,0.2628366689120446,0.001099363265586073,4.494796266302161e-15,4.304657920355979e-15
gedai,chb15_20.edf,,,True,0.27513326503877156,0.27195809093306506,0.003175174105706502,3.691283403273389e-15,3.4424683783175612e-15
gedai,chb15_22.edf,,,True,0.9992575148098733,0.9992575148098791,5.773159728050814e-15,5.351487773652033e-12,5.351487773652033e-12
gedai,chb15_26.edf,,,True,0.35656397194633377,0.3385590108353375,0.018004961110996254,9.730486465358192e-15,6.482602694234498e-15
gedai,chb15_28.edf,,,True,0.5959685998688311,0.8546903330521546,0.2587217331833235,7.630071057308545e-15,1.7492312145927056e-14
gedai,chb15_29.edf,,,True,0.9993718513986476,0.999371851398647,5.551115123125783e-16,1.3121357668788495e-12,1.312693950565908e-12
gedai,chb15_30.edf,,,True,0.9994189772567935,0.9994189772567735,1.9984014443252818e-14,1.0889751048406774e-12,1.0889751048406774e-12
gedai,chb15_31.edf,,,True,0.9995476544604904,0.9995476544604878,2.6645352591003757e-15,2.42418423597923e-14,2.4153373972319166e-14
gedai,chb15_32.edf,,,True,0.9994215786596803,0.9994215786597214,4.107825191113079e-14,7.187571833847945e-13,2.1892143516091444e-12
gedai,chb15_33.edf,,,True,0.9995019322943065,0.999501932294322,1.554312234475219e-14,7.864992490835395e-13,7.864992490835395e-13
gedai,chb15_35.edf,,,True,0.9993352070727647,0.9993352070727711,6.439293542825908e-15,7.445244730018168e-13,7.389135275667337e-13
gedai,chb15_37.edf,,,True,0.9994017272371722,0.9994017272372241,5.184741524999481e-14,1.5170750205761678e-12,1.5170750205761678e-12
gedai,chb15_40.edf,,,True,0.3484152509818713,0.9604014374238633,0.611986186441992,6.081511253019496e-15,1.8401092127017605e-13
gedai,chb15_45.edf,,,True,0.9994960921172755,0.257954106093871,0.7415419860234045,8.915609256302873e-12,1.168784745761401e-14
gedai,chb15_46.edf,,,True,0.9993319394140864,0.9993319394140927,6.328271240363392e-15,1.1204680205949656e-11,9.121405225457351e-12
gedai,chb15_49.edf,,,True,0.9993847354812192,0.9993847354812411,2.1871393585115584e-14,1.1183487768415558e-11,1.9071794691589336e-12
gedai,chb15_50.edf,,,True,0.9991923556117182,0.9991923556117174,7.771561172376096e-16,1.3124754046303901e-12,2.206001155872189e-13
gedai,chb15_51.edf,,,True,0.9993882775739938,0.9993882775739934,4.440892098500626e-16,4.829300028960058e-13,5.2962280555082117e-14
gedai,chb15_52.edf,,,True,0.546174614642903,0.9993580429452749,0.4531834283023719,1.1683750082634757e-14,3.047234241532394e-13
gedai,chb15_54.edf,,,True,0.9995047326679848,0.9995047326679762,8.548717289613705e-15,1.0268404733240012e-13,2.0610594752055015e-13
gedai,chb15_61.edf,,,True,0.7631758561046605,0.7646243188942726,0.0014484627896120816,2.5295811096864837e-14,2.5439803674280683e-14
gedai,chb15_62.edf,,,True,0.9995060965429172,0.9995060965428598,5.739853037312059e-14,3.4586455729596747e-13,3.3963847576534627e-13
gedai,chb15_63.edf,,,True,0.9700669298118344,0.9273433351845365,0.04272359462729791,2.0380256539189883e-14,1.6797902796618924e-14
gedai,chb16_01.edf,,,True,0.04065739635916346,0.04064522880821495,1.2167550948509465e-05,1.4160667395737525e-14,1.4120586254713844e-14
gedai,chb16_02.edf,,,True,0.9992660026755356,0.25306928171679294,0.7461967209587426,2.3985741141618187e-11,8.445950215242291e-15
gedai,chb16_03.edf,,,True,0.9992881726128082,0.999288172612805,3.219646771412954e-15,2.8990587518886425e-11,2.8990587518886425e-11
gedai,chb16_04.edf,,,True,0.27976980044371835,0.9992793589021159,0.7195095584583976,9.027416653857899e-15,2.0934415653930834e-11
gedai,chb16_05.edf,,,True,0.9994520674891905,0.9994520674892331,4.263256414560601e-14,2.5501811209900303e-11,2.5501811209900303e-11
gedai,chb16_06.edf,,,True,0.9994704927373944,0.9994704927373923,2.1094237467877974e-15,1.7056183672728832e-11,1.7056183672728832e-11
gedai,chb16_07.edf,,,True,0.9994925240373316,0.9994925240373301,1.4432899320127035e-15,1.9733806375414456e-11,1.9733806375414456e-11
gedai,chb16_08.edf,,,True,0.999509142494762,0.9995091424945972,1.6475709685437323e-13,9.151752272703239e-12,9.151752272703239e-12
gedai,chb16_09.edf,,,True,0.9994569107006046,0.9994569107006254,2.0761170560490427e-14,1.5595612423076384e-11,1.5595612423076384e-11
gedai,chb16_10.edf,,,True,0.999121328152399,0.9991213281523317,6.727951529228449e-14,2.7704470906808447e-11,2.7704470906808447e-11
gedai,chb16_11.edf,,,True,0.9991459934685674,0.9991459934684969,7.049916206369744e-14,2.461095447761744e-11,4.0543348111113836e-12
gedai,chb16_12.edf,,,True,0.9995589741733343,0.9995589741733398,5.551115123125783e-15,1.8856153649300807e-11,1.8856153649300807e-11
gedai,chb16_13.edf,,,True,0.9995026448461087,0.9995026448461161,7.327471962526033e-15,2.0451409676840266e-12,2.0609136595868077e-12
gedai,chb16_14.edf,,,True,0.9995769005138495,0.9995769005138495,0.0,1.719021596020802e-11,1.719021596020802e-11
gedai,chb16_15.edf,,,True,0.9990106636346918,0.9990106636346816,1.021405182655144e-14,1.6077755210869038e-11,6.4068015725016866e-12
gedai,chb16_16.edf,,,True,0.9992791826436767,0.9992791826437477,7.105427357601002e-14,4.0959631882604945e-11,4.0959631882604945e-11
gedai,chb16_17.edf,,,True,0.9993193078687787,0.9993193078687691,9.547918011776346e-15,3.690695820801349e-12,3.586583456964488e-12
gedai,chb16_18.edf,,,True,0.9992637448179476,0.9992637448179358,1.176836406102666e-14,3.011599699103785e-11,3.011599699103785e-11
gedai,chb16_19.edf,,,True,0.9993876777355698,0.9993876777355946,2.475797344914099e-14,4.8554680073413226e-11,4.8554680073413226e-11
gedai,chb17a_03.edf,,,True,0.5484107297211327,0.5551911744713826,0.006780444750249859,5.718511688759e-14,5.99192412914269e-14
gedai,chb17a_04.edf,,,True,0.787248554659158,0.562791163547451,0.22445739111170704,7.937174061423524e-14,4.201344627793367e-14
gedai,chb17a_05.edf,,,True,0.4324277828155227,0.9990676884687164,0.5666399056531937,4.680566536652235e-14,1.1941232289567705e-11
gedai,chb17a_06.edf,,,True,0.999220953496939,0.9992209534969193,1.965094753586527e-14,7.294695787209647e-13,4.2462480432215e-12
gedai,chb17a_08.edf,,,True,0.36748974485489677,0.33645200171343803,0.03103774314145874,3.0397414836888897e-14,1.1796402173599696e-14
gedai,chb17b_57.edf,,,True,0.999273421601333,0.9992734216013385,5.440092820663267e-15,2.4344954204922665e-11,2.4254460612083603e-11
gedai,chb17b_58.edf,,,True,0.9992447360015558,0.9992447360015501,5.773159728050814e-15,9.346434660266293e-12,9.203102073366851e-12
gedai,chb17b_59.edf,,,True,0.9989998896116989,0.9989998896116993,3.3306690738754696e-16,2.3656252152695163e-11,2.3668736412744286e-11
gedai,chb17b_60.edf,,,True,0.999154738057811,0.999154738057823,1.199040866595169e-14,3.911272942923792e-11,2.240319825194953e-11
gedai,chb17b_63.edf,,,True,0.9992398840784761,0.48056745311389987,0.5186724309645763,1.6332385022308968e-11,8.462817100159057e-14
gedai,chb17b_67.edf,,,True,0.999334098597171,0.9993340985971704,6.661338147750939e-16,7.846029760574085e-13,3.411794253203684e-12
gedai,chb17b_68.edf,,,True,0.9989781758369695,0.9989781758369638,5.662137425588298e-15,2.7400640063886892e-11,2.7400640063881053e-11
gedai,chb17b_69.edf,,,True,0.9994182643878051,0.999418264387716,8.915090887740007e-14,4.998697745761768e-12,4.936372579800778e-12
gedai,chb17c_02.edf,,,True,0.9992688314863201,0.9992688314863224,2.3314683517128287e-15,3.6425570659709e-12,3.6378802708027414e-12
gedai,chb17c_03.edf,,,True,0.9990922296375401,0.9990922296374679,7.216449660063518e-14,3.016872985261365e-12,2.0484403303551817e-12
gedai,chb17c_04.edf,,,True,0.9992707714136525,0.9992707714136427,9.769962616701378e-15,8.789156087482103e-12,2.855895066727514e-12
gedai,chb17c_05.edf,,,True,0.9992770486160442,0.9992770486159864,5.773159728050814e-14,1.5381381947505787e-12,4.582255841229026e-12
gedai,chb17c_06.edf,,,True,0.9991781766427557,0.999178176642726,2.964295475749168e-14,2.8440282408290426e-12,3.1126715136548212e-12
gedai,chb17c_07.edf,,,True,0.9991132050004977,0.9991132050005351,3.7414515929867775e-14,1.0031901366222868e-12,5.239913043703011e-13
gedai,chb17c_08.edf,,,True,0.9992075843113789,0.9992075843113781,7.771561172376096e-16,2.598897459080987e-12,2.3785423116854737e-12
gedai,chb17c_13.edf,,,True,0.2708029554287245,0.269396599698095,0.0014063557306295271,6.53621428700244e-15,6.1287409546284056e-15
gedai,chb18_01.edf,,,True,0.29333957301839253,0.2919001465761341,0.001439426442258418,3.5375295964398173e-15,3.2434354822311173e-15
gedai,chb18_02.edf,,,True,0.3634377216000083,0.3652869715320147,0.0018492499320064137,3.7810737658521266e-15,4.255095312388701e-15
gedai,chb18_03.edf,,,True,0.3900598415806475,0.3900904732522435,3.063167159600422e-05,5.00937826957174e-15,5.027457538534978e-15
gedai,chb18_04.edf,,,True,0.40881986371554196,0.39963746537680606,0.009182398338735909,1.0181138130046504e-14,7.542201433005118e-15
gedai,chb18_05.edf,,,True,0.3911123019977477,0.9994026875266636,0.6082903855289159,3.5533125525224944e-15,5.488895935808151e-13
gedai,chb18_06.edf,,,True,0.40636597256113244,0.40856078451630273,0.002194811955170295,3.800686045589456e-15,4.229915047144652e-15
gedai,chb18_07.edf,,,True,0.41041989955122904,0.4070424455013476,0.0033774540498814343,7.4138616986094e-15,6.5823600969346355e-15
gedai,chb18_08.edf,,,True,0.9946064033320086,0.999435530016048,0.004829126684039453,6.98009257228282e-14,3.1824284567741493e-13
gedai,chb18_09.edf,,,True,0.9994459556664426,0.9994459556664088,3.375077994860476e-14,1.7101091555802814e-12,1.7101091555802814e-12
gedai,chb18_10.edf,,,True,0.9994699849215919,0.9994699849215988,6.8833827526759706e-15,1.6726669419842498e-13,1.0187100252902877e-13
gedai,chb18_11.edf,,,True,0.999400008534399,0.9994000085344209,2.1871393585115584e-14,7.90043290761845e-14,1.5336422310646166e-13
gedai,chb18_12.edf,,,True,0.9994512239069988,0.9994512239070007,1.887379141862766e-15,3.5663422487293512e-12,3.5663422487293512e-12
gedai,chb18_13.edf,,,True,0.999538286996686,0.9995382869965896,9.636735853746359e-14,9.864792460538723e-14,6.994724286773647e-14
gedai,chb18_14.edf,,,True,0.9995272116899472,0.9995272116899452,1.9984014443252818e-15,4.2917658184014933e-14,2.98154522634239e-13
gedai,chb18_15.edf,,,True,0.46868025469620883,0.5148828658791476,0.046202611182938724,9.515863935116172e-15,1.3444972380945319e-14
gedai,chb18_16.edf,,,True,0.3993961828103471,0.38846802728386287,0.01092815552648424,6.895573186853222e-15,4.303835550894693e-15
gedai,chb18_17.edf,,,True,0.47562084249006936,0.48757515362594367,0.011954311135874307,9.88191786671847e-15,1.1547537831345234e-14
gedai,chb18_18.edf,,,True,0.4282044861729572,0.9994325261413229,0.5712280399683658,1.2219895081772457e-14,3.108493336859212e-13
gedai,chb18_19.edf,,,True,0.41389898149561194,0.9994696406809113,0.5855706591852994,8.125455093506578e-15,1.1580469334250415e-12
gedai,chb18_20.edf,,,True,0.3491984367605198,0.35118796824191817,0.0019895314813983545,5.574949769371091e-15,6.0734575760443835e-15
gedai,chb18_21.edf,,,True,0.30730414287982466,0.30897489875486633,0.001670755875041674,4.836951034024489e-15,5.292625479280536e-15
gedai,chb18_22.edf,,,True,0.37527047739851,0.37001305475276963,0.005257422645740362,7.456816937745757e-15,5.733823520775845e-15
gedai,chb18_23.edf,,,True,0.7269464034575058,0.6930929734670932,0.03385342999041263,1.239789040391689e-13,1.1422003996108115e-13
gedai,chb18_24.edf,,,True,0.9994267239322316,0.9994267239322158,1.587618925213974e-14,1.9027655260150365e-12,1.9027655260150365e-12
gedai,chb18_25.edf,,,True,0.9993843295470629,0.999384329547099,3.608224830031759e-14,1.7607133402394848e-12,1.7607133402394848e-12
gedai,chb18_26.edf,,,True,0.9992830090151128,0.9992830090151026,1.021405182655144e-14,6.07266916187732e-12,8.013030444953702e-13
gedai,chb18_27.edf,,,True,0.9993701560547698,0.9993701560548154,4.5630166312093934e-14,5.2945847183588235e-12,5.2945847183588235e-12
gedai,chb18_28.edf,,,True,0.9994748393153065,0.999474839315313,6.5503158452884236e-15,1.0685325656160894e-13,1.0685325656160894e-13
gedai,chb18_29.edf,,,True,0.734933387009762,0.8992413155632846,0.1643079285535226,1.725339431646098e-14,2.633467936318683e-14
gedai,chb18_30.edf,,,True,0.999441915757443,0.9994419157574459,2.886579864025407e-15,5.65136915182053e-14,8.646148721736258e-14
gedai,chb18_31.edf,,,True,0.6026660801695716,0.5685844475324789,0.03408163263709263,1.3156744628251364e-13,1.218641548514168e-13
gedai,chb18_32.edf,,,True,0.9997955631836634,0.9997955631836637,3.3306690738754696e-16,9.592570374410748e-11,9.592570374410748e-11
gedai,chb18_33.edf,,,True,0.9992629187897148,0.9992629187896886,2.6201263381153694e-14,3.992995732106817e-12,6.814140984882912e-14
gedai,chb18_34.edf,,,True,0.9993951880003102,0.9993951880003082,1.9984014443252818e-15,4.383886960825404e-13,4.319834093341098e-13
gedai,chb18_35.edf,,,True,0.9993203262443346,0.9993203262443414,6.772360450213455e-15,3.241325486731099e-12,5.373066523437045e-12
gedai,chb18_36.edf,,,True,0.9993007331315582,0.9993007331315577,5.551115123125783e-16,1.1944176776289896e-12,4.101709778492391e-13
gedai,chb19_01.edf,,,True,0.9994378929464239,0.9994378929464214,2.55351295663786e-15,8.864827490209079e-12,8.864827490209079e-12
gedai,chb19_02.edf,,,True,0.3555739929877898,0.3566231066738685,0.0010491136860786843,2.4635301438638095e-15,2.626767640940596e-15
gedai,chb19_03.edf,,,True,0.32324543491317115,0.3234467974464388,0.00020136253326763498,3.5461299426418675e-15,3.5796651402714424e-15
gedai,chb19_04.edf,,,True,0.9995052979615219,0.9995052979615222,3.3306690738754696e-16,3.901768375185651e-12,3.901768375185651e-12
gedai,chb19_05.edf,,,True,0.9995635398938078,0.999563539893807,7.771561172376096e-16,9.51763997528297e-12,9.51763997528297e-12
gedai,chb19_06.edf,,,True,0.9995536215033092,0.999553621503308,1.2212453270876722e-15,1.811176430594488e-12,1.8156633283182276e-12
gedai,chb19_08.edf,,,True,0.9993638485386988,0.9993638485386844,1.432187701766452e-14,1.799509771208635e-13,1.0586729680734875e-12
gedai,chb19_09.edf,,,True,0.9992623205843877,0.9992623205843546,3.3084646133829665e-14,2.436706470102504e-12,2.436706470102504e-12
gedai,chb19_10.edf,,,True,0.9993135882791356,0.9993135882791778,4.218847493575595e-14,2.5566643857692944e-12,2.5566643857692944e-12
gedai,chb19_11.edf,,,True,0.9993430130478863,0.9993430130478871,7.771561172376096e-16,1.1835585333944705e-13,2.8799177038839723e-13
gedai,chb19_12.edf,,,True,0.999373092099017,0.9993730920990177,6.661338147750939e-16,2.7862255789702105e-13,2.692342002047277e-13
gedai,chb19_13.edf,,,True,0.9992726091307559,0.9992726091307252,3.064215547965432e-14,3.252802597953593e-13,3.2537017174721055e-13
gedai,chb19_14.edf,,,True,0.999346545866485,0.999346545866521,3.608224830031759e-14,1.222135949717793e-13,7.017967735967797e-14
gedai,chb19_15.edf,,,True,0.9993814903072953,0.9993814903072953,0.0,8.292427460131229e-12,8.292427460131229e-12
gedai,chb19_16.edf,,,True,0.9994824772433736,0.9994824772433716,1.9984014443252818e-15,2.4662583090808864e-12,2.460644229211778e-12
gedai,chb19_17.edf,,,True,0.35829894781179533,0.9995144144602037,0.6412154666484084,3.335369572099357e-15,6.416139185684089e-12
gedai,chb19_18.edf,,,True,0.9995799667598844,0.9995799667598965,1.2101430968414206e-14,2.776287382048605e-11,2.776287382048605e-11
gedai,chb19_19.edf,,,True,0.9995189239227101,0.9995189239227057,4.440892098500626e-15,6.7533173078018446e-12,6.7533173078018446e-12
gedai,chb19_20.edf,,,True,0.9995334071953067,0.9995334071953028,3.885780586188048e-15,6.2888734139832055e-12,6.2888734139832055e-12
gedai,chb19_21.edf,,,True,0.9994708865984138,0.9994708865984453,3.1530333899354446e-14,4.059297628318016e-12,4.059297628318016e-12
gedai,chb19_22.edf,,,True,0.9994437491599312,0.9994437491599228,8.326672684688674e-15,4.237315658863139e-12,4.280430296202192e-12
gedai,chb19_23.edf,,,True,0.9994182528015285,0.9994182528015086,1.9872992140790302e-14,5.232282550958439e-13,5.027658460797886e-13
gedai,chb19_24.edf,,,True,0.9993924021677109,0.9993924021675669,1.439959262938828e-13,3.1476935850145266e-13,8.803821749145743e-13
gedai,chb19_25.edf,,,True,0.9994413734072582,0.9994413734073593,1.0103029524088925e-13,1.1471083941631694e-13,9.778574955973403e-14
gedai,chb19_26.edf,,,True,0.9990555654744236,0.9990555654743853,3.83026943495679e-14,1.4912538096588444e-11,2.9210431740311805e-12
gedai,chb19_27.edf,,,True,0.9992042204821523,0.9992042204821262,2.609024107869118e-14,8.057400387338566e-13,8.085133893661458e-13
gedai,chb19_28.edf,,,True,0.9994012056511875,0.99940120565115,3.752553823233029e-14,4.2086674418106e-11,4.2086674418106e-11
gedai,chb19_29.edf,,,True,0.9992984052752691,0.9992984052752558,1.3322676295501878e-14,9.073533985766802e-12,9.018382363527823e-12
gedai,chb19_30.edf,,,True,0.9995922246820943,0.9995922246821113,1.6986412276764895e-14,7.75678861429604e-12,7.750390051108307e-12
gedai,chb20_01.edf,,,True,0.8897166970242697,0.951354508387461,0.06163781136319135,7.587212126945596e-14,8.921742464764604e-14
gedai,chb20_02.edf,,,True,0.9997277895880012,0.9997277895879991,2.1094237467877974e-15,4.8941112966064766e-12,4.8941112966064766e-12
gedai,chb20_03.edf,,,True,0.42965200467608367,0.4864475115066576,0.05679550683057394,2.3051997817808346e-14,2.989749492746011e-14
gedai,chb20_04.edf,,,True,0.7857254038753594,0.7994424779344665,0.01371707405910716,6.565207556348905e-14,6.782509042507177e-14
gedai,chb20_05.edf,,,True,0.9996562771279417,0.9996562771279746,3.2862601528904634e-14,6.104060884373365e-12,6.104060884376401e-12
gedai,chb20_06.edf,,,True,0.9996199749905398,0.9996199749905675,2.7755575615628914e-14,5.5795356952389005e-12,5.5795356952389005e-12
gedai,chb20_07.edf,,,True,0.7869665081215687,0.9996919657489107,0.21272545762734207,5.493776095429069e-14,5.084117355469741e-12
gedai,chb20_08.edf,,,True,0.7221726413195935,0.7001368416322631,0.022035799687330382,5.609983523163692e-14,4.946182436210144e-14
gedai,chb20_11.edf,,,True,0.9992344417147356,0.9992344417147249,1.0769163338864018e-14,1.155365585579935e-11,1.155365585579935e-11
gedai,chb20_12.edf,,,True,0.999377250054446,0.9993772500544469,8.881784197001252e-16,4.1048223635693955e-12,4.1048223635693955e-12
gedai,chb20_13.edf,,,True,0.9993882044642974,0.9993882044643271,2.964295475749168e-14,4.461894924912936e-12,4.461894924912936e-12
gedai,chb20_14.edf,,,True,0.9992845364697374,0.9992845364697388,1.4432899320127035e-15,6.3179720313381724e-12,6.3179720313381724e-12
gedai,chb20_15.edf,,,True,0.9993655229500639,0.9993655229499542,1.0969003483296547e-13,4.220260665579064e-12,4.220260665579064e-12
gedai,chb20_16.edf,,,True,0.9995140498480873,0.9995140498481219,3.452793606584237e-14,4.630312225177843e-12,4.630312225177843e-12
gedai,chb20_17.edf,,,True,0.6749460818922507,0.7043869879889083,0.029440906096657615,4.274459032780854e-14,5.180702314706847e-14
gedai,chb20_21.edf,,,True,0.3079178371504868,0.3520637844094469,0.044145947258960094,2.5408106020421447e-14,3.5997173132768366e-14
gedai,chb20_22.edf,,,True,0.7468496560513215,0.8045200354223431,0.057670379371021596,6.000310103943365e-14,6.924529341688993e-14
gedai,chb20_23.edf,,,True,0.618010295766569,0.7294922554217903,0.11148195965522134,3.9295039584204244e-14,6.193704904986933e-14
gedai,chb20_25.edf,,,True,0.9994501817302673,0.9994501817302432,2.4091839634365897e-14,1.1487799118718171e-11,1.1487799118718171e-11
gedai,chb20_26.edf,,,True,0.9997641438913928,0.9997641438913807,1.2101430968414206e-14,1.689759945036146e-12,1.6785545186106796e-12
gedai,chb20_27.edf,,,True,0.567200763106827,0.6257664563287993,0.05856569322197236,3.3044901043724116e-14,4.3167988144700797e-14
gedai,chb20_28.edf,,,True,0.674709757397748,0.6310018342350464,0.043707923162701556,6.454032927801911e-14,5.322899799550997e-14
gedai,chb20_29.edf,,,True,0.6191887998697546,0.6008259783845447,0.018362821485209957,9.146408114895414e-14,8.110515495002717e-14
gedai,chb20_30.edf,,,True,0.9997327647910104,0.9131199403171746,0.08661282447383578,7.165583897970417e-12,1.0768754045548118e-13
gedai,chb20_31.edf,,,True,0.9996786930728931,0.7404686496795763,0.2592100433933169,8.50318060461977e-12,9.249440853252035e-14
gedai,chb20_34.edf,,,True,0.9996525272936935,0.99965252729368,1.3433698597964394e-14,7.413599021079176e-12,7.413599021079176e-12
gedai,chb20_59.edf,,,True,0.9993529189686281,0.9993529189686238,4.3298697960381105e-15,1.0721297185796366e-11,1.072129718579652e-11
gedai,chb20_60.edf,,,True,0.9992556698530912,0.9992556698530929,1.6653345369377348e-15,5.574718157308768e-13,1.738062803785591e-12
gedai,chb20_68.edf,,,True,0.9993581718927426,0.9993581718927063,3.630429290524262e-14,4.595945959843012e-12,4.575354642823968e-12
gedai,chb21_01.edf,,,True,0.46659739386714805,0.470344595380878,0.0037472015137299253,2.9975029421498127e-14,3.1078476872932205e-14
gedai,chb21_02.edf,,,True,0.5720331366019952,0.5356827277548545,0.03635040884714069,3.7456254669644993e-14,3.058671541522142e-14
gedai,chb21_03.edf,,,True,0.5134316513156272,0.5285422145460297,0.015110563230402496,2.7321180877895517e-14,3.056056550198897e-14
gedai,chb21_04.edf,,,True,0.4388612667608022,0.45064131153831305,0.011780044777510823,1.559589389237924e-14,1.8524258044206228e-14
gedai,chb21_05.edf,,,True,0.42048995862850325,0.42862453569320386,0.00813457706470061,1.7105701065942376e-14,1.9141737862475045e-14
gedai,chb21_06.edf,,,True,0.44572459183738056,0.9994994759067537,0.5537748840693731,2.2825954038822835e-14,9.783595472059177e-12
gedai,chb21_07.edf,,,True,0.9995266615816211,0.9995266615816156,5.440092820663267e-15,1.4442010279443317e-13,2.6040181430947546e-12
gedai,chb21_08.edf,,,True,0.9994360144146762,0.9994360144146769,6.661338147750939e-16,2.275791446642774e-13,2.4963026573602286e-13
gedai,chb21_09.edf,,,True,0.9993495802917053,0.9993495802916642,4.107825191113079e-14,1.1671133552320294e-11,1.1671133552320294e-11
gedai,chb21_10.edf,,,True,0.9993142992688602,0.9993142992688708,1.0658141036401503e-14,8.454661758398778e-12,8.454661758398778e-12
gedai,chb21_11.edf,,,True,0.999214542756154,0.9992145427561232,3.0753177782116836e-14,1.1603221681392815e-11,1.1603221681392815e-11
gedai,chb21_12.edf,,,True,0.999255724517047,0.999255724517099,5.1958437552457326e-14,5.6825710505718366e-12,5.6825710505718366e-12
gedai,chb21_13.edf,,,True,0.9992547090194972,0.9992547090195761,7.893685705084863e-14,6.461546325463431e-12,6.461546325463431e-12
gedai,chb21_14.edf,,,True,0.999161762843556,0.9991617628438109,2.5490720645393594e-13,7.033590899038687e-12,7.033590899038687e-12
gedai,chb21_15.edf,,,True,0.9993218342592852,0.9993218342592793,5.88418203051333e-15,4.911500191299968e-13,2.8571526258028606e-13
gedai,chb21_16.edf,,,True,0.37252496929846546,0.36631251110188756,0.006212458196577897,1.2587017270401302e-14,1.0809402108440241e-14
gedai,chb21_17.edf,,,True,0.3940120237393658,0.4041702293948007,0.010158205655434904,1.5129770329653863e-14,1.7547093567479362e-14
gedai,chb21_18.edf,,,True,0.4322115265937675,0.4388163445317897,0.0066048179380222005,1.0946482141757834e-14,1.1840364760439044e-14
gedai,chb21_19.edf,,,True,0.3773870755603146,0.3777288323832722,0.00034175682295761733,1.7439093916429794e-14,1.7573006185399535e-14
gedai,chb21_20.edf,,,True,0.38150371267573935,0.9994389346961772,0.6179352220204378,1.202450102386012e-14,1.3489010286487648e-11
gedai,chb21_21.edf,,,True,0.4280146155338759,0.4311023382816863,0.0030877227478104396,2.606126119162203e-14,2.7089366290964345e-14
gedai,chb21_22.edf,,,True,0.36864717207925224,0.3800072084698569,0.011360036390604678,1.591916080818377e-14,1.977288240716421e-14
gedai,chb21_23.edf,,,True,0.4324303629592288,0.46252665034709467,0.03009628738786585,1.4110135977379518e-14,1.8860480208033905e-14
gedai,chb21_24.edf,,,True,0.3535488529908959,0.36231101576141916,0.008762162770523274,1.293181725257476e-14,1.526748536008547e-14
gedai,chb21_25.edf,,,True,0.26150643455018663,0.25058524275417204,0.010921191796014584,1.9533342337388944e-14,1.53508990278377e-14
gedai,chb21_26.edf,,,True,0.9993133456252683,0.9993133456252542,1.4099832412739488e-14,1.4432455819915591e-11,1.4432455819915591e-11
gedai,chb21_27.edf,,,True,0.9991817088646773,0.9991817088646724,4.884981308350689e-15,7.458734380780936e-12,7.560705574290363e-12
gedai,chb21_28.edf,,,True,0.9991831180356635,0.9991831180356596,3.885780586188048e-15,3.1040267852813165e-11,3.1040267852813165e-11
gedai,chb21_29.edf,,,True,0.9990888293490082,0.9990888293490158,7.549516567451064e-15,2.2685822021110754e-11,2.2834338846917404e-11
gedai,chb21_30.edf,,,True,0.43352982570797816,0.45131442892242957,0.01778460321445141,2.825973475461219e-14,3.335679535174693e-14
gedai,chb21_31.edf,,,True,0.20898810550751754,0.24885702433646992,0.03986891882895238,2.723874645411029e-14,5.012441698818007e-14
gedai,chb21_32.edf,,,True,0.9994519215086716,0.9994519215086017,6.983302824892235e-14,6.504379837444808e-12,6.504379837444808e-12
gedai,chb22_01.edf,,,True,0.9994293239855618,0.9994293239855409,2.098321516541546e-14,1.3864799035012682e-11,1.3864799035012682e-11
gedai,chb22_02.edf,,,True,0.9994141706212404,0.9994141706213566,1.162403506782539e-13,1.0793548528156064e-11,1.0793548528156064e-11
gedai,chb22_03.edf,,,True,0.9993417182242074,0.9993417182242039,3.4416913763379853e-15,1.390186855985983e-11,1.390186855985983e-11
gedai,chb22_04.edf,,,True,0.9992230626204911,0.9992230626205194,2.8310687127941492e-14,1.0356960363016802e-11,1.0356960363016802e-11
gedai,chb22_05.edf,,,True,0.9992460261051413,0.9992460261051497,8.326672684688674e-15,3.5436367820373245e-12,3.5436367820373245e-12
gedai,chb22_07.edf,,,True,0.9992723098330825,0.9992723098333289,2.4646951146678475e-13,8.802961421349588e-12,8.802961421349588e-12
gedai,chb22_08.edf,,,True,0.9993962308578368,0.9993962308578139,2.2870594307278225e-14,2.016382469531458e-11,2.016382469531458e-11
gedai,chb22_09.edf,,,True,0.999403871105434,0.9994038711054477,1.3655743202889425e-14,2.500228222141489e-11,2.500228222141489e-11
gedai,chb22_10.edf,,,True,0.9994563977617229,0.9994563977617171,5.773159728050814e-15,2.739458049086997e-11,2.739458049086997e-11
gedai,chb22_11.edf,,,True,0.9993987632610192,0.9993987632607648,2.5435209494162336e-13,4.039073672733662e-11,4.039073672733662e-11
gedai,chb22_15.edf,,,True,0.2771262264507719,0.9994310333458161,0.7223048068950442,1.1436537368117816e-14,4.295156512033379e-11
gedai,chb22_16.edf,,,True,0.2809254168294131,0.2815663305516568,0.00064091372224373,1.4316420617697842e-14,1.457351523285751e-14
gedai,chb22_18.edf,,,True,0.9995212864562051,0.9995212864562256,2.0539125955565396e-14,2.427156291902212e-11,2.427156291902212e-11
gedai,chb22_19.edf,,,True,0.30122453245797,0.3094352184734868,0.008210686015516833,1.095940570563711e-14,1.3755753598169887e-14
gedai,chb22_20.edf,,,True,0.2800288673569175,0.999397797178672,0.7193689298217545,1.1762908543624188e-14,3.316181407677489e-11
gedai,chb22_21.edf,,,True,0.9994235050280509,0.9994235050280269,2.398081733190338e-14,3.141387406078171e-11,3.141387406078171e-11
gedai,chb22_22.edf,,,True,0.9993782417873086,0.9993782417873125,3.885780586188048e-15,2.7284895244430695e-11,2.7284895244430695e-11
gedai,chb22_23.edf,,,True,0.3140009441918939,0.9992364688393737,0.6852355246474797,1.478679018950131e-14,2.9106252923846016e-11
gedai,chb22_24.edf,,,True,0.9992503687267066,0.9992503687266829,2.3647750424515834e-14,3.026433012378193e-11,3.026433012378193e-11
gedai,chb22_25.edf,,,True,0.5784250838323564,0.7942705206325694,0.21584543680021306,1.5999047367638216e-13,2.803507308147996e-13
gedai,chb22_26.edf,,,True,0.9994274463135896,0.9994274463135496,3.9968028886505635e-14,8.851998364212988e-12,8.851998364212988e-12
gedai,chb22_27.edf,,,True,0.9992530493667424,0.9992530493667062,3.6193270602780103e-14,1.0678480531777448e-11,1.0678480531777448e-11
gedai,chb22_28.edf,,,True,0.9994043080555083,0.9994043080555113,2.9976021664879227e-15,3.0814700857321368e-12,3.0814700857321368e-12
gedai,chb22_29.edf,,,True,0.9992675245692185,0.9992675245692215,2.9976021664879227e-15,1.7754198756887424e-12,1.0561920013044527e-11
gedai,chb22_30.edf,,,True,0.9994135252726579,0.999413525272629,2.886579864025407e-14,3.400735621808584e-12,3.400735621808584e-12
gedai,chb22_38.edf,,,True,0.9847080800759942,0.9993861626056415,0.014678082529647307,5.894832962067263e-13,1.2680084167617305e-12
gedai,chb22_51.edf,,,True,0.8174802549068755,0.8290075331237693,0.01152727821689381,3.340893541705275e-13,3.408774606306487e-13
gedai,chb22_54.edf,,,True,0.9992019747716608,0.9992019747716594,1.4432899320127035e-15,1.1826357272596007e-11,3.657607065820113e-11
gedai,chb22_77.edf,,,True,0.999451821518333,0.9994518215182221,1.1091128016005314e-13,1.7110265194339778e-11,1.7110265194339778e-11
gedai,chb23_06.edf,,,True,0.9993568515393914,0.9993568515393954,3.9968028886505635e-15,2.8185262655771545e-11,8.949912566711782e-12
gedai,chb23_07.edf,,,True,0.29148953391894367,0.29187777371342394,0.0003882397944802718,8.653834398864238e-15,8.705679856349694e-15
gedai,chb23_08.edf,,,True,0.37736239352820405,0.381662057946908,0.004299664418703941,3.0341363559006465e-14,3.170930309543092e-14
gedai,chb23_09.edf,,,True,0.3088399816209461,0.35843142140265294,0.049591439781706825,1.2013673681173939e-14,2.4067802456638017e-14
gedai,chb23_10.edf,,,True,0.9991754142802928,0.9991754142802939,1.1102230246251565e-15,1.680614470984744e-11,1.6829214729826502e-11
gedai,chb23_16.edf,,,True,0.9991542990249735,0.9991542990249735,0.0,1.483829151099418e-11,1.483829151099418e-11
gedai,chb23_17.edf,,,True,0.29454339483468905,0.29372002856776525,0.0008233662669238084,1.1335237659955765e-14,1.117606577912577e-14
gedai,chb23_19.edf,,,True,0.9990838985582834,0.999083898558282,1.4432899320127035e-15,6.266323344223715e-13,6.307448923583235e-13
gedai,chb23_20.edf,,,True,0.5708964627582301,0.5629612355774812,0.007935227180748905,3.385312953169631e-14,3.198052189917531e-14
gedai,chb24_01.edf,,,True,0.9995586061443814,0.9995586061443866,5.218048215738236e-15,1.6540438828575006e-11,1.582268694153161e-11
gedai,chb24_02.edf,,,True,0.9994707041767651,0.9994707041767724,7.327471962526033e-15,9.712690937767778e-12,9.46960963618117e-12
gedai,chb24_03.edf,,,True,0.999546107041648,0.9995461070416342,1.3877787807814457e-14,7.268042587543294e-12,6.4013989482620765e-12
gedai,chb24_04.edf,,,True,0.9995045332852247,0.9995045332851891,3.5638159090467525e-14,2.6351880639770874e-11,2.63518806397705e-11
gedai,chb24_05.edf,,,True,0.999297088131759,0.9992970881318206,6.161737786669619e-14,1.8992230076999712e-11,1.8992230076999712e-11
gedai,chb24_06.edf,,,True,0.9993602961284366,0.9993602961284396,2.9976021664879227e-15,1.1004646862650892e-11,1.0916298849389155e-11
gedai,chb24_07.edf,,,True,0.999302250254029,0.9993022502540333,4.3298697960381105e-15,2.486304555545434e-11,2.486304555545434e-11
gedai,chb24_08.edf,,,True,0.9991871049068808,0.9991871049068205,6.0285110237146e-14,1.4831565898793662e-11,1.4831565898793662e-11
gedai,chb24_09.edf,,,True,0.9992836100029365,0.9992836100029356,8.881784197001252e-16,1.7144206176027107e-11,8.973099111590804e-13
gedai,chb24_10.edf,,,True,0.9992077885957007,0.9992077885957251,2.4424906541753444e-14,1.8789330648540834e-11,1.8789330648540834e-11
gedai,chb24_11.edf,,,True,0.9993976344438938,0.9993976344439177,2.3869795029440866e-14,3.6132086519634062e-12,1.109649370691548e-11
gedai,chb24_12.edf,,,True,0.9992203472088226,0.9992203472088222,3.3306690738754696e-16,8.183313782212952e-12,8.197076209694001e-12
gedai,chb24_13.edf,,,True,0.9993531169744356,0.9993531169744505,1.4876988529977098e-14,1.6369957100645462e-12,1.268406544610381e-11
gedai,chb24_14.edf,,,True,0.9993178362500833,0.9993178362500847,1.4432899320127035e-15,7.0626492947134e-12,7.08191075791817e-12
gedai,chb24_15.edf,,,True,0.9993884690439211,0.9993884690437727,1.4843681839238343e-13,7.286895393005932e-13,3.5202218023385345e-12
gedai,chb24_16.edf,,,True,0.9993729707764538,0.9993729707764523,1.5543122344752192e-15,2.338082694213872e-12,1.701679775788703e-12
gedai,chb24_17.edf,,,True,0.9995156332428835,0.9995156332428953,1.176836406102666e-14,4.6473575122601555e-12,2.964517378005647e-11
gedai,chb24_18.edf,,,True,0.9994981156306636,0.9994981156306749,1.1324274851176597e-14,2.6883970044635428e-11,2.6883970044635428e-11
gedai,chb24_19.edf,,,True,0.9995460063299648,0.9995460063299619,2.886579864025407e-15,3.9116650540214185e-11,3.9116650540214185e-11
gedai,chb24_20.edf,,,True,0.9994657318265987,0.9994657318266215,2.275957200481571e-14,2.6066391122351762e-11,2.6066391122351762e-11
gedai,chb24_21.edf,,,True,0.9995242475450441,0.9995242475450418,2.3314683517128287e-15,6.979619207169529e-10,6.979619207169529e-10
gedai,chb24_22.edf,,,True,0.9994807803463632,0.9994807803463563,6.8833827526759706e-15,3.770209867052293e-10,3.770209867052293e-10
amica,chb01_01.edf,[0],[0],True,0.42660334839260544,0.4266032729695327,7.542307273178395e-08,,
amica,chb01_02.edf,"[0, 3]","[0, 3]",True,0.5378699571747436,0.5378700464432209,8.926847727686038e-08,,
amica,chb01_03.edf,[0],[0],True,0.8894200780042767,0.8894665185092705,4.6440504993805476e-05,,
amica,chb01_04.edf,[1],[1],True,0.8364061114609815,0.8364016927658621,4.418695119468019e-06,,
amica,chb01_05.edf,"[0, 9]","[0, 9]",True,0.40298446799187077,0.4029838798457208,5.881461499490648e-07,,
amica,chb01_06.edf,"[0, 1, 7]","[0, 1, 7]",True,0.24837963709794972,0.2483791548464044,4.822515453084542e-07,,
amica,chb01_07.edf,[0],[0],True,0.4460732726328982,0.44609117920544933,1.7906572551129596e-05,,
amica,chb01_08.edf,[0],[0],True,0.5194229710039537,0.5194227932157087,1.777882450149093e-07,,
amica,chb01_09.edf,"[0, 2]","[0, 2]",True,0.42356953562682625,0.4235693045474488,2.3107937746624785e-07,,
amica,chb01_10.edf,[0],[0],True,0.5054198992889803,0.5054197862182387,1.1307074165856079e-07,,
amica,chb01_11.edf,"[0, 2, 7]","[0, 2, 7]",True,0.2942052416124327,0.294203596177201,1.6454352317341048e-06,,
amica,chb01_12.edf,"[0, 2]","[0, 2]",True,0.3749005720232874,0.3749006765657409,1.0454245347180091e-07,,
amica,chb01_13.edf,"[0, 3, 9]","[0, 3, 9]",True,0.38897666053197716,0.3889794074397129,2.7469077357178406e-06,,
amica,chb01_14.edf,[0],[0],True,0.7884962224630379,0.7884978036564597,1.5811934218623591e-06,,
amica,chb01_15.edf,"[0, 2]","[0, 2]",True,0.7224591307648648,0.7224444272098124,1.4703555052397732e-05,,
amica,chb01_16.edf,[0],[0],True,0.8507002619580473,0.8506712615009548,2.9000457092420717e-05,,
amica,chb01_17.edf,[3],[3],True,0.8797307176515188,0.8797337437471929,3.0260956741523515e-06,,
amica,chb01_18.edf,[],[],True,1.0,1.0,0.0,,
amica,chb01_19.edf,"[2, 5]","[2, 5]",True,0.7669317566065055,0.7669501290882009,1.8372481695450027e-05,,
amica,chb01_20.edf,[2],[2],True,0.8977796672442769,0.8977820806865893,2.4134423123323145e-06,,
amica,chb01_21.edf,[0],[0],True,0.6893454813199664,0.6893504203268438,4.939006877369145e-06,,
amica,chb01_22.edf,"[0, 1, 8]","[0, 1, 8]",True,0.2824349713845125,0.28243467855015236,2.9283436014937436e-07,,
amica,chb01_23.edf,"[0, 2, 10]","[0, 2, 10]",True,0.4320555055161302,0.43205546160243363,4.39136965679765e-08,,
amica,chb01_24.edf,"[0, 2, 8]","[0, 2, 8]",True,0.3816315313877313,0.3816314057872419,1.2560048939791457e-07,,
amica,chb01_25.edf,"[0, 3, 9]","[0, 3, 9]",True,0.5344982135777471,0.5344968694621873,1.3441155597426757e-06,,
amica,chb01_26.edf,[1],[1],True,0.8301935112562632,0.8301954885728462,1.9773165830239137e-06,,
amica,chb01_29.edf,[0],[0],True,0.7922138470255062,0.7922150491707312,1.202145224921125e-06,,
amica,chb01_30.edf,"[0, 3]","[0, 3]",True,0.5087478823493145,0.5087456438682836,2.2384810308695435e-06,,
amica,chb01_31.edf,"[0, 4, 6]","[0, 4, 6]",True,0.6172529269799686,0.6172536405115832,7.135316145712167e-07,,
amica,chb01_32.edf,"[0, 7]","[0, 7]",True,0.6806916450285736,0.6806932755805741,1.6305520005310825e-06,,
amica,chb01_33.edf,"[0, 3, 5]","[0, 3, 5]",True,0.4895447311970738,0.4895447369959778,5.798903968123881e-09,,
amica,chb01_34.edf,"[1, 7]","[1, 7]",True,0.7755873341549591,0.775586830718571,5.034363880218606e-07,,
amica,chb01_36.edf,[0],[0],True,0.8276217131486583,0.827605994157398,1.571899126029397e-05,,
amica,chb01_37.edf,"[0, 2]","[0, 2]",True,0.7075448317338593,0.7075526651129032,7.833379043864497e-06,,
amica,chb01_38.edf,[3],[3],True,0.8529716299372233,0.8529909107527213,1.928081549795735e-05,,
amica,chb01_39.edf,"[0, 2, 6]","[0, 2, 6]",True,0.6838685771042795,0.6838693021222714,7.250179918649735e-07,,
amica,chb01_40.edf,[6],[6],True,0.935162575754849,0.9351655828481187,3.0070932697245922e-06,,
amica,chb01_41.edf,[5],[5],True,0.88866913277844,0.88867377622275,4.643444310059586e-06,,
amica,chb01_42.edf,"[1, 2, 15]","[1, 2, 15]",True,0.6766535240208147,0.6766550959983878,1.5719775731115604e-06,,
amica,chb01_43.edf,[2],[2],True,0.8803300846771397,0.8803447371850035,1.4652507863810449e-05,,
amica,chb01_46.edf,[0],[0],True,0.603676954011991,0.6036769320986375,2.191335346513057e-08,,
amica,chb02_03.edf,[1],[1],True,0.8176581205273665,0.8176573946268306,7.259005359028237e-07,,
amica,chb02_04.edf,[0],[0],True,0.8524497485625309,0.8524489863697879,7.621927429202202e-07,,
amica,chb02_06.edf,"[0, 4]","[0, 4]",True,0.7030010000732975,0.7030015638133955,5.637400980473828e-07,,
amica,chb02_07.edf,"[0, 4]","[0, 4]",True,0.6920684885148944,0.6920692861758456,7.976609511795019e-07,,
amica,chb02_08.edf,"[1, 3, 11]","[1, 3, 11]",True,0.6937129459168235,0.6937139597424739,1.0138256503200438e-06,,
amica,chb02_09.edf,[2],[2],True,0.8354031025826693,0.8353990785384509,4.024044218398082e-06,,
amica,chb02_10.edf,[2],[2],True,0.8619272171949789,0.8619286970196754,1.4798246965597173e-06,,
amica,chb02_11.edf,[3],[3],True,0.8765312048910736,0.8765274554564068,3.7494346668554e-06,,
amica,chb02_12.edf,[],[],True,1.0,1.0,0.0,,
amica,chb02_13.edf,[10],[10],True,0.9139763874606529,0.9139833348352822,6.947374629251435e-06,,
amica,chb02_14.edf,"[1, 9]","[1, 9]",True,0.8081596863257368,0.8081589829296904,7.033960464086775e-07,,
amica,chb02_15.edf,"[1, 3, 7]","[1, 3, 7]",True,0.7824415777963637,0.7824417633675849,1.855712211673577e-07,,
amica,chb02_16+.edf,[],[],True,1.0,1.0,0.0,,
amica,chb02_16.edf,"[2, 3]","[2, 3]",True,0.8320660647611167,0.8320659999360129,6.482510372940453e-08,,
amica,chb02_17.edf,"[0, 3]","[0, 3]",True,0.7020384198595953,0.7020389624554136,5.425958183868929e-07,,
amica,chb02_18.edf,[0],[0],True,0.7482413899382906,0.7482414465033312,5.6565040651435083e-08,,
amica,chb02_19.edf,"[0, 2]","[0, 2]",True,0.5299547937294578,0.5299554344962776,6.407668198260552e-07,,
amica,chb02_21.edf,"[2, 6]","[2, 6]",True,0.8644756227850039,0.8644757034617214,8.067671752876038e-08,,
amica,chb02_22.edf,"[2, 11]","[2, 11]",True,0.8960430298373574,0.8960429390400678,9.07972895758391e-08,,
amica,chb02_23.edf,"[0, 2]","[0, 2]",True,0.6106058261161214,0.6106044270704697,1.3990456516621563e-06,,
amica,chb02_24.edf,"[0, 1]","[0, 1]",True,0.5210455064423121,0.5210462364800468,7.300377347085885e-07,,
amica,chb02_25.edf,"[0, 1]","[0, 1]",True,0.5937736937083368,0.5937718939153496,1.7997929872004548e-06,,
amica,chb02_26.edf,"[0, 3]","[0, 3]",True,0.5700216109459663,0.5700418768137576,2.0265867791358083e-05,,
amica,chb02_27.edf,"[0, 1]","[0, 1]",True,0.6261489149250659,0.6261493804799974,4.6555493149469385e-07,,
amica,chb02_28.edf,[3],[3],True,0.8657879627222004,0.8657952718790022,7.3091568018046615e-06,,
amica,chb02_29.edf,[3],[3],True,0.9022957737826008,0.9023120830765005,1.6309293899618993e-05,,
amica,chb02_30.edf,"[3, 4]","[3, 4]",True,0.8185476652703387,0.8185366763878655,1.0988882473195183e-05,,
amica,chb02_32.edf,"[2, 3]","[2, 3]",True,0.8059434401127087,0.805997894665934,5.445455322528048e-05,,
amica,chb02_33.edf,[3],[3],True,0.931104848841579,0.9311006539756067,4.1948659722512716e-06,,
amica,chb02_34.edf,"[2, 3]","[2, 3]",True,0.7695917558566697,0.7696025883494294,1.0832492759682566e-05,,
amica,chb02_35.edf,[0],[0],True,0.790047964812864,0.7900446450622579,3.3197506060789195e-06,,
amica,chb03_01.edf,"[0, 1, 6]","[0, 1, 6]",True,0.22641326669133577,0.22640865834573096,4.6083456048118254e-06,,
amica,chb03_02.edf,[0],[0],True,0.5284902938605348,0.5284936730843366,3.379223801780462e-06,,
amica,chb03_03.edf,"[0, 2]","[0, 2]",True,0.4471187903301206,0.4471135610556767,5.229274443907528e-06,,
amica,chb03_04.edf,"[0, 1]","[0, 1]",True,0.17843012355865087,0.17843001492326357,1.0863538729699584e-07,,
amica,chb03_05.edf,"[0, 1]","[0, 1]",True,0.4071816160987127,0.40718030872137445,1.307377338222171e-06,,
amica,chb03_06.edf,[0],[0],True,0.7708649707183749,0.7708608847713021,4.085947072796081e-06,,
amica,chb03_07.edf,[],[],True,1.0,1.0,0.0,,
amica,chb03_08.edf,"[0, 1]","[0, 1]",True,0.6267908319928014,0.6268169130930064,2.6081100204966567e-05,,
amica,chb03_09.edf,[3],[3],True,0.8293158183133108,0.8293281359796552,1.2317666344352496e-05,,
amica,chb03_10.edf,"[0, 1]","[0, 1]",True,0.3401010220470117,0.3401023818079831,1.3597609713755787e-06,,
amica,chb03_11.edf,[0],[0],True,0.8145222807173756,0.814545630821525,2.335010414933336e-05,,
amica,chb03_12.edf,[],[],True,1.0,1.0,0.0,,
amica,chb03_13.edf,"[1, 3]","[1, 3]",True,0.7069145360954114,0.706243662631965,0.0006708734634464086,,
amica,chb03_14.edf,[],[],True,1.0,1.0,0.0,,
amica,chb03_15.edf,[],[],True,1.0,1.0,0.0,,
amica,chb03_16.edf,"[0, 1]","[0, 1]",True,0.3239554354999947,0.32395548267207824,4.7172083517121877e-08,,
amica,chb03_17.edf,[0],[0],True,0.4268630091226238,0.4268627509231748,2.5819944898808345e-07,,
amica,chb03_18.edf,"[0, 1]","[0, 1]",True,0.3145399037546564,0.31453990799823045,4.243574047713139e-09,,
amica,chb03_19.edf,"[0, 1]","[0, 1]",True,0.2035553070323756,0.20355482316949244,4.838628831493885e-07,,
amica,chb03_20.edf,"[0, 1, 6]","[0, 1, 6]",True,0.2547673558887227,0.2547617015176454,5.654371077301601e-06,,
amica,chb03_21.edf,"[0, 1]","[0, 1]",True,0.29190772905616164,0.29191190246961957,4.1734134579307636e-06,,
amica,chb03_22.edf,"[0, 1]","[0, 1]",True,0.23847992520917458,0.2384805307207504,6.055115758241136e-07,,
amica,chb03_23.edf,[0],[0],True,0.8430606996059758,0.8432787264196577,0.00021802681368188193,,
amica,chb03_24.edf,"[0, 1]","[0, 1]",True,0.12084760352689425,0.12084690857561116,6.949512830894955e-07,,
amica,chb03_25.edf,"[0, 1]","[0, 1]",True,0.22050337590128383,0.22050198332391605,1.3925773677814224e-06,,
amica,chb03_26.edf,"[0, 1]","[0, 1]",True,0.207778114078608,0.20778201107405173,3.8969954437306775e-06,,
amica,chb03_27.edf,[0],[0],True,0.6072000710913235,0.6072016505515413,1.5794602178376138e-06,,
amica,chb03_28.edf,"[0, 2]","[0, 2]",True,0.6107178173376315,0.610718159254844,3.419172124319303e-07,,
amica,chb03_29.edf,"[0, 1, 6]","[0, 1, 6]",True,0.30390419143066466,0.3039027505309981,1.4408996665826734e-06,,
amica,chb03_30.edf,"[0, 5]","[0, 5]",True,0.6725441259166871,0.6725437201252112,4.0579147586594644e-07,,
amica,chb03_31.edf,"[1, 4, 13]","[1, 4, 13]",True,0.7042672131335578,0.7042642510219708,2.96211158701265e-06,,
amica,chb03_32.edf,"[0, 3]","[0, 3]",True,0.6200809986137384,0.6200811521426766,1.5352893811826362e-07,,
amica,chb03_33.edf,[1],[1],True,0.7829698307315502,0.7829681281494149,1.7025821353877646e-06,,
amica,chb03_34.edf,"[1, 5]","[1, 5]",True,0.8416671379727398,0.8416664212446505,7.167280893227712e-07,,
amica,chb03_35.edf,[1],[1],True,0.8848530481700052,0.8848626273798543,9.579209849119863e-06,,
amica,chb03_36.edf,"[2, 6, 12]","[2, 6, 12]",True,0.812932193458685,0.812931924694988,2.687636969644913e-07,,
amica,chb03_37.edf,"[0, 1, 3]","[0, 1, 3]",True,0.3024092959226272,0.30241012663990685,8.307172796317985e-07,,
amica,chb03_38.edf,[0],[0],True,0.5822029699626393,0.5822029338374943,3.612514498652075e-08,,
amica,chb04_01.edf,[0],[0],True,0.6345513102881181,0.6345514228321951,1.1254407705774128e-07,,
amica,chb04_02.edf,[0],[0],True,0.7645840391483266,0.7645843605342882,3.2138596162134547e-07,,
amica,chb04_03.edf,[],[],True,1.0,1.0,0.0,,
amica,chb04_04.edf,"[0, 5]","[0, 5]",True,0.6386231456977312,0.6386231328115478,1.2886183342608604e-08,,
amica,chb04_05.edf,[],[],True,1.0,1.0,0.0,,
amica,chb04_06.edf,[0],[0],True,0.667726608944689,0.6677267195151202,1.1057043114437448e-07,,
amica,chb04_07.edf,[0],[0],True,0.6449677227956538,0.6449680439238283,3.2112817449636566e-07,,
amica,chb04_08.edf,[0],[0],True,0.6808444115920751,0.6808444111398787,4.521963914427829e-10,,
amica,chb04_09.edf,"[1, 3]","[1, 3]",True,0.7359646949402757,0.7359651012983185,4.063580427704494e-07,,
amica,chb04_10.edf,[2],[2],True,0.9119788145508161,0.9119788087796237,5.771192412851178e-09,,
amica,chb04_11.edf,"[1, 2, 3]","[1, 2, 3]",True,0.6820792505457549,0.6820789525738243,2.979719305740147e-07,,
amica,chb04_12.edf,"[0, 3]","[0, 3]",True,0.6907376349833481,0.6907375061618979,1.2882145017378832e-07,,
amica,chb04_13.edf,"[0, 1, 11]","[0, 1, 11]",True,0.44496952859626726,0.4449684414148893,1.0871813779789186e-06,,
amica,chb04_14.edf,[],[],True,1.0,1.0,0.0,,
amica,chb04_15.edf,[],[],True,1.0,1.0,0.0,,
amica,chb04_16.edf,"[0, 1, 4]","[0, 1, 4]",True,0.1386914974369673,0.13869152919652417,3.1759556873289796e-08,,
amica,chb04_17.edf,"[0, 1, 4]","[0, 1, 4]",True,0.12348795196361158,0.12348770585230988,2.46111301699381e-07,,
amica,chb04_18.edf,[],[],True,1.0,1.0,0.0,,
amica,chb04_21.edf,[0],[0],True,0.6211235315353808,0.6211236905406735,1.590052927102903e-07,,
amica,chb04_22.edf,"[0, 6]","[0, 6]",True,0.6074927860720641,0.6074978369763574,5.05090429325783e-06,,
amica,chb04_24.edf,"[0, 1]","[0, 1]",True,0.5546370543014371,0.5546371307809964,7.647955935219386e-08,,
amica,chb04_25.edf,[0],[0],True,0.6810539329848166,0.6810537313966871,2.0158812952253413e-07,,
amica,chb04_26.edf,[0],[0],True,0.8725700677863188,0.87257582872621,5.76093989113069e-06,,
amica,chb04_27.edf,[0],[0],True,0.6986772690215525,0.6986493094946626,2.7959526889831388e-05,,
amica,chb04_28.edf,[0],[0],True,0.8757515757931958,0.8757465609965261,5.014796669700061e-06,,
amica,chb04_29.edf,[],[],True,1.0,1.0,0.0,,
amica,chb04_30.edf,"[0, 1]","[0, 1]",True,0.5203785340979381,0.5203706730006258,7.861097312322762e-06,,
amica,chb04_31.edf,"[0, 3, 10]","[0, 3, 10]",True,0.5455015698072609,0.5455015099550435,5.985221740445468e-08,,
amica,chb04_32.edf,"[0, 5, 12]","[0, 5, 12]",True,0.6413681248332762,0.641369243706363,1.118873086736194e-06,,
amica,chb04_33.edf,"[0, 3, 4]","[0, 3, 4]",True,0.4905909471101253,0.49059105238874073,1.052786154365215e-07,,
amica,chb04_34.edf,"[0, 1, 2, 3]","[0, 1, 2, 3]",True,0.1246645713415678,0.12466989750571142,5.3261641436153084e-06,,
amica,chb04_35.edf,"[1, 3]","[1, 3]",True,0.6516801459398283,0.6516801028225805,4.311724777217307e-08,,
amica,chb04_36.edf,[2],[2],True,0.979020506380932,0.9790205024233969,3.957535077425689e-09,,
amica,chb04_37.edf,"[1, 3]","[1, 3]",True,0.806750433974385,0.8067506751478309,2.4117344599172696e-07,,
amica,chb04_38.edf,"[0, 1, 3]","[0, 1, 3]",True,0.1949841787449134,0.19498414427178368,3.447312971194272e-08,,
amica,chb04_39.edf,[0],[0],True,0.7366372068817351,0.7366372457260865,3.8844351402111954e-08,,
amica,chb04_40.edf,"[0, 1, 9]","[0, 1, 9]",True,0.5903504790968002,0.5903506973856945,2.1828889429365006e-07,,
amica,chb04_41.edf,[2],[2],True,0.9158115581695934,0.9158087481992739,2.809970319428423e-06,,
amica,chb04_42.edf,[3],[3],True,0.9426246223477608,0.94264527902744,2.065667967920959e-05,,
amica,chb04_43.edf,"[0, 6]","[0, 6]",True,0.624461098167567,0.6244614382661074,3.400985404411472e-07,,
amica,chb05_01.edf,[0],[0],True,0.8326477985647817,0.8326477198339562,7.873082541465237e-08,,
amica,chb05_02.edf,[1],[1],True,0.844216773449414,0.8442160611044491,7.123449649037994e-07,,
amica,chb05_03.edf,[2],[2],True,0.8680625849304865,0.8680619709753918,6.13955094652674e-07,,
amica,chb05_04.edf,[2],[2],True,0.9047981526944712,0.9048011906337902,3.0379393189949866e-06,,
amica,chb05_05.edf,[2],[2],True,0.8904662833275251,0.8904669960592739,7.127317488420104e-07,,
amica,chb05_06.edf,[],[],True,1.0,1.0,0.0,,
amica,chb05_07.edf,[0],[0],True,0.881558519863614,0.8815817516901664,2.323182655239453e-05,,
amica,chb05_08.edf,"[0, 13]","[0, 13]",True,0.8350776649789335,0.8350617217662442,1.5943212689384367e-05,,
amica,chb05_09.edf,[],[],True,1.0,1.0,0.0,,
amica,chb05_10.edf,[],[],True,1.0,1.0,0.0,,
amica,chb05_11.edf,[1],[1],True,0.9016013558003168,0.901587064624482,1.429117583473527e-05,,
amica,chb05_12.edf,[1],[1],True,0.9140673299236621,0.9140610562058115,6.273717850668881e-06,,
amica,chb05_13.edf,[1],[1],True,0.9033561085764706,0.9033576775813774,1.5690049067762502e-06,,
amica,chb05_14.edf,[0],[0],True,0.770177444371175,0.7701790191950091,1.5748238341162235e-06,,
amica,chb05_15.edf,[4],[4],True,0.9385917569890748,0.9385792290517906,1.2527937284234625e-05,,
amica,chb05_16.edf,[],[],True,1.0,1.0,0.0,,
amica,chb05_17.edf,[],[],True,1.0,1.0,0.0,,
amica,chb05_18.edf,[],[],True,1.0,1.0,0.0,,
amica,chb05_19.edf,[],[],True,1.0,1.0,0.0,,
amica,chb05_20.edf,[],[],True,1.0,1.0,0.0,,
amica,chb05_21.edf,[],[],True,1.0,1.0,0.0,,
amica,chb05_22.edf,[],[],True,1.0,1.0,0.0,,
amica,chb05_23.edf,[6],[6],True,0.8829098626988096,0.8828943088274018,1.555387140772524e-05,,
amica,chb05_24.edf,[],[],True,1.0,1.0,0.0,,
amica,chb05_25.edf,[0],[0],True,0.9112007515562578,0.9112497881948144,4.903663855659879e-05,,
amica,chb05_26.edf,[1],[1],True,0.8560869228079502,0.8560861840343348,7.387736153940949e-07,,
amica,chb05_27.edf,[3],[3],True,0.872073639775328,0.872073904797478,2.650221500033467e-07,,
amica,chb05_28.edf,[],[],True,1.0,1.0,0.0,,
amica,chb05_29.edf,[2],[2],True,0.8733579450088649,0.8733577704417836,1.745670812347555e-07,,
amica,chb05_30.edf,[],[],True,1.0,1.0,0.0,,
amica,chb05_31.edf,[1],[1],True,0.9122290989497579,0.9122331290763421,4.030126584231297e-06,,
amica,chb05_32.edf,[],[],True,1.0,1.0,0.0,,
amica,chb05_33.edf,[3],[3],True,0.9369084217683341,0.9369086944770955,2.727087613507706e-07,,
amica,chb05_34.edf,[2],[2],True,0.8999925911636482,0.899987071849267,5.519314381197127e-06,,
amica,chb05_35.edf,"[1, 2, 5]","[1, 2, 5]",True,0.6419444537082967,0.6419980842788171,5.3630570520435406e-05,,
amica,chb05_36.edf,[],[],True,1.0,1.0,0.0,,
amica,chb05_37.edf,[],[],True,1.0,1.0,0.0,,
amica,chb05_38.edf,[],[],True,1.0,1.0,0.0,,
amica,chb05_39.edf,[2],[2],True,0.8605062920602938,0.8604748323768872,3.145968340667604e-05,,
amica,chb06_01.edf,"[0, 4]","[0, 4]",True,0.7840990580820186,0.784098471469051,5.866129676457277e-07,,
amica,chb06_02.edf,"[1, 5]","[1, 5]",True,0.812062417178117,0.8120589089698533,3.508208263669488e-06,,
amica,chb06_03.edf,[10],[10],True,0.9863998375406584,0.9863994626175158,3.74923142643091e-07,,
amica,chb06_04.edf,[0],[0],True,0.5733997554536581,0.5734017067290822,1.951275424127985e-06,,
amica,chb06_05.edf,[0],[0],True,0.6773349311463284,0.6773348906599831,4.0486345276313784e-08,,
amica,chb06_06.edf,[9],[9],True,0.9621572015176798,0.9621568597482281,3.417694517393599e-07,,
amica,chb06_07.edf,"[1, 4]","[1, 4]",True,0.7917985675529547,0.791819529314286,2.096176133126182e-05,,
amica,chb06_08.edf,"[1, 7, 9]","[1, 7, 9]",True,0.7958756315788804,0.7958650371199679,1.0594458912493998e-05,,
amica,chb06_09.edf,"[1, 9]","[1, 9]",True,0.8304678298012147,0.8304821452159183,1.4315414703647278e-05,,
amica,chb06_10.edf,[],[],True,1.0,1.0,0.0,,
amica,chb06_12.edf,[4],[4],True,0.9527759330475868,0.952775749382789,1.8366479781484202e-07,,
amica,chb06_13.edf,[4],[4],True,0.9493974614485493,0.9493982326085108,7.711599614435016e-07,,
amica,chb06_14.edf,"[1, 4]","[1, 4]",True,0.8011908083358413,0.8011996455124303,8.837176588949447e-06,,
amica,chb06_15.edf,"[0, 10]","[0, 10]",True,0.6916164776242942,0.691611282931753,5.194692541232726e-06,,
amica,chb06_16.edf,[10],[10],True,0.9800413241530176,0.9800450025723323,3.6784193147010313e-06,,
amica,chb06_17.edf,[3],[3],True,0.9504940840789814,0.9504945125024299,4.2842344849525205e-07,,
amica,chb06_18.edf,[],[],True,1.0,1.0,0.0,,
amica,chb06_24.edf,"[0, 5]","[0, 5]",True,0.6863564197768577,0.6863560411882874,3.7858857027117665e-07,,
amica,chb07_01.edf,"[0, 1]","[0, 1]",True,0.2742440650463582,0.27424441556436824,3.5051801006158456e-07,,
amica,chb07_02.edf,"[0, 2]","[0, 2]",True,0.5900561504097237,0.5900563371960086,1.8678628488366655e-07,,
amica,chb07_03.edf,[],[],True,1.0,1.0,0.0,,
amica,chb07_04.edf,[],[],True,1.0,1.0,0.0,,
amica,chb07_05.edf,[0],[0],True,0.547662522631999,0.5476463831387217,1.6139493277278483e-05,,
amica,chb07_06.edf,"[0, 1, 2]","[0, 1, 2]",True,0.3002633420690954,0.3002651623859784,1.820316883005546e-06,,
amica,chb07_07.edf,[0],[0],True,0.6041758085751512,0.6041766233053631,8.147302119621003e-07,,
amica,chb07_08.edf,"[0, 1]","[0, 1]",True,0.32838090030256173,0.3283804020684408,4.982341209047725e-07,,
amica,chb07_09.edf,"[0, 1]","[0, 1]",True,0.3242697756961748,0.324269813981717,3.828554218099356e-08,,
amica,chb07_10.edf,[],[],True,1.0,1.0,0.0,,
amica,chb07_11.edf,[],[],True,1.0,1.0,0.0,,
amica,chb07_12.edf,"[0, 1]","[0, 1]",True,0.3585589619302904,0.35855889377877287,6.815151754047122e-08,,
amica,chb07_13.edf,[0],[0],True,0.6628069340997623,0.6628062877933649,6.463063974004868e-07,,
amica,chb07_14.edf,[1],[1],True,0.8861466327962164,0.8861465409327587,9.18634577296018e-08,,
amica,chb07_15.edf,"[0, 2]","[0, 2]",True,0.4566127147396134,0.4566126860108822,2.8728731227278814e-08,,
amica,chb07_16.edf,"[0, 3]","[0, 3]",True,0.535705389811462,0.535705311967137,7.784432498603167e-08,,
amica,chb07_17.edf,[1],[1],True,0.891131692124337,0.891133430025501,1.7379011640894504e-06,,
amica,chb07_18.edf,[1],[1],True,0.8749811469951627,0.8749810765549446,7.044021810287404e-08,,
amica,chb07_19.edf,"[0, 3]","[0, 3]",True,0.4634615896894488,0.46346145412249545,1.3556695332983537e-07,,
amica,chb08_02.edf,[0],[0],True,0.6795059816238638,0.6795023926829079,3.588940955867592e-06,,
amica,chb08_03.edf,"[5, 9, 15]","[5, 9, 15]",True,0.913300299593229,0.9133225899588507,2.2290365621735475e-05,,
amica,chb08_04.edf,"[9, 12, 13]","[9, 12, 13]",True,0.9024190644392915,0.9024132510207087,5.813418582856222e-06,,
amica,chb08_05.edf,"[0, 2]","[0, 2]",True,0.7454297019493059,0.745426543038424,3.158910881873034e-06,,
amica,chb08_10.edf,[0],[0],True,0.5677986977509027,0.5677986138256346,8.392526817946333e-08,,
amica,chb08_11.edf,[0],[0],True,0.6527177065633801,0.6527210882334505,3.381670070412568e-06,,
amica,chb08_12.edf,"[0, 5]","[0, 5]",True,0.6469342907945974,0.6469342704126319,2.038196555975702e-08,,
amica,chb08_13.edf,"[0, 3]","[0, 3]",True,0.6153317484411694,0.6153328697320457,1.121290876260339e-06,,
amica,chb08_14.edf,[1],[1],True,0.8685895835559304,0.8685892717573681,3.117985623024566e-07,,
amica,chb08_15.edf,[14],[14],True,0.9702416071335817,0.9702438393693605,2.232235778887315e-06,,
amica,chb08_16.edf,[4],[4],True,0.9381933025548597,0.9381697402105657,2.3562344294014714e-05,,
amica,chb08_17.edf,"[2, 4, 7]","[2, 4, 7]",True,0.8143228315584218,0.8143057421310105,1.7089427411298708e-05,,
amica,chb08_18.edf,[5],[5],True,0.9587439267274812,0.9587409928256276,2.933901853574561e-06,,
amica,chb08_19.edf,[3],[3],True,0.9457165450106411,0.9457179723956535,1.4273850124091325e-06,,
amica,chb08_20.edf,"[0, 5]","[0, 5]",True,0.7033459122458606,0.7033474835199987,1.571274138023604e-06,,
amica,chb08_21.edf,"[0, 4]","[0, 4]",True,0.6651067355066892,0.6651060452582863,6.902484028792344e-07,,
amica,chb08_22.edf,[],[],True,1.0,1.0,0.0,,
amica,chb08_23.edf,"[3, 5, 7, 9]","[3, 5, 7, 9]",True,0.7642185558645611,0.7642110548848827,7.500979678387587e-06,,
amica,chb08_24.edf,"[0, 3]","[0, 3]",True,0.6056532631930214,0.6056524461450917,8.170479296465416e-07,,
amica,chb08_29.edf,"[0, 6]","[0, 6]",True,0.6723533825189782,0.6723535886251838,2.0610620554695203e-07,,
amica,chb09_01.edf,"[0, 4]","[0, 4]",True,0.8095790195170418,0.8095803545871499,1.3350701081327188e-06,,
amica,chb09_02.edf,"[0, 4]","[0, 4]",True,0.787367868965545,0.787368796277414,9.273118689590021e-07,,
amica,chb09_03.edf,[1],[1],True,0.8991465462923001,0.8991477399906918,1.1936983916882582e-06,,
amica,chb09_04.edf,[],[],True,1.0,1.0,0.0,,
amica,chb09_05.edf,[],[],True,1.0,1.0,0.0,,
amica,chb09_06.edf,[0],[0],True,0.597398199118033,0.5973986744551029,4.75337069816284e-07,,
amica,chb09_07.edf,"[0, 4]","[0, 4]",True,0.7507583709976744,0.7507586837328075,3.127351331233541e-07,,
amica,chb09_08.edf,[0],[0],True,0.833076082813446,0.8330773296348075,1.2468213614891255e-06,,
amica,chb09_09.edf,[0],[0],True,0.8443269460680293,0.8443280992629958,1.153194966518889e-06,,
amica,chb09_10.edf,[1],[1],True,0.9110758764806403,0.9110742282670556,1.648213584615199e-06,,
amica,chb09_11.edf,[4],[4],True,0.9326411203963899,0.9326272257619637,1.3894634426248054e-05,,
amica,chb09_12.edf,[],[],True,1.0,1.0,0.0,,
amica,chb09_13.edf,"[0, 5]","[0, 5]",True,0.737994787899912,0.7379901744390157,4.613460896307764e-06,,
amica,chb09_14.edf,"[0, 4]","[0, 4]",True,0.6791690004324444,0.679169459491289,4.5905884460406554e-07,,
amica,chb09_15.edf,"[0, 5]","[0, 5]",True,0.7613779888203818,0.7613780822355389,9.341515716521087e-08,,
amica,chb09_16.edf,[1],[1],True,0.8980689521723683,0.8980657869194255,3.165252942749497e-06,,
amica,chb09_17.edf,[11],[11],True,0.9171312279969145,0.9170939951177661,3.7232879148363374e-05,,
amica,chb09_18.edf,"[0, 3]","[0, 3]",True,0.6703646313147937,0.6703654451907001,8.138759063358592e-07,,
amica,chb09_19.edf,[0],[0],True,0.8201949386680969,0.8201924063720404,2.5322960565121733e-06,,
amica,chb10_01.edf,[],[],True,1.0,1.0,0.0,,
amica,chb10_02.edf,[1],[1],True,0.8543248606644046,0.8543200232121506,4.837452253991792e-06,,
amica,chb10_03.edf,"[1, 5]","[1, 5]",True,0.7754974258747014,0.7754933790610212,4.0468136801585786e-06,,
amica,chb10_04.edf,[5],[5],True,0.950051111420333,0.9500601146755253,9.003255192263637e-06,,
amica,chb10_05.edf,"[0, 8]","[0, 8]",True,0.7206313583809665,0.7205809667263714,5.0391654595083324e-05,,
amica,chb10_06.edf,"[1, 5]","[1, 5]",True,0.7769318393695193,0.7769317531195118,8.62500074694239e-08,,
amica,chb10_07.edf,[],[],True,1.0,1.0,0.0,,
amica,chb10_08.edf,[],[],True,1.0,1.0,0.0,,
amica,chb10_12.edf,[],[],True,1.0,1.0,0.0,,
amica,chb10_13.edf,[],[],True,1.0,1.0,0.0,,
amica,chb10_14.edf,[4],[4],True,0.8520720433081932,0.8520790017419151,6.958433721893087e-06,,
amica,chb10_15.edf,"[6, 11]","[6, 11]",True,0.8535869177765457,0.8535870556368211,1.378602754176228e-07,,
amica,chb10_16.edf,"[0, 1]","[0, 1]",True,0.6362603792424948,0.6355446949513615,0.0007156842911333339,,
amica,chb10_17.edf,"[0, 5]","[0, 5]",True,0.6896766013095336,0.6896953534065488,1.8752097015184432e-05,,
amica,chb10_18.edf,[0],[0],True,0.7918587129531099,0.7918512714701222,7.441482987702308e-06,,
amica,chb10_19.edf,[6],[6],True,0.9076215729102153,0.9076227356043075,1.1626940922271345e-06,,
amica,chb10_20.edf,[3],[3],True,0.9322684233960197,0.932265840723094,2.5826729256328562e-06,,
amica,chb10_21.edf,[],[],True,1.0,1.0,0.0,,
amica,chb10_22.edf,"[5, 6]","[5, 6]",True,0.825124152363474,0.8251198093422708,4.343021203223607e-06,,
amica,chb10_27.edf,[5],[5],True,0.905764830448137,0.9057455415043082,1.92889438288546e-05,,
amica,chb10_28.edf,"[0, 3]","[0, 3]",True,0.6977158953079666,0.6977058768709475,1.0018437019088111e-05,,
amica,chb10_30.edf,"[0, 9]","[0, 9]",True,0.7101964214840017,0.7101908188033501,5.602680651639602e-06,,
amica,chb10_31.edf,[],[],True,1.0,1.0,0.0,,
amica,chb10_38.edf,[1],[1],True,0.883609982279963,0.883640052556118,3.0070276154980924e-05,,
amica,chb10_89.edf,[0],[0],True,0.7253525933731967,0.7253437233582178,8.870014978845653e-06,,
amica,chb11_01.edf,[],[],True,1.0,1.0,0.0,,
amica,chb11_02.edf,[0],[0],True,0.780211750801181,0.7802124842422092,7.334410282444637e-07,,
amica,chb11_03.edf,[0],[0],True,0.6820084675624526,0.6820113283607881,2.860798335557746e-06,,
amica,chb11_04.edf,"[0, 1]","[0, 1]",True,0.5031029885759796,0.5031044730018375,1.4844258579005398e-06,,
amica,chb11_05.edf,"[1, 3]","[1, 3]",True,0.6147477901510959,0.6147456284430485,2.1617080474545247e-06,,
amica,chb11_06.edf,"[0, 1, 3]","[0, 1, 3]",True,0.293723047025944,0.2937218108388982,1.2361870457833213e-06,,
amica,chb11_07.edf,"[0, 1, 3]","[0, 1, 3]",True,0.24328228050959141,0.24328086808893495,1.4124206564603003e-06,,
amica,chb11_08.edf,"[0, 1]","[0, 1]",True,0.27643202637124903,0.2764406313357135,8.604964464475895e-06,,
amica,chb11_09.edf,"[0, 1]","[0, 1]",True,0.200633436539082,0.200633057022752,3.7951633000132823e-07,,
amica,chb11_10.edf,"[0, 1]","[0, 1]",True,0.24344149751134808,0.24344083406136366,6.634499844226927e-07,,
amica,chb11_11.edf,"[0, 1, 2, 3]","[0, 1, 2, 3]",True,0.12454174365083258,0.12454161987417489,1.2377665768725787e-07,,
amica,chb11_12.edf,"[0, 1, 2, 5]","[0, 1, 2, 5]",True,0.14263155411992567,0.14263192269268898,3.6857276330959365e-07,,
amica,chb11_13.edf,"[0, 1, 2, 3]","[0, 1, 2, 3]",True,0.14641024201677386,0.14641013774884584,1.0426792801387919e-07,,
amica,chb11_14.edf,"[0, 1, 2, 4]","[0, 1, 2, 4]",True,0.1227796360964517,0.12277957727231449,5.882413721403079e-08,,
amica,chb11_15.edf,"[0, 1, 2, 4]","[0, 1, 2, 4]",True,0.11012408014434069,0.11012350544909393,5.746952467661215e-07,,
amica,chb11_16.edf,[1],[1],True,0.8188913538795856,0.8188912424950352,1.1138455036086015e-07,,
amica,chb11_17.edf,[3],[3],True,0.9330057208150189,0.9330047023395216,1.0184754972719645e-06,,
amica,chb11_18.edf,[0],[0],True,0.7779645528616076,0.7779651327771484,5.799155408103829e-07,,
amica,chb11_19.edf,"[3, 4]","[3, 4]",True,0.8488302014443451,0.8488301422041766,5.9240168437391105e-08,,
amica,chb11_24.edf,[],[],True,1.0,1.0,0.0,,
amica,chb11_25.edf,"[0, 1]","[0, 1]",True,0.5103466924720218,0.5103472194050845,5.269330627388769e-07,,
amica,chb11_26.edf,"[0, 4]","[0, 4]",True,0.5385038883861443,0.5385044322189735,5.438328292139971e-07,,
amica,chb11_27.edf,"[0, 1]","[0, 1]",True,0.3275538429269223,0.32755474394921785,9.010222955518898e-07,,
amica,chb11_53.edf,"[0, 3]","[0, 3]",True,0.7794078691229918,0.779406906503609,9.626193827605434e-07,,
amica,chb11_54.edf,[3],[3],True,0.8820491557093223,0.882041306401042,7.84930828034991e-06,,
amica,chb11_55.edf,"[0, 1]","[0, 1]",True,0.6352348852856282,0.6352338303764051,1.0549092230860424e-06,,
amica,chb11_56.edf,"[0, 10]","[0, 10]",True,0.6938287223307001,0.6938282730977536,4.492329465088929e-07,,
amica,chb11_58.edf,"[1, 5]","[1, 5]",True,0.7848054625765054,0.7847962515946189,9.210981886553782e-06,,
amica,chb11_60.edf,"[7, 10, 12]","[7, 10, 12]",True,0.7765924100925039,0.7766732231082233,8.081301571938315e-05,,
amica,chb11_61.edf,[5],[5],True,0.9146625558759396,0.9146399318573643,2.262401857533458e-05,,
amica,chb11_62.edf,[3],[3],True,0.8899611963643486,0.8899809251766938,1.9728812345243263e-05,,
amica,chb11_63.edf,[0],[0],True,0.86409892356545,0.8641004408251015,1.5172596514734238e-06,,
amica,chb11_82.edf,"[0, 2]","[0, 2]",True,0.6011677529348739,0.6011671480518579,6.048830160088059e-07,,
amica,chb11_92.edf,"[0, 7]","[0, 7]",True,0.6529977404916761,0.6529994474794877,1.706987811544991e-06,,
amica,chb11_99.edf,"[2, 11]","[2, 11]",True,0.8590203011182724,0.8590207939452232,4.928269508042149e-07,,
amica,chb12_06.edf,[3],[3],True,0.9160872715497975,0.9160865270658571,7.444839403847325e-07,,
amica,chb12_08.edf,[],[],True,1.0,1.0,0.0,,
amica,chb12_09.edf,[13],[13],True,0.9616934409022647,0.9617008773897441,7.436487479361986e-06,,
amica,chb12_10.edf,"[3, 6, 14]","[3, 6, 14]",True,0.8719872464266019,0.8719970176094239,9.771182822082558e-06,,
amica,chb12_11.edf,[11],[11],True,0.9738848296747148,0.9738839586125759,8.710621388630102e-07,,
amica,chb12_19.edf,[0],[0],True,0.7821135296892476,0.7821135503503337,2.0661086064244216e-08,,
amica,chb12_20.edf,[0],[0],True,0.7657343609114508,0.7657338893479416,4.715635091301351e-07,,
amica,chb12_21.edf,[0],[0],True,0.7582620083103141,0.7582624135625988,4.052522847297624e-07,,
amica,chb12_23.edf,[0],[0],True,0.8168570617021552,0.8168558150436898,1.2466584654591273e-06,,
amica,chb12_24.edf,[0],[0],True,0.7863596688860229,0.7863595533279508,1.15558072111277e-07,,
amica,chb12_32.edf,"[1, 6]","[1, 6]",True,0.7620426094488888,0.7620415057275853,1.1037213034637006e-06,,
amica,chb12_33.edf,[2],[2],True,0.8671373044943604,0.8671369073094715,3.9718488897833026e-07,,
amica,chb12_34.edf,[1],[1],True,0.8687340631522498,0.8687349664216748,9.032694250343809e-07,,
amica,chb12_35.edf,[],[],True,1.0,1.0,0.0,,
amica,chb12_36.edf,[2],[2],True,0.8805031428977504,0.8805024654556156,6.774421348332282e-07,,
amica,chb12_37.edf,[12],[12],True,0.9673250215817235,0.9672825740086785,4.244757304505686e-05,,
amica,chb12_38.edf,"[13, 14]","[13, 14]",True,0.9224449226988514,0.9224549615350778,1.003883622641144e-05,,
amica,chb12_39.edf,[2],[2],True,0.8942575342472399,0.8942582259559397,6.917086998736721e-07,,
amica,chb12_40.edf,[7],[7],True,0.9465387145654455,0.9465393545239824,6.399585369409877e-07,,
amica,chb12_41.edf,"[10, 13]","[10, 13]",True,0.9360854520874039,0.9360820492270947,3.402860309198452e-06,,
amica,chb12_42.edf,[3],[3],True,0.9132004304240524,0.9132006931573206,2.62733268141524e-07,,
amica,chb13_02.edf,[0],[0],True,0.7723804195466016,0.7723786938236791,1.725722922563122e-06,,
amica,chb13_03.edf,"[0, 6]","[0, 6]",True,0.7377799838728243,0.7377809067205519,9.228477275691205e-07,,
amica,chb13_04.edf,[1],[1],True,0.8114957820976261,0.8114942720569772,1.5100406488555151e-06,,
amica,chb13_05.edf,[1],[1],True,0.8538784386252195,0.8538781250899967,3.135352227845445e-07,,
amica,chb13_06.edf,"[0, 4]","[0, 4]",True,0.7687428751268842,0.7687420492130189,8.25913865298844e-07,,
amica,chb13_07.edf,[],[],True,1.0,1.0,0.0,,
amica,chb13_08.edf,"[1, 7, 8]","[1, 7, 8]",True,0.7800912430290174,0.7800805367719851,1.0706257032366828e-05,,
amica,chb13_09.edf,"[2, 5, 8, 14]","[2, 5, 8, 14]",True,0.7857760601020018,0.7857366561426066,3.9403959395278854e-05,,
amica,chb13_10.edf,"[2, 8, 13]","[2, 8, 13]",True,0.8198409978854713,0.8198500195625764,9.021677105147674e-06,,
amica,chb13_11.edf,"[3, 4, 8, 10]","[3, 4, 8, 10]",True,0.7212232821399946,0.7212718650565979,4.8582916603256976e-05,,
amica,chb13_12.edf,"[2, 4]","[2, 4]",True,0.7670784236328192,0.7670616247124874,1.679892033179531e-05,,
amica,chb13_13.edf,"[3, 4, 13]","[3, 4, 13]",True,0.7933357533821139,0.7933805470555032,4.47936733892762e-05,,
amica,chb13_14.edf,"[10, 12]","[10, 12]",True,0.9050748259420479,0.9050701313797344,4.694562313556361e-06,,
amica,chb13_15.edf,[],[],True,1.0,1.0,0.0,,
amica,chb13_16.edf,[1],[1],True,0.8513198626741836,0.8513218611609442,1.9984867606348544e-06,,
amica,chb13_18.edf,[0],[0],True,0.7154589430603805,0.7154581528805829,7.901797975939928e-07,,
amica,chb13_19.edf,[0],[0],True,0.6794351636840249,0.6794345953535217,5.683305032144759e-07,,
amica,chb13_21.edf,[0],[0],True,0.7821872672746953,0.7821877821971888,5.149224934219987e-07,,
amica,chb13_22.edf,[0],[0],True,0.794371990048173,0.7943715542576882,4.3579048480957283e-07,,
amica,chb13_24.edf,[],[],True,1.0,1.0,0.0,,
amica,chb13_30.edf,[0],[0],True,0.7943874219764696,0.7943885268889476,1.104912477956077e-06,,
amica,chb13_36.edf,"[2, 12]","[2, 12]",True,0.8275976441567358,0.8275795438736772,1.8100283058597455e-05,,
amica,chb13_37.edf,"[2, 8]","[2, 8]",True,0.8588752261260713,0.8588444742957028,3.075183036849172e-05,,
amica,chb13_38.edf,"[2, 10]","[2, 10]",True,0.8548299152139959,0.8548322043194992,2.2891055033724683e-06,,
amica,chb13_39.edf,"[2, 6, 10]","[2, 6, 10]",True,0.8177347195174013,0.8177444763138138,9.756796412463409e-06,,
amica,chb13_40.edf,"[2, 5, 9]","[2, 5, 9]",True,0.7420308735882731,0.7420302164338879,6.571543852418316e-07,,
amica,chb13_47.edf,"[0, 1, 5]","[0, 1, 5]",True,0.5564015349654383,0.5564011994302049,3.3553523337559454e-07,,
amica,chb13_55.edf,[],[],True,1.0,1.0,0.0,,
amica,chb13_56.edf,"[2, 7]","[2, 7]",True,0.8224210066194848,0.8224375524344203,1.6545814935486902e-05,,
amica,chb13_58.edf,"[4, 10]","[4, 10]",True,0.8473237299866442,0.8473267061931179,2.976206473714882e-06,,
amica,chb13_59.edf,[0],[0],True,0.7673508754931662,0.7673515133474719,6.378543057072861e-07,,
amica,chb13_60.edf,"[2, 3, 9]","[2, 3, 9]",True,0.7520072844293209,0.75201406229812,6.777868799101583e-06,,
amica,chb13_62.edf,"[3, 5]","[3, 5]",True,0.8052656565536663,0.805249546031594,1.6110522072287914e-05,,
amica,chb14_01.edf,[0],[0],True,0.8300087842254973,0.8300096527115065,8.684860092200708e-07,,
amica,chb14_02.edf,[3],[3],True,0.8005228622566458,0.8005221875442643,6.747123815209477e-07,,
amica,chb14_03.edf,[3],[3],True,0.8280553976654712,0.8280554824603716,8.47949004345594e-08,,
amica,chb14_04.edf,[4],[4],True,0.8555109693529167,0.8555123052918634,1.3359389466893745e-06,,
amica,chb14_06.edf,[3],[3],True,0.8252482987074305,0.8252498778087437,1.5791013131538634e-06,,
amica,chb14_11.edf,[],[],True,1.0,1.0,0.0,,
amica,chb14_12.edf,[],[],True,1.0,1.0,0.0,,
amica,chb14_13.edf,"[1, 2]","[1, 2]",True,0.610296859795851,0.6102952398040615,1.6199917894921256e-06,,
amica,chb14_14.edf,[3],[3],True,0.8632999919901808,0.8633002697325558,2.777423749877883e-07,,
amica,chb14_16.edf,[],[],True,1.0,1.0,0.0,,
amica,chb14_17.edf,[3],[3],True,0.8956806877602578,0.8956809598250678,2.720648100140721e-07,,
amica,chb14_18.edf,[],[],True,1.0,1.0,0.0,,
amica,chb14_19.edf,[],[],True,1.0,1.0,0.0,,
amica,chb14_20.edf,[],[],True,1.0,1.0,0.0,,
amica,chb14_22.edf,[],[],True,1.0,1.0,0.0,,
amica,chb14_24.edf,[4],[4],True,0.9024316759720007,0.9024306917645746,9.842074261134925e-07,,
amica,chb14_25.edf,[4],[4],True,0.8824275907180341,0.8824260025481974,1.5881698367525843e-06,,
amica,chb14_26.edf,[4],[4],True,0.8733102418987234,0.8733107997007329,5.578020094709757e-07,,
amica,chb14_27.edf,[],[],True,1.0,1.0,0.0,,
amica,chb14_29.edf,[5],[5],True,0.8768269076727333,0.8768276154565765,7.077838432012484e-07,,
amica,chb14_30.edf,[4],[4],True,0.8567962264656237,0.8567942562299748,1.9702356488515704e-06,,
amica,chb14_32.edf,[1],[1],True,0.8539434352317131,0.8539427267403018,7.084914113164587e-07,,
amica,chb14_37.edf,[],[],True,1.0,1.0,0.0,,
amica,chb14_39.edf,[],[],True,1.0,1.0,0.0,,
amica,chb14_42.edf,[],[],True,1.0,1.0,0.0,,
amica,chb15_01.edf,[],[],True,1.0,1.0,0.0,,
amica,chb15_02.edf,"[0, 1]","[0, 1]",True,0.3302028172463109,0.3302026235679636,1.936783473044379e-07,,
amica,chb15_03.edf,"[0, 4]","[0, 4]",True,0.6020527983033124,0.602075019587174,2.2221283861645347e-05,,
amica,chb15_04.edf,[0],[0],True,0.768804908218814,0.7688060954311104,1.1872122964717846e-06,,
amica,chb15_05.edf,"[1, 5]","[1, 5]",True,0.8283107551509176,0.8283152817719213,4.526621003697606e-06,,
amica,chb15_06.edf,[],[],True,1.0,1.0,0.0,,
amica,chb15_07.edf,[],[],True,1.0,1.0,0.0,,
amica,chb15_08.edf,[7],[7],True,0.8955653762141214,0.895579805791172,1.4429577050667497e-05,,
amica,chb15_09.edf,[],[],True,1.0,1.0,0.0,,
amica,chb15_10.edf,[1],[1],True,0.8849185190283428,0.885012991352684,9.447232434112163e-05,,
amica,chb15_11.edf,[0],[0],True,0.7728790445356721,0.7728790319802242,1.255544790357277e-08,,
amica,chb15_12.edf,"[0, 1]","[0, 1]",True,0.35429606933301083,0.35429653759325136,4.6826024052704085e-07,,
amica,chb15_13.edf,[0],[0],True,0.4509587435184127,0.4509583254363458,4.1808206691085203e-07,,
amica,chb15_14.edf,"[0, 1]","[0, 1]",True,0.3584317647887696,0.35843113455534986,6.302334197294535e-07,,
amica,chb15_15.edf,[0],[0],True,0.6278481110660978,0.6278483084797657,1.9741366785730463e-07,,
amica,chb15_16.edf,"[0, 1]","[0, 1]",True,0.3867160032146035,0.38671476394352344,1.2392710800335216e-06,,
amica,chb15_17.edf,[1],[1],True,0.8780628523898003,0.8780594076168428,3.4447729575504127e-06,,
amica,chb15_19.edf,[0],[0],True,0.567450769053116,0.5674479193683053,2.849684810679598e-06,,
amica,chb15_20.edf,[0],[0],True,0.6052702320055425,0.605269997666743,2.3433879947631908e-07,,
amica,chb15_22.edf,"[0, 1]","[0, 1]",True,0.23421521114231905,0.2342150609166687,1.5022565036382218e-07,,
amica,chb15_26.edf,"[0, 1]","[0, 1]",True,0.301569284226124,0.30156608557226305,3.1986538609474202e-06,,
amica,chb15_28.edf,"[0, 2]","[0, 2]",True,0.5356803543228743,0.5356801746624995,1.7966037479943964e-07,,
amica,chb15_29.edf,[1],[1],True,0.8586056706533338,0.8586081306883132,2.46003497939018e-06,,
amica,chb15_30.edf,"[1, 6]","[1, 6]",True,0.7739965589418881,0.7739830310605081,1.3527881379982176e-05,,
amica,chb15_31.edf,"[2, 6]","[2, 6]",True,0.8366224258610934,0.8366261332136715,3.7073525781528005e-06,,
amica,chb15_32.edf,"[1, 11]","[1, 11]",True,0.8284695368744484,0.8284635875154792,5.949358969137286e-06,,
amica,chb15_33.edf,"[1, 7]","[1, 7]",True,0.8094571651627929,0.8094522699366965,4.89522609636861e-06,,
amica,chb15_35.edf,"[1, 8, 10]","[1, 8, 10]",True,0.7343643367449052,0.7344444270323809,8.009028747568703e-05,,
amica,chb15_37.edf,"[2, 6]","[2, 6]",True,0.8451076168517783,0.8451297637324124,2.2146880634177357e-05,,
amica,chb15_40.edf,"[0, 1]","[0, 1]",True,0.362596280928361,0.36259619533344306,8.559491793125318e-08,,
amica,chb15_45.edf,"[0, 1]","[0, 1]",True,0.3457687845294865,0.3457657591849784,3.0253445080785646e-06,,
amica,chb15_46.edf,"[0, 4, 6]","[0, 4, 6]",True,0.5302179509536141,0.5302175054675253,4.4548608879591e-07,,
amica,chb15_49.edf,[0],[0],True,0.5155444436785422,0.5155433220828085,1.1215957337329385e-06,,
amica,chb15_50.edf,"[0, 3]","[0, 3]",True,0.5550000953868053,0.5549986160400888,1.4793467164597729e-06,,
amica,chb15_51.edf,[1],[1],True,0.8406726851307973,0.8406718446657981,8.404649991522462e-07,,
amica,chb15_52.edf,"[0, 2]","[0, 2]",True,0.3671813281646858,0.36718164051021207,3.1234552627656953e-07,,
amica,chb15_54.edf,"[1, 4]","[1, 4]",True,0.8075506749725359,0.8075625027688105,1.1827796274621605e-05,,
amica,chb15_61.edf,"[0, 3]","[0, 3]",True,0.7227693449114219,0.7227698193352895,4.744238676357426e-07,,
amica,chb15_62.edf,[0],[0],True,0.8529988046952418,0.8529796553279361,1.9149367305737464e-05,,
amica,chb15_63.edf,[0],[0],True,0.6831009552117532,0.683101696933665,7.417219117789031e-07,,
amica,chb16_01.edf,"[1, 2]","[1, 2]",True,0.8987863121987744,0.8987862066541642,1.0554461016276662e-07,,
amica,chb16_02.edf,"[0, 1]","[0, 1]",True,0.4170974091100073,0.4170977378741369,3.2876412958682266e-07,,
amica,chb16_03.edf,"[0, 1]","[0, 1]",True,0.40744916140262927,0.40744789410665744,1.2672959718296184e-06,,
amica,chb16_04.edf,"[0, 1]","[0, 1]",True,0.41638011231692196,0.4163770536021553,3.0587147666349956e-06,,
amica,chb16_05.edf,[1],[1],True,0.7560179643252254,0.7560191131538077,1.148828582264727e-06,,
amica,chb16_06.edf,[1],[1],True,0.8379213817857968,0.8379187837238838,2.598061912939542e-06,,
amica,chb16_07.edf,[1],[1],True,0.8519618771581002,0.8519692456508171,7.368492716874897e-06,,
amica,chb16_08.edf,[1],[1],True,0.8464016401857856,0.8464136257091498,1.1985523364232975e-05,,
amica,chb16_09.edf,[],[],True,1.0,1.0,0.0,,
amica,chb16_10.edf,"[0, 1]","[0, 1]",True,0.303138818057772,0.3031390746517788,2.565940068199879e-07,,
amica,chb16_11.edf,"[0, 1]","[0, 1]",True,0.25615770140595545,0.25615719536807086,5.060378845955782e-07,,
amica,chb16_12.edf,[],[],True,1.0,1.0,0.0,,
amica,chb16_13.edf,"[0, 2]","[0, 2]",True,0.5662786308654162,0.5689256356018727,0.0026470047364565152,,
amica,chb16_14.edf,[1],[1],True,0.8455447919139197,0.8455464820596842,1.690145764454698e-06,,
amica,chb16_15.edf,[0],[0],True,0.6424962100629836,0.6424908124127856,5.397650198024628e-06,,
amica,chb16_16.edf,"[0, 1, 5]","[0, 1, 5]",True,0.3435465379696635,0.34354724485117444,7.068815109367854e-07,,
amica,chb16_17.edf,"[0, 1]","[0, 1]",True,0.4219472692018104,0.4219478542634453,5.850616348612725e-07,,
amica,chb16_18.edf,"[0, 1]","[0, 1]",True,0.5207035715349714,0.520703117146884,4.543880873786321e-07,,
amica,chb16_19.edf,"[0, 2, 3, 6]","[0, 2, 3, 6]",True,0.4863456561407533,0.4863468646855843,1.2085448309884228e-06,,
amica,chb17a_03.edf,"[0, 1]","[0, 1]",True,0.4247051852411296,0.4247044935304908,6.917106388226735e-07,,
amica,chb17a_04.edf,[0],[0],True,0.5762318371641627,0.5762318275827786,9.581384130541437e-09,,
amica,chb17a_05.edf,"[0, 1]","[0, 1]",True,0.39134422123041607,0.3913404507378078,3.7704926082460233e-06,,
amica,chb17a_06.edf,[1],[1],True,0.8520670724583633,0.8520730162996994,5.943841336120137e-06,,
amica,chb17a_08.edf,"[0, 1]","[0, 1]",True,0.21290593521502482,0.2129065190106244,5.837955995846578e-07,,
amica,chb17b_57.edf,"[0, 2]","[0, 2]",True,0.48147977205691816,0.481480461949751,6.898928328613607e-07,,
amica,chb17b_58.edf,"[0, 1, 10]","[0, 1, 10]",True,0.3520073732715266,0.35200966493707914,2.291665552545119e-06,,
amica,chb17b_59.edf,"[0, 3]","[0, 3]",True,0.5525293687554421,0.5525290052911831,3.6346425902333834e-07,,
amica,chb17b_60.edf,"[0, 2, 10, 12]","[0, 2, 10, 12]",True,0.49240352186717273,0.49240379964050013,2.777733273950922e-07,,
amica,chb17b_63.edf,"[0, 1]","[0, 1]",True,0.3650417288051022,0.36504116568909983,5.631160023833459e-07,,
amica,chb17b_67.edf,"[10, 12]","[10, 12]",True,0.899837110675207,0.8998410252508738,3.91457566684128e-06,,
amica,chb17b_68.edf,"[0, 1]","[0, 1]",True,0.4551886816048315,0.45518386567038754,4.815934443958003e-06,,
amica,chb17b_69.edf,"[0, 1]","[0, 1]",True,0.35384628693709413,0.3538675075234776,2.1220586383485784e-05,,
amica,chb17c_02.edf,"[3, 4]","[3, 4]",True,0.841257069205019,0.8412189971033098,3.8072101709141215e-05,,
amica,chb17c_03.edf,[],[],True,1.0,1.0,0.0,,
amica,chb17c_04.edf,[5],[5],True,0.9416772118400991,0.9416794814621877,2.2696220886020413e-06,,
amica,chb17c_05.edf,"[1, 3, 5]","[1, 3, 5]",True,0.6733132736341444,0.6733114737744581,1.7998596862911498e-06,,
amica,chb17c_06.edf,"[0, 5]","[0, 5]",True,0.8046242202211957,0.804626699387158,2.4791659622991347e-06,,
amica,chb17c_07.edf,"[1, 5]","[1, 5]",True,0.8861697875387261,0.8861700976452115,3.101064853794355e-07,,
amica,chb17c_08.edf,[0],[0],True,0.6274056947111606,0.6274075559236989,1.8612125383121736e-06,,
amica,chb17c_13.edf,"[0, 1, 3]","[0, 1, 3]",True,0.2684995722691931,0.2684928902052655,6.68206392756554e-06,,
amica,chb18_01.edf,"[0, 2]","[0, 2]",True,0.3190345738269154,0.31903420317097747,3.7065593794238794e-07,,
amica,chb18_02.edf,"[0, 1, 8]","[0, 1, 8]",True,0.12802617887369946,0.1280254849278991,6.939458003507593e-07,,
amica,chb18_03.edf,"[0, 1, 7]","[0, 1, 7]",True,0.07642258908362788,0.07642330518891607,7.161052881926588e-07,,
amica,chb18_04.edf,"[0, 1, 5]","[0, 1, 5]",True,0.09876008762210921,0.09876067833466477,5.907125555648651e-07,,
amica,chb18_05.edf,"[0, 1]","[0, 1]",True,0.08741483330545292,0.08741548178812324,6.48482670312367e-07,,
amica,chb18_06.edf,"[0, 1, 7]","[0, 1, 7]",True,0.08111726021752198,0.081116430627527,8.295899949772867e-07,,
amica,chb18_07.edf,"[0, 1, 10]","[0, 1, 10]",True,0.1308227214133627,0.1308230446984021,3.232850394052633e-07,,
amica,chb18_08.edf,"[0, 2]","[0, 2]",True,0.3132823231499065,0.3132823310138345,7.863928008777776e-09,,
amica,chb18_09.edf,[],[],True,1.0,1.0,0.0,,
amica,chb18_10.edf,[4],[4],True,0.7865368548558107,0.7865365202187697,3.346370409662569e-07,,
amica,chb18_11.edf,[3],[3],True,0.8585678128368534,0.8585537055788631,1.4107257990225719e-05,,
amica,chb18_12.edf,[0],[0],True,0.7404633137950832,0.7404669301700547,3.6163749714823723e-06,,
amica,chb18_13.edf,[3],[3],True,0.832627633670723,0.832626256947212,1.3767235109707343e-06,,
amica,chb18_14.edf,[0],[0],True,0.760527318150452,0.7605281566362598,8.384858077858937e-07,,
amica,chb18_15.edf,"[0, 1]","[0, 1]",True,0.20329627279879314,0.2032960904802744,1.8231851875438743e-07,,
amica,chb18_16.edf,"[0, 1, 10]","[0, 1, 10]",True,0.11535092515209748,0.11535046657966387,4.5857243360925004e-07,,
amica,chb18_17.edf,"[0, 1]","[0, 1]",True,0.16197458002719478,0.16197452153713524,5.849005954572384e-08,,
amica,chb18_18.edf,"[0, 1, 10]","[0, 1, 10]",True,0.1296003990663772,0.12959996156351766,4.375028595238195e-07,,
amica,chb18_19.edf,"[0, 1]","[0, 1]",True,0.14383476563337982,0.1438345394534677,2.2617991213280675e-07,,
amica,chb18_20.edf,"[0, 1]","[0, 1]",True,0.16782931300624387,0.16783018495404464,8.71947800767936e-07,,
amica,chb18_21.edf,"[0, 1]","[0, 1]",True,0.2863235346623181,0.28632622002219676,2.685359878684679e-06,,
amica,chb18_22.edf,"[0, 1, 7]","[0, 1, 7]",True,0.12183647587230739,0.12183649229421738,1.6421909984631888e-08,,
amica,chb18_23.edf,"[0, 1]","[0, 1]",True,0.24416114393864793,0.24416145808474574,3.141460978017818e-07,,
amica,chb18_24.edf,[3],[3],True,0.8474008451670607,0.8474023488347658,1.5036677051272207e-06,,
amica,chb18_25.edf,[1],[1],True,0.8460658353391951,0.8460700013267705,4.1659875753552456e-06,,
amica,chb18_26.edf,[],[],True,1.0,1.0,0.0,,
amica,chb18_27.edf,[0],[0],True,0.8132511239076587,0.8132504959794827,6.279281760113165e-07,,
amica,chb18_28.edf,[1],[1],True,0.8469290058714357,0.8469179145967906,1.1091274645158578e-05,,
amica,chb18_29.edf,"[0, 2]","[0, 2]",True,0.5462618256908214,0.5462606296189524,1.1960718689918437e-06,,
amica,chb18_30.edf,[1],[1],True,0.834953603600092,0.8349542437161879,6.401160959068619e-07,,
amica,chb18_31.edf,"[0, 1]","[0, 1]",True,0.23181245925186064,0.23181419896060937,1.7397087487269758e-06,,
amica,chb18_32.edf,[0],[0],True,0.8071329196326125,0.807132688082379,2.3155023343157666e-07,,
amica,chb18_33.edf,[0],[0],True,0.8119972969245256,0.8119985392088899,1.2422843642667658e-06,,
amica,chb18_34.edf,"[0, 1, 8]","[0, 1, 8]",True,0.1008732512126286,0.10087647929264938,3.228080020775681e-06,,
amica,chb18_35.edf,[0],[0],True,0.8315310721480168,0.8315311794367883,1.0728877153365346e-07,,
amica,chb18_36.edf,[0],[0],True,0.726809203143466,0.7268093967851621,1.936416961223486e-07,,
amica,chb19_01.edf,"[0, 1]","[0, 1]",True,0.1219683958049907,0.1219668580481371,1.537756853603467e-06,,
amica,chb19_02.edf,"[0, 1]","[0, 1]",True,0.19163170684493466,0.19163035285293656,1.3539919981042647e-06,,
amica,chb19_03.edf,"[0, 2]","[0, 2]",True,0.31272491074908293,0.31272154244174794,3.3683073349943804e-06,,
amica,chb19_04.edf,"[0, 1]","[0, 1]",True,0.15656468125739656,0.15656469274195983,1.1484563272601278e-08,,
amica,chb19_05.edf,"[0, 2]","[0, 2]",True,0.29517877387094055,0.29517787236524956,9.015056909866814e-07,,
amica,chb19_06.edf,"[0, 3, 4]","[0, 3, 4]",True,0.2287524511866781,0.22875225151852707,1.9966815104077718e-07,,
amica,chb19_08.edf,[0],[0],True,0.7544067357511061,0.7544044661812938,2.269569812307637e-06,,
amica,chb19_09.edf,[6],[6],True,0.8446593547799321,0.844649385952001,9.968827931139401e-06,,
amica,chb19_10.edf,[6],[6],True,0.8390344206772501,0.8390400663586494,5.645681399268909e-06,,
amica,chb19_11.edf,"[2, 6]","[2, 6]",True,0.7341225861753421,0.7341214247382538,1.1614370882817582e-06,,
amica,chb19_12.edf,[6],[6],True,0.9038544323276615,0.9038567513056713,2.318978009840933e-06,,
amica,chb19_13.edf,[7],[7],True,0.9236702226395456,0.9236703249774426,1.0233789704550134e-07,,
amica,chb19_14.edf,[7],[7],True,0.9141865360088638,0.9141799984430332,6.537565830577741e-06,,
amica,chb19_15.edf,"[0, 2]","[0, 2]",True,0.40279221337502724,0.402792317916101,1.0454107374213706e-07,,
amica,chb19_16.edf,"[0, 1]","[0, 1]",True,0.16081949551500743,0.16081892275041876,5.727645886743904e-07,,
amica,chb19_17.edf,"[0, 1]","[0, 1]",True,0.27569691401824853,0.2756956389612638,1.2750569847175264e-06,,
amica,chb19_18.edf,"[0, 2]","[0, 2]",True,0.41852462743278174,0.41852334647448813,1.280958293603529e-06,,
amica,chb19_19.edf,"[0, 1]","[0, 1]",True,0.26773371248915406,0.2677335867634601,1.257256939668494e-07,,
amica,chb19_20.edf,"[0, 1]","[0, 1]",True,0.2688094140669534,0.2688098929144965,4.788475430617112e-07,,
amica,chb19_21.edf,"[0, 1]","[0, 1]",True,0.22726272604313705,0.22726369817269904,9.72129561988e-07,,
amica,chb19_22.edf,"[0, 2, 4, 11]","[0, 2, 4, 11]",True,0.3618086449343997,0.36180882919574187,1.842613421842998e-07,,
amica,chb19_23.edf,"[1, 9]","[1, 9]",True,0.867689950499336,0.8676854986821225,4.451817213424469e-06,,
amica,chb19_24.edf,[1],[1],True,0.8572782755866946,0.8572782428526303,3.273406423698333e-08,,
amica,chb19_25.edf,[6],[6],True,0.8600861007781643,0.8600787311851468,7.369593017503284e-06,,
amica,chb19_26.edf,"[0, 5, 6]","[0, 5, 6]",True,0.6646754607248294,0.6646744786468227,9.820780066949197e-07,,
amica,chb19_27.edf,[0],[0],True,0.818715756027063,0.8187107869455208,4.96908154223874e-06,,
amica,chb19_28.edf,[0],[0],True,0.8646983797891586,0.8647002405008164,1.8607116577529226e-06,,
amica,chb19_29.edf,[],[],True,1.0,1.0,0.0,,
amica,chb19_30.edf,[0],[0],True,0.787100276138644,0.787105090411668,4.814273024011939e-06,,
amica,chb20_01.edf,[0],[0],True,0.7567139737659371,0.7567141388636807,1.650977435874168e-07,,
amica,chb20_02.edf,[0],[0],True,0.8215632804730127,0.8215617862465546,1.4942264581208065e-06,,
amica,chb20_03.edf,[2],[2],True,0.8950705520103016,0.8950727458530165,2.1938427149370554e-06,,
amica,chb20_04.edf,"[0, 3]","[0, 3]",True,0.7351902227260847,0.7351910947987639,8.720726791811018e-07,,
amica,chb20_05.edf,[0],[0],True,0.8112847245749023,0.8112846707637275,5.381117484937192e-08,,
amica,chb20_06.edf,[2],[2],True,0.839566853274864,0.8395673249185455,4.7164368144336777e-07,,
amica,chb20_07.edf,[2],[2],True,0.8834059989751641,0.8834059305322142,6.84429499742123e-08,,
amica,chb20_08.edf,"[0, 12]","[0, 12]",True,0.810160363593165,0.810164592888438,4.229295272994982e-06,,
amica,chb20_11.edf,"[3, 4, 7]","[3, 4, 7]",True,0.7995359260595651,0.7995137748335711,2.215122599402708e-05,,
amica,chb20_12.edf,[4],[4],True,0.9168215252708111,0.9168539584259234,3.2433155112365775e-05,,
amica,chb20_13.edf,[5],[5],True,0.9454782710754394,0.9454782051317305,6.59437088268433e-08,,
amica,chb20_14.edf,[4],[4],True,0.9432925534677906,0.9433010742850667,8.520817276091996e-06,,
amica,chb20_15.edf,[5],[5],True,0.9305853069061617,0.9305859680155265,6.611093648078992e-07,,
amica,chb20_16.edf,[3],[3],True,0.9120566546344681,0.9120560847092049,5.699252632052065e-07,,
amica,chb20_17.edf,[0],[0],True,0.7680179604386188,0.7680184161928507,4.557542319094665e-07,,
amica,chb20_21.edf,[1],[1],True,0.8912037981892122,0.8912042786508754,4.804616631215453e-07,,
amica,chb20_22.edf,[0],[0],True,0.7854976410838962,0.7855135919342541,1.5950850357882018e-05,,
amica,chb20_23.edf,[0],[0],True,0.8061848798312267,0.8061843971404855,4.82690741154812e-07,,
amica,chb20_25.edf,"[2, 3, 12]","[2, 3, 12]",True,0.7995476430946832,0.7995318474554155,1.5795639267679462e-05,,
amica,chb20_26.edf,[4],[4],True,0.9066461195997787,0.9066468300798005,7.104800218149521e-07,,
amica,chb20_27.edf,[0],[0],True,0.7936467652835087,0.7936459561201935,8.09163315240724e-07,,
amica,chb20_28.edf,[0],[0],True,0.806207960115758,0.8062078579030966,1.0221266144583296e-07,,
amica,chb20_29.edf,"[1, 12]","[1, 12]",True,0.820403247402867,0.8204050982757372,1.8508728701904786e-06,,
amica,chb20_30.edf,[1],[1],True,0.8511255930056799,0.8511257096028785,1.1659719856282891e-07,,
amica,chb20_31.edf,[1],[1],True,0.8305970193317874,0.8305964324832936,5.86848493799863e-07,,
amica,chb20_34.edf,"[2, 11]","[2, 11]",True,0.8142099858277301,0.8142083493882634,1.636439466712325e-06,,
amica,chb20_59.edf,[],[],True,1.0,1.0,0.0,,
amica,chb20_60.edf,"[0, 7, 8]","[0, 7, 8]",True,0.790489405443993,0.7905020844578059,1.2679013812855189e-05,,
amica,chb20_68.edf,"[2, 5]","[2, 5]",True,0.7830742447384034,0.7830473726018705,2.6872136532851698e-05,,
amica,chb21_01.edf,[0],[0],True,0.5636966495814711,0.5636942941910669,2.355390404273905e-06,,
amica,chb21_02.edf,[0],[0],True,0.48323483156843344,0.4832331483420831,1.6832263503574474e-06,,
amica,chb21_03.edf,"[0, 1, 10]","[0, 1, 10]",True,0.2621432041740046,0.26214401513347474,8.109594701322109e-07,,
amica,chb21_04.edf,"[0, 1]","[0, 1]",True,0.28302433556812223,0.28302531753463467,9.819665124366495e-07,,
amica,chb21_05.edf,"[0, 1]","[0, 1]",True,0.3069957250754105,0.30699351166499805,2.2134104124549303e-06,,
amica,chb21_06.edf,"[0, 1]","[0, 1]",True,0.3439534283806798,0.3439530325923894,3.9578829041930774e-07,,
amica,chb21_07.edf,"[0, 2]","[0, 2]",True,0.3604856480268102,0.3604839551839868,1.692842823419749e-06,,
amica,chb21_08.edf,"[0, 3]","[0, 3]",True,0.46431682736998814,0.4643168293467658,1.976777685985809e-09,,
amica,chb21_09.edf,[0],[0],True,0.8675880672486329,0.8675951215110739,7.054262440964187e-06,,
amica,chb21_10.edf,[],[],True,1.0,1.0,0.0,,
amica,chb21_11.edf,[0],[0],True,0.8640401912956506,0.8640349490978604,5.242197790189529e-06,,
amica,chb21_12.edf,[],[],True,1.0,1.0,0.0,,
amica,chb21_13.edf,[0],[0],True,0.8432392646497957,0.8432414807765999,2.2161268041775983e-06,,
amica,chb21_14.edf,[0],[0],True,0.5701700295542197,0.5701702314083369,2.0185411719886304e-07,,
amica,chb21_15.edf,"[0, 1]","[0, 1]",True,0.3541006209529805,0.3540994627989623,1.1581540181881955e-06,,
amica,chb21_16.edf,"[0, 1]","[0, 1]",True,0.25778499967695434,0.2577847993130033,2.0036395104172655e-07,,
amica,chb21_17.edf,"[0, 1]","[0, 1]",True,0.3212759752169599,0.3212753522905438,6.22926416060654e-07,,
amica,chb21_18.edf,"[0, 1]","[0, 1]",True,0.3781700610056063,0.37817046271185367,4.0170624737712046e-07,,
amica,chb21_19.edf,"[0, 1]","[0, 1]",True,0.26981289194985963,0.26981344223546944,5.502856098016373e-07,,
amica,chb21_20.edf,"[0, 1]","[0, 1]",True,0.2912563541141444,0.2912569925439025,6.384297581152332e-07,,
amica,chb21_21.edf,"[0, 1]","[0, 1]",True,0.3106292847955226,0.310629235967681,4.88278416033161e-08,,
amica,chb21_22.edf,"[0, 1]","[0, 1]",True,0.29939721799420743,0.2993966396595301,5.78334677314718e-07,,
amica,chb21_23.edf,[0],[0],True,0.48460366573058566,0.4846127707592424,9.10502865675289e-06,,
amica,chb21_24.edf,"[0, 3]","[0, 3]",True,0.3763713316869015,0.37637117813705656,1.5354984495008495e-07,,
amica,chb21_25.edf,"[0, 1, 4]","[0, 1, 4]",True,0.3606048859163379,0.3606047960649391,8.98513987657168e-08,,
amica,chb21_26.edf,[0],[0],True,0.8872099923744688,0.8872343791188999,2.4386744431059704e-05,,
amica,chb21_27.edf,[0],[0],True,0.8573180179870106,0.8572937227585992,2.429522841140841e-05,,
amica,chb21_28.edf,[0],[0],True,0.824787664490765,0.8247792969291488,8.36756161626262e-06,,
amica,chb21_29.edf,"[0, 1, 3]","[0, 1, 3]",True,0.3084888439342123,0.3084886917816111,1.5215260118495166e-07,,
amica,chb21_30.edf,"[0, 2]","[0, 2]",True,0.4075647977600938,0.4075648171308825,1.9370788695294294e-08,,
amica,chb21_31.edf,"[0, 1, 10]","[0, 1, 10]",True,0.4319802981236519,0.43198054424208243,2.4611843052468885e-07,,
amica,chb21_32.edf,[0],[0],True,0.8184629072582847,0.8184571009088355,5.806349449244408e-06,,
amica,chb22_01.edf,"[0, 1]","[0, 1]",True,0.34731752939568666,0.3473182725826732,7.431869865626162e-07,,
amica,chb22_02.edf,[0],[0],True,0.8309937611150905,0.8309938773999135,1.162848229929736e-07,,
amica,chb22_03.edf,"[7, 15]","[7, 15]",True,0.9270817440700192,0.9270764565017267,5.28756829254462e-06,,
amica,chb22_04.edf,"[0, 2, 9]","[0, 2, 9]",True,0.6996695507783515,0.6996558101057222,1.3740672629269923e-05,,
amica,chb22_05.edf,[],[],True,1.0,1.0,0.0,,
amica,chb22_07.edf,"[0, 5]","[0, 5]",True,0.686895491770227,0.6868954765558134,1.521441361784781e-08,,
amica,chb22_08.edf,"[0, 1, 5]","[0, 1, 5]",True,0.21069021093790521,0.21069027552619132,6.458828610833578e-08,,
amica,chb22_09.edf,"[0, 1]","[0, 1]",True,0.23563887665141517,0.23563912280651023,2.4615509505721e-07,,
amica,chb22_10.edf,"[0, 1]","[0, 1]",True,0.2919152422278052,0.2919150407821534,2.0144565177071527e-07,,
amica,chb22_11.edf,"[0, 1]","[0, 1]",True,0.2811687953967318,0.2811682445888336,5.508078981808495e-07,,
amica,chb22_15.edf,"[0, 1, 5]","[0, 1, 5]",True,0.29443795259258304,0.2944378466474093,1.0594517374507006e-07,,
amica,chb22_16.edf,"[0, 1, 3]","[0, 1, 3]",True,0.30142945188449904,0.30142960145548053,1.4957098148915549e-07,,
amica,chb22_18.edf,"[0, 1, 3]","[0, 1, 3]",True,0.2905632459831107,0.29056336345471406,1.1747160338915208e-07,,
amica,chb22_19.edf,"[0, 1, 2]","[0, 1, 2]",True,0.2433102629104007,0.24331011886041984,1.4404998086026133e-07,,
amica,chb22_20.edf,"[0, 1, 3]","[0, 1, 3]",True,0.2912963168266232,0.29129686529008453,5.48463461313986e-07,,
amica,chb22_21.edf,[0],[0],True,0.6013209852967786,0.6013210873762007,1.0207942213735777e-07,,
amica,chb22_22.edf,[6],[6],True,0.9369325256424231,0.9369319232612576,6.023811655042621e-07,,
amica,chb22_23.edf,"[0, 1, 4]","[0, 1, 4]",True,0.24712634989105595,0.24712650880093748,1.5890988153133279e-07,,
amica,chb22_24.edf,"[0, 2]","[0, 2]",True,0.42238129621368287,0.4223785861053915,2.710108291392732e-06,,
amica,chb22_25.edf,[0],[0],True,0.5579544546875326,0.5579543632305061,9.145702650759091e-08,,
amica,chb22_26.edf,"[1, 7, 9, 15]","[1, 7, 9, 15]",True,0.7796378305548533,0.7795973102184476,4.052033640566943e-05,,
amica,chb22_27.edf,"[0, 4, 9]","[0, 4, 9]",True,0.7306252939806125,0.7306363173607651,1.102338015257498e-05,,
amica,chb22_28.edf,[],[],True,1.0,1.0,0.0,,
amica,chb22_29.edf,"[2, 6]","[2, 6]",True,0.8233294002212583,0.8232896692819304,3.973093932796434e-05,,
amica,chb22_30.edf,"[3, 11]","[3, 11]",True,0.8453356104311622,0.8453525503414525,1.693991029028119e-05,,
amica,chb22_38.edf,"[0, 1, 2]","[0, 1, 2]",True,0.3210104661436718,0.32100889330438764,1.5728392841474204e-06,,
amica,chb22_51.edf,[0],[0],True,0.7398543960578106,0.7398574964036942,3.100345883688682e-06,,
amica,chb22_54.edf,"[6, 11]","[6, 11]",True,0.9118813735136957,0.9118816939208156,3.204071199469638e-07,,
amica,chb22_77.edf,[4],[4],True,0.9238527087672368,0.9238528503056308,1.4153839400510293e-07,,
amica,chb23_06.edf,"[0, 1, 2]","[0, 1, 2]",True,0.5436522197633145,0.5436611281355614,8.908372246985152e-06,,
amica,chb23_07.edf,"[0, 1, 2]","[0, 1, 2]",True,0.31424635631589776,0.3142444276458109,1.9286700868592632e-06,,
amica,chb23_08.edf,"[0, 1]","[0, 1]",True,0.4839667480295983,0.4839682426461686,1.4946165702856007e-06,,
amica,chb23_09.edf,"[0, 1]","[0, 1]",True,0.48566242942107113,0.4856659487261451,3.5193050739734666e-06,,
amica,chb23_10.edf,[0],[0],True,0.7671919640039606,0.7671902992183652,1.6647855953788593e-06,,
amica,chb23_16.edf,"[0, 3]","[0, 3]",True,0.6335880714337896,0.6335881176674324,4.6233642803095165e-08,,
amica,chb23_17.edf,[0],[0],True,0.5322938513564399,0.5322933452956851,5.060607548568186e-07,,
amica,chb23_19.edf,[13],[13],True,0.8985384379392296,0.8985402529092341,1.8149700045100303e-06,,
amica,chb23_20.edf,[0],[0],True,0.5759102757812831,0.5759104751681761,1.993868929961451e-07,,
amica,chb24_01.edf,[0],[0],True,0.5558034756864828,0.5558033451213241,1.3056515868470342e-07,,
amica,chb24_02.edf,"[1, 2, 3, 5, 7]","[1, 2, 3, 5, 7]",True,0.5859591190940008,0.5859598474000309,7.283060301510602e-07,,
amica,chb24_03.edf,"[1, 6, 12]","[1, 6, 12]",True,0.6568034392960472,0.6568088026825626,5.363386515355728e-06,,
amica,chb24_04.edf,[1],[1],True,0.814601432951541,0.8146018218743085,3.8892276754687316e-07,,
amica,chb24_05.edf,[1],[1],True,0.8268412226146649,0.8268411146813133,1.0793335158965078e-07,,
amica,chb24_06.edf,"[0, 3]","[0, 3]",True,0.4983238386000329,0.4983266523689896,2.813768956722029e-06,,
amica,chb24_07.edf,"[2, 5]","[2, 5]",True,0.8206435674662256,0.8206457147065239,2.147240298344677e-06,,
amica,chb24_08.edf,[2],[2],True,0.8855948594207745,0.8855932211235038,1.638297270734057e-06,,
amica,chb24_09.edf,"[2, 6]","[2, 6]",True,0.8324905915729607,0.8324803254225401,1.0266150420545905e-05,,
amica,chb24_10.edf,[2],[2],True,0.8937384926570803,0.8937431270218338,4.634364753508535e-06,,
amica,chb24_11.edf,[3],[3],True,0.9303532309497015,0.9303557271987061,2.4962490046132046e-06,,
amica,chb24_12.edf,"[0, 2]","[0, 2]",True,0.7464745568848533,0.7464875605956213,1.3003710767955923e-05,,
amica,chb24_13.edf,[2],[2],True,0.8299517217524742,0.8300155635084553,6.384175598106445e-05,,
amica,chb24_14.edf,[2],[2],True,0.8737958025495393,0.8738294878752726,3.3685325733334714e-05,,
amica,chb24_15.edf,"[2, 4]","[2, 4]",True,0.8601762693607936,0.8601813415743118,5.072213518197977e-06,,
amica,chb24_16.edf,"[0, 3]","[0, 3]",True,0.4477261695158206,0.4477257995600624,3.6995575819487314e-07,,
amica,chb24_17.edf,[0],[0],True,0.5252465763804388,0.5252464383354634,1.3804497545066852e-07,,
amica,chb24_18.edf,[0],[0],True,0.6624946058345885,0.6624951769988506,5.71164262108681e-07,,
amica,chb24_19.edf,"[0, 5]","[0, 5]",True,0.6315133682344649,0.6315134120305184,4.3796053450506633e-08,,
amica,chb24_20.edf,"[0, 5]","[0, 5]",True,0.5467879806683668,0.5467935306998866,5.550031519807597e-06,,
amica,chb24_21.edf,[1],[1],True,0.9444124761021347,0.9444125810578083,1.0495567359658509e-07,,
amica,chb24_22.edf,"[1, 8]","[1, 8]",True,0.9425358979053307,0.9425370057611169,1.107855786219858e-06,,
