method,record,removed_a,removed_b,same_removed,power_kept_a,power_kept_b,abs_dpower,threshold_a,threshold_b
infomax,PN00-1.edf,[0],[0],True,0.6583236387344668,0.6583236387344668,0.0,,
infomax,PN00-2.edf,"[0, 2]","[0, 2]",True,0.7392293027284854,0.7392293027284854,0.0,,
infomax,PN00-3.edf,[1],[1],True,0.8174442244870078,0.8174442244870078,0.0,,
infomax,PN00-4.edf,"[0, 4]","[0, 4]",True,0.5776856421192198,0.5776856421192198,0.0,,
infomax,PN00-5.edf,[0],[0],True,0.7727889430289734,0.7727889430289734,0.0,,
infomax,PN01-1.edf,[1],[1],True,0.7753790898951324,0.7753790898951324,0.0,,
infomax,PN03-1.edf,"[0, 7, 10]","[0, 7, 10]",True,0.6263939737907854,0.6263939737907854,0.0,,
infomax,PN03-2.edf,"[0, 5, 9]","[0, 5, 9]",True,0.5628325286541754,0.5628325286541754,0.0,,
infomax,PN05-2.edf,"[2, 9]","[2, 9]",True,0.8635230671020946,0.8635230671020946,0.0,,
infomax,PN05-3.edf,[3],[3],True,0.9933357782140925,0.9933357782140925,0.0,,
infomax,PN05-4.edf,"[3, 9]","[3, 9]",True,0.9737530962971532,0.9737530962971532,0.0,,
infomax,PN06-1.edf,"[1, 6, 8]","[1, 6, 8]",True,0.9144114651518417,0.9144114651518417,0.0,,
infomax,PN06-2.edf,"[0, 1, 2]","[0, 1, 2]",True,0.09281755942206388,0.09281755942206388,0.0,,
infomax,PN06-3.edf,"[0, 1]","[0, 1]",True,0.08499121710755358,0.08499121710755358,0.0,,
infomax,PN06-4.edf,[1],[1],True,0.8128386284769138,0.8128386284769138,0.0,,
infomax,PN06-5.edf,"[1, 2, 5]","[1, 2, 5]",True,0.7927825167886808,0.7927825167886808,0.0,,
infomax,PN07-1.edf,"[0, 1, 11]","[0, 1, 11]",True,0.5450898684169699,0.5450898684169699,0.0,,
infomax,PN09-1.edf,[0],[0],True,0.6354296944520931,0.6354296944520931,0.0,,
infomax,PN09-2.edf,[],[],True,1.0,1.0,0.0,,
infomax,PN09-3.edf,"[0, 1]","[0, 1]",True,0.3243743088934662,0.3243743088934662,0.0,,
infomax,PN10-1.edf,[2],[2],True,0.9261322805943016,0.9261322805943016,0.0,,
infomax,PN10-10.edf,"[0, 1]","[0, 1]",True,0.17939577606263454,0.17939577606263454,0.0,,
infomax,PN10-2.edf,"[0, 1]","[0, 1]",True,0.19893838216696305,0.19893838216696305,0.0,,
infomax,PN10-3.edf,"[0, 3]","[0, 3]",True,0.28939130282930814,0.28939130282930814,0.0,,
infomax,PN10-4.5.6.edf,[0],[0],True,0.2717090353479637,0.2717090353479637,0.0,,
infomax,PN10-7.8.9.edf,"[0, 1]","[0, 1]",True,0.1753909479286365,0.1753909479286365,0.0,,
infomax,PN11-1.edf,"[1, 2, 3]","[1, 2, 3]",True,0.9824543544749694,0.9824543544749694,0.0,,
infomax,PN12-1.2.edf,"[0, 1]","[0, 1]",True,0.6618196482832948,0.6618196482832948,0.0,,
infomax,PN12-3.edf,"[0, 1, 2]","[0, 1, 2]",True,0.12154045613023799,0.12154045613023799,0.0,,
infomax,PN12-4.edf,"[1, 4]","[1, 4]",True,0.8793068347159368,0.8793068347159368,0.0,,
infomax,PN13-1.edf,"[0, 4, 5]","[0, 4, 5]",True,0.49462413158478763,0.49462413158478763,0.0,,
infomax,PN13-2.edf,"[2, 3, 4]","[2, 3, 4]",True,0.9900826050605094,0.9900826050605094,0.0,,
infomax,PN13-3.edf,"[1, 2, 4]","[1, 2, 4]",True,0.9618282521111258,0.9618282521111258,0.0,,
infomax,PN14-1.edf,"[0, 2]","[0, 2]",True,0.484188878180736,0.484188878180736,0.0,,
infomax,PN14-2.edf,[0],[0],True,0.5949535104558346,0.5949535104558346,0.0,,
infomax,PN14-3.edf,"[0, 3]","[0, 3]",True,0.6362118678090235,0.6362118678090235,0.0,,
infomax,PN14-4.edf,"[0, 6]","[0, 6]",True,0.6089424313147496,0.6089424313147496,0.0,,
infomax,PN16-1.edf,"[3, 8, 10, 11]","[3, 8, 10, 11]",True,0.9335625363784978,0.9335625363784978,0.0,,
infomax,PN16-2.edf,"[2, 6, 9]","[2, 6, 9]",True,0.8567578736156204,0.8567578736156204,0.0,,
infomax,PN17-1.edf,[0],[0],True,0.6845742379416941,0.6845742379416941,0.0,,
infomax,PN17-2.edf,"[0, 1, 3]","[0, 1, 3]",True,0.23500898066490358,0.23500898066490358,0.0,,
infomax,chb01_01.edf,[0],[0],True,0.422168372568107,0.42216837256810674,2.7755575615628914e-16,,
infomax,chb01_02.edf,"[0, 1]","[0, 1]",True,0.5397576397830453,0.5397576397830436,1.6653345369377348e-15,,
infomax,chb01_03.edf,"[2, 5]","[2, 5]",True,0.8253315849783849,0.8253315849783849,0.0,,
infomax,chb01_04.edf,[0],[0],True,0.8371402315301169,0.8371402315301112,5.662137425588298e-15,,
infomax,chb01_05.edf,[0],[0],True,0.4209581987549185,0.4209581987549187,1.6653345369377348e-16,,
infomax,chb01_06.edf,[0],[0],True,0.33648260973938277,0.3364826097393803,2.4424906541753444e-15,,
infomax,chb01_07.edf,[0],[0],True,0.44259480898795,0.4425948089879596,9.603429163007604e-15,,
infomax,chb01_08.edf,[0],[0],True,0.5206252622921933,0.5206252622921931,2.220446049250313e-16,,
infomax,chb01_09.edf,"[0, 2]","[0, 2]",True,0.422338076168701,0.4223380761687029,1.887379141862766e-15,,
infomax,chb01_10.edf,"[0, 2]","[0, 2]",True,0.4463733415396601,0.4463733415538837,1.4223622279985193e-11,,
infomax,chb01_11.edf,"[0, 1]","[0, 1]",True,0.3276730062005759,0.3276730062005759,0.0,,
infomax,chb01_12.edf,"[0, 2]","[0, 2]",True,0.3754708809537417,0.3754708809537068,3.4916514124461173e-14,,
infomax,chb01_13.edf,"[0, 3, 5]","[0, 3, 5]",True,0.3840813986705569,0.3840813986705569,0.0,,
infomax,chb01_14.edf,[0],[0],True,0.7894751032897073,0.7894751032897073,0.0,,
infomax,chb01_15.edf,[1],[1],True,0.8841113572071236,0.8841113572071236,0.0,,
infomax,chb01_16.edf,"[1, 2]","[1, 2]",True,0.7576055427029149,0.7576055427029149,0.0,,
infomax,chb01_17.edf,[0],[0],True,0.8743393005387359,0.8743393005387288,7.105427357601002e-15,,
infomax,chb01_18.edf,[0],[0],True,0.858432395040663,0.858432395040663,0.0,,
infomax,chb01_19.edf,"[0, 3]","[0, 3]",True,0.7621455243274263,0.7621455243234143,4.012012944087928e-12,,
infomax,chb01_20.edf,[1],[1],True,0.8970772507803529,0.8970772507803529,0.0,,
infomax,chb01_21.edf,[0],[0],True,0.6839408920209101,0.6839408920209598,4.96269692007445e-14,,
infomax,chb01_22.edf,"[0, 1, 6]","[0, 1, 6]",True,0.2780181897362862,0.2780181897362862,0.0,,
infomax,chb01_23.edf,"[0, 1, 10]","[0, 1, 10]",True,0.42771696465329634,0.42771696465329634,0.0,,
infomax,chb01_24.edf,"[0, 2, 10]","[0, 2, 10]",True,0.3765000134723464,0.376500013421485,5.086142618182521e-11,,
infomax,chb01_25.edf,"[0, 2, 12]","[0, 2, 12]",True,0.5320754461912218,0.5320754461785641,1.2657763726053872e-11,,
infomax,chb01_26.edf,[0],[0],True,0.8267799190049575,0.8267799190049575,0.0,,
infomax,chb01_29.edf,[0],[0],True,0.813595319482379,0.8135953194823787,2.220446049250313e-16,,
infomax,chb01_30.edf,"[0, 2]","[0, 2]",True,0.5015575806189331,0.5015575806189332,1.1102230246251565e-16,,
infomax,chb01_31.edf,"[0, 4]","[0, 4]",True,0.6626492372433074,0.6626496892768928,4.52033585451872e-07,,
infomax,chb01_32.edf,"[0, 4]","[0, 4]",True,0.6769348834584537,0.6769348834584537,0.0,,
infomax,chb01_33.edf,"[0, 3]","[0, 3]",True,0.5416356132002057,0.5416356132002081,2.4424906541753444e-15,,
infomax,chb01_34.edf,"[1, 10]","[1, 10]",True,0.7747345072766278,0.7747345072766456,1.7763568394002505e-14,,
infomax,chb01_36.edf,[1],[1],True,0.8301459515012525,0.8301459515012525,0.0,,
infomax,chb01_37.edf,[0],[0],True,0.83121118646294,0.83121118646294,0.0,,
infomax,chb01_38.edf,[],[],True,1.0,1.0,0.0,,
infomax,chb01_39.edf,"[1, 2]","[1, 2]",True,0.7695983887288691,0.769598393351788,4.622918936547649e-09,,
infomax,chb01_40.edf,[4],[4],True,0.9329701988891128,0.9329701988891054,7.438494264988549e-15,,
infomax,chb01_41.edf,[0],[0],True,0.887307109182784,0.887307109182784,0.0,,
infomax,chb01_42.edf,"[0, 2, 13]","[0, 2, 13]",True,0.6771313169828449,0.6771313169828448,1.1102230246251565e-16,,
infomax,chb01_43.edf,[1],[1],True,0.8836970576285127,0.8836970576285128,1.1102230246251565e-16,,
infomax,chb01_46.edf,"[0, 2]","[0, 2]",True,0.5186774085219833,0.5186774085219833,0.0,,
infomax,chb02_03.edf,[0],[0],True,0.8127550615456842,0.8127550615456846,3.3306690738754696e-16,,
infomax,chb02_04.edf,[1],[1],True,0.846874365204115,0.8468743652041141,8.881784197001252e-16,,
infomax,chb02_06.edf,"[0, 5]","[0, 5]",True,0.7062392319866359,0.7062392319866359,0.0,,
infomax,chb02_07.edf,"[0, 5, 13]","[0, 5, 13]",True,0.675304981618898,0.675304981618898,0.0,,
infomax,chb02_08.edf,"[1, 2, 13]","[1, 2, 13]",True,0.6934872871845482,0.6934872871845482,0.0,,
infomax,chb02_09.edf,[0],[0],True,0.8373039442509244,0.8373039442509244,0.0,,
infomax,chb02_10.edf,[1],[1],True,0.865786924484045,0.8657869244840452,1.1102230246251565e-16,,
infomax,chb02_11.edf,[1],[1],True,0.883805243672254,0.883805243672254,0.0,,
infomax,chb02_12.edf,[4],[4],True,0.9211827242455062,0.921182724245507,7.771561172376096e-16,,
infomax,chb02_13.edf,[4],[4],True,0.9211467935074146,0.9211467935074108,3.774758283725532e-15,,
infomax,chb02_14.edf,"[1, 11]","[1, 11]",True,0.8023336817916941,0.8023336817916941,0.0,,
infomax,chb02_15.edf,"[1, 5, 7]","[1, 5, 7]",True,0.7851540844521229,0.7851540844521229,0.0,,
infomax,chb02_16+.edf,[5],"[5, 8]",False,0.9486938152906818,0.9151216218762694,0.03357219341441231,,
infomax,chb02_16.edf,"[2, 3]","[2, 3]",True,0.8343697413405712,0.8343697413405712,0.0,,
infomax,chb02_17.edf,"[0, 3]","[0, 3]",True,0.6992654376285246,0.6992654376285246,0.0,,
infomax,chb02_18.edf,"[0, 8]","[0, 8]",True,0.6874028146445513,0.6874028146353297,9.221623464839013e-12,,
infomax,chb02_19.edf,"[0, 1]","[0, 1]",True,0.5303177431515864,0.5303177431515863,1.1102230246251565e-16,,
infomax,chb02_21.edf,"[2, 8, 15]","[2, 8, 15]",True,0.853729857821633,0.853729857821633,0.0,,
infomax,chb02_22.edf,"[3, 12]","[3, 12]",True,0.8937508829436528,0.8937508829436528,0.0,,
infomax,chb02_23.edf,"[0, 1, 7]","[0, 1, 7]",True,0.5598545468542127,0.5598545468542145,1.887379141862766e-15,,
infomax,chb02_24.edf,"[0, 1, 7]","[0, 1, 7]",True,0.4833040991663792,0.48330400394798095,9.521839822168587e-08,,
infomax,chb02_25.edf,"[0, 1, 8]","[0, 1, 8]",True,0.5553878183301543,0.5553878888927464,7.056259210269644e-08,,
infomax,chb02_26.edf,"[0, 1, 4]","[0, 1, 4]",True,0.5139656878058781,0.5139656878058787,5.551115123125783e-16,,
infomax,chb02_27.edf,"[0, 1, 2]","[0, 1]",False,0.5187431379367482,0.6178008673412847,0.0990577294045365,,
infomax,chb02_28.edf,[],[],True,1.0,1.0,0.0,,
infomax,chb02_29.edf,[],[],True,1.0,1.0,0.0,,
infomax,chb02_30.edf,[],[],True,1.0,1.0,0.0,,
infomax,chb02_32.edf,[6],[6],True,0.9250641030080047,0.9250641030080926,8.79296635503124e-14,,
infomax,chb02_33.edf,[4],[4],True,0.9272796609783058,0.9272796609783058,0.0,,
infomax,chb02_34.edf,"[0, 9, 14]","[0, 9, 14]",True,0.8004785125219089,0.8004785125218742,3.47499806707674e-14,,
infomax,chb02_35.edf,"[0, 1]","[0, 1]",True,0.691004941124969,0.6910049411252627,2.936539900133539e-13,,
infomax,chb03_01.edf,"[0, 1]","[0, 1]",True,0.2541330104073209,0.2541330104181813,1.0860423671488206e-11,,
infomax,chb03_02.edf,[0],[0],True,0.5318733282982523,0.5318733385387482,1.024049589570808e-08,,
infomax,chb03_03.edf,"[0, 2]","[0, 2]",True,0.44999177978976346,0.44999177978989335,1.2989609388114332e-13,,
infomax,chb03_04.edf,"[0, 1]","[0, 1]",True,0.18144381988346162,0.18144381988343916,2.245426067304379e-14,,
infomax,chb03_05.edf,"[0, 1]","[0, 1]",True,0.4044794884669819,0.40447948846698284,9.43689570931383e-16,,
infomax,chb03_06.edf,[0],[0],True,0.7848319622495039,0.7848319622495042,3.3306690738754696e-16,,
infomax,chb03_07.edf,[],[],True,1.0,1.0,0.0,,
infomax,chb03_08.edf,"[0, 1]","[0, 1]",True,0.5695990965201603,0.5695990965201855,2.5202062658991053e-14,,
infomax,chb03_09.edf,[1],[1],True,0.8212565723534421,0.8212565723534415,5.551115123125783e-16,,
infomax,chb03_10.edf,"[0, 1]","[0, 1]",True,0.3365695784783738,0.3365695784783738,0.0,,
infomax,chb03_11.edf,"[0, 1]","[0, 1]",True,0.6946630182469664,0.6946630182469664,0.0,,
infomax,chb03_12.edf,[],[],True,1.0,1.0,0.0,,
infomax,chb03_13.edf,"[0, 1]","[0, 1]",True,0.6726106764775112,0.6726106764775112,0.0,,
infomax,chb03_14.edf,[],[],True,1.0,1.0,0.0,,
infomax,chb03_15.edf,[],[],True,1.0,1.0,0.0,,
infomax,chb03_16.edf,"[0, 1]","[0, 1]",True,0.3168404244040536,0.316840424363478,4.057559843673175e-11,,
infomax,chb03_17.edf,[0],[0],True,0.425074462502996,0.42507446250299524,7.771561172376096e-16,,
infomax,chb03_18.edf,[0],[0],True,0.4889512682672704,0.4889512682672704,0.0,,
infomax,chb03_19.edf,"[0, 1, 6]","[0, 1, 6]",True,0.18882135264139918,0.18882135264151584,1.1665668431248832e-13,,
infomax,chb03_20.edf,"[0, 1, 8, 12]","[0, 1, 8, 12]",True,0.23593365915022457,0.23593365915022457,0.0,,
infomax,chb03_21.edf,[0],[0],True,0.44758418169914227,0.44758418169914227,0.0,,
infomax,chb03_22.edf,"[0, 1]","[0, 1]",True,0.24238406688633912,0.24238406688633915,2.7755575615628914e-17,,
infomax,chb03_23.edf,"[0, 9]","[0, 9]",True,0.7865239176097097,0.7867758883544617,0.00025197074475191705,,
infomax,chb03_24.edf,"[0, 1]","[0, 1]",True,0.12114658734690396,0.12114658734690396,0.0,,
infomax,chb03_25.edf,[0],[0],True,0.43093905492968226,0.4309390549288642,8.180678356950466e-13,,
infomax,chb03_26.edf,"[0, 1]","[0, 1]",True,0.20800283677791637,0.20800283677773915,1.7721935030579061e-13,,
infomax,chb03_27.edf,[0],[0],True,0.5946825090112289,0.5946825090112277,1.2212453270876722e-15,,
infomax,chb03_28.edf,[0],[0],True,0.7555810321605163,0.755581032160517,6.661338147750939e-16,,
infomax,chb03_29.edf,[0],[0],True,0.48549488590757456,0.4854948859076147,4.013456234019941e-14,,
infomax,chb03_30.edf,"[0, 5]","[0, 5]",True,0.6608470431512206,0.6608470431512459,2.531308496145357e-14,,
infomax,chb03_31.edf,[0],[0],True,0.7748937074432766,0.7748937074432766,0.0,,
infomax,chb03_32.edf,"[0, 4]","[0, 4]",True,0.62147175691892,0.6214717569158756,3.0443425558246417e-12,,
infomax,chb03_33.edf,"[0, 5]","[0, 5]",True,0.7105764678047995,0.7105764678047275,7.205347429817266e-14,,
infomax,chb03_34.edf,[2],[2],True,0.8787214290807445,0.8787214364875056,7.406761093342595e-09,,
infomax,chb03_35.edf,[2],[2],True,0.8610096144055029,0.8610096142456218,1.59881108352522e-10,,
infomax,chb03_36.edf,[2],[2],True,0.8854940146712427,0.8853195190292338,0.00017449564200888723,,
infomax,chb03_37.edf,"[0, 1, 3]","[0, 1, 3]",True,0.30269555247759067,0.30269555247758617,4.496403249731884e-15,,
infomax,chb03_38.edf,[0],[0],True,0.5763539684379121,0.5763539684379698,5.773159728050814e-14,,
infomax,chb04_01.edf,"[0, 2]","[0, 2]",True,0.5193079904501751,0.5193079904501744,6.661338147750939e-16,,
infomax,chb04_02.edf,[0],[0],True,0.7453746200466199,0.7453746200466199,0.0,,
infomax,chb04_03.edf,[4],[4],True,0.9305950621953174,0.9305949972195104,6.497580695707939e-08,,
infomax,chb04_04.edf,"[0, 6]","[0, 6]",True,0.6285261332972387,0.6285261332972384,3.3306690738754696e-16,,
infomax,chb04_05.edf,[],[],True,1.0,1.0,0.0,,
infomax,chb04_06.edf,"[0, 5]","[0, 5]",True,0.5981371956255103,0.5981371956253834,1.268984917146554e-13,,
infomax,chb04_07.edf,[0],[0],True,0.6125222728199007,0.6125222728199015,7.771561172376096e-16,,
infomax,chb04_08.edf,"[0, 8]","[0, 8]",True,0.6389334092022176,0.6389276487757025,5.760426515122319e-06,,
infomax,chb04_09.edf,"[1, 2, 4, 6]","[1, 2, 4, 6]",True,0.5853697760271964,0.585369775694968,3.3222846695935004e-10,,
infomax,chb04_10.edf,[2],[2],True,0.9010602428155599,0.9010602697848441,2.696928425027778e-08,,
infomax,chb04_11.edf,"[1, 2, 4]","[1, 2, 4]",True,0.6564662923338549,0.6564664169032276,1.2456937270588497e-07,,
infomax,chb04_12.edf,"[0, 5]","[0, 5]",True,0.6790621239055721,0.6790621239055721,0.0,,
infomax,chb04_13.edf,"[0, 1, 11]","[0, 1, 11]",True,0.429613041713817,0.42961304171382775,1.0769163338864018e-14,,
infomax,chb04_14.edf,[],[],True,1.0,1.0,0.0,,
infomax,chb04_15.edf,"[1, 2, 4]","[1, 2, 4]",True,0.5704136797019477,0.5704136797019479,2.220446049250313e-16,,
infomax,chb04_16.edf,"[0, 1, 3]","[0, 1, 3]",True,0.14108032759426303,0.14108032759426292,1.1102230246251565e-16,,
infomax,chb04_17.edf,"[0, 1, 4]","[0, 1, 4]",True,0.12556238154312255,0.12556238154312238,1.6653345369377348e-16,,
infomax,chb04_18.edf,[],[],True,1.0,1.0,0.0,,
infomax,chb04_21.edf,[0],[0],True,0.6173477218317833,0.6173488203462228,1.09851443952369e-06,,
infomax,chb04_22.edf,"[0, 4]","[0, 4]",True,0.5896596493138032,0.5896596493138032,0.0,,
infomax,chb04_24.edf,[0],[0],True,0.6347831711274907,0.6347831711274915,7.771561172376096e-16,,
infomax,chb04_25.edf,[0],[0],True,0.674014112826609,0.6740141128266096,6.661338147750939e-16,,
infomax,chb04_26.edf,"[1, 2]","[1, 2]",True,0.711240833576488,0.7112408335378472,3.8640868282868723e-11,,
infomax,chb04_27.edf,[0],[0],True,0.7200815683554327,0.7200815683554309,1.7763568394002505e-15,,
infomax,chb04_28.edf,"[1, 2]",[1],False,0.8273067613860832,0.9109722399694201,0.08366547858333695,,
infomax,chb04_29.edf,[],[],True,1.0,1.0,0.0,,
infomax,chb04_30.edf,"[0, 1, 14]","[0, 1, 14]",True,0.4994632637590016,0.4994632637590021,4.996003610813204e-16,,
infomax,chb04_31.edf,"[0, 3, 13]","[0, 3, 13]",True,0.5437494409149632,0.5437494409149632,0.0,,
infomax,chb04_32.edf,"[0, 6, 14]","[0, 6, 14]",True,0.6428106136225151,0.6428106200914847,6.4689695822295334e-09,,
infomax,chb04_33.edf,"[0, 3, 4, 7]","[0, 3, 4, 7]",True,0.48021443693512966,0.4802144369351294,2.7755575615628914e-16,,
infomax,chb04_34.edf,"[0, 1, 2, 3]","[0, 1, 2, 3]",True,0.12380131423358849,0.12380131423358857,8.326672684688674e-17,,
infomax,chb04_35.edf,"[1, 3, 5, 9]","[1, 3, 5, 9]",True,0.6272970366416772,0.6272970366416778,5.551115123125783e-16,,
infomax,chb04_36.edf,[2],[2],True,0.9770189860843741,0.9770189860843741,0.0,,
infomax,chb04_37.edf,"[1, 3]","[1, 3]",True,0.79962635870014,0.8014960621421636,0.0018697034420236402,,
infomax,chb04_38.edf,"[0, 1, 4]","[0, 1, 4]",True,0.18680821249312338,0.18680821249312338,0.0,,
infomax,chb04_39.edf,[0],[0],True,0.7096184967744077,0.7096186278183011,1.3104389340323763e-07,,
infomax,chb04_40.edf,"[0, 2, 3]","[0, 2, 3]",True,0.5590926276606815,0.5590926276606816,1.1102230246251565e-16,,
infomax,chb04_41.edf,[5],[5],True,0.928008671219611,0.9280086711574129,6.219802450857514e-11,,
infomax,chb04_42.edf,"[1, 3]","[1, 3]",True,0.8177299455933497,0.8177299455933508,1.1102230246251565e-15,,
infomax,chb04_43.edf,[0],[0],True,0.6990344196046024,0.6990344196047338,1.3133938381315602e-13,,
infomax,chb05_01.edf,[0],[0],True,0.8215489081370193,0.8215489081370193,0.0,,
infomax,chb05_02.edf,[0],[0],True,0.8424339124118172,0.8424339124118172,0.0,,
infomax,chb05_03.edf,[0],[0],True,0.861285659053872,0.8612856590538721,1.1102230246251565e-16,,
infomax,chb05_04.edf,[2],[2],True,0.9005783520424232,0.9005783520424232,0.0,,
infomax,chb05_05.edf,[0],[0],True,0.8851138636128667,0.8851138636128663,4.440892098500626e-16,,
infomax,chb05_06.edf,[],[],True,1.0,1.0,0.0,,
infomax,chb05_07.edf,[1],[1],True,0.8780779527868134,0.8780779527868134,0.0,,
infomax,chb05_08.edf,[1],[1],True,0.8810694257678211,0.8810694257678132,7.882583474838611e-15,,
infomax,chb05_09.edf,[],[],True,1.0,1.0,0.0,,
infomax,chb05_10.edf,[3],[3],True,0.9107128588859288,0.9107128588859288,0.0,,
infomax,chb05_11.edf,[1],[1],True,0.8890946813672136,0.8890946813672136,0.0,,
infomax,chb05_12.edf,[],[],True,1.0,1.0,0.0,,
infomax,chb05_13.edf,"[2, 14]","[2, 4]",False,0.85652780552533,0.8294727297815707,0.027055075743759316,,
infomax,chb05_14.edf,[0],[0],True,0.774652624463851,0.774652624463851,0.0,,
infomax,chb05_15.edf,[],[],True,1.0,1.0,0.0,,
infomax,chb05_16.edf,[],[],True,1.0,1.0,0.0,,
infomax,chb05_17.edf,[0],[0],True,0.8860424796524089,0.8860540359625532,1.1556310144267279e-05,,
infomax,chb05_18.edf,[],[],True,1.0,1.0,0.0,,
infomax,chb05_19.edf,[],[],True,1.0,1.0,0.0,,
infomax,chb05_20.edf,[],[],True,1.0,1.0,0.0,,
infomax,chb05_21.edf,[0],[0],True,0.8428961367122786,0.8428961367122786,0.0,,
infomax,chb05_22.edf,[],[],True,1.0,1.0,0.0,,
infomax,chb05_23.edf,[1],[1],True,0.887817910023377,0.8878179100233767,2.220446049250313e-16,,
infomax,chb05_24.edf,[],[],True,1.0,1.0,0.0,,
infomax,chb05_25.edf,[2],[2],True,0.9078064428103481,0.9078064428103477,3.3306690738754696e-16,,
infomax,chb05_26.edf,[1],[1],True,0.85619504106169,0.85619504106169,0.0,,
infomax,chb05_27.edf,[],[],True,1.0,1.0,0.0,,
infomax,chb05_28.edf,[],[],True,1.0,1.0,0.0,,
infomax,chb05_29.edf,[1],[1],True,0.8742018862330209,0.8742018862330209,0.0,,
infomax,chb05_30.edf,"[1, 3]","[1, 3]",True,0.7894592144869608,0.7894592144869608,0.0,,
infomax,chb05_31.edf,[2],[2],True,0.9054961664387694,0.9054961664387696,2.220446049250313e-16,,
infomax,chb05_32.edf,[],[],True,1.0,1.0,0.0,,
infomax,chb05_33.edf,[3],[3],True,0.9140356397152702,0.9140356397152702,0.0,,
infomax,chb05_34.edf,[],[],True,1.0,1.0,0.0,,
infomax,chb05_35.edf,"[2, 3]","[2, 3]",True,0.8473737511200294,0.8473737511200288,6.661338147750939e-16,,
infomax,chb05_36.edf,[2],[2],True,0.8935867429511329,0.8935867429511322,7.771561172376096e-16,,
infomax,chb05_37.edf,[4],[4],True,0.9180708255454476,0.9180708255450843,3.632649736573512e-13,,
infomax,chb05_38.edf,[2],[2],True,0.9205855022615715,0.9205855022615715,0.0,,
infomax,chb05_39.edf,[2],[2],True,0.8765552584436823,0.8765552584436822,1.1102230246251565e-16,,
infomax,chb06_01.edf,[9],[9],True,0.960706594279698,0.9607065942796971,8.881784197001252e-16,,
infomax,chb06_02.edf,[],[],True,1.0,1.0,0.0,,
infomax,chb06_03.edf,[15],[15],True,0.9841576004907585,0.9841576004907578,6.661338147750939e-16,,
infomax,chb06_04.edf,[0],[0],True,0.5816863190596209,0.5817059480289765,1.9628969355589554e-05,,
infomax,chb06_05.edf,[0],[0],True,0.6738275060633371,0.6740120400507718,0.0001845339874346763,,
infomax,chb06_06.edf,[8],[8],True,0.9624941532898466,0.9624941532898466,0.0,,
infomax,chb06_07.edf,[8],[8],True,0.959842956017843,0.9598429560178428,2.220446049250313e-16,,
infomax,chb06_08.edf,[],[],True,1.0,1.0,0.0,,
infomax,chb06_09.edf,[],[],True,1.0,1.0,0.0,,
infomax,chb06_10.edf,[],[],True,1.0,1.0,0.0,,
infomax,chb06_12.edf,[7],[7],True,0.954695504362745,0.9546955043627423,2.6645352591003757e-15,,
infomax,chb06_13.edf,[7],[7],True,0.9533145787792723,0.9533145787792716,6.661338147750939e-16,,
infomax,chb06_14.edf,[7],[7],True,0.9544017269508963,0.9543976699253399,4.057025556392091e-06,,
infomax,chb06_15.edf,[12],[12],True,0.9845107800502284,0.9845108235248284,4.347460003106818e-08,,
infomax,chb06_16.edf,[14],[13],False,0.9799383576943752,0.9797122100535504,0.0002261476408248475,,
infomax,chb06_17.edf,[6],[6],True,0.9498419942177635,0.9498419942177635,0.0,,
infomax,chb06_18.edf,[],[],True,1.0,1.0,0.0,,
infomax,chb06_24.edf,"[0, 5, 12]","[0, 5, 12]",True,0.6577201402832017,0.6577201224735316,1.7809670072033157e-08,,
infomax,chb07_01.edf,"[0, 1]","[0, 1]",True,0.273875335760002,0.2738753357600053,3.2751579226442118e-15,,
infomax,chb07_02.edf,"[0, 3]","[0, 3]",True,0.5942959707304589,0.5942959707304594,4.440892098500626e-16,,
infomax,chb07_03.edf,[],[],True,1.0,1.0,0.0,,
infomax,chb07_04.edf,[],[],True,1.0,1.0,0.0,,
infomax,chb07_05.edf,[0],[0],True,0.5570658441043006,0.5565458830054416,0.0005199610988589898,,
infomax,chb07_06.edf,"[0, 1, 2]","[0, 1, 2]",True,0.30469005254671316,0.30469005254659337,1.197930643570544e-13,,
infomax,chb07_07.edf,"[0, 2]","[0, 2]",True,0.5351618843832009,0.5351618843832006,3.3306690738754696e-16,,
infomax,chb07_08.edf,"[0, 1, 4]","[0, 1, 4]",True,0.3006147045431972,0.30061470454319794,7.216449660063518e-16,,
infomax,chb07_09.edf,"[0, 1]","[0, 1]",True,0.3232721962636001,0.3232721962636003,2.220446049250313e-16,,
infomax,chb07_10.edf,[],[],True,1.0,1.0,0.0,,
infomax,chb07_11.edf,[],[],True,1.0,1.0,0.0,,
infomax,chb07_12.edf,"[0, 1]","[0, 1]",True,0.3559378617159377,0.35593786171593755,1.6653345369377348e-16,,
infomax,chb07_13.edf,[0],[0],True,0.6704868355667466,0.6705592662480403,7.243068129370034e-05,,
infomax,chb07_14.edf,[1],[1],True,0.8861433090523744,0.8863904371580906,0.00024712810571625443,,
infomax,chb07_15.edf,"[0, 2]","[0, 2]",True,0.45439040961174465,0.45439040979062667,1.7888202030746925e-10,,
infomax,chb07_16.edf,"[0, 3]","[0, 3]",True,0.5355545763026234,0.5355545763026234,0.0,,
infomax,chb07_17.edf,[],[],True,1.0,1.0,0.0,,
infomax,chb07_18.edf,"[1, 2]","[1, 2]",True,0.7948295064942165,0.7948295064943064,8.992806499463768e-14,,
infomax,chb07_19.edf,"[0, 2, 3]","[0, 3]",False,0.37146513883438065,0.46520123682706516,0.09373609799268451,,
infomax,chb08_02.edf,"[0, 2, 5]","[0, 2, 5]",True,0.5503560195147708,0.5503560195147715,7.771561172376096e-16,,
infomax,chb08_03.edf,"[8, 13, 14, 15]","[8, 13, 14, 15]",True,0.8699312489436315,0.8699312489436315,0.0,,
infomax,chb08_04.edf,"[6, 12]","[6, 12]",True,0.9279801104397322,0.9279801104397318,3.3306690738754696e-16,,
infomax,chb08_05.edf,[0],[0],True,0.8268600336391067,0.8268600336391067,0.0,,
infomax,chb08_10.edf,[0],[0],True,0.5665141310848222,0.5665141310848222,0.0,,
infomax,chb08_11.edf,[0],[0],True,0.6513174450173689,0.6513174450173672,1.6653345369377348e-15,,
infomax,chb08_12.edf,"[0, 7]","[0, 7]",True,0.6449657360059302,0.6449657360059302,0.0,,
infomax,chb08_13.edf,"[0, 5]","[0, 5]",True,0.6152107441281842,0.6152107441281842,0.0,,
infomax,chb08_14.edf,[1],[1],True,0.8692023558733306,0.8692023558733306,0.0,,
infomax,chb08_15.edf,"[6, 14]","[6, 14]",True,0.9183085135633501,0.9183085135633499,2.220446049250313e-16,,
infomax,chb08_16.edf,[6],[6],True,0.9448110430767945,0.9448110430767948,2.220446049250313e-16,,
infomax,chb08_17.edf,[9],[9],True,0.9644284288532995,0.9644284288531721,1.2734258092450546e-13,,
infomax,chb08_18.edf,[8],[8],True,0.9570193555750354,0.9570193555750354,0.0,,
infomax,chb08_19.edf,[5],[5],True,0.9437280834503194,0.9437280834503194,0.0,,
infomax,chb08_20.edf,"[0, 9]","[0, 9]",True,0.7053860646251868,0.7053860646251868,0.0,,
infomax,chb08_21.edf,"[0, 8]","[0, 8]",True,0.6681096104993006,0.6681096104993015,8.881784197001252e-16,,
infomax,chb08_22.edf,[],[],True,1.0,1.0,0.0,,
infomax,chb08_23.edf,"[3, 7, 9]","[3, 7, 9]",True,0.8244016452516181,0.8244016452516184,3.3306690738754696e-16,,
infomax,chb08_24.edf,"[0, 6]","[0, 6]",True,0.6054595506164518,0.6054595506164518,0.0,,
infomax,chb08_29.edf,"[0, 9]","[0, 9]",True,0.6730764990293425,0.6730764990293425,0.0,,
infomax,chb09_01.edf,[0],[0],True,0.8694259681531631,0.8694259681531631,0.0,,
infomax,chb09_02.edf,[1],[1],True,0.8455831208344514,0.8455831208344513,1.1102230246251565e-16,,
infomax,chb09_03.edf,[1],[1],True,0.894587942915059,0.894587942915059,0.0,,
infomax,chb09_04.edf,[],[],True,1.0,1.0,0.0,,
infomax,chb09_05.edf,[0],[0],True,0.789116357354832,0.7890996395938543,1.6717760977669194e-05,,
infomax,chb09_06.edf,[0],[0],True,0.5853744197285863,0.5847820215970383,0.0005923981315479887,,
infomax,chb09_07.edf,[0],[0],True,0.8115688945093287,0.8115688945093279,7.771561172376096e-16,,
infomax,chb09_08.edf,[0],[0],True,0.847472634704363,0.8469763880652486,0.000496246639114406,,
infomax,chb09_09.edf,[0],[0],True,0.849379757801041,0.8493797578010405,5.551115123125783e-16,,
infomax,chb09_10.edf,[4],[4],True,0.9228583481786031,0.9228583481786028,3.3306690738754696e-16,,
infomax,chb09_11.edf,[],[],True,1.0,1.0,0.0,,
infomax,chb09_12.edf,[5],[5],True,0.9358137687812472,0.9358137687812472,0.0,,
infomax,chb09_13.edf,"[0, 7]","[0, 7]",True,0.7352350690271162,0.7352350690271162,0.0,,
infomax,chb09_14.edf,"[0, 6]","[0, 6]",True,0.6778976779899761,0.6778976779899748,1.3322676295501878e-15,,
infomax,chb09_15.edf,[0],[0],True,0.8081412376268415,0.8081412376268414,1.1102230246251565e-16,,
infomax,chb09_16.edf,[3],[3],True,0.9061182640099003,0.9061182640099003,0.0,,
infomax,chb09_17.edf,[],[],True,1.0,1.0,0.0,,
infomax,chb09_18.edf,"[0, 3]","[0, 3]",True,0.666402652341447,0.666402652341445,1.9984014443252818e-15,,
infomax,chb09_19.edf,[0],[0],True,0.8090127747109498,0.8090127747117687,8.189005029635155e-13,,
infomax,chb10_01.edf,[0],[0],True,0.8293146691541408,0.8293146691541415,7.771561172376096e-16,,
infomax,chb10_02.edf,[0],[0],True,0.848462381158165,0.8484623811581451,1.9872992140790302e-14,,
infomax,chb10_03.edf,[0],[0],True,0.7966398296229524,0.7966398296229645,1.2101430968414206e-14,,
infomax,chb10_04.edf,"[0, 8]","[0, 8]",True,0.7669728356708916,0.7669728356708916,0.0,,
infomax,chb10_05.edf,"[0, 1]","[0, 1]",True,0.7120121441135072,0.712012144113513,5.773159728050814e-15,,
infomax,chb10_06.edf,[0],[0],True,0.842197346294644,0.8421973462946514,7.327471962526033e-15,,
infomax,chb10_07.edf,[],[],True,1.0,1.0,0.0,,
infomax,chb10_08.edf,[],[],True,1.0,1.0,0.0,,
infomax,chb10_12.edf,[],[],True,1.0,1.0,0.0,,
infomax,chb10_13.edf,[],[],True,1.0,1.0,0.0,,
infomax,chb10_14.edf,[0],[0],True,0.7050498680340768,0.7050498680341355,5.873079800267078e-14,,
infomax,chb10_15.edf,[1],[1],True,0.8828152628903366,0.882815262890337,3.3306690738754696e-16,,
infomax,chb10_16.edf,[0],[0],True,0.8139856801091594,0.8139856801111982,2.0388135624216375e-12,,
infomax,chb10_17.edf,"[0, 2]","[0, 2]",True,0.6900223435071665,0.6900223435069334,2.3314683517128287e-13,,
infomax,chb10_18.edf,"[0, 3]","[0, 3]",True,0.7312767048329616,0.7312767048329233,3.83026943495679e-14,,
infomax,chb10_19.edf,[],[],True,1.0,1.0,0.0,,
infomax,chb10_20.edf,[],[],True,1.0,1.0,0.0,,
infomax,chb10_21.edf,[1],[1],True,0.8950622819197386,0.8950622819197386,0.0,,
infomax,chb10_22.edf,"[2, 3]","[2, 3]",True,0.8293126916029365,0.8293126916029359,6.661338147750939e-16,,
infomax,chb10_27.edf,[4],[4],True,0.9114335523295413,0.9114335523295418,5.551115123125783e-16,,
infomax,chb10_28.edf,"[0, 4]","[0, 4]",True,0.7639445217970917,0.7639445217970919,2.220446049250313e-16,,
infomax,chb10_30.edf,"[0, 6]","[0, 6]",True,0.7017705550919596,0.7017705550919595,1.1102230246251565e-16,,
infomax,chb10_31.edf,[],[],True,1.0,1.0,0.0,,
infomax,chb10_38.edf,[],[],True,1.0,1.0,0.0,,
infomax,chb10_89.edf,"[2, 7]","[2, 7]",True,0.8577189043758483,0.8577189043758486,3.3306690738754696e-16,,
infomax,chb11_01.edf,[],[],True,1.0,1.0,0.0,,
infomax,chb11_02.edf,[0],[0],True,0.7796570721015167,0.7796570721015413,2.4646951146678475e-14,,
infomax,chb11_03.edf,[0],[0],True,0.6841359773211597,0.6841359773211593,4.440892098500626e-16,,
infomax,chb11_04.edf,"[0, 2]","[0, 2]",True,0.6098637443579441,0.6098637443579439,2.220446049250313e-16,,
infomax,chb11_05.edf,"[0, 1]","[0, 1]",True,0.5060456950770787,0.5060456950770787,0.0,,
infomax,chb11_06.edf,"[0, 1]","[0, 1]",True,0.4253002255436566,0.4253002255436566,0.0,,
infomax,chb11_07.edf,[0],[0],True,0.5734025442869951,0.5734025442869951,0.0,,
infomax,chb11_08.edf,"[0, 2]","[0, 2]",True,0.3843813710883451,0.3843813710883451,0.0,,
infomax,chb11_09.edf,"[0, 1]","[0, 1]",True,0.24588155454108823,0.24588155454108823,0.0,,
infomax,chb11_10.edf,"[0, 1, 2]","[0, 1, 2]",True,0.21460478981394104,0.21460478981394104,0.0,,
infomax,chb11_11.edf,"[0, 1, 2, 3]","[0, 1, 2, 3]",True,0.123166658031014,0.12316665803101663,2.6367796834847468e-15,,
infomax,chb11_12.edf,"[0, 1, 2, 3]","[0, 1, 2, 3]",True,0.15524142779754113,0.15524142779754113,0.0,,
infomax,chb11_13.edf,"[0, 1, 2, 3]","[0, 1, 2, 3]",True,0.14792180881822925,0.14792180881822847,7.771561172376096e-16,,
infomax,chb11_14.edf,"[0, 2]","[0, 2]",True,0.24141867914709333,0.24141867914709333,0.0,,
infomax,chb11_15.edf,"[0, 1, 2, 3]","[0, 1, 2, 3]",True,0.12504547430257115,0.12504547430257393,2.7755575615628914e-15,,
infomax,chb11_16.edf,[0],[0],True,0.8107178645775125,0.8107178645775125,0.0,,
infomax,chb11_17.edf,[],[],True,1.0,1.0,0.0,,
infomax,chb11_18.edf,[0],[0],True,0.7754455853750988,0.7754455853750988,0.0,,
infomax,chb11_19.edf,[3],[3],True,0.9204444464999866,0.9204444464999857,8.881784197001252e-16,,
infomax,chb11_24.edf,[],[],True,1.0,1.0,0.0,,
infomax,chb11_25.edf,[0],[0],True,0.6467254044267489,0.6467254044267462,2.6645352591003757e-15,,
infomax,chb11_26.edf,[],[],True,1.0,1.0,0.0,,
infomax,chb11_27.edf,"[0, 1, 4]","[0, 1, 4]",True,0.3927763650386121,0.39277636503861196,1.1102230246251565e-16,,
infomax,chb11_53.edf,"[0, 9]","[0, 9]",True,0.8223616679996776,0.8223616679996772,3.3306690738754696e-16,,
infomax,chb11_54.edf,[],[],True,1.0,1.0,0.0,,
infomax,chb11_55.edf,[0],[0],True,0.7443760785379557,0.7443760785335168,4.438893697056301e-12,,
infomax,chb11_56.edf,"[0, 1, 12]","[0, 1, 12]",True,0.5762402412249097,0.5762402412249102,5.551115123125783e-16,,
infomax,chb11_58.edf,[1],[1],True,0.8257637850528037,0.8257637850528037,0.0,,
infomax,chb11_60.edf,"[0, 3, 5]","[0, 3, 5]",True,0.6973603633579866,0.6973603633579866,0.0,,
infomax,chb11_61.edf,[3],[3],True,0.9176014902699796,0.9176014902699561,2.353672812205332e-14,,
infomax,chb11_62.edf,[2],[2],True,0.8866912361273532,0.8866912361273533,1.1102230246251565e-16,,
infomax,chb11_63.edf,"[0, 7]","[0, 7]",True,0.8062562722598259,0.8062562722598259,0.0,,
infomax,chb11_82.edf,"[0, 2]","[0, 2]",True,0.5989003965864395,0.5989003965864395,0.0,,
infomax,chb11_92.edf,"[0, 8]","[0, 8]",True,0.6569268022225645,0.6569268022226077,4.318767565791859e-14,,
infomax,chb11_99.edf,[2],[2],True,0.8931343914810427,0.8931343914810427,0.0,,
infomax,chb12_06.edf,[],[],True,1.0,1.0,0.0,,
infomax,chb12_08.edf,[],[],True,1.0,1.0,0.0,,
infomax,chb12_09.edf,[12],[12],True,0.9657654008143461,0.9657654008143444,1.7763568394002505e-15,,
infomax,chb12_10.edf,[13],[13],True,0.9617835641836222,0.9617835641836466,2.4424906541753444e-14,,
infomax,chb12_11.edf,[14],[14],True,0.975518581117573,0.9755185811175724,5.551115123125783e-16,,
infomax,chb12_19.edf,[0],[0],True,0.7804415450228709,0.7804415450228709,0.0,,
infomax,chb12_20.edf,[0],[0],True,0.7637157572963261,0.7637157572963261,0.0,,
infomax,chb12_21.edf,[0],[0],True,0.7575969634867481,0.7575969634867481,0.0,,
infomax,chb12_23.edf,[0],[0],True,0.8155623597624866,0.8155623597624866,0.0,,
infomax,chb12_24.edf,"[0, 15]","[0, 15]",True,0.7615312817332868,0.7615312817332873,5.551115123125783e-16,,
infomax,chb12_32.edf,"[0, 7]","[0, 7]",True,0.7746901130609761,0.7746901130609759,2.220446049250313e-16,,
infomax,chb12_33.edf,[1],[1],True,0.8650183018371252,0.8650183018371252,0.0,,
infomax,chb12_34.edf,[0],[0],True,0.870475982342572,0.870475982337296,5.276001857623669e-12,,
infomax,chb12_35.edf,[5],[5],True,0.9339680577273812,0.9339680577273386,4.263256414560601e-14,,
infomax,chb12_36.edf,[0],[0],True,0.8804076581161848,0.8804076581161941,9.325873406851315e-15,,
infomax,chb12_37.edf,[9],[9],True,0.9504046223433145,0.9504046223431454,1.6908696665041134e-13,,
infomax,chb12_38.edf,[15],[15],True,0.9727129366021858,0.9727129366021858,0.0,,
infomax,chb12_39.edf,[2],[2],True,0.9026747716658912,0.9026747716658912,0.0,,
infomax,chb12_40.edf,"[10, 14]","[10, 14]",True,0.922652142211918,0.9226521422116322,2.858824288409778e-13,,
infomax,chb12_41.edf,"[11, 13]","[11, 13]",True,0.9318909069946951,0.9318909069946951,0.0,,
infomax,chb12_42.edf,[2],[2],True,0.9112413486616179,0.9112413486616179,0.0,,
infomax,chb13_02.edf,[0],[0],True,0.766124753543456,0.7661247535434563,3.3306690738754696e-16,,
infomax,chb13_03.edf,[0],[0],True,0.7883309761674534,0.7883309761674532,2.220446049250313e-16,,
infomax,chb13_04.edf,[1],[1],True,0.8075650627126603,0.8075650627126606,3.3306690738754696e-16,,
infomax,chb13_05.edf,[1],[1],True,0.8518431137717126,0.8518431137717124,2.220446049250313e-16,,
infomax,chb13_06.edf,"[0, 9]","[0, 9]",True,0.7748261984655773,0.7748261984655773,0.0,,
infomax,chb13_07.edf,[],[],True,1.0,1.0,0.0,,
infomax,chb13_08.edf,"[1, 8, 10]","[1, 8, 10]",True,0.7799100279382418,0.7799100279382418,0.0,,
infomax,chb13_09.edf,"[1, 5, 9, 10, 12]","[1, 5, 9, 10, 12]",True,0.6797173337353485,0.6797173337357947,4.461986335968504e-13,,
infomax,chb13_10.edf,"[1, 9]","[1, 9]",True,0.8306877180059458,0.830687718005829,1.1679546219056647e-13,,
infomax,chb13_11.edf,"[1, 4, 8, 13]","[1, 4, 8, 13]",True,0.7197708430513384,0.7197708430513458,7.327471962526033e-15,,
infomax,chb13_12.edf,"[1, 2, 9, 10, 12]","[1, 2, 9, 10, 12]",True,0.6527991348406553,0.652790124594321,9.010246334373306e-06,,
infomax,chb13_13.edf,"[2, 4, 6]","[2, 4, 6]",True,0.7695248059385817,0.7695248059377582,8.235634396669411e-13,,
infomax,chb13_14.edf,[],[],True,1.0,1.0,0.0,,
infomax,chb13_15.edf,[],[],True,1.0,1.0,0.0,,
infomax,chb13_16.edf,"[1, 4]","[1, 4]",True,0.7894567360784814,0.7894567360785125,3.108624468950438e-14,,
infomax,chb13_18.edf,[0],[0],True,0.7154740155865877,0.7154740155865877,0.0,,
infomax,chb13_19.edf,[0],[0],True,0.6781030183427912,0.6781030183427912,0.0,,
infomax,chb13_21.edf,[0],[0],True,0.7781543967600327,0.7781543967600327,0.0,,
infomax,chb13_22.edf,"[0, 6]","[0, 6]",True,0.7413432878336519,0.7413432878336519,0.0,,
infomax,chb13_24.edf,[],[],True,1.0,1.0,0.0,,
infomax,chb13_30.edf,"[0, 1]","[0, 1]",True,0.6097789379726695,0.6097789379726705,9.992007221626409e-16,,
infomax,chb13_36.edf,"[1, 12]","[1, 12]",True,0.8242841461683728,0.8242841461684327,5.995204332975845e-14,,
infomax,chb13_37.edf,"[1, 12]","[1, 12]",True,0.8587095388720218,0.8591491241946648,0.000439585322642988,,
infomax,chb13_38.edf,"[1, 13]","[1, 13]",True,0.8565460522457031,0.856546052584693,3.389898362016197e-10,,
infomax,chb13_39.edf,"[4, 6, 10]","[4, 6, 10]",True,0.8141764806808414,0.8141764806808166,2.475797344914099e-14,,
infomax,chb13_40.edf,[1],[1],True,0.8577315690187477,0.8578606567223951,0.0001290877036473903,,
infomax,chb13_47.edf,"[0, 1, 5]","[0, 1, 5]",True,0.5566260326191187,0.5566260326191187,0.0,,
infomax,chb13_55.edf,[],[],True,1.0,1.0,0.0,,
infomax,chb13_56.edf,"[0, 9]","[0, 9]",True,0.820398469279066,0.820398469279066,0.0,,
infomax,chb13_58.edf,"[3, 4]","[3, 4]",True,0.8244938712759488,0.824493871275898,5.0737192225369654e-14,,
infomax,chb13_59.edf,[0],[0],True,0.7668683706323175,0.7668683706323135,3.9968028886505635e-15,,
infomax,chb13_60.edf,"[0, 6, 8]","[0, 6, 8]",True,0.7530307498674201,0.7530307498674234,3.219646771412954e-15,,
infomax,chb13_62.edf,[2],[2],True,0.8990185449577605,0.8990185449577605,0.0,,
infomax,chb14_01.edf,[1],[1],True,0.8258939693542772,0.8258939693542772,0.0,,
infomax,chb14_02.edf,[1],[1],True,0.7943720438859869,0.7943720438859647,2.220446049250313e-14,,
infomax,chb14_03.edf,[0],[0],True,0.8316711705129693,0.8316711705129697,3.3306690738754696e-16,,
infomax,chb14_04.edf,[1],[1],True,0.8546193119517584,0.8546193119517586,1.1102230246251565e-16,,
infomax,chb14_06.edf,[1],[1],True,0.8221051041653207,0.8221051041653207,0.0,,
infomax,chb14_11.edf,[0],[0],True,0.7665799580914208,0.7665799580914192,1.5543122344752192e-15,,
infomax,chb14_12.edf,[],[],True,1.0,1.0,0.0,,
infomax,chb14_13.edf,[],[],True,1.0,1.0,0.0,,
infomax,chb14_14.edf,[3],[3],True,0.8642846762990638,0.8642846762990638,0.0,,
infomax,chb14_16.edf,[],[],True,1.0,1.0,0.0,,
infomax,chb14_17.edf,[4],[4],True,0.8946592221793108,0.8946592221793108,0.0,,
infomax,chb14_18.edf,[4],[4],True,0.9241606443945375,0.9241606443945429,5.440092820663267e-15,,
infomax,chb14_19.edf,[],[],True,1.0,1.0,0.0,,
infomax,chb14_20.edf,[],[],True,1.0,1.0,0.0,,
infomax,chb14_22.edf,[],[],True,1.0,1.0,0.0,,
infomax,chb14_24.edf,[4],[4],True,0.9031790687085971,0.9031790687085971,0.0,,
infomax,chb14_25.edf,[3],[3],True,0.8827411159006749,0.8827411159006749,0.0,,
infomax,chb14_26.edf,"[0, 3]","[0, 3]",True,0.6215492710965889,0.6215492710965889,0.0,,
infomax,chb14_27.edf,[],[],True,1.0,1.0,0.0,,
infomax,chb14_29.edf,[2],[2],True,0.8765572285270665,0.8765572285270657,7.771561172376096e-16,,
infomax,chb14_30.edf,[1],[1],True,0.8506362632215908,0.8506362632215907,1.1102230246251565e-16,,
infomax,chb14_32.edf,[1],[1],True,0.8480529830501796,0.8480529830501796,0.0,,
infomax,chb14_37.edf,[],[],True,1.0,1.0,0.0,,
infomax,chb14_39.edf,[],[],True,1.0,1.0,0.0,,
infomax,chb14_42.edf,[],[],True,1.0,1.0,0.0,,
infomax,chb15_01.edf,[],[],True,1.0,1.0,0.0,,
infomax,chb15_02.edf,[0],[0],True,0.720358511511825,0.7203585115117793,4.5630166312093934e-14,,
infomax,chb15_03.edf,"[0, 4]","[0, 4]",True,0.5850462461536104,0.5850462461536108,3.3306690738754696e-16,,
infomax,chb15_04.edf,[0],[0],True,0.7663820369445359,0.7663820369445359,0.0,,
infomax,chb15_05.edf,[],[],True,1.0,1.0,0.0,,
infomax,chb15_06.edf,[11],[11],True,0.9573948470880471,0.9573948470880471,0.0,,
infomax,chb15_07.edf,[],[],True,1.0,1.0,0.0,,
infomax,chb15_08.edf,[2],[2],True,0.901941817259691,0.901941817259691,0.0,,
infomax,chb15_09.edf,[],[],True,1.0,1.0,0.0,,
infomax,chb15_10.edf,[],[],True,1.0,1.0,0.0,,
infomax,chb15_11.edf,[0],[0],True,0.7582110578067347,0.7582110578067331,1.5543122344752192e-15,,
infomax,chb15_12.edf,"[0, 1]","[0, 1]",True,0.3548384644701439,0.3548384644701439,0.0,,
infomax,chb15_13.edf,[0],[0],True,0.4529193490359918,0.45291934903599224,4.440892098500626e-16,,
infomax,chb15_14.edf,"[0, 1]","[0, 1]",True,0.3539588123949586,0.35395881239495514,3.4416913763379853e-15,,
infomax,chb15_15.edf,[0],[0],True,0.6374077985332476,0.637407798533194,5.362377208939506e-14,,
infomax,chb15_16.edf,"[0, 1]","[0, 1]",True,0.37835880133092964,0.3783588013309414,1.176836406102666e-14,,
infomax,chb15_17.edf,[0],[0],True,0.8788129893678301,0.8788129893678389,8.770761894538737e-15,,
infomax,chb15_19.edf,[0],[0],True,0.5646789202600003,0.5646789202600043,3.9968028886505635e-15,,
infomax,chb15_20.edf,[0],[0],True,0.6045614325951154,0.6045614325950376,7.782663402622347e-14,,
infomax,chb15_22.edf,"[0, 1]","[0, 1]",True,0.23128426247368297,0.23128426247368342,4.440892098500626e-16,,
infomax,chb15_26.edf,"[0, 1]","[0, 1]",True,0.3015176594979803,0.3015176594980141,3.3806291099836017e-14,,
infomax,chb15_28.edf,"[0, 1]","[0, 1]",True,0.5247691700717576,0.5247691700717573,3.3306690738754696e-16,,
infomax,chb15_29.edf,[6],[6],True,0.9288353605633954,0.9288353605633957,2.220446049250313e-16,,
infomax,chb15_30.edf,"[0, 6]","[0, 6]",True,0.8022147679207033,0.8022147679207033,0.0,,
infomax,chb15_31.edf,[4],[4],True,0.9290711566459136,0.9290711566459148,1.2212453270876722e-15,,
infomax,chb15_32.edf,"[3, 8]","[3, 8]",True,0.8425665941520037,0.8425665941520378,3.4083846855992306e-14,,
infomax,chb15_33.edf,[],[],True,1.0,1.0,0.0,,
infomax,chb15_35.edf,[0],[0],True,0.8828042827571179,0.8828042827570757,4.218847493575595e-14,,
infomax,chb15_37.edf,[4],[4],True,0.9215467807766365,0.9215467807765914,4.518607710224387e-14,,
infomax,chb15_40.edf,"[0, 1]","[0, 1]",True,0.36400646112967205,0.36400646112967017,1.887379141862766e-15,,
infomax,chb15_45.edf,[0],[0],True,0.6233269185780695,0.6233269185780728,3.219646771412954e-15,,
infomax,chb15_46.edf,"[0, 4, 6]","[0, 4, 6]",True,0.5266703859766644,0.5266703859766634,9.992007221626409e-16,,
infomax,chb15_49.edf,[0],[0],True,0.5241544324295316,0.5241544324311509,1.6192602814157908e-12,,
infomax,chb15_50.edf,[0],[0],True,0.6401650515398731,0.6401650515398731,0.0,,
infomax,chb15_51.edf,[0],[0],True,0.8328576191437013,0.8328576191437013,0.0,,
infomax,chb15_52.edf,"[0, 1]","[0, 1]",True,0.3688047562914093,0.3688047562914093,0.0,,
infomax,chb15_54.edf,[6],[6],True,0.9431377412450771,0.9431377412450771,0.0,,
infomax,chb15_61.edf,"[0, 1]","[0, 1]",True,0.7058134278606417,0.7058134278606426,8.881784197001252e-16,,
infomax,chb15_62.edf,[0],[0],True,0.8387572055127971,0.8387572055127971,0.0,,
infomax,chb15_63.edf,[0],[0],True,0.6636665139888528,0.6636665139888527,1.1102230246251565e-16,,
infomax,chb16_01.edf,"[1, 2]","[1, 2]",True,0.8991273714079072,0.8991273714078477,5.950795411990839e-14,,
infomax,chb16_02.edf,[0],[0],True,0.5258546115181336,0.5258546115181361,2.4424906541753444e-15,,
infomax,chb16_03.edf,[0],[0],True,0.5128825851366002,0.5128825851366008,5.551115123125783e-16,,
infomax,chb16_04.edf,[0],[0],True,0.5091181940266757,0.509118194026676,3.3306690738754696e-16,,
infomax,chb16_05.edf,[0],[0],True,0.7683259267329621,0.7683259267329643,2.220446049250313e-15,,
infomax,chb16_06.edf,[],[],True,1.0,1.0,0.0,,
infomax,chb16_07.edf,[],[],True,1.0,1.0,0.0,,
infomax,chb16_08.edf,[1],[1],True,0.8619956204644318,0.861995620464531,9.9253938401489e-14,,
infomax,chb16_09.edf,[],[],True,1.0,1.0,0.0,,
infomax,chb16_10.edf,"[0, 1]","[0, 1]",True,0.3094789957241626,0.3094789957241632,6.106226635438361e-16,,
infomax,chb16_11.edf,"[0, 1]","[0, 1]",True,0.2616192228409661,0.2616192228409655,6.106226635438361e-16,,
infomax,chb16_12.edf,[],[],True,1.0,1.0,0.0,,
infomax,chb16_13.edf,[2],[2],True,0.8497670002683264,0.8497670002683264,0.0,,
infomax,chb16_14.edf,[],[],True,1.0,1.0,0.0,,
infomax,chb16_15.edf,[0],[0],True,0.6656726562060116,0.6656735395486213,8.83342609725446e-07,,
infomax,chb16_16.edf,"[0, 1, 11]","[0, 1, 11]",True,0.34917262742746563,0.3491726274274653,3.3306690738754696e-16,,
infomax,chb16_17.edf,"[0, 1, 3]","[0, 1, 3]",True,0.3754114884868843,0.3754114884868833,9.992007221626409e-16,,
infomax,chb16_18.edf,"[0, 1]","[0, 1]",True,0.5250777299888651,0.525077729988849,1.609823385706477e-14,,
infomax,chb16_19.edf,"[0, 3, 4, 6]","[0, 3, 4, 6]",True,0.4867537458690227,0.48675374586902254,1.6653345369377348e-16,,
infomax,chb17a_03.edf,"[0, 1, 3]","[0, 1, 3]",True,0.39140217597292265,0.3914021759692725,3.6501357492113584e-12,,
infomax,chb17a_04.edf,[0],[0],True,0.5713450628216837,0.5713450628216837,0.0,,
infomax,chb17a_05.edf,"[0, 1]","[0, 1]",True,0.4147671851222038,0.4147671851222038,0.0,,
infomax,chb17a_06.edf,"[1, 11]","[1, 11]",True,0.8169801214188972,0.8169801214188972,0.0,,
infomax,chb17a_08.edf,"[0, 1]","[0, 1]",True,0.219897907143613,0.21989790714355142,6.156186671546493e-14,,
infomax,chb17b_57.edf,"[0, 3]","[0, 3]",True,0.4968794814648198,0.49687948146481975,5.551115123125783e-17,,
infomax,chb17b_58.edf,"[0, 1, 6]","[0, 1, 6]",True,0.3503088922030766,0.3503088921766071,2.6469493263903132e-11,,
infomax,chb17b_59.edf,[0],[0],True,0.6213922757938569,0.62139227567175,1.2210688016267568e-10,,
infomax,chb17b_60.edf,"[0, 13]","[0, 13]",True,0.60369976754584,0.6036997676317174,8.58774162892928e-11,,
infomax,chb17b_63.edf,[0],[0],True,0.49139569953867546,0.49139569953867546,0.0,,
infomax,chb17b_67.edf,"[10, 12]","[10, 12]",True,0.9131629013641663,0.9131629013641663,0.0,,
infomax,chb17b_68.edf,[0],[0],True,0.5719407146783325,0.5719407146769598,1.3726797476465435e-12,,
infomax,chb17b_69.edf,"[0, 1]","[0, 1]",True,0.39864575807111435,0.3986457580713694,2.550737399076297e-13,,
infomax,chb17c_02.edf,"[2, 5]","[2, 5]",True,0.8360165868261606,0.8360165868261606,0.0,,
infomax,chb17c_03.edf,[0],[0],True,0.7352237399328728,0.7352237400200609,8.718803456986279e-11,,
infomax,chb17c_04.edf,[7],[7],True,0.9415589283969981,0.9415589283856124,1.1385670184438368e-11,,
infomax,chb17c_05.edf,"[0, 4]","[0, 4]",True,0.7578397246496984,0.7578397246659451,1.6246670675457153e-11,,
infomax,chb17c_06.edf,"[0, 4]","[0, 4]",True,0.7763930139156316,0.7763930139148644,7.672751323184457e-13,,
infomax,chb17c_07.edf,"[3, 4]","[3, 4]",True,0.8304581401958411,0.8304581401958129,2.8199664825478976e-14,,
infomax,chb17c_08.edf,"[0, 2]","[0, 2]",True,0.5237837100880096,0.5237837081926444,1.8953651981235e-09,,
infomax,chb17c_13.edf,"[0, 1]","[0, 1]",True,0.3063965100744666,0.30639651007436436,1.0225154056797692e-13,,
infomax,chb18_01.edf,"[0, 1]","[0, 1]",True,0.3257051532213467,0.32570569981186404,5.465905173474006e-07,,
infomax,chb18_02.edf,"[0, 1]","[0, 1]",True,0.13503031326213605,0.13503031062203957,2.6400964747708144e-09,,
infomax,chb18_03.edf,"[0, 1]","[0, 1]",True,0.08974177798396625,0.08974177798396729,1.0408340855860843e-15,,
infomax,chb18_04.edf,"[0, 1]","[0, 1]",True,0.10681805719684696,0.10681805719684687,9.71445146547012e-17,,
infomax,chb18_05.edf,"[0, 2]","[0, 2]",True,0.18976802584924152,0.18976802584924152,0.0,,
infomax,chb18_06.edf,"[0, 1]","[0, 1]",True,0.0925875759227814,0.09258757592278033,1.0685896612017132e-15,,
infomax,chb18_07.edf,"[0, 1]","[0, 1]",True,0.13442049021714256,0.1344204902171295,1.304512053934559e-14,,
infomax,chb18_08.edf,"[0, 1]","[0, 1]",True,0.3115158554709873,0.3115158554709873,0.0,,
infomax,chb18_09.edf,[],[],True,1.0,1.0,0.0,,
infomax,chb18_10.edf,[0],[0],True,0.7980165733553217,0.7980165733553217,0.0,,
infomax,chb18_11.edf,[],[],True,1.0,1.0,0.0,,
infomax,chb18_12.edf,[0],[0],True,0.7301596721923208,0.730159672192321,2.220446049250313e-16,,
infomax,chb18_13.edf,[],[],True,1.0,1.0,0.0,,
infomax,chb18_14.edf,[0],[0],True,0.7494125748191797,0.749412574834842,1.5662360297596933e-11,,
infomax,chb18_15.edf,"[0, 1]","[0, 1]",True,0.19687705592666632,0.19687705592666652,1.942890293094024e-16,,
infomax,chb18_16.edf,"[0, 1]","[0, 1]",True,0.13075236161751408,0.1307523616175141,2.7755575615628914e-17,,
infomax,chb18_17.edf,"[0, 1]","[0, 1]",True,0.15934377946370118,0.15934377946370124,5.551115123125783e-17,,
infomax,chb18_18.edf,"[0, 1]","[0, 1]",True,0.13697635869139077,0.13697635869139077,0.0,,
infomax,chb18_19.edf,"[0, 1]","[0, 1]",True,0.15045071302461482,0.15045071302461482,0.0,,
infomax,chb18_20.edf,"[0, 1]","[0, 1]",True,0.16573864230591734,0.1657386688477448,2.654182745809308e-08,,
infomax,chb18_21.edf,"[0, 1]","[0, 1]",True,0.31514651072576383,0.3151465622830569,5.155729304595624e-08,,
infomax,chb18_22.edf,"[0, 1, 2]","[0, 1, 2]",True,0.11947052002936506,0.1194705200293651,4.163336342344337e-17,,
infomax,chb18_23.edf,"[0, 1]","[0, 1]",True,0.2388969356400171,0.23889693564001702,8.326672684688674e-17,,
infomax,chb18_24.edf,[1],[1],True,0.8453712823887705,0.8453712823887687,1.7763568394002505e-15,,
infomax,chb18_25.edf,[],[],True,1.0,1.0,0.0,,
infomax,chb18_26.edf,[],[],True,1.0,1.0,0.0,,
infomax,chb18_27.edf,[1],[1],True,0.8075749445420066,0.8075749445419449,6.17284001691587e-14,,
infomax,chb18_28.edf,[1],[1],True,0.8434530516210214,0.8434530516203137,7.076561558960748e-13,,
infomax,chb18_29.edf,[0],[0],True,0.6869130244335626,0.6869130244335753,1.2656542480726785e-14,,
infomax,chb18_30.edf,[0],[0],True,0.8211889892990778,0.8211889892990839,6.106226635438361e-15,,
infomax,chb18_31.edf,"[0, 1]","[0, 1]",True,0.2250313324759307,0.2250313324759307,0.0,,
infomax,chb18_32.edf,[0],[0],True,0.8075711953103318,0.8075711953091659,1.1659562204613394e-12,,
infomax,chb18_33.edf,[0],[0],True,0.7965748705420531,0.7965748705419337,1.1945999744966684e-13,,
infomax,chb18_34.edf,"[0, 1]","[0, 1]",True,0.11089008930449602,0.11089008930449618,1.5265566588595902e-16,,
infomax,chb18_35.edf,"[0, 6]","[0, 6]",True,0.7751625750128723,0.7751625750087784,4.093947403305265e-12,,
infomax,chb18_36.edf,[0],[0],True,0.7115410410078842,0.7115410410078842,0.0,,
infomax,chb19_01.edf,"[0, 1]","[0, 1]",True,0.12118536580954933,0.12118536580954933,0.0,,
infomax,chb19_02.edf,"[0, 1]","[0, 1]",True,0.18636171788173247,0.18636171788173264,1.6653345369377348e-16,,
infomax,chb19_03.edf,"[0, 2]","[0, 2]",True,0.30075241571354033,0.3007524157163411,2.8007596242218824e-12,,
infomax,chb19_04.edf,"[0, 1]","[0, 1]",True,0.14884729347604592,0.1488472934760092,3.672062653947705e-14,,
infomax,chb19_05.edf,"[0, 3]","[0, 3]",True,0.28759184332398513,0.28759184332398513,0.0,,
infomax,chb19_06.edf,"[0, 6, 7]","[0, 6, 7]",True,0.22644757010695826,0.22644757010695826,0.0,,
infomax,chb19_08.edf,[0],[0],True,0.74030926066371,0.7403092606636914,1.8540724511240114e-14,,
infomax,chb19_09.edf,"[0, 2]","[0, 2]",True,0.719218720603805,0.7192187206038052,2.220446049250313e-16,,
infomax,chb19_10.edf,[0],[0],True,0.7928843887679908,0.7928843887679892,1.6653345369377348e-15,,
infomax,chb19_11.edf,"[0, 2]","[0, 2]",True,0.7075572309033121,0.7075572309035031,1.9095836023552692e-13,,
infomax,chb19_12.edf,[4],[4],True,0.9035225715622276,0.9035225715622276,0.0,,
infomax,chb19_13.edf,[4],[4],True,0.9231632467490773,0.9231632467490813,3.9968028886505635e-15,,
infomax,chb19_14.edf,[3],[3],True,0.904711760384575,0.904711760384575,0.0,,
infomax,chb19_15.edf,"[0, 2]","[0, 2]",True,0.38285318296462006,0.3828531829646131,6.938893903907228e-15,,
infomax,chb19_16.edf,"[0, 1]","[0, 1]",True,0.14913383851863743,0.14913383851863743,0.0,,
infomax,chb19_17.edf,"[0, 1]","[0, 1]",True,0.2655969466839299,0.26559694668392436,5.551115123125783e-15,,
infomax,chb19_18.edf,"[0, 1, 2]","[0, 1, 2]",True,0.30305757294052255,0.30305757294052255,0.0,,
infomax,chb19_19.edf,"[0, 1, 2]","[0, 1, 2]",True,0.2004024736029611,0.20040247360912689,6.165790100709501e-12,,
infomax,chb19_20.edf,"[0, 1]","[0, 1]",True,0.2618186712023792,0.26181867120238056,1.3322676295501878e-15,,
infomax,chb19_21.edf,"[0, 1]","[0, 1]",True,0.2171688914877987,0.2171688914877987,0.0,,
infomax,chb19_22.edf,"[0, 2, 6]","[0, 2, 6]",True,0.3697447934117458,0.36974479341178007,3.425038030968608e-14,,
infomax,chb19_23.edf,"[0, 13]","[0, 13]",True,0.8523952993082672,0.8523952993082625,4.6629367034256575e-15,,
infomax,chb19_24.edf,[1],[1],True,0.8441386340877254,0.8441386340877418,1.6431300764452317e-14,,
infomax,chb19_25.edf,[0],[0],True,0.8023028938539715,0.8023028938539722,7.771561172376096e-16,,
infomax,chb19_26.edf,"[0, 6, 7, 11]","[0, 6, 7, 11]",True,0.6047126479990154,0.6047126479990328,1.7430501486614958e-14,,
infomax,chb19_27.edf,[1],[1],True,0.8464649860959448,0.8464649860954548,4.899414207670816e-13,,
infomax,chb19_28.edf,[0],[0],True,0.7564646237070659,0.7564646237068764,1.8951507030351422e-13,,
infomax,chb19_29.edf,[2],[5],False,0.9104085684249739,0.9254256075996907,0.015017039174716862,,
infomax,chb19_30.edf,"[0, 5]",[0],False,0.6740469511755638,0.7172434848791667,0.04319653370360288,,
infomax,chb20_01.edf,[0],[0],True,0.757166418201739,0.757166418201739,0.0,,
infomax,chb20_02.edf,[0],[0],True,0.8199571705043269,0.8199571705043256,1.3322676295501878e-15,,
infomax,chb20_03.edf,[2],[2],True,0.8933221798831704,0.8933221798831704,0.0,,
infomax,chb20_04.edf,"[0, 4]","[0, 4]",True,0.7351862244864371,0.7351862244864387,1.5543122344752192e-15,,
infomax,chb20_05.edf,[0],[0],True,0.809901239861951,0.809901239861951,0.0,,
infomax,chb20_06.edf,[0],[0],True,0.8378405286919286,0.8378405286919287,1.1102230246251565e-16,,
infomax,chb20_07.edf,[3],[3],True,0.8814785243004736,0.8814785243004736,0.0,,
infomax,chb20_08.edf,"[0, 12]","[0, 12]",True,0.8107872800270866,0.8107872800270866,0.0,,
infomax,chb20_11.edf,"[7, 9, 12]","[7, 9, 12]",True,0.8467122339357971,0.8467122339358576,6.050715484207103e-14,,
infomax,chb20_12.edf,"[3, 13]","[3, 13]",True,0.8961976845838351,0.8961976845838283,6.772360450213455e-15,,
infomax,chb20_13.edf,[6],[6],True,0.9444042522094684,0.9444042522094737,5.218048215738236e-15,,
infomax,chb20_14.edf,[6],[6],True,0.9462072780883919,0.9462072780883927,7.771561172376096e-16,,
infomax,chb20_15.edf,"[4, 12]","[4, 12]",True,0.9197769735987854,0.9197769735987854,0.0,,
infomax,chb20_16.edf,[3],[3],True,0.910815950345636,0.9108159503456359,1.1102230246251565e-16,,
infomax,chb20_17.edf,[0],[0],True,0.7663418077553231,0.7663418077553227,4.440892098500626e-16,,
infomax,chb20_21.edf,"[2, 14]","[2, 14]",True,0.8717339598269623,0.8717339598269623,0.0,,
infomax,chb20_22.edf,[0],[0],True,0.7831004201765029,0.7831004201765029,0.0,,
infomax,chb20_23.edf,"[0, 3]","[0, 3]",True,0.7347896114337849,0.7347896114337849,0.0,,
infomax,chb20_25.edf,[],[],True,1.0,1.0,0.0,,
infomax,chb20_26.edf,[2],[2],True,0.9118902483384544,0.9118902481198542,2.1860024901343422e-10,,
infomax,chb20_27.edf,[0],[0],True,0.7937192464859342,0.7937192464859342,0.0,,
infomax,chb20_28.edf,[0],[0],True,0.8051436331186254,0.8051436331186254,0.0,,
infomax,chb20_29.edf,[1],[1],True,0.8565700279200514,0.8565700279200514,0.0,,
infomax,chb20_30.edf,"[0, 12]","[0, 12]",True,0.8129715549631246,0.8129715549631507,2.609024107869118e-14,,
infomax,chb20_31.edf,[0],[0],True,0.8286272679468037,0.8286272679468037,0.0,,
infomax,chb20_34.edf,"[1, 7]","[1, 7]",True,0.8201815873064798,0.8201815873064807,8.881784197001252e-16,,
infomax,chb20_59.edf,[],[],True,1.0,1.0,0.0,,
infomax,chb20_60.edf,"[2, 6, 13]","[2, 6, 13]",True,0.8189083344492106,0.8189083344492084,2.220446049250313e-15,,
infomax,chb20_68.edf,"[1, 4, 10]","[1, 4, 10]",True,0.7524333072998508,0.7524333072998615,1.0658141036401503e-14,,
infomax,chb21_01.edf,[0],[0],True,0.5463050703560093,0.5463050703560103,9.992007221626409e-16,,
infomax,chb21_02.edf,[0],[0],True,0.46665718917260357,0.4666571891726037,1.1102230246251565e-16,,
infomax,chb21_03.edf,"[0, 1]","[0, 1]",True,0.28200975082847674,0.28200975082847674,0.0,,
infomax,chb21_04.edf,"[0, 1]","[0, 1]",True,0.272179945332471,0.2721799453324711,1.1102230246251565e-16,,
infomax,chb21_05.edf,"[0, 1]","[0, 1]",True,0.3008335233356538,0.3008335233356538,0.0,,
infomax,chb21_06.edf,"[0, 1]","[0, 1]",True,0.33270673491805114,0.33270673491805114,0.0,,
infomax,chb21_07.edf,"[0, 1, 3]","[0, 1, 3]",True,0.31764644357603694,0.3176464435760286,8.326672684688674e-15,,
infomax,chb21_08.edf,[0],[0],True,0.5144007601635489,0.5144007601635489,0.0,,
infomax,chb21_09.edf,[0],[0],True,0.8630120603136184,0.8630120603136178,6.661338147750939e-16,,
infomax,chb21_10.edf,[0],[0],True,0.832745323204286,0.832745323204286,0.0,,
infomax,chb21_11.edf,[],[],True,1.0,1.0,0.0,,
infomax,chb21_12.edf,[],[],True,1.0,1.0,0.0,,
infomax,chb21_13.edf,[0],[0],True,0.8295210702452878,0.8295210702452874,3.3306690738754696e-16,,
infomax,chb21_14.edf,[0],[0],True,0.5554528409069817,0.5554528409074252,4.4353409833775004e-13,,
infomax,chb21_15.edf,"[0, 1]","[0, 1]",True,0.3307436213809435,0.3307436213809435,0.0,,
infomax,chb21_16.edf,"[0, 1]","[0, 1]",True,0.2535385412794104,0.2535385412794104,0.0,,
infomax,chb21_17.edf,"[0, 1]","[0, 1]",True,0.3180186865284316,0.3180186865284326,9.992007221626409e-16,,
infomax,chb21_18.edf,"[0, 1]","[0, 1]",True,0.3920146047961513,0.3920146047961513,0.0,,
infomax,chb21_19.edf,"[0, 1]","[0, 1]",True,0.2790869377581887,0.2790869377581887,0.0,,
infomax,chb21_20.edf,[0],[0],True,0.3670762271806498,0.36707622718059973,5.007105841059456e-14,,
infomax,chb21_21.edf,"[0, 1]","[0, 1]",True,0.3164280764216708,0.3164280764216674,3.3861802251067274e-15,,
infomax,chb21_22.edf,"[0, 1]","[0, 1]",True,0.3150403998268313,0.31504039982683063,6.661338147750939e-16,,
infomax,chb21_23.edf,[0],[0],True,0.46353527691846746,0.46353527691846746,0.0,,
infomax,chb21_24.edf,"[0, 2]","[0, 2]",True,0.370902268959304,0.370902268959304,0.0,,
infomax,chb21_25.edf,"[0, 1, 4]","[0, 1, 4]",True,0.3533526343070074,0.35335263431081093,3.803513060063324e-12,,
infomax,chb21_26.edf,[],[],True,1.0,1.0,0.0,,
infomax,chb21_27.edf,[0],[0],True,0.8579452174972204,0.8579452174972204,0.0,,
infomax,chb21_28.edf,[0],[0],True,0.8164909308767818,0.8164909308698868,6.895040094434535e-12,,
infomax,chb21_29.edf,"[0, 1, 2]","[0, 1, 2]",True,0.31195571202362277,0.31195571202362277,0.0,,
infomax,chb21_30.edf,"[0, 1]","[0, 1]",True,0.40796893164504966,0.40796893164504966,0.0,,
infomax,chb21_31.edf,"[0, 1, 9]","[0, 1, 9]",True,0.45350682342644555,0.45350682342644555,0.0,,
infomax,chb21_32.edf,[0],[0],True,0.8121495848917561,0.8121495848917561,0.0,,
infomax,chb22_01.edf,"[0, 1]","[0, 1]",True,0.3494429897076581,0.3494429897076581,0.0,,
infomax,chb22_02.edf,[0],[0],True,0.8276979426565261,0.8276979426565269,7.771561172376096e-16,,
infomax,chb22_03.edf,"[0, 1, 15]","[0, 1, 15]",True,0.743761291138451,0.7437612911386021,1.511013536514838e-13,,
infomax,chb22_04.edf,"[0, 1, 5]","[0, 1, 5]",True,0.6997481879977071,0.6997481879977071,0.0,,
infomax,chb22_05.edf,[3],[3],True,0.8995849585534811,0.8995849585534811,0.0,,
infomax,chb22_07.edf,"[0, 5]","[0, 5]",True,0.6739689758161591,0.6739689758161591,0.0,,
infomax,chb22_08.edf,"[0, 1, 2]","[0, 1, 2]",True,0.21065187436457208,0.21065187436457208,0.0,,
infomax,chb22_09.edf,"[0, 1]","[0, 1]",True,0.23917290889603032,0.23917290889603032,0.0,,
infomax,chb22_10.edf,"[0, 1]","[0, 1]",True,0.29722699712038003,0.2972269971203801,5.551115123125783e-17,,
infomax,chb22_11.edf,"[0, 1, 9]","[0, 1, 9]",True,0.2727499330432206,0.2727499330432206,0.0,,
infomax,chb22_15.edf,"[0, 1, 8]","[0, 1, 8]",True,0.2966529291073419,0.29665292910734165,2.7755575615628914e-16,,
infomax,chb22_16.edf,"[0, 1, 6]","[0, 1, 6]",True,0.3077229531902795,0.3077229531902795,0.0,,
infomax,chb22_18.edf,"[0, 2]","[0, 2]",True,0.32313085010498804,0.32313085010498804,0.0,,
infomax,chb22_19.edf,"[0, 1, 2]","[0, 1, 2]",True,0.24927571823003747,0.24927571823003714,3.3306690738754696e-16,,
infomax,chb22_20.edf,"[0, 1, 4]","[0, 1, 4]",True,0.29620143718386366,0.2962014371838636,5.551115123125783e-17,,
infomax,chb22_21.edf,[0],[0],True,0.5858242988181604,0.5858242988181604,0.0,,
infomax,chb22_22.edf,[],[],True,1.0,1.0,0.0,,
infomax,chb22_23.edf,"[0, 1, 4]","[0, 1, 4]",True,0.24993683024273142,0.2499368302427315,8.326672684688674e-17,,
infomax,chb22_24.edf,"[0, 2]","[0, 2]",True,0.4276922162246804,0.42769221622468034,5.551115123125783e-17,,
infomax,chb22_25.edf,"[0, 3]","[0, 3]",True,0.49862932941344246,0.49862932941344246,0.0,,
infomax,chb22_26.edf,"[1, 5, 14, 15]","[1, 5, 14, 15]",True,0.7874759169616922,0.7874759169616916,5.551115123125783e-16,,
infomax,chb22_27.edf,"[3, 4, 5]","[3, 4, 5]",True,0.7335463860156396,0.7335463860156395,1.1102230246251565e-16,,
infomax,chb22_28.edf,[],[],True,1.0,1.0,0.0,,
infomax,chb22_29.edf,"[1, 5]","[1, 5]",True,0.8080799412829355,0.8080799412828888,4.6629367034256575e-14,,
infomax,chb22_30.edf,[2],[2],True,0.8869552561623034,0.8869552561623041,6.661338147750939e-16,,
infomax,chb22_38.edf,"[0, 2]","[0, 2]",True,0.4137578176251799,0.4137578176251802,3.3306690738754696e-16,,
infomax,chb22_51.edf,"[0, 1, 7]","[0, 1, 7]",True,0.4759849196840451,0.4759849196840451,0.0,,
infomax,chb22_54.edf,[10],[10],True,0.9534307303525849,0.9534307303525839,9.992007221626409e-16,,
infomax,chb22_77.edf,[3],[3],True,0.9210519469980959,0.9210519469980959,0.0,,
infomax,chb23_06.edf,"[0, 2, 6]","[0, 2, 6]",True,0.5360088454703571,0.5360088454701982,1.588729148238599e-13,,
infomax,chb23_07.edf,"[0, 1, 2]","[0, 1, 2]",True,0.31638146562425773,0.31638146562424957,8.1601392309949e-15,,
infomax,chb23_08.edf,"[0, 1, 2]","[0, 1, 2]",True,0.36347424620688423,0.3634742462068837,5.551115123125783e-16,,
infomax,chb23_09.edf,"[0, 1, 2]","[0, 1, 2]",True,0.34922984141577046,0.3492298414157706,1.6653345369377348e-16,,
infomax,chb23_10.edf,[0],[0],True,0.7641607755568364,0.7641607755568218,1.454392162258955e-14,,
infomax,chb23_16.edf,[0],[0],True,0.7025097119050812,0.7025097119050809,2.220446049250313e-16,,
infomax,chb23_17.edf,[0],[0],True,0.5307046422373518,0.530704642237352,2.220446049250313e-16,,
infomax,chb23_19.edf,"[1, 10]","[1, 10]",True,0.8576106418290271,0.8576106418290363,9.2148511043888e-15,,
infomax,chb23_20.edf,[0],[0],True,0.5749498112642393,0.5749498112642393,0.0,,
infomax,chb24_01.edf,[0],[0],True,0.5622860183075962,0.5622860183076032,6.994405055138486e-15,,
infomax,chb24_02.edf,"[1, 2, 3, 5, 9]","[1, 2, 3, 5, 9]",True,0.574516203888751,0.5745162038887504,6.661338147750939e-16,,
infomax,chb24_03.edf,"[1, 4, 5, 7]","[1, 4, 5, 7]",True,0.6393762198752637,0.6393762198752175,4.618527782440651e-14,,
infomax,chb24_04.edf,[1],[1],True,0.8151414885679562,0.8151414885679548,1.4432899320127035e-15,,
infomax,chb24_05.edf,[0],[0],True,0.8289398051835772,0.8289398051835773,1.1102230246251565e-16,,
infomax,chb24_06.edf,"[0, 7]","[0, 7]",True,0.5079103915347729,0.5079103923879651,8.531921835697176e-10,,
infomax,chb24_07.edf,"[2, 13]","[2, 13]",True,0.85430072533356,0.85430072533356,0.0,,
infomax,chb24_08.edf,[1],[1],True,0.8898808957993418,0.8898808957993418,0.0,,
infomax,chb24_09.edf,"[1, 8]","[1, 8]",True,0.8200062352352714,0.8341002140232567,0.01409397878798535,,
infomax,chb24_10.edf,"[1, 11]","[1, 11]",True,0.865452034040043,0.865452034040043,0.0,,
infomax,chb24_11.edf,[3],[3],True,0.9365362150228983,0.9365362150240322,1.1338707750496724e-12,,
infomax,chb24_12.edf,"[0, 2]","[0, 2]",True,0.7572295925081239,0.7572295925164885,8.364531289828392e-12,,
infomax,chb24_13.edf,"[1, 5]","[1, 5]",True,0.8115667205749142,0.8115667205507859,2.4128254949573602e-11,,
infomax,chb24_14.edf,"[5, 7]","[5, 7]",True,0.897869244153841,0.8978471358656317,2.2108288209254923e-05,,
infomax,chb24_15.edf,"[4, 8]","[4, 8]",True,0.8834554624540866,0.8834549908010694,4.7165301719775954e-07,,
infomax,chb24_16.edf,"[0, 2]","[0, 2]",True,0.45271634779839554,0.4527163477983845,1.1046719095020308e-14,,
infomax,chb24_17.edf,"[0, 5]","[0, 5]",True,0.49233674922048,0.4923367492186493,1.830702256455652e-12,,
infomax,chb24_18.edf,"[0, 8]","[0, 8]",True,0.6352864807172329,0.6352864807287031,1.1470158156612342e-11,,
infomax,chb24_19.edf,"[0, 4, 7]","[0, 4, 7]",True,0.5885895074002027,0.5885895074002027,0.0,,
infomax,chb24_20.edf,"[0, 3, 9]","[0, 3, 9]",True,0.4853743309605673,0.48537433096057436,7.049916206369744e-15,,
infomax,chb24_21.edf,"[1, 3]","[1, 3]",True,0.9351631916650864,0.9351631912511092,4.139771858646668e-10,,
infomax,chb24_22.edf,"[1, 12, 15]","[1, 12, 15]",True,0.9380656997345448,0.9380656997345457,8.881784197001252e-16,,
gedai,PN00-1.edf,,,True,0.7641554157631529,0.7641554157631529,0.0,3.5289019696052165e-14,3.5289019696052165e-14
gedai,PN00-2.edf,,,True,0.9982299861648867,0.9982299861648867,0.0,1.5027085425116589e-12,1.5027085425116589e-12
gedai,PN00-3.edf,,,True,0.18193008374208763,0.18193008374208763,0.0,4.989229150094046e-16,4.989229150094046e-16
gedai,PN00-4.edf,,,True,0.44790165073959387,0.44790165073959387,0.0,1.1211470797387031e-14,1.1211470797387031e-14
gedai,PN00-5.edf,,,True,0.5730428349532626,0.5730428349532626,0.0,2.7710854062569898e-15,2.7710854062569898e-15
gedai,PN01-1.edf,,,True,0.20371640779864297,0.20371640779864297,0.0,3.6616005425327103e-16,3.6616005425327103e-16
gedai,PN03-1.edf,,,True,0.9987688979893913,0.9987688979893913,0.0,5.255542118018092e-10,5.255542118018092e-10
gedai,PN03-2.edf,,,True,0.2097240216407565,0.2097240216407565,0.0,2.5043637033582504e-14,2.5043637033582504e-14
gedai,PN05-2.edf,,,True,0.9991951720908305,0.9991951720908305,0.0,1.145660427785273e-11,1.145660427785273e-11
gedai,PN05-3.edf,,,True,0.9989447077585274,0.9989447077585274,0.0,8.07883651917705e-10,8.07883651917705e-10
gedai,PN05-4.edf,,,True,0.9990311764892335,0.9990311764892335,0.0,4.5013828961021574e-10,4.5013828961021574e-10
gedai,PN06-1.edf,,,True,0.16271023170217705,0.16271023170217705,0.0,4.3803214794514655e-15,4.3803214794514655e-15
gedai,PN06-2.edf,,,True,0.6127325200313718,0.6127325200313718,0.0,1.5853931213694435e-14,1.5853931213694435e-14
gedai,PN06-3.edf,,,True,0.15709028617263854,0.15709028617263854,0.0,2.1470012025483506e-15,2.1470012025483506e-15
gedai,PN06-4.edf,,,True,0.2178299038930465,0.2178299038930465,0.0,8.508868429831626e-16,8.508868429831626e-16
gedai,PN06-5.edf,,,True,0.11652502802905937,0.11652502802905937,0.0,9.273932230163488e-16,9.273932230163488e-16
gedai,PN07-1.edf,,,True,0.013206516751524509,0.013206516751524509,0.0,4.266318815690532e-15,4.266318815690532e-15
gedai,PN09-1.edf,,,True,0.9994819619219111,0.9994819619219111,0.0,1.241370003299214e-12,1.241370003299214e-12
gedai,PN09-2.edf,,,True,0.9985074348469052,0.9985074348469052,0.0,1.1511903701493433e-12,1.1511903701493433e-12
gedai,PN09-3.edf,,,True,0.1914078516775878,0.1914078516775878,0.0,1.4347716229726998e-15,1.4347716229726998e-15
gedai,PN10-1.edf,,,True,0.9976096339035294,0.9976096339035294,0.0,1.73833583374889e-13,1.73833583374889e-13
gedai,PN10-10.edf,,,True,0.9991746036450423,0.9991746036450423,0.0,1.7527080859103683e-13,1.7527080859103683e-13
gedai,PN10-2.edf,,,True,0.9983542887815802,0.9983542887815802,0.0,4.005956056161681e-14,4.005956056161681e-14
gedai,PN10-3.edf,,,True,0.9990403871097645,0.9990403871097645,0.0,3.952023507764734e-13,3.952023507764734e-13
gedai,PN10-4.5.6.edf,,,True,0.9989526863526728,0.9989526863526728,0.0,4.140530921623474e-14,4.140530921623474e-14
gedai,PN10-7.8.9.edf,,,True,0.45080204993025197,0.45080204993025197,0.0,2.524675934485557e-16,2.524675934485557e-16
gedai,PN11-1.edf,,,True,0.9987175644282466,0.9987175644282466,0.0,3.510014263585155e-11,3.510014263585155e-11
gedai,PN12-1.2.edf,,,True,0.9987893791052146,0.9987893791052146,0.0,1.9717735936920915e-11,1.9717735936920915e-11
gedai,PN12-3.edf,,,True,0.9981390508963442,0.9981390508963442,0.0,6.258848473731899e-13,6.258848473731899e-13
gedai,PN12-4.edf,,,True,0.09418881242133714,0.09418881242133714,0.0,1.4147791691089177e-15,1.4147791691089177e-15
gedai,PN13-1.edf,,,True,0.28240927427676615,0.28240927427676615,0.0,3.1176330809169762e-15,3.1176330809169762e-15
gedai,PN13-2.edf,,,True,0.005483787562474989,0.005483787562474989,0.0,1.412458457888512e-15,1.412458457888512e-15
gedai,PN13-3.edf,,,True,0.024102739273571643,0.024102739273571643,0.0,3.4986086434010327e-15,3.4986086434010327e-15
gedai,PN14-1.edf,,,True,0.26965231948987645,0.26965231948987645,0.0,1.129388436128227e-15,1.129388436128227e-15
gedai,PN14-2.edf,,,True,0.2615913944429746,0.2615913944429746,0.0,9.474995501126416e-16,9.474995501126416e-16
gedai,PN14-3.edf,,,True,0.998824364372228,0.998824364372228,0.0,4.1871287736494944e-13,4.1871287736494944e-13
gedai,PN14-4.edf,,,True,0.3228545476932761,0.3228545476932761,0.0,1.635088973700152e-15,1.635088973700152e-15
gedai,PN16-1.edf,,,True,0.15472984819436125,0.15472984819436125,0.0,1.321715497066171e-13,1.321715497066171e-13
gedai,PN16-2.edf,,,True,0.9990134853958862,0.9990134853958862,0.0,1.607712191739518e-11,1.607712191739518e-11
gedai,PN17-1.edf,,,True,0.9875981222346438,0.9875981222346438,0.0,9.539892568621219e-14,9.539892568621219e-14
gedai,PN17-2.edf,,,True,0.41402854391498545,0.41402854391498545,0.0,5.498029155703897e-16,5.498029155703897e-16
gedai,chb01_01.edf,,,True,0.4250638662300834,0.4250638662300834,0.0,1.9107998112725952e-14,1.9107998112725952e-14
gedai,chb01_02.edf,,,True,0.9993919738347585,0.9993919738347585,0.0,2.1538642612844133e-13,2.1538642612844133e-13
gedai,chb01_03.edf,,,True,0.9993845514487888,0.9993845514487888,0.0,8.550400244116643e-12,8.550400244116643e-12
gedai,chb01_04.edf,,,True,0.9994143361633221,0.9994143361633221,0.0,7.164586165248659e-13,7.164586165248659e-13
gedai,chb01_05.edf,,,True,0.9993779541557423,0.9993779541557423,0.0,1.1720555080583378e-11,1.1720555080583378e-11
gedai,chb01_06.edf,,,True,0.9994666539417714,0.9994666539417714,0.0,1.0244895173956529e-11,1.0244895173956529e-11
gedai,chb01_07.edf,,,True,0.999414512017519,0.999414512017519,0.0,1.0407737118480314e-11,1.0407737118480314e-11
gedai,chb01_08.edf,,,True,0.9993716957762433,0.9993716957762433,0.0,7.01197926502485e-13,7.01197926502485e-13
gedai,chb01_09.edf,,,True,0.3466268624334881,0.3466268624334881,0.0,1.3574588323698729e-14,1.3574588323698729e-14
gedai,chb01_10.edf,,,True,0.9993641440974876,0.9993641440974876,0.0,8.7308257081821e-12,8.7308257081821e-12
gedai,chb01_11.edf,,,True,0.9995707135590968,0.9995707135590968,0.0,4.0271379187577133e-13,4.0271379187577133e-13
gedai,chb01_12.edf,,,True,0.9994144371224368,0.9994144371224368,0.0,9.80517452446565e-12,9.80517452446565e-12
gedai,chb01_13.edf,,,True,0.9994585214892194,0.9994585214892194,0.0,5.9246538394517e-12,5.9246538394517e-12
gedai,chb01_14.edf,,,True,0.9993878362838097,0.9993878362838097,0.0,8.322579441520681e-12,8.322579441520681e-12
gedai,chb01_15.edf,,,True,0.9993077413325003,0.9993077413325003,0.0,1.2768489389955622e-11,1.2768489389955622e-11
gedai,chb01_16.edf,,,True,0.9992849729833143,0.9992849729833143,0.0,1.1817579910326658e-11,1.1817579910326658e-11
gedai,chb01_17.edf,,,True,0.9992162226316021,0.9992162226316021,0.0,1.3132524451634027e-11,1.3132524451634027e-11
gedai,chb01_18.edf,,,True,0.9993712556152677,0.9993712556152677,0.0,8.199414119354046e-13,8.199414119354046e-13
gedai,chb01_19.edf,,,True,0.9993864913946382,0.9993864913946382,0.0,7.042986637337616e-13,7.042986637337616e-13
gedai,chb01_20.edf,,,True,0.9990888503128259,0.9990888503128259,0.0,3.694402497696211e-12,3.694402497696211e-12
gedai,chb01_21.edf,,,True,0.9994138342804427,0.9994138342804427,0.0,1.118229374715799e-12,1.118229374715799e-12
gedai,chb01_22.edf,,,True,0.9993700399800252,0.9993700399800252,0.0,1.3981442532207748e-11,1.3981442532207748e-11
gedai,chb01_23.edf,,,True,0.9993659109788912,0.9993659109788912,0.0,2.167993465495711e-11,2.167993465495711e-11
gedai,chb01_24.edf,,,True,0.9994880999895419,0.9994880999895419,0.0,8.202209349151389e-12,8.202209349151389e-12
gedai,chb01_25.edf,,,True,0.5700737536204473,0.5700737536204473,0.0,1.3862431664482104e-13,1.3862431664482104e-13
gedai,chb01_26.edf,,,True,0.9993658647507125,0.9993658647507125,0.0,1.1203448188190313e-11,1.1203448188190313e-11
gedai,chb01_29.edf,,,True,0.9983450061384993,0.9983450061384993,0.0,3.5906749055981677e-11,3.5906749055981677e-11
gedai,chb01_30.edf,,,True,0.41355339348372894,0.41355339348372894,0.0,3.207850236619083e-14,3.207850236619083e-14
gedai,chb01_31.edf,,,True,0.36201239533085716,0.36201239533085716,0.0,3.6253635550245355e-14,3.6253635550245355e-14
gedai,chb01_32.edf,,,True,0.9994118507779864,0.9994118507779864,0.0,3.954964530485785e-11,3.954964530485785e-11
gedai,chb01_33.edf,,,True,0.9993658422614716,0.9993658422614716,0.0,1.1254671897762986e-11,1.1254671897762986e-11
gedai,chb01_34.edf,,,True,0.9989968932538917,0.9989968932538917,0.0,4.407338251758618e-11,4.407338251758618e-11
gedai,chb01_36.edf,,,True,0.9992889187154784,0.9992889187154784,0.0,1.0700985175468745e-11,1.0700985175468745e-11
gedai,chb01_37.edf,,,True,0.9991798253490247,0.9991798253490247,0.0,5.8663607540372926e-12,5.8663607540372926e-12
gedai,chb01_38.edf,,,True,0.9991661617682606,0.9991661617682606,0.0,1.2323075664721572e-11,1.2323075664721572e-11
gedai,chb01_39.edf,,,True,0.999106380390879,0.999106380390879,0.0,2.0919753215590626e-12,2.0919753215590626e-12
gedai,chb01_40.edf,,,True,0.9991839041852572,0.9991839041852572,0.0,1.1737074932486092e-12,1.1737074932486092e-12
gedai,chb01_41.edf,,,True,0.9990677473535864,0.9990677473535864,0.0,6.44511966063329e-13,6.44511966063329e-13
gedai,chb01_42.edf,,,True,0.9991247166390613,0.9991247166390613,0.0,7.094071202704118e-11,7.094071202704118e-11
gedai,chb01_43.edf,,,True,0.9982752042917332,0.9982752042917332,0.0,2.1684097572471654e-13,2.1684097572471654e-13
gedai,chb01_46.edf,,,True,0.3655380438662121,0.3655380438662121,0.0,1.94627921018913e-14,1.94627921018913e-14
gedai,chb02_03.edf,,,True,0.32546312198397354,0.32546312198397354,0.0,4.707011873421396e-14,4.707011873421396e-14
gedai,chb02_04.edf,,,True,0.31895418146593907,0.31895418146593907,0.0,1.5027930962049155e-14,1.5027930962049155e-14
gedai,chb02_06.edf,,,True,0.37737565348933316,0.37737565348933316,0.0,3.27220207016664e-14,3.27220207016664e-14
gedai,chb02_07.edf,,,True,0.3522922473562434,0.3522922473562434,0.0,1.9569245406229305e-14,1.9569245406229305e-14
gedai,chb02_08.edf,,,True,0.4456747243442626,0.4456747243442626,0.0,7.839871763205485e-14,7.839871763205485e-14
gedai,chb02_09.edf,,,True,0.9992196876240096,0.9992196876240096,0.0,8.625737362923085e-12,8.625737362923085e-12
gedai,chb02_10.edf,,,True,0.9991845073218126,0.9991845073218126,0.0,6.231842501804398e-12,6.231842501804398e-12
gedai,chb02_11.edf,,,True,0.9991992310283854,0.9991992310283854,0.0,1.3275217753020845e-11,1.3275217753020845e-11
gedai,chb02_12.edf,,,True,0.9993695876191673,0.9993695876191673,0.0,4.7543411629039505e-12,4.7543411629039505e-12
gedai,chb02_13.edf,,,True,0.9991223124494515,0.9991223124494515,0.0,6.073564063351084e-12,6.073564063351084e-12
gedai,chb02_14.edf,,,True,0.9993466011784261,0.9993466011784261,0.0,7.290136246097558e-12,7.290136246097558e-12
gedai,chb02_15.edf,,,True,0.9994434311738316,0.9994434311738316,0.0,3.5820981883529225e-11,3.5820981883529225e-11
gedai,chb02_16+.edf,,,True,0.24188485804932472,0.24188485804932472,0.0,4.702806900157043e-14,4.702806900157043e-14
gedai,chb02_16.edf,,,True,0.9993608173045301,0.9993608173045301,0.0,1.1413475679222374e-11,1.1413475679222374e-11
gedai,chb02_17.edf,,,True,0.9991337665332498,0.9991337665332498,0.0,4.769954946495269e-11,4.769954946495269e-11
gedai,chb02_18.edf,,,True,0.432163023505705,0.432163023505705,0.0,6.51159803053757e-14,6.51159803053757e-14
gedai,chb02_19.edf,,,True,0.25153181433252547,0.25153181433252547,0.0,3.643528784989504e-14,3.643528784989504e-14
gedai,chb02_21.edf,,,True,0.2231847567692547,0.2231847567692547,0.0,2.3628186716659292e-14,2.3628186716659292e-14
gedai,chb02_22.edf,,,True,0.9994608013483082,0.9994608013483082,0.0,3.1950918420157395e-10,3.1950918420157395e-10
gedai,chb02_23.edf,,,True,0.2665179726763809,0.2665179726763809,0.0,2.872123262796374e-14,2.872123262796374e-14
gedai,chb02_24.edf,,,True,0.24855139486190578,0.24855139486190578,0.0,2.1448186021862293e-14,2.1448186021862293e-14
gedai,chb02_25.edf,,,True,0.41286532728629183,0.41286532728629183,0.0,3.582108035321807e-14,3.582108035321807e-14
gedai,chb02_26.edf,,,True,0.2381715646125876,0.2381715646125876,0.0,2.7031225520218347e-14,2.7031225520218347e-14
gedai,chb02_27.edf,,,True,0.9652974003864224,0.9652974003864224,0.0,3.331309041035031e-13,3.331309041035031e-13
gedai,chb02_28.edf,,,True,0.9991355114399891,0.9991355114399891,0.0,1.0370700760752691e-11,1.0370700760752691e-11
gedai,chb02_29.edf,,,True,0.9991558631739373,0.9991558631739373,0.0,3.2018795342279564e-12,3.2018795342279564e-12
gedai,chb02_30.edf,,,True,0.999190740567075,0.999190740567075,0.0,1.6873156976511967e-13,1.6873156976511967e-13
gedai,chb02_32.edf,,,True,0.9990706854775144,0.9990706854775144,0.0,1.869151151451504e-11,1.869151151451504e-11
gedai,chb02_33.edf,,,True,0.999258186452965,0.999258186452965,0.0,3.314606118984494e-12,3.314606118984494e-12
gedai,chb02_34.edf,,,True,0.9991365912954722,0.9991365912954722,0.0,6.445574479834411e-13,6.445574479834411e-13
gedai,chb02_35.edf,,,True,0.3491532298386567,0.3491532298386567,0.0,6.208574532312257e-14,6.208574532312257e-14
gedai,chb03_01.edf,,,True,0.2837853009249511,0.2837853009249511,0.0,4.210164818114035e-15,4.210164818114035e-15
gedai,chb03_02.edf,,,True,0.25903967638523323,0.25903967638523323,0.0,7.0514215431879875e-15,7.0514215431879875e-15
gedai,chb03_03.edf,,,True,0.19713930010543387,0.19713930010543387,0.0,2.5380879056214825e-15,2.5380879056214825e-15
gedai,chb03_04.edf,,,True,0.9993151978850129,0.9993151978850129,0.0,9.912604626219676e-13,9.912604626219676e-13
gedai,chb03_05.edf,,,True,0.567709305701179,0.567709305701179,0.0,3.3260259338426193e-14,3.3260259338426193e-14
gedai,chb03_06.edf,,,True,0.9991442878340602,0.9991442878340602,0.0,3.1664060919612567e-12,3.1664060919612567e-12
gedai,chb03_07.edf,,,True,0.9992023422142955,0.9992023422142955,0.0,1.1665814937058903e-12,1.1665814937058903e-12
gedai,chb03_08.edf,,,True,0.9990978842605517,0.9990978842605517,0.0,1.2146139068665534e-13,1.2146139068665534e-13
gedai,chb03_09.edf,,,True,0.9993290524212048,0.9993290524212048,0.0,5.658298328280968e-14,5.658298328280968e-14
gedai,chb03_10.edf,,,True,0.3969711531200994,0.3969711531200994,0.0,1.4290694783792205e-14,1.4290694783792205e-14
gedai,chb03_11.edf,,,True,0.9991517266666666,0.9991517266666666,0.0,4.704247870972392e-13,4.704247870972392e-13
gedai,chb03_12.edf,,,True,0.9989909731891959,0.9989909731891959,0.0,1.558353519853734e-14,1.558353519853734e-14
gedai,chb03_13.edf,,,True,0.9993912927992187,0.9993912927992187,0.0,5.606476377566448e-13,5.606476377566448e-13
gedai,chb03_14.edf,,,True,0.9994015892285151,0.9994015892285151,0.0,1.5959288530742955e-13,1.5959288530742955e-13
gedai,chb03_15.edf,,,True,0.9993972726987923,0.9993972726987923,0.0,9.722233204424564e-14,9.722233204424564e-14
gedai,chb03_16.edf,,,True,0.34020398630876675,0.34020398630876675,0.0,1.0134910581480217e-14,1.0134910581480217e-14
gedai,chb03_17.edf,,,True,0.2871326418164242,0.2871326418164242,0.0,2.2320944470390306e-15,2.2320944470390306e-15
gedai,chb03_18.edf,,,True,0.3871522311888054,0.3871522311888054,0.0,9.118022305380984e-15,9.118022305380984e-15
gedai,chb03_19.edf,,,True,0.2924668085801848,0.2924668085801848,0.0,3.187501101585677e-15,3.187501101585677e-15
gedai,chb03_20.edf,,,True,0.25488583345429155,0.25488583345429155,0.0,2.5080222279085744e-15,2.5080222279085744e-15
gedai,chb03_21.edf,,,True,0.26928967480563515,0.26928967480563515,0.0,3.227008757992979e-15,3.227008757992979e-15
gedai,chb03_22.edf,,,True,0.28564444243915693,0.28564444243915693,0.0,3.423124471997293e-15,3.423124471997293e-15
gedai,chb03_23.edf,,,True,0.9995072661101472,0.9995072661101472,0.0,6.289400647756668e-11,6.289400647756668e-11
gedai,chb03_24.edf,,,True,0.25209042226172124,0.25209042226172124,0.0,2.8950420774332646e-15,2.8950420774332646e-15
gedai,chb03_25.edf,,,True,0.26743399487989794,0.26743399487989794,0.0,2.056245364391311e-15,2.056245364391311e-15
gedai,chb03_26.edf,,,True,0.24985428824846914,0.24985428824846914,0.0,2.7465929567876166e-15,2.7465929567876166e-15
gedai,chb03_27.edf,,,True,0.23858601954631148,0.23858601954631148,0.0,3.5972665693624284e-15,3.5972665693624284e-15
gedai,chb03_28.edf,,,True,0.14055789852055142,0.14055789852055142,0.0,4.721760087216442e-15,4.721760087216442e-15
gedai,chb03_29.edf,,,True,0.2573858895409922,0.2573858895409922,0.0,3.154848425943681e-15,3.154848425943681e-15
gedai,chb03_30.edf,,,True,0.9990022802157758,0.9990022802157758,0.0,4.969084241797128e-11,4.969084241797128e-11
gedai,chb03_31.edf,,,True,0.9990735881266548,0.9990735881266548,0.0,1.0057463572705581e-11,1.0057463572705581e-11
gedai,chb03_32.edf,,,True,0.9990911004442816,0.9990911004442816,0.0,2.3470676404962283e-11,2.3470676404962283e-11
gedai,chb03_33.edf,,,True,0.2696470914811978,0.2696470914811978,0.0,1.2903109182834612e-14,1.2903109182834612e-14
gedai,chb03_34.edf,,,True,0.9991857347869673,0.9991857347869673,0.0,4.4527300676373224e-11,4.4527300676373224e-11
gedai,chb03_35.edf,,,True,0.7526583768491493,0.7526583768491493,0.0,1.344112817639403e-13,1.344112817639403e-13
gedai,chb03_36.edf,,,True,0.9991375493109129,0.9991375493109129,0.0,6.133278310262233e-11,6.133278310262233e-11
gedai,chb03_37.edf,,,True,0.9991502758526472,0.9991502758526472,0.0,3.4971403225142237e-12,3.4971403225142237e-12
gedai,chb03_38.edf,,,True,0.41424248460573926,0.41424248460573926,0.0,4.795433877405329e-14,4.795433877405329e-14
gedai,chb04_01.edf,,,True,0.25390437638140817,0.25390437638140817,0.0,2.9978239748697996e-15,2.9978239748697996e-15
gedai,chb04_02.edf,,,True,0.6438020197050849,0.6438020197050849,0.0,2.973015674359976e-14,2.973015674359976e-14
gedai,chb04_03.edf,,,True,0.5809665460181982,0.5809665460181982,0.0,1.474918992306265e-14,1.474918992306265e-14
gedai,chb04_04.edf,,,True,0.3044642852106599,0.3044642852106599,0.0,7.512900090286731e-15,7.512900090286731e-15
gedai,chb04_05.edf,,,True,0.9999436165993366,0.9999436165993366,0.0,1.4767686882675684e-10,1.4767686882675684e-10
gedai,chb04_06.edf,,,True,0.5790974721404214,0.5790974721404214,0.0,5.268513087290495e-14,5.268513087290495e-14
gedai,chb04_07.edf,,,True,0.9991622019621003,0.9991622019621003,0.0,3.764685356943414e-12,3.764685356943414e-12
gedai,chb04_08.edf,,,True,0.9992093598607186,0.9992093598607186,0.0,7.767677389438131e-12,7.767677389438131e-12
gedai,chb04_09.edf,,,True,0.9991355971420844,0.9991355971420844,0.0,4.361756217199299e-12,4.361756217199299e-12
gedai,chb04_10.edf,,,True,0.999104348069478,0.999104348069478,0.0,1.2835159556849537e-12,1.2835159556849537e-12
gedai,chb04_11.edf,,,True,0.9990482790951806,0.9990482790951806,0.0,5.823475265711188e-12,5.823475265711188e-12
gedai,chb04_12.edf,,,True,0.2893342062619498,0.2893342062619498,0.0,1.803356949324446e-14,1.803356949324446e-14
gedai,chb04_13.edf,,,True,0.20433256716078438,0.20433256716078438,0.0,8.908522413988976e-15,8.908522413988976e-15
gedai,chb04_14.edf,,,True,0.9913957426430443,0.9913957426430443,0.0,1.7985748413852211e-12,1.7985748413852211e-12
gedai,chb04_15.edf,,,True,0.9992999049521758,0.9992999049521758,0.0,8.217401553959341e-11,8.217401553959341e-11
gedai,chb04_16.edf,,,True,0.9994230821399475,0.9994230821399475,0.0,7.547917497499203e-11,7.547917497499203e-11
gedai,chb04_17.edf,,,True,0.9994904683298743,0.9994904683298743,0.0,1.0464921552200144e-10,1.0464921552200144e-10
gedai,chb04_18.edf,,,True,0.19602371627916962,0.19602371627916962,0.0,6.462932756428988e-15,6.462932756428988e-15
gedai,chb04_21.edf,,,True,0.30519564022509477,0.30519564022509477,0.0,4.184398249968483e-15,4.184398249968483e-15
gedai,chb04_22.edf,,,True,0.682119671308074,0.682119671308074,0.0,3.063228166669384e-14,3.063228166669384e-14
gedai,chb04_24.edf,,,True,0.28966556887331724,0.28966556887331724,0.0,5.2314261828616195e-15,5.2314261828616195e-15
gedai,chb04_25.edf,,,True,0.9991024354364719,0.9991024354364719,0.0,9.027340237023599e-12,9.027340237023599e-12
gedai,chb04_26.edf,,,True,0.9988966549317096,0.9988966549317096,0.0,6.932520230005556e-13,6.932520230005556e-13
gedai,chb04_27.edf,,,True,0.23830123447194834,0.23830123447194834,0.0,7.269565802282957e-15,7.269565802282957e-15
gedai,chb04_28.edf,,,True,0.9992752593868703,0.9992752593868703,0.0,2.004286013669031e-12,2.004286013669031e-12
gedai,chb04_29.edf,,,True,0.9989331407837443,0.9989331407837443,0.0,5.88211166759949e-13,5.88211166759949e-13
gedai,chb04_30.edf,,,True,0.35946255602803845,0.35946255602803845,0.0,8.339021725596517e-15,8.339021725596517e-15
gedai,chb04_31.edf,,,True,0.9994324586102729,0.9994324586102729,0.0,3.860124409997007e-11,3.860124409997007e-11
gedai,chb04_32.edf,,,True,0.9995361288392739,0.9995361288392739,0.0,1.0755295343516749e-10,1.0755295343516749e-10
gedai,chb04_33.edf,,,True,0.9994578197516605,0.9994578197516605,0.0,2.8997210450436553e-10,2.8997210450436553e-10
gedai,chb04_34.edf,,,True,0.9994152837907332,0.9994152837907332,0.0,2.982632249082946e-10,2.982632249082946e-10
gedai,chb04_35.edf,,,True,0.08073373352537329,0.08073373352537329,0.0,1.4441561455719315e-14,1.4441561455719315e-14
gedai,chb04_36.edf,,,True,0.9994490353934189,0.9994490353934189,0.0,9.695390638795724e-11,9.695390638795724e-11
gedai,chb04_37.edf,,,True,0.9995357595254045,0.9995357595254045,0.0,2.659050832965399e-11,2.659050832965399e-11
gedai,chb04_38.edf,,,True,0.9993573990868391,0.9993573990868391,0.0,2.6720929835588266e-11,2.6720929835588266e-11
gedai,chb04_39.edf,,,True,0.49926807263492684,0.49926807263492684,0.0,2.091560960829435e-14,2.091560960829435e-14
gedai,chb04_40.edf,,,True,0.3708339301184726,0.3708339301184726,0.0,6.9420870154830784e-15,6.9420870154830784e-15
gedai,chb04_41.edf,,,True,0.9990243941901504,0.9990243941901504,0.0,3.07706409585712e-12,3.07706409585712e-12
gedai,chb04_42.edf,,,True,0.9989156589252476,0.9989156589252476,0.0,8.656479435278543e-12,8.656479435278543e-12
gedai,chb04_43.edf,,,True,0.3022682804900096,0.3022682804900096,0.0,1.0040523240871153e-14,1.0040523240871153e-14
gedai,chb05_01.edf,,,True,0.999527182595195,0.999527182595195,0.0,1.819649238500834e-11,1.819649238500834e-11
gedai,chb05_02.edf,,,True,0.9432414946247027,0.9432414946247027,0.0,3.216599338184904e-13,3.216599338184904e-13
gedai,chb05_03.edf,,,True,0.999576253709326,0.999576253709326,0.0,2.0866295557460875e-11,2.0866295557460875e-11
gedai,chb05_04.edf,,,True,0.8819903736061587,0.8819903736061587,0.0,2.6321621075533386e-13,2.6321621075533386e-13
gedai,chb05_05.edf,,,True,0.8220679727902701,0.8220679727902701,0.0,2.5153103332226387e-13,2.5153103332226387e-13
gedai,chb05_06.edf,,,True,0.999527535364073,0.999527535364073,0.0,2.4490039724496428e-11,2.4490039724496428e-11
gedai,chb05_07.edf,,,True,0.9993344619933495,0.9993344619933495,0.0,1.1361624106220853e-11,1.1361624106220853e-11
gedai,chb05_08.edf,,,True,0.9993515857665278,0.9993515857665278,0.0,1.0371330540471814e-11,1.0371330540471814e-11
gedai,chb05_09.edf,,,True,0.9993196796805448,0.9993196796805448,0.0,1.058531216685479e-11,1.058531216685479e-11
gedai,chb05_10.edf,,,True,0.9993386235948939,0.9993386235948939,0.0,9.716725565063947e-12,9.716725565063947e-12
gedai,chb05_11.edf,,,True,0.9993865666531508,0.9993865666531508,0.0,9.571120128965675e-12,9.571120128965675e-12
gedai,chb05_12.edf,,,True,0.9994203261435237,0.9994203261435237,0.0,8.828844048289824e-12,8.828844048289824e-12
gedai,chb05_13.edf,,,True,0.999545125815137,0.999545125815137,0.0,2.8046273680315364e-11,2.8046273680315364e-11
gedai,chb05_14.edf,,,True,0.9993097945791699,0.9993097945791699,0.0,2.082132827837605e-11,2.082132827837605e-11
gedai,chb05_15.edf,,,True,0.9993935468754646,0.9993935468754646,0.0,1.2211635637690255e-11,1.2211635637690255e-11
gedai,chb05_16.edf,,,True,0.9995493921732667,0.9995493921732667,0.0,1.9807382808075245e-12,1.9807382808075245e-12
gedai,chb05_17.edf,,,True,0.9995289934636954,0.9995289934636954,0.0,2.983590938649566e-11,2.983590938649566e-11
gedai,chb05_18.edf,,,True,0.9994203109489919,0.9994203109489919,0.0,2.1111682232655986e-11,2.1111682232655986e-11
gedai,chb05_19.edf,,,True,0.9993652587828824,0.9993652587828824,0.0,3.649337472875521e-12,3.649337472875521e-12
gedai,chb05_20.edf,,,True,0.9995215417509892,0.9995215417509892,0.0,2.6170184392656554e-11,2.6170184392656554e-11
gedai,chb05_21.edf,,,True,0.9995492377655579,0.9995492377655579,0.0,3.172087273280229e-11,3.172087273280229e-11
gedai,chb05_22.edf,,,True,0.9995277995032591,0.9995277995032591,0.0,4.592315340690315e-11,4.592315340690315e-11
gedai,chb05_23.edf,,,True,0.9992424440251781,0.9992424440251781,0.0,1.457122213524951e-11,1.457122213524951e-11
gedai,chb05_24.edf,,,True,0.9993225506164394,0.9993225506164394,0.0,2.0181814456731454e-11,2.0181814456731454e-11
gedai,chb05_25.edf,,,True,0.9993362584914414,0.9993362584914414,0.0,1.4146057205600596e-11,1.4146057205600596e-11
gedai,chb05_26.edf,,,True,0.9993451656543628,0.9993451656543628,0.0,3.989151255747086e-11,3.989151255747086e-11
gedai,chb05_27.edf,,,True,0.9994361514771702,0.9994361514771702,0.0,2.2690934098478303e-12,2.2690934098478303e-12
gedai,chb05_28.edf,,,True,0.9994872999169716,0.9994872999169716,0.0,4.283248204570008e-11,4.283248204570008e-11
gedai,chb05_29.edf,,,True,0.8628447252096033,0.8628447252096033,0.0,6.81811865064839e-13,6.81811865064839e-13
gedai,chb05_30.edf,,,True,0.992761201741814,0.992761201741814,0.0,7.76513623205679e-13,7.76513623205679e-13
gedai,chb05_31.edf,,,True,0.9993658722084436,0.9993658722084436,0.0,4.014112353504196e-12,4.014112353504196e-12
gedai,chb05_32.edf,,,True,0.9993308259142559,0.9993308259142559,0.0,1.5736865607769702e-12,1.5736865607769702e-12
gedai,chb05_33.edf,,,True,0.9971695576885665,0.9971695576885665,0.0,7.153165718133177e-13,7.153165718133177e-13
gedai,chb05_34.edf,,,True,0.9992965957522791,0.9992965957522791,0.0,4.437030616962142e-11,4.437030616962142e-11
gedai,chb05_35.edf,,,True,0.9992967371033289,0.9992967371033289,0.0,4.354883055226091e-11,4.354883055226091e-11
gedai,chb05_36.edf,,,True,0.9993308914261875,0.9993308914261875,0.0,4.192024354476707e-11,4.192024354476707e-11
gedai,chb05_37.edf,,,True,0.9993514238506785,0.9993514238506785,0.0,2.3517589271396556e-12,2.3517589271396556e-12
gedai,chb05_38.edf,,,True,0.9993469224277112,0.9993469224277112,0.0,3.536787671773884e-11,3.536787671773884e-11
gedai,chb05_39.edf,,,True,0.9993870864573063,0.9993870864573063,0.0,6.241662955140304e-11,6.241662955140304e-11
gedai,chb06_01.edf,,,True,0.9995489358772081,0.9995489358772081,0.0,4.800542892899124e-11,4.800542892899124e-11
gedai,chb06_02.edf,,,True,0.9995324759172411,0.9995324759172411,0.0,3.8020075077397435e-11,3.8020075077397435e-11
gedai,chb06_03.edf,,,True,0.9994553713237436,0.9994553713237436,0.0,3.06198448801365e-11,3.06198448801365e-11
gedai,chb06_04.edf,,,True,0.6080694494643974,0.6080694494643974,0.0,1.3836782941103089e-12,1.3836782941103089e-12
gedai,chb06_05.edf,,,True,0.5923145942535787,0.5923145942535787,0.0,9.086131361977243e-13,9.086131361977243e-13
gedai,chb06_06.edf,,,True,0.9995274890929041,0.9995274890929041,0.0,4.0160935364127203e-11,4.0160935364127203e-11
gedai,chb06_07.edf,,,True,0.9995292894462448,0.9995292894462448,0.0,4.433329121870993e-11,4.433329121870993e-11
gedai,chb06_08.edf,,,True,0.9994856243875008,0.9994856243875008,0.0,3.9695108074206227e-11,3.9695108074206227e-11
gedai,chb06_09.edf,,,True,0.9994816238063816,0.9994816238063816,0.0,3.2778494230326534e-11,3.2778494230326534e-11
gedai,chb06_10.edf,,,True,0.9995704044711939,0.9995704044711939,0.0,6.152535508941921e-11,6.152535508941921e-11
gedai,chb06_12.edf,,,True,0.9995175332957195,0.9995175332957195,0.0,4.698474710500675e-11,4.698474710500675e-11
gedai,chb06_13.edf,,,True,0.9995315468425497,0.9995315468425497,0.0,5.1302333211057953e-11,5.1302333211057953e-11
gedai,chb06_14.edf,,,True,0.9995075714187686,0.9995075714187686,0.0,3.8156373957088624e-11,3.8156373957088624e-11
gedai,chb06_15.edf,,,True,0.9993873014700798,0.9993873014700798,0.0,2.373793144019738e-11,2.373793144019738e-11
gedai,chb06_16.edf,,,True,0.9993625371325773,0.9993625371325773,0.0,2.4511945237668176e-11,2.4511945237668176e-11
gedai,chb06_17.edf,,,True,0.9994382214216728,0.9994382214216728,0.0,3.6103189213412723e-11,3.6103189213412723e-11
gedai,chb06_18.edf,,,True,0.9994916344086798,0.9994916344086798,0.0,4.0987002755249407e-11,4.0987002755249407e-11
gedai,chb06_24.edf,,,True,0.999140522277255,0.999140522277255,0.0,6.0481537047222585e-12,6.0481537047222585e-12
gedai,chb07_01.edf,,,True,0.33763268368429555,0.33763268368429555,0.0,8.192026415369198e-15,8.192026415369198e-15
gedai,chb07_02.edf,,,True,0.9980919229218465,0.9980919229218465,0.0,2.685865436475917e-13,2.685865436475917e-13
gedai,chb07_03.edf,,,True,0.9993594473454019,0.9993594473454019,0.0,8.560172007255752e-12,8.560172007255752e-12
gedai,chb07_04.edf,,,True,0.7730036092008337,0.7730036092008337,0.0,1.5797849520910953e-13,1.5797849520910953e-13
gedai,chb07_05.edf,,,True,0.12877730233088427,0.12877730233088427,0.0,1.6383406542984176e-14,1.6383406542984176e-14
gedai,chb07_06.edf,,,True,0.3255379380638486,0.3255379380638486,0.0,1.3486599680576894e-14,1.3486599680576894e-14
gedai,chb07_07.edf,,,True,0.9304725454361507,0.9304725454361507,0.0,1.1428599318466506e-13,1.1428599318466506e-13
gedai,chb07_08.edf,,,True,0.365224413120768,0.365224413120768,0.0,9.672552866253017e-15,9.672552866253017e-15
gedai,chb07_09.edf,,,True,0.3673918502454375,0.3673918502454375,0.0,8.738984952493035e-15,8.738984952493035e-15
gedai,chb07_10.edf,,,True,0.9993791123346751,0.9993791123346751,0.0,1.2157358662725693e-12,1.2157358662725693e-12
gedai,chb07_11.edf,,,True,0.9994021781617767,0.9994021781617767,0.0,5.125074047235214e-12,5.125074047235214e-12
gedai,chb07_12.edf,,,True,0.9292339115853301,0.9292339115853301,0.0,4.902706101453661e-13,4.902706101453661e-13
gedai,chb07_13.edf,,,True,0.9995030216988612,0.9995030216988612,0.0,3.348726148748478e-11,3.348726148748478e-11
gedai,chb07_14.edf,,,True,0.15887339334448058,0.15887339334448058,0.0,3.054082076042867e-14,3.054082076042867e-14
gedai,chb07_15.edf,,,True,0.3049192921741289,0.3049192921741289,0.0,1.273306780100769e-14,1.273306780100769e-14
gedai,chb07_16.edf,,,True,0.9993370518140462,0.9993370518140462,0.0,1.3455707656666985e-11,1.3455707656666985e-11
gedai,chb07_17.edf,,,True,0.9993226195485294,0.9993226195485294,0.0,8.956616544980926e-12,8.956616544980926e-12
gedai,chb07_18.edf,,,True,0.9993358201915523,0.9993358201915523,0.0,1.4617721167888445e-11,1.4617721167888445e-11
gedai,chb07_19.edf,,,True,0.7157318301397908,0.7157318301397908,0.0,3.106225057234518e-13,3.106225057234518e-13
gedai,chb08_02.edf,,,True,0.9992354565110092,0.9992354565110092,0.0,3.900647922083217e-11,3.900647922083217e-11
gedai,chb08_03.edf,,,True,0.9992510494646606,0.9992510494646606,0.0,1.5884578167923236e-11,1.5884578167923236e-11
gedai,chb08_04.edf,,,True,0.999233587177774,0.999233587177774,0.0,1.443649349632249e-11,1.443649349632249e-11
gedai,chb08_05.edf,,,True,0.9995017250900321,0.9995017250900321,0.0,8.150451161586402e-11,8.150451161586402e-11
gedai,chb08_10.edf,,,True,0.999353382760378,0.999353382760378,0.0,3.0258193972121075e-12,3.0258193972121075e-12
gedai,chb08_11.edf,,,True,0.9994594551795491,0.9994594551795491,0.0,4.342576493330565e-11,4.342576493330565e-11
gedai,chb08_12.edf,,,True,0.999263509229619,0.999263509229619,0.0,2.1148805409063736e-11,2.1148805409063736e-11
gedai,chb08_13.edf,,,True,0.9994282940892336,0.9994282940892336,0.0,3.013158116074412e-11,3.013158116074412e-11
gedai,chb08_14.edf,,,True,0.9993050972025228,0.9993050972025228,0.0,2.4846101061596403e-11,2.4846101061596403e-11
gedai,chb08_15.edf,,,True,0.9992666781216593,0.9992666781216593,0.0,3.723130180195859e-11,3.723130180195859e-11
gedai,chb08_16.edf,,,True,0.9992933204256614,0.9992933204256614,0.0,2.1306383836728905e-11,2.1306383836728905e-11
gedai,chb08_17.edf,,,True,0.9992985285474054,0.9992985285474054,0.0,2.4580468054981347e-11,2.4580468054981347e-11
gedai,chb08_18.edf,,,True,0.9992203584009628,0.9992203584009628,0.0,1.751364187668246e-11,1.751364187668246e-11
gedai,chb08_19.edf,,,True,0.9993462269738492,0.9993462269738492,0.0,1.0054781498297933e-11,1.0054781498297933e-11
gedai,chb08_20.edf,,,True,0.9993401331183451,0.9993401331183451,0.0,2.7742989520910143e-11,2.7742989520910143e-11
gedai,chb08_21.edf,,,True,0.9992939046095686,0.9992939046095686,0.0,3.9098059489629585e-11,3.9098059489629585e-11
gedai,chb08_22.edf,,,True,0.9992603025257195,0.9992603025257195,0.0,2.276144029664435e-11,2.276144029664435e-11
gedai,chb08_23.edf,,,True,0.9992291471255752,0.9992291471255752,0.0,2.6187753457317927e-11,2.6187753457317927e-11
gedai,chb08_24.edf,,,True,0.999359245728777,0.999359245728777,0.0,3.445293383002438e-11,3.445293383002438e-11
gedai,chb08_29.edf,,,True,0.9993124427925545,0.9993124427925545,0.0,3.5547912436119817e-11,3.5547912436119817e-11
gedai,chb09_01.edf,,,True,0.9997399872568552,0.9997399872568552,0.0,5.598808351030883e-12,5.598808351030883e-12
gedai,chb09_02.edf,,,True,0.6518116724836311,0.6518116724836311,0.0,7.59609355191946e-14,7.59609355191946e-14
gedai,chb09_03.edf,,,True,0.9995806178051436,0.9995806178051436,0.0,3.1561283510224607e-13,3.1561283510224607e-13
gedai,chb09_04.edf,,,True,0.9995429815525215,0.9995429815525215,0.0,7.99736275465424e-12,7.99736275465424e-12
gedai,chb09_05.edf,,,True,0.9998235445989255,0.9998235445989255,0.0,7.506478845059685e-11,7.506478845059685e-11
gedai,chb09_06.edf,,,True,0.2857256594890686,0.2857256594890686,0.0,6.679479197233931e-14,6.679479197233931e-14
gedai,chb09_07.edf,,,True,0.9170896228648964,0.9170896228648964,0.0,1.3228277508079022e-13,1.3228277508079022e-13
gedai,chb09_08.edf,,,True,0.9994117661328651,0.9994117661328651,0.0,3.3404903299577375e-12,3.3404903299577375e-12
gedai,chb09_09.edf,,,True,0.9993862378077187,0.9993862378077187,0.0,1.8572311461270612e-12,1.8572311461270612e-12
gedai,chb09_10.edf,,,True,0.9994659423891233,0.9994659423891233,0.0,7.980499999816903e-12,7.980499999816903e-12
gedai,chb09_11.edf,,,True,0.694497146385422,0.694497146385422,0.0,2.3251852203218855e-12,2.3251852203218855e-12
gedai,chb09_12.edf,,,True,0.9997643090744617,0.9997643090744617,0.0,3.0588101262854425e-09,3.0588101262854425e-09
gedai,chb09_13.edf,,,True,0.9996158765354624,0.9996158765354624,0.0,1.5955033229746486e-11,1.5955033229746486e-11
gedai,chb09_14.edf,,,True,0.9995785363574541,0.9995785363574541,0.0,2.089959815113727e-11,2.089959815113727e-11
gedai,chb09_15.edf,,,True,0.9996078628645082,0.9996078628645082,0.0,4.315151594783175e-12,4.315151594783175e-12
gedai,chb09_16.edf,,,True,0.9994030967647363,0.9994030967647363,0.0,1.097065491539122e-11,1.097065491539122e-11
gedai,chb09_17.edf,,,True,0.9993600984357905,0.9993600984357905,0.0,1.3224906098016717e-11,1.3224906098016717e-11
gedai,chb09_18.edf,,,True,0.7403875322543374,0.7403875322543374,0.0,1.9406626464725125e-13,1.9406626464725125e-13
gedai,chb09_19.edf,,,True,0.9995209657553588,0.9995209657553588,0.0,3.9430129967503225e-11,3.9430129967503225e-11
gedai,chb10_01.edf,,,True,0.9992420293219,0.9992420293219,0.0,3.487860592195293e-11,3.487860592195293e-11
gedai,chb10_02.edf,,,True,0.9994684175559927,0.9994684175559927,0.0,4.211001217408498e-11,4.211001217408498e-11
gedai,chb10_03.edf,,,True,0.9993531808818038,0.9993531808818038,0.0,3.32305379566236e-11,3.32305379566236e-11
gedai,chb10_04.edf,,,True,0.9991873269966003,0.9991873269966003,0.0,2.8231781771138554e-11,2.8231781771138554e-11
gedai,chb10_05.edf,,,True,0.9994198545740546,0.9994198545740546,0.0,3.7748089251920926e-11,3.7748089251920926e-11
gedai,chb10_06.edf,,,True,0.9993069345688461,0.9993069345688461,0.0,3.869195450317505e-11,3.869195450317505e-11
gedai,chb10_07.edf,,,True,0.9993311593368158,0.9993311593368158,0.0,1.2191065138645893e-10,1.2191065138645893e-10
gedai,chb10_08.edf,,,True,0.9994293046729835,0.9994293046729835,0.0,1.9327269133300973e-11,1.9327269133300973e-11
gedai,chb10_12.edf,,,True,0.9994035339890741,0.9994035339890741,0.0,2.2330637173031893e-12,2.2330637173031893e-12
gedai,chb10_13.edf,,,True,0.9993907794028108,0.9993907794028108,0.0,4.208304533598528e-11,4.208304533598528e-11
gedai,chb10_14.edf,,,True,0.9994544163704797,0.9994544163704797,0.0,3.700972444272254e-11,3.700972444272254e-11
gedai,chb10_15.edf,,,True,0.999263971373449,0.999263971373449,0.0,3.1590477504930086e-11,3.1590477504930086e-11
gedai,chb10_16.edf,,,True,0.9992498839021621,0.9992498839021621,0.0,1.3305007103432976e-11,1.3305007103432976e-11
gedai,chb10_17.edf,,,True,0.9994569132564466,0.9994569132564466,0.0,2.4575599522997036e-11,2.4575599522997036e-11
gedai,chb10_18.edf,,,True,0.999411096460034,0.999411096460034,0.0,2.882330538548759e-11,2.882330538548759e-11
gedai,chb10_19.edf,,,True,0.9994630493717307,0.9994630493717307,0.0,3.750375940466397e-11,3.750375940466397e-11
gedai,chb10_20.edf,,,True,0.9994328476826528,0.9994328476826528,0.0,1.1608348549948221e-10,1.1608348549948221e-10
gedai,chb10_21.edf,,,True,0.9993105439835186,0.9993105439835186,0.0,6.379876226441261e-12,6.379876226441261e-12
gedai,chb10_22.edf,,,True,0.9993063454645722,0.9993063454645722,0.0,2.14014993760929e-11,2.14014993760929e-11
gedai,chb10_27.edf,,,True,0.9994053798312633,0.9994053798312633,0.0,3.141355358988636e-11,3.141355358988636e-11
gedai,chb10_28.edf,,,True,0.9993569980612179,0.9993569980612179,0.0,1.7399294246053874e-11,1.7399294246053874e-11
gedai,chb10_30.edf,,,True,0.9994892218340145,0.9994892218340145,0.0,2.7408688799263484e-11,2.7408688799263484e-11
gedai,chb10_31.edf,,,True,0.9993926015857897,0.9993926015857897,0.0,3.811660818457538e-11,3.811660818457538e-11
gedai,chb10_38.edf,,,True,0.9994442859741757,0.9994442859741757,0.0,4.4654102538461716e-11,4.4654102538461716e-11
gedai,chb10_89.edf,,,True,0.9993040356452517,0.9993040356452517,0.0,4.521176532772591e-11,4.521176532772591e-11
gedai,chb11_01.edf,,,True,0.9992880618169353,0.9992880618169353,0.0,1.0437376929608645e-11,1.0437376929608645e-11
gedai,chb11_02.edf,,,True,0.484419907410389,0.484419907410389,0.0,1.7287022278671032e-14,1.7287022278671032e-14
gedai,chb11_03.edf,,,True,0.42851619328319324,0.42851619328319324,0.0,1.551985038279782e-14,1.551985038279782e-14
gedai,chb11_04.edf,,,True,0.4829435093409146,0.4829435093409146,0.0,2.7155280015153604e-14,2.7155280015153604e-14
gedai,chb11_05.edf,,,True,0.30455214019012916,0.30455214019012916,0.0,1.38045276485616e-14,1.38045276485616e-14
gedai,chb11_06.edf,,,True,0.2791656242176257,0.2791656242176257,0.0,1.450786270431045e-14,1.450786270431045e-14
gedai,chb11_07.edf,,,True,0.2497369503588562,0.2497369503588562,0.0,1.3603948998392873e-14,1.3603948998392873e-14
gedai,chb11_08.edf,,,True,0.25942819488947777,0.25942819488947777,0.0,2.546484539520419e-14,2.546484539520419e-14
gedai,chb11_09.edf,,,True,0.26022159614092766,0.26022159614092766,0.0,5.202717678791048e-14,5.202717678791048e-14
gedai,chb11_10.edf,,,True,0.31173426496212703,0.31173426496212703,0.0,4.627296184487106e-14,4.627296184487106e-14
gedai,chb11_11.edf,,,True,0.24505254069284474,0.24505254069284474,0.0,3.564692070051911e-14,3.564692070051911e-14
gedai,chb11_12.edf,,,True,0.27854682132392006,0.27854682132392006,0.0,2.793553422641566e-14,2.793553422641566e-14
gedai,chb11_13.edf,,,True,0.26210727104057446,0.26210727104057446,0.0,2.166970444107929e-14,2.166970444107929e-14
gedai,chb11_14.edf,,,True,0.2233004324669864,0.2233004324669864,0.0,2.0388028669393876e-14,2.0388028669393876e-14
gedai,chb11_15.edf,,,True,0.18846081153462343,0.18846081153462343,0.0,1.4230854315715422e-14,1.4230854315715422e-14
gedai,chb11_16.edf,,,True,0.9993906612448099,0.9993906612448099,0.0,1.3060901496637095e-12,1.3060901496637095e-12
gedai,chb11_17.edf,,,True,0.9993786124440416,0.9993786124440416,0.0,1.4982989661959815e-11,1.4982989661959815e-11
gedai,chb11_18.edf,,,True,0.9992971503033639,0.9992971503033639,0.0,1.5565813524496528e-12,1.5565813524496528e-12
gedai,chb11_19.edf,,,True,0.9992975015282184,0.9992975015282184,0.0,9.936611130579352e-12,9.936611130579352e-12
gedai,chb11_24.edf,,,True,0.9992585524439257,0.9992585524439257,0.0,1.1764140637560434e-11,1.1764140637560434e-11
gedai,chb11_25.edf,,,True,0.37998598168635417,0.37998598168635417,0.0,1.0098782887265741e-14,1.0098782887265741e-14
gedai,chb11_26.edf,,,True,0.26775919113423274,0.26775919113423274,0.0,1.1533346468583817e-14,1.1533346468583817e-14
gedai,chb11_27.edf,,,True,0.25485805500631287,0.25485805500631287,0.0,1.5602153107082843e-14,1.5602153107082843e-14
gedai,chb11_53.edf,,,True,0.9993012382921139,0.9993012382921139,0.0,2.3159880876459987e-11,2.3159880876459987e-11
gedai,chb11_54.edf,,,True,0.9993891560158645,0.9993891560158645,0.0,3.173857508638875e-12,3.173857508638875e-12
gedai,chb11_55.edf,,,True,0.5483502002682733,0.5483502002682733,0.0,4.5944271889094915e-14,4.5944271889094915e-14
gedai,chb11_56.edf,,,True,0.5498378630577112,0.5498378630577112,0.0,4.7266640578576124e-14,4.7266640578576124e-14
gedai,chb11_58.edf,,,True,0.9963939959309894,0.9963939959309894,0.0,6.737343072751962e-14,6.737343072751962e-14
gedai,chb11_60.edf,,,True,0.999426253166988,0.999426253166988,0.0,3.686925567722007e-13,3.686925567722007e-13
gedai,chb11_61.edf,,,True,0.9994272733953653,0.9994272733953653,0.0,3.82481933917916e-12,3.82481933917916e-12
gedai,chb11_62.edf,,,True,0.9994681386618429,0.9994681386618429,0.0,4.586022908692586e-13,4.586022908692586e-13
gedai,chb11_63.edf,,,True,0.9995004267736057,0.9995004267736057,0.0,1.3900135401096012e-12,1.3900135401096012e-12
gedai,chb11_82.edf,,,True,0.6519208457964113,0.6519208457964113,0.0,4.263177708831033e-14,4.263177708831033e-14
gedai,chb11_92.edf,,,True,0.21346592056390062,0.21346592056390062,0.0,1.0312741526085233e-14,1.0312741526085233e-14
gedai,chb11_99.edf,,,True,0.9995489643236084,0.9995489643236084,0.0,4.721755559784026e-11,4.721755559784026e-11
gedai,chb12_06.edf,,,True,0.9992859774943124,0.9992859774943124,0.0,7.883547763421633e-12,7.883547763421633e-12
gedai,chb12_08.edf,,,True,0.9992911409797329,0.9992911409797329,0.0,3.8558681364942e-12,3.8558681364942e-12
gedai,chb12_09.edf,,,True,0.999357828771338,0.999357828771338,0.0,3.4776703668739678e-12,3.4776703668739678e-12
gedai,chb12_10.edf,,,True,0.9992148451620959,0.9992148451620959,0.0,5.578660041686869e-12,5.578660041686869e-12
gedai,chb12_11.edf,,,True,0.9993333564876438,0.9993333564876438,0.0,7.997946384948775e-12,7.997946384948775e-12
gedai,chb12_19.edf,,,True,0.9992989986562667,0.9992989986562667,0.0,1.2313919296440983e-12,1.2313919296440983e-12
gedai,chb12_20.edf,,,True,0.9994039592573292,0.9994039592573292,0.0,6.653831121312913e-12,6.653831121312913e-12
gedai,chb12_21.edf,,,True,0.5019336922050384,0.5019336922050384,0.0,4.502348967277801e-14,4.502348967277801e-14
gedai,chb12_23.edf,,,True,0.913456505186997,0.913456505186997,0.0,1.8566587669836295e-13,1.8566587669836295e-13
gedai,chb12_24.edf,,,True,0.47321378425827876,0.47321378425827876,0.0,4.936310635744262e-14,4.936310635744262e-14
gedai,chb12_32.edf,,,True,0.7873396785892272,0.7873396785892272,0.0,1.4282894994772807e-13,1.4282894994772807e-13
gedai,chb12_33.edf,,,True,0.9992589743710547,0.9992589743710547,0.0,5.080535495606563e-12,5.080535495606563e-12
gedai,chb12_34.edf,,,True,0.9991526328696272,0.9991526328696272,0.0,4.963594647519418e-13,4.963594647519418e-13
gedai,chb12_35.edf,,,True,0.9993213893405877,0.9993213893405877,0.0,6.120537732122966e-12,6.120537732122966e-12
gedai,chb12_36.edf,,,True,0.9989835682182346,0.9989835682182346,0.0,1.0543425940939787e-11,1.0543425940939787e-11
gedai,chb12_37.edf,,,True,0.9991142354285784,0.9991142354285784,0.0,7.970092975305453e-12,7.970092975305453e-12
gedai,chb12_38.edf,,,True,0.9991786171044363,0.9991786171044363,0.0,1.0017916937085518e-11,1.0017916937085518e-11
gedai,chb12_39.edf,,,True,0.5530862581384257,0.5530862581384257,0.0,1.5106429271137646e-13,1.5106429271137646e-13
gedai,chb12_40.edf,,,True,0.9993064904809984,0.9993064904809984,0.0,6.3202510784882086e-12,6.3202510784882086e-12
gedai,chb12_41.edf,,,True,0.9992446209694208,0.9992446209694208,0.0,5.159316066243959e-12,5.159316066243959e-12
gedai,chb12_42.edf,,,True,0.9991343259643619,0.9991343259643619,0.0,3.601333315866489e-12,3.601333315866489e-12
gedai,chb13_02.edf,,,True,0.999599505837709,0.999599505837709,0.0,2.1220571211479993e-11,2.1220571211479993e-11
gedai,chb13_03.edf,,,True,0.9995841668140382,0.9995841668140382,0.0,3.0615144368215884e-11,3.0615144368215884e-11
gedai,chb13_04.edf,,,True,0.9995953956072755,0.9995953956072755,0.0,3.646027996166208e-11,3.646027996166208e-11
gedai,chb13_05.edf,,,True,0.9995422516412734,0.9995422516412734,0.0,4.805410022204871e-11,4.805410022204871e-11
gedai,chb13_06.edf,,,True,0.9995079165602905,0.9995079165602905,0.0,2.811455608676342e-11,2.811455608676342e-11
gedai,chb13_07.edf,,,True,0.9993712602225855,0.9993712602225855,0.0,4.8463995636569435e-11,4.8463995636569435e-11
gedai,chb13_08.edf,,,True,0.9994214685717574,0.9994214685717574,0.0,1.4593517170165963e-11,1.4593517170165963e-11
gedai,chb13_09.edf,,,True,0.999322189564606,0.999322189564606,0.0,1.0737519607761715e-11,1.0737519607761715e-11
gedai,chb13_10.edf,,,True,0.999341864515235,0.999341864515235,0.0,9.540780152912331e-12,9.540780152912331e-12
gedai,chb13_11.edf,,,True,0.9993621410060726,0.9993621410060726,0.0,5.7491234312992736e-12,5.7491234312992736e-12
gedai,chb13_12.edf,,,True,0.999184721961608,0.999184721961608,0.0,6.922107394072808e-12,6.922107394072808e-12
gedai,chb13_13.edf,,,True,0.9992970542074033,0.9992970542074033,0.0,1.8077013492395246e-11,1.8077013492395246e-11
gedai,chb13_14.edf,,,True,0.9993681706235795,0.9993681706235795,0.0,1.3088956708168829e-11,1.3088956708168829e-11
gedai,chb13_15.edf,,,True,0.9993489347902209,0.9993489347902209,0.0,2.1656276400724942e-11,2.1656276400724942e-11
gedai,chb13_16.edf,,,True,0.9993803242298364,0.9993803242298364,0.0,4.1237670772736474e-11,4.1237670772736474e-11
gedai,chb13_18.edf,,,True,0.49213631288606086,0.49213631288606086,0.0,9.23991002319907e-14,9.23991002319907e-14
gedai,chb13_19.edf,,,True,0.9995706228390319,0.9995706228390319,0.0,2.7608167065098252e-11,2.7608167065098252e-11
gedai,chb13_21.edf,,,True,0.9996139892153757,0.9996139892153757,0.0,2.8805102180146145e-11,2.8805102180146145e-11
gedai,chb13_22.edf,,,True,0.999602747985792,0.999602747985792,0.0,3.180312129457902e-11,3.180312129457902e-11
gedai,chb13_24.edf,,,True,0.9995754300884954,0.9995754300884954,0.0,3.0041451603360316e-11,3.0041451603360316e-11
gedai,chb13_30.edf,,,True,0.21991862203586526,0.21991862203586526,0.0,2.8026386276717618e-14,2.8026386276717618e-14
gedai,chb13_36.edf,,,True,0.9994350224043109,0.9994350224043109,0.0,5.009963552994736e-12,5.009963552994736e-12
gedai,chb13_37.edf,,,True,0.9993234327280112,0.9993234327280112,0.0,2.5873603922760204e-11,2.5873603922760204e-11
gedai,chb13_38.edf,,,True,0.9992987511464565,0.9992987511464565,0.0,7.651309923393029e-13,7.651309923393029e-13
gedai,chb13_39.edf,,,True,0.9993598801064844,0.9993598801064844,0.0,3.003423285560193e-12,3.003423285560193e-12
gedai,chb13_40.edf,,,True,0.9992341968413184,0.9992341968413184,0.0,5.220836808339841e-11,5.220836808339841e-11
gedai,chb13_47.edf,,,True,0.9991325080067607,0.9991325080067607,0.0,7.36375976979667e-11,7.36375976979667e-11
gedai,chb13_55.edf,,,True,0.9995405190557037,0.9995405190557037,0.0,2.5803688936853615e-11,2.5803688936853615e-11
gedai,chb13_56.edf,,,True,0.9995361856321732,0.9995361856321732,0.0,1.698693490613211e-11,1.698693490613211e-11
gedai,chb13_58.edf,,,True,0.9992394232922357,0.9992394232922357,0.0,1.5445921819892295e-12,1.5445921819892295e-12
gedai,chb13_59.edf,,,True,0.9994096143196205,0.9994096143196205,0.0,3.0460987195637984e-11,3.0460987195637984e-11
gedai,chb13_60.edf,,,True,0.999458995451194,0.999458995451194,0.0,1.1605115667795975e-11,1.1605115667795975e-11
gedai,chb13_62.edf,,,True,0.9994379460846885,0.9994379460846885,0.0,1.556082588983352e-12,1.556082588983352e-12
gedai,chb14_01.edf,,,True,0.9995652722808355,0.9995652722808355,0.0,1.849223929493017e-11,1.849223929493017e-11
gedai,chb14_02.edf,,,True,0.9995583188952821,0.9995583188952821,0.0,1.786846536135567e-11,1.786846536135567e-11
gedai,chb14_03.edf,,,True,0.9995659360552132,0.9995659360552132,0.0,1.7084928295145693e-11,1.7084928295145693e-11
gedai,chb14_04.edf,,,True,0.9995529162425812,0.9995529162425812,0.0,1.5845837623313404e-11,1.5845837623313404e-11
gedai,chb14_06.edf,,,True,0.9995600919981074,0.9995600919981074,0.0,1.7307983486595078e-11,1.7307983486595078e-11
gedai,chb14_11.edf,,,True,0.9994767622854517,0.9994767622854517,0.0,1.1357331161454032e-11,1.1357331161454032e-11
gedai,chb14_12.edf,,,True,0.9993111474708483,0.9993111474708483,0.0,9.141818561296326e-12,9.141818561296326e-12
gedai,chb14_13.edf,,,True,0.9994312397852188,0.9994312397852188,0.0,7.513929360541921e-12,7.513929360541921e-12
gedai,chb14_14.edf,,,True,0.9993961804904496,0.9993961804904496,0.0,9.776966566779633e-12,9.776966566779633e-12
gedai,chb14_16.edf,,,True,0.9994992863869373,0.9994992863869373,0.0,8.449911240804628e-12,8.449911240804628e-12
gedai,chb14_17.edf,,,True,0.9994609329298328,0.9994609329298328,0.0,1.13454452218459e-11,1.13454452218459e-11
gedai,chb14_18.edf,,,True,0.9994974732682503,0.9994974732682503,0.0,1.355227172053688e-12,1.355227172053688e-12
gedai,chb14_19.edf,,,True,0.9995195240984353,0.9995195240984353,0.0,1.148061988694531e-11,1.148061988694531e-11
gedai,chb14_20.edf,,,True,0.9994365032963163,0.9994365032963163,0.0,9.869534497915422e-12,9.869534497915422e-12
gedai,chb14_22.edf,,,True,0.9995166792353837,0.9995166792353837,0.0,1.214556716887121e-11,1.214556716887121e-11
gedai,chb14_24.edf,,,True,0.9995247251892425,0.9995247251892425,0.0,2.015876456478781e-12,2.015876456478781e-12
gedai,chb14_25.edf,,,True,0.9995297761093228,0.9995297761093228,0.0,7.736151361218201e-13,7.736151361218201e-13
gedai,chb14_26.edf,,,True,0.9995413906599516,0.9995413906599516,0.0,1.5934860371353787e-11,1.5934860371353787e-11
gedai,chb14_27.edf,,,True,0.999405168915013,0.999405168915013,0.0,1.4123203761863717e-11,1.4123203761863717e-11
gedai,chb14_29.edf,,,True,0.9994974006487275,0.9994974006487275,0.0,1.0088658712122337e-12,1.0088658712122337e-12
gedai,chb14_30.edf,,,True,0.9994714483956998,0.9994714483956998,0.0,1.450680356728691e-11,1.450680356728691e-11
gedai,chb14_32.edf,,,True,0.999483333576492,0.999483333576492,0.0,2.0396983370056872e-11,2.0396983370056872e-11
gedai,chb14_37.edf,,,True,0.999434733342897,0.999434733342897,0.0,8.852122434466446e-12,8.852122434466446e-12
gedai,chb14_39.edf,,,True,0.9994879018383703,0.9994879018383703,0.0,8.50908357107362e-12,8.50908357107362e-12
gedai,chb14_42.edf,,,True,0.9993316730326223,0.9993316730326223,0.0,1.3678879669006943e-11,1.3678879669006943e-11
gedai,chb15_01.edf,,,True,0.34077410735014174,0.34077410735014174,0.0,1.6711378063558864e-14,1.6711378063558864e-14
gedai,chb15_02.edf,,,True,0.24252790506687646,0.24252790506687646,0.0,8.080175228251328e-15,8.080175228251328e-15
gedai,chb15_03.edf,,,True,0.8265077988828262,0.8265077988828262,0.0,1.648128216094169e-14,1.648128216094169e-14
gedai,chb15_04.edf,,,True,0.9994771480668425,0.9994771480668425,0.0,9.625664178216285e-13,9.625664178216285e-13
gedai,chb15_05.edf,,,True,0.9993662585783931,0.9993662585783931,0.0,4.202640014314738e-13,4.202640014314738e-13
gedai,chb15_06.edf,,,True,0.9996056193860836,0.9996056193860836,0.0,6.311759037927782e-13,6.311759037927782e-13
gedai,chb15_07.edf,,,True,0.9996188727074525,0.9996188727074525,0.0,3.9827804604775363e-13,3.9827804604775363e-13
gedai,chb15_08.edf,,,True,0.999495810402386,0.999495810402386,0.0,7.754333723819829e-13,7.754333723819829e-13
gedai,chb15_09.edf,,,True,0.9996552957902126,0.9996552957902126,0.0,2.132633793107797e-14,2.132633793107797e-14
gedai,chb15_10.edf,,,True,0.999591221887627,0.999591221887627,0.0,6.088600646320957e-13,6.088600646320957e-13
gedai,chb15_11.edf,,,True,0.9994124647321344,0.9994124647321344,0.0,4.078787615781396e-14,4.078787615781396e-14
gedai,chb15_12.edf,,,True,0.999439471354764,0.999439471354764,0.0,1.3660592651603022e-13,1.3660592651603022e-13
gedai,chb15_13.edf,,,True,0.31812888808913126,0.31812888808913126,0.0,3.5624430935300064e-15,3.5624430935300064e-15
gedai,chb15_14.edf,,,True,0.9167748754092949,0.9167748754092949,0.0,2.994048049257747e-14,2.994048049257747e-14
gedai,chb15_15.edf,,,True,0.24057461798797825,0.24057461798797825,0.0,4.738921921230972e-15,4.738921921230972e-15
gedai,chb15_16.edf,,,True,0.6304385229067885,0.6304385229067885,0.0,1.5514329882093067e-14,1.5514329882093067e-14
gedai,chb15_17.edf,,,True,0.9996230334211179,0.9996230334211179,0.0,1.8972033453193118e-14,1.8972033453193118e-14
gedai,chb15_19.edf,,,True,0.2639360321776307,0.2639360321776307,0.0,4.494796266302161e-15,4.494796266302161e-15
gedai,chb15_20.edf,,,True,0.27513326503877156,0.27513326503877156,0.0,3.691283403273389e-15,3.691283403273389e-15
gedai,chb15_22.edf,,,True,0.9992575148098733,0.9992575148098733,0.0,5.351487773652033e-12,5.351487773652033e-12
gedai,chb15_26.edf,,,True,0.35656397194633377,0.35656397194633377,0.0,9.730486465358192e-15,9.730486465358192e-15
gedai,chb15_28.edf,,,True,0.5959685998688311,0.5959685998688311,0.0,7.630071057308545e-15,7.630071057308545e-15
gedai,chb15_29.edf,,,True,0.9993718513986476,0.9993718513986476,0.0,1.3121357668788495e-12,1.3121357668788495e-12
gedai,chb15_30.edf,,,True,0.9994189772567935,0.9994189772567935,0.0,1.0889751048406774e-12,1.0889751048406774e-12
gedai,chb15_31.edf,,,True,0.9995476544604904,0.9995476544604904,0.0,2.42418423597923e-14,2.42418423597923e-14
gedai,chb15_32.edf,,,True,0.9994215786596803,0.9994215786596803,0.0,7.187571833847945e-13,7.187571833847945e-13
gedai,chb15_33.edf,,,True,0.9995019322943065,0.9995019322943065,0.0,7.864992490835395e-13,7.864992490835395e-13
gedai,chb15_35.edf,,,True,0.9993352070727647,0.9993352070727647,0.0,7.445244730018168e-13,7.445244730018168e-13
gedai,chb15_37.edf,,,True,0.9994017272371722,0.9994017272371722,0.0,1.5170750205761678e-12,1.5170750205761678e-12
gedai,chb15_40.edf,,,True,0.3484152509818713,0.3484152509818713,0.0,6.081511253019496e-15,6.081511253019496e-15
gedai,chb15_45.edf,,,True,0.9994960921172755,0.9994960921172755,0.0,8.915609256302873e-12,8.915609256302873e-12
gedai,chb15_46.edf,,,True,0.9993319394140864,0.9993319394140864,0.0,1.1204680205949656e-11,1.1204680205949656e-11
gedai,chb15_49.edf,,,True,0.9993847354812192,0.9993847354812192,0.0,1.1183487768415558e-11,1.1183487768415558e-11
gedai,chb15_50.edf,,,True,0.9991923556117182,0.9991923556117182,0.0,1.3124754046303901e-12,1.3124754046303901e-12
gedai,chb15_51.edf,,,True,0.9993882775739938,0.9993882775739938,0.0,4.829300028960058e-13,4.829300028960058e-13
gedai,chb15_52.edf,,,True,0.546174614642903,0.546174614642903,0.0,1.1683750082634757e-14,1.1683750082634757e-14
gedai,chb15_54.edf,,,True,0.9995047326679848,0.9995047326679848,0.0,1.0268404733240012e-13,1.0268404733240012e-13
gedai,chb15_61.edf,,,True,0.7631758561046605,0.7631758561046605,0.0,2.5295811096864837e-14,2.5295811096864837e-14
gedai,chb15_62.edf,,,True,0.9995060965429172,0.9995060965429172,0.0,3.4586455729596747e-13,3.4586455729596747e-13
gedai,chb15_63.edf,,,True,0.9700669298118344,0.9700669298118344,0.0,2.0380256539189883e-14,2.0380256539189883e-14
gedai,chb16_01.edf,,,True,0.04065739635916346,0.04065739635916346,0.0,1.4160667395737525e-14,1.4160667395737525e-14
gedai,chb16_02.edf,,,True,0.9992660026755356,0.9992660026755356,0.0,2.3985741141618187e-11,2.3985741141618187e-11
gedai,chb16_03.edf,,,True,0.9992881726128082,0.9992881726128082,0.0,2.8990587518886425e-11,2.8990587518886425e-11
gedai,chb16_04.edf,,,True,0.27976980044371835,0.27976980044371835,0.0,9.027416653857899e-15,9.027416653857899e-15
gedai,chb16_05.edf,,,True,0.9994520674891905,0.9994520674891905,0.0,2.5501811209900303e-11,2.5501811209900303e-11
gedai,chb16_06.edf,,,True,0.9994704927373944,0.9994704927373944,0.0,1.7056183672728832e-11,1.7056183672728832e-11
gedai,chb16_07.edf,,,True,0.9994925240373316,0.9994925240373316,0.0,1.9733806375414456e-11,1.9733806375414456e-11
gedai,chb16_08.edf,,,True,0.999509142494762,0.999509142494762,0.0,9.151752272703239e-12,9.151752272703239e-12
gedai,chb16_09.edf,,,True,0.9994569107006046,0.9994569107006046,0.0,1.5595612423076384e-11,1.5595612423076384e-11
gedai,chb16_10.edf,,,True,0.999121328152399,0.999121328152399,0.0,2.7704470906808447e-11,2.7704470906808447e-11
gedai,chb16_11.edf,,,True,0.9991459934685674,0.9991459934685674,0.0,2.461095447761744e-11,2.461095447761744e-11
gedai,chb16_12.edf,,,True,0.9995589741733343,0.9995589741733343,0.0,1.8856153649300807e-11,1.8856153649300807e-11
gedai,chb16_13.edf,,,True,0.9995026448461087,0.9995026448461087,0.0,2.0451409676840266e-12,2.0451409676840266e-12
gedai,chb16_14.edf,,,True,0.9995769005138495,0.9995769005138495,0.0,1.719021596020802e-11,1.719021596020802e-11
gedai,chb16_15.edf,,,True,0.9990106636346918,0.9990106636346918,0.0,1.6077755210869038e-11,1.6077755210869038e-11
gedai,chb16_16.edf,,,True,0.9992791826436767,0.9992791826436767,0.0,4.0959631882604945e-11,4.0959631882604945e-11
gedai,chb16_17.edf,,,True,0.9993193078687787,0.9993193078687787,0.0,3.690695820801349e-12,3.690695820801349e-12
gedai,chb16_18.edf,,,True,0.9992637448179476,0.9992637448179476,0.0,3.011599699103785e-11,3.011599699103785e-11
gedai,chb16_19.edf,,,True,0.9993876777355698,0.9993876777355698,0.0,4.8554680073413226e-11,4.8554680073413226e-11
gedai,chb17a_03.edf,,,True,0.5484107297211327,0.5484107297211327,0.0,5.718511688759e-14,5.718511688759e-14
gedai,chb17a_04.edf,,,True,0.787248554659158,0.787248554659158,0.0,7.937174061423524e-14,7.937174061423524e-14
gedai,chb17a_05.edf,,,True,0.4324277828155227,0.4324277828155227,0.0,4.680566536652235e-14,4.680566536652235e-14
gedai,chb17a_06.edf,,,True,0.999220953496939,0.999220953496939,0.0,7.294695787209647e-13,7.294695787209647e-13
gedai,chb17a_08.edf,,,True,0.36748974485489677,0.36748974485489677,0.0,3.0397414836888897e-14,3.0397414836888897e-14
gedai,chb17b_57.edf,,,True,0.999273421601333,0.999273421601333,0.0,2.4344954204922665e-11,2.4344954204922665e-11
gedai,chb17b_58.edf,,,True,0.9992447360015558,0.9992447360015558,0.0,9.346434660266293e-12,9.346434660266293e-12
gedai,chb17b_59.edf,,,True,0.9989998896116989,0.9989998896116989,0.0,2.3656252152695163e-11,2.3656252152695163e-11
gedai,chb17b_60.edf,,,True,0.999154738057811,0.999154738057811,0.0,3.911272942923792e-11,3.911272942923792e-11
gedai,chb17b_63.edf,,,True,0.9992398840784761,0.9992398840784761,0.0,1.6332385022308968e-11,1.6332385022308968e-11
gedai,chb17b_67.edf,,,True,0.999334098597171,0.999334098597171,0.0,7.846029760574085e-13,7.846029760574085e-13
gedai,chb17b_68.edf,,,True,0.9989781758369695,0.9989781758369695,0.0,2.7400640063886892e-11,2.7400640063886892e-11
gedai,chb17b_69.edf,,,True,0.9994182643878051,0.9994182643878051,0.0,4.998697745761768e-12,4.998697745761768e-12
gedai,chb17c_02.edf,,,True,0.9992688314863201,0.9992688314863201,0.0,3.6425570659709e-12,3.6425570659709e-12
gedai,chb17c_03.edf,,,True,0.9990922296375401,0.9990922296375401,0.0,3.016872985261365e-12,3.016872985261365e-12
gedai,chb17c_04.edf,,,True,0.9992707714136525,0.9992707714136525,0.0,8.789156087482103e-12,8.789156087482103e-12
gedai,chb17c_05.edf,,,True,0.9992770486160442,0.9992770486160442,0.0,1.5381381947505787e-12,1.5381381947505787e-12
gedai,chb17c_06.edf,,,True,0.9991781766427557,0.9991781766427557,0.0,2.8440282408290426e-12,2.8440282408290426e-12
gedai,chb17c_07.edf,,,True,0.9991132050004977,0.9991132050004977,0.0,1.0031901366222868e-12,1.0031901366222868e-12
gedai,chb17c_08.edf,,,True,0.9992075843113789,0.9992075843113789,0.0,2.598897459080987e-12,2.598897459080987e-12
gedai,chb17c_13.edf,,,True,0.2708029554287245,0.2708029554287245,0.0,6.53621428700244e-15,6.53621428700244e-15
gedai,chb18_01.edf,,,True,0.29333957301839253,0.29333957301839253,0.0,3.5375295964398173e-15,3.5375295964398173e-15
gedai,chb18_02.edf,,,True,0.3634377216000083,0.3634377216000083,0.0,3.7810737658521266e-15,3.7810737658521266e-15
gedai,chb18_03.edf,,,True,0.3900598415806475,0.3900598415806475,0.0,5.00937826957174e-15,5.00937826957174e-15
gedai,chb18_04.edf,,,True,0.40881986371554196,0.40881986371554196,0.0,1.0181138130046504e-14,1.0181138130046504e-14
gedai,chb18_05.edf,,,True,0.3911123019977477,0.3911123019977477,0.0,3.5533125525224944e-15,3.5533125525224944e-15
gedai,chb18_06.edf,,,True,0.40636597256113244,0.40636597256113244,0.0,3.800686045589456e-15,3.800686045589456e-15
gedai,chb18_07.edf,,,True,0.41041989955122904,0.41041989955122904,0.0,7.4138616986094e-15,7.4138616986094e-15
gedai,chb18_08.edf,,,True,0.9946064033320086,0.9946064033320086,0.0,6.98009257228282e-14,6.98009257228282e-14
gedai,chb18_09.edf,,,True,0.9994459556664426,0.9994459556664426,0.0,1.7101091555802814e-12,1.7101091555802814e-12
gedai,chb18_10.edf,,,True,0.9994699849215919,0.9994699849215919,0.0,1.6726669419842498e-13,1.6726669419842498e-13
gedai,chb18_11.edf,,,True,0.999400008534399,0.999400008534399,0.0,7.90043290761845e-14,7.90043290761845e-14
gedai,chb18_12.edf,,,True,0.9994512239069988,0.9994512239069988,0.0,3.5663422487293512e-12,3.5663422487293512e-12
gedai,chb18_13.edf,,,True,0.999538286996686,0.999538286996686,0.0,9.864792460538723e-14,9.864792460538723e-14
gedai,chb18_14.edf,,,True,0.9995272116899472,0.9995272116899472,0.0,4.2917658184014933e-14,4.2917658184014933e-14
gedai,chb18_15.edf,,,True,0.46868025469620883,0.46868025469620883,0.0,9.515863935116172e-15,9.515863935116172e-15
gedai,chb18_16.edf,,,True,0.3993961828103471,0.3993961828103471,0.0,6.895573186853222e-15,6.895573186853222e-15
gedai,chb18_17.edf,,,True,0.47562084249006936,0.47562084249006936,0.0,9.88191786671847e-15,9.88191786671847e-15
gedai,chb18_18.edf,,,True,0.4282044861729572,0.4282044861729572,0.0,1.2219895081772457e-14,1.2219895081772457e-14
gedai,chb18_19.edf,,,True,0.41389898149561194,0.41389898149561194,0.0,8.125455093506578e-15,8.125455093506578e-15
gedai,chb18_20.edf,,,True,0.3491984367605198,0.3491984367605198,0.0,5.574949769371091e-15,5.574949769371091e-15
gedai,chb18_21.edf,,,True,0.30730414287982466,0.30730414287982466,0.0,4.836951034024489e-15,4.836951034024489e-15
gedai,chb18_22.edf,,,True,0.37527047739851,0.37527047739851,0.0,7.456816937745757e-15,7.456816937745757e-15
gedai,chb18_23.edf,,,True,0.7269464034575058,0.7269464034575058,0.0,1.239789040391689e-13,1.239789040391689e-13
gedai,chb18_24.edf,,,True,0.9994267239322316,0.9994267239322316,0.0,1.9027655260150365e-12,1.9027655260150365e-12
gedai,chb18_25.edf,,,True,0.9993843295470629,0.9993843295470629,0.0,1.7607133402394848e-12,1.7607133402394848e-12
gedai,chb18_26.edf,,,True,0.9992830090151128,0.9992830090151128,0.0,6.07266916187732e-12,6.07266916187732e-12
gedai,chb18_27.edf,,,True,0.9993701560547698,0.9993701560547698,0.0,5.2945847183588235e-12,5.2945847183588235e-12
gedai,chb18_28.edf,,,True,0.9994748393153065,0.9994748393153065,0.0,1.0685325656160894e-13,1.0685325656160894e-13
gedai,chb18_29.edf,,,True,0.734933387009762,0.734933387009762,0.0,1.725339431646098e-14,1.725339431646098e-14
gedai,chb18_30.edf,,,True,0.999441915757443,0.999441915757443,0.0,5.65136915182053e-14,5.65136915182053e-14
gedai,chb18_31.edf,,,True,0.6026660801695716,0.6026660801695716,0.0,1.3156744628251364e-13,1.3156744628251364e-13
gedai,chb18_32.edf,,,True,0.9997955631836634,0.9997955631836634,0.0,9.592570374410748e-11,9.592570374410748e-11
gedai,chb18_33.edf,,,True,0.9992629187897148,0.9992629187897148,0.0,3.992995732106817e-12,3.992995732106817e-12
gedai,chb18_34.edf,,,True,0.9993951880003102,0.9993951880003102,0.0,4.383886960825404e-13,4.383886960825404e-13
gedai,chb18_35.edf,,,True,0.9993203262443346,0.9993203262443346,0.0,3.241325486731099e-12,3.241325486731099e-12
gedai,chb18_36.edf,,,True,0.9993007331315582,0.9993007331315582,0.0,1.1944176776289896e-12,1.1944176776289896e-12
gedai,chb19_01.edf,,,True,0.9994378929464239,0.9994378929464239,0.0,8.864827490209079e-12,8.864827490209079e-12
gedai,chb19_02.edf,,,True,0.3555739929877898,0.3555739929877898,0.0,2.4635301438638095e-15,2.4635301438638095e-15
gedai,chb19_03.edf,,,True,0.32324543491317115,0.32324543491317115,0.0,3.5461299426418675e-15,3.5461299426418675e-15
gedai,chb19_04.edf,,,True,0.9995052979615219,0.9995052979615219,0.0,3.901768375185651e-12,3.901768375185651e-12
gedai,chb19_05.edf,,,True,0.9995635398938078,0.9995635398938078,0.0,9.51763997528297e-12,9.51763997528297e-12
gedai,chb19_06.edf,,,True,0.9995536215033092,0.9995536215033092,0.0,1.811176430594488e-12,1.811176430594488e-12
gedai,chb19_08.edf,,,True,0.9993638485386988,0.9993638485386988,0.0,1.799509771208635e-13,1.799509771208635e-13
gedai,chb19_09.edf,,,True,0.9992623205843877,0.9992623205843877,0.0,2.436706470102504e-12,2.436706470102504e-12
gedai,chb19_10.edf,,,True,0.9993135882791356,0.9993135882791356,0.0,2.5566643857692944e-12,2.5566643857692944e-12
gedai,chb19_11.edf,,,True,0.9993430130478863,0.9993430130478863,0.0,1.1835585333944705e-13,1.1835585333944705e-13
gedai,chb19_12.edf,,,True,0.999373092099017,0.999373092099017,0.0,2.7862255789702105e-13,2.7862255789702105e-13
gedai,chb19_13.edf,,,True,0.9992726091307559,0.9992726091307559,0.0,3.252802597953593e-13,3.252802597953593e-13
gedai,chb19_14.edf,,,True,0.999346545866485,0.999346545866485,0.0,1.222135949717793e-13,1.222135949717793e-13
gedai,chb19_15.edf,,,True,0.9993814903072953,0.9993814903072953,0.0,8.292427460131229e-12,8.292427460131229e-12
gedai,chb19_16.edf,,,True,0.9994824772433736,0.9994824772433736,0.0,2.4662583090808864e-12,2.4662583090808864e-12
gedai,chb19_17.edf,,,True,0.35829894781179533,0.35829894781179533,0.0,3.335369572099357e-15,3.335369572099357e-15
gedai,chb19_18.edf,,,True,0.9995799667598844,0.9995799667598844,0.0,2.776287382048605e-11,2.776287382048605e-11
gedai,chb19_19.edf,,,True,0.9995189239227101,0.9995189239227101,0.0,6.7533173078018446e-12,6.7533173078018446e-12
gedai,chb19_20.edf,,,True,0.9995334071953067,0.9995334071953067,0.0,6.2888734139832055e-12,6.2888734139832055e-12
gedai,chb19_21.edf,,,True,0.9994708865984138,0.9994708865984138,0.0,4.059297628318016e-12,4.059297628318016e-12
gedai,chb19_22.edf,,,True,0.9994437491599312,0.9994437491599312,0.0,4.237315658863139e-12,4.237315658863139e-12
gedai,chb19_23.edf,,,True,0.9994182528015285,0.9994182528015285,0.0,5.232282550958439e-13,5.232282550958439e-13
gedai,chb19_24.edf,,,True,0.9993924021677109,0.9993924021677109,0.0,3.1476935850145266e-13,3.1476935850145266e-13
gedai,chb19_25.edf,,,True,0.9994413734072582,0.9994413734072582,0.0,1.1471083941631694e-13,1.1471083941631694e-13
gedai,chb19_26.edf,,,True,0.9990555654744236,0.9990555654744236,0.0,1.4912538096588444e-11,1.4912538096588444e-11
gedai,chb19_27.edf,,,True,0.9992042204821523,0.9992042204821523,0.0,8.057400387338566e-13,8.057400387338566e-13
gedai,chb19_28.edf,,,True,0.9994012056511875,0.9994012056511875,0.0,4.2086674418106e-11,4.2086674418106e-11
gedai,chb19_29.edf,,,True,0.9992984052752691,0.9992984052752691,0.0,9.073533985766802e-12,9.073533985766802e-12
gedai,chb19_30.edf,,,True,0.9995922246820943,0.9995922246820943,0.0,7.75678861429604e-12,7.75678861429604e-12
gedai,chb20_01.edf,,,True,0.8897166970242697,0.8897166970242697,0.0,7.587212126945596e-14,7.587212126945596e-14
gedai,chb20_02.edf,,,True,0.9997277895880012,0.9997277895880012,0.0,4.8941112966064766e-12,4.8941112966064766e-12
gedai,chb20_03.edf,,,True,0.42965200467608367,0.42965200467608367,0.0,2.3051997817808346e-14,2.3051997817808346e-14
gedai,chb20_04.edf,,,True,0.7857254038753594,0.7857254038753594,0.0,6.565207556348905e-14,6.565207556348905e-14
gedai,chb20_05.edf,,,True,0.9996562771279417,0.9996562771279417,0.0,6.104060884373365e-12,6.104060884373365e-12
gedai,chb20_06.edf,,,True,0.9996199749905398,0.9996199749905398,0.0,5.5795356952389005e-12,5.5795356952389005e-12
gedai,chb20_07.edf,,,True,0.7869665081215687,0.7869665081215687,0.0,5.493776095429069e-14,5.493776095429069e-14
gedai,chb20_08.edf,,,True,0.7221726413195935,0.7221726413195935,0.0,5.609983523163692e-14,5.609983523163692e-14
gedai,chb20_11.edf,,,True,0.9992344417147356,0.9992344417147356,0.0,1.155365585579935e-11,1.155365585579935e-11
gedai,chb20_12.edf,,,True,0.999377250054446,0.999377250054446,0.0,4.1048223635693955e-12,4.1048223635693955e-12
gedai,chb20_13.edf,,,True,0.9993882044642974,0.9993882044642974,0.0,4.461894924912936e-12,4.461894924912936e-12
gedai,chb20_14.edf,,,True,0.9992845364697374,0.9992845364697374,0.0,6.3179720313381724e-12,6.3179720313381724e-12
gedai,chb20_15.edf,,,True,0.9993655229500639,0.9993655229500639,0.0,4.220260665579064e-12,4.220260665579064e-12
gedai,chb20_16.edf,,,True,0.9995140498480873,0.9995140498480873,0.0,4.630312225177843e-12,4.630312225177843e-12
gedai,chb20_17.edf,,,True,0.6749460818922507,0.6749460818922507,0.0,4.274459032780854e-14,4.274459032780854e-14
gedai,chb20_21.edf,,,True,0.3079178371504868,0.3079178371504868,0.0,2.5408106020421447e-14,2.5408106020421447e-14
gedai,chb20_22.edf,,,True,0.7468496560513215,0.7468496560513215,0.0,6.000310103943365e-14,6.000310103943365e-14
gedai,chb20_23.edf,,,True,0.618010295766569,0.618010295766569,0.0,3.9295039584204244e-14,3.9295039584204244e-14
gedai,chb20_25.edf,,,True,0.9994501817302673,0.9994501817302673,0.0,1.1487799118718171e-11,1.1487799118718171e-11
gedai,chb20_26.edf,,,True,0.9997641438913928,0.9997641438913928,0.0,1.689759945036146e-12,1.689759945036146e-12
gedai,chb20_27.edf,,,True,0.567200763106827,0.567200763106827,0.0,3.3044901043724116e-14,3.3044901043724116e-14
gedai,chb20_28.edf,,,True,0.674709757397748,0.674709757397748,0.0,6.454032927801911e-14,6.454032927801911e-14
gedai,chb20_29.edf,,,True,0.6191887998697546,0.6191887998697546,0.0,9.146408114895414e-14,9.146408114895414e-14
gedai,chb20_30.edf,,,True,0.9997327647910104,0.9997327647910104,0.0,7.165583897970417e-12,7.165583897970417e-12
gedai,chb20_31.edf,,,True,0.9996786930728931,0.9996786930728931,0.0,8.50318060461977e-12,8.50318060461977e-12
gedai,chb20_34.edf,,,True,0.9996525272936935,0.9996525272936935,0.0,7.413599021079176e-12,7.413599021079176e-12
gedai,chb20_59.edf,,,True,0.9993529189686281,0.9993529189686281,0.0,1.0721297185796366e-11,1.0721297185796366e-11
gedai,chb20_60.edf,,,True,0.9992556698530912,0.9992556698530912,0.0,5.574718157308768e-13,5.574718157308768e-13
gedai,chb20_68.edf,,,True,0.9993581718927426,0.9993581718927426,0.0,4.595945959843012e-12,4.595945959843012e-12
gedai,chb21_01.edf,,,True,0.46659739386714805,0.46659739386714805,0.0,2.9975029421498127e-14,2.9975029421498127e-14
gedai,chb21_02.edf,,,True,0.5720331366019952,0.5720331366019952,0.0,3.7456254669644993e-14,3.7456254669644993e-14
gedai,chb21_03.edf,,,True,0.5134316513156272,0.5134316513156272,0.0,2.7321180877895517e-14,2.7321180877895517e-14
gedai,chb21_04.edf,,,True,0.4388612667608022,0.4388612667608022,0.0,1.559589389237924e-14,1.559589389237924e-14
gedai,chb21_05.edf,,,True,0.42048995862850325,0.42048995862850325,0.0,1.7105701065942376e-14,1.7105701065942376e-14
gedai,chb21_06.edf,,,True,0.44572459183738056,0.44572459183738056,0.0,2.2825954038822835e-14,2.2825954038822835e-14
gedai,chb21_07.edf,,,True,0.9995266615816211,0.9995266615816211,0.0,1.4442010279443317e-13,1.4442010279443317e-13
gedai,chb21_08.edf,,,True,0.9994360144146762,0.9994360144146762,0.0,2.275791446642774e-13,2.275791446642774e-13
gedai,chb21_09.edf,,,True,0.9993495802917053,0.9993495802917053,0.0,1.1671133552320294e-11,1.1671133552320294e-11
gedai,chb21_10.edf,,,True,0.9993142992688602,0.9993142992688602,0.0,8.454661758398778e-12,8.454661758398778e-12
gedai,chb21_11.edf,,,True,0.999214542756154,0.999214542756154,0.0,1.1603221681392815e-11,1.1603221681392815e-11
gedai,chb21_12.edf,,,True,0.999255724517047,0.999255724517047,0.0,5.6825710505718366e-12,5.6825710505718366e-12
gedai,chb21_13.edf,,,True,0.9992547090194972,0.9992547090194972,0.0,6.461546325463431e-12,6.461546325463431e-12
gedai,chb21_14.edf,,,True,0.999161762843556,0.999161762843556,0.0,7.033590899038687e-12,7.033590899038687e-12
gedai,chb21_15.edf,,,True,0.9993218342592852,0.9993218342592852,0.0,4.911500191299968e-13,4.911500191299968e-13
gedai,chb21_16.edf,,,True,0.37252496929846546,0.37252496929846546,0.0,1.2587017270401302e-14,1.2587017270401302e-14
gedai,chb21_17.edf,,,True,0.3940120237393658,0.3940120237393658,0.0,1.5129770329653863e-14,1.5129770329653863e-14
gedai,chb21_18.edf,,,True,0.4322115265937675,0.4322115265937675,0.0,1.0946482141757834e-14,1.0946482141757834e-14
gedai,chb21_19.edf,,,True,0.3773870755603146,0.3773870755603146,0.0,1.7439093916429794e-14,1.7439093916429794e-14
gedai,chb21_20.edf,,,True,0.38150371267573935,0.38150371267573935,0.0,1.202450102386012e-14,1.202450102386012e-14
gedai,chb21_21.edf,,,True,0.4280146155338759,0.4280146155338759,0.0,2.606126119162203e-14,2.606126119162203e-14
gedai,chb21_22.edf,,,True,0.36864717207925224,0.36864717207925224,0.0,1.591916080818377e-14,1.591916080818377e-14
gedai,chb21_23.edf,,,True,0.4324303629592288,0.4324303629592288,0.0,1.4110135977379518e-14,1.4110135977379518e-14
gedai,chb21_24.edf,,,True,0.3535488529908959,0.3535488529908959,0.0,1.293181725257476e-14,1.293181725257476e-14
gedai,chb21_25.edf,,,True,0.26150643455018663,0.26150643455018663,0.0,1.9533342337388944e-14,1.9533342337388944e-14
gedai,chb21_26.edf,,,True,0.9993133456252683,0.9993133456252683,0.0,1.4432455819915591e-11,1.4432455819915591e-11
gedai,chb21_27.edf,,,True,0.9991817088646773,0.9991817088646773,0.0,7.458734380780936e-12,7.458734380780936e-12
gedai,chb21_28.edf,,,True,0.9991831180356635,0.9991831180356635,0.0,3.1040267852813165e-11,3.1040267852813165e-11
gedai,chb21_29.edf,,,True,0.9990888293490082,0.9990888293490082,0.0,2.2685822021110754e-11,2.2685822021110754e-11
gedai,chb21_30.edf,,,True,0.43352982570797816,0.43352982570797816,0.0,2.825973475461219e-14,2.825973475461219e-14
gedai,chb21_31.edf,,,True,0.20898810550751754,0.20898810550751754,0.0,2.723874645411029e-14,2.723874645411029e-14
gedai,chb21_32.edf,,,True,0.9994519215086716,0.9994519215086716,0.0,6.504379837444808e-12,6.504379837444808e-12
gedai,chb22_01.edf,,,True,0.9994293239855618,0.9994293239855618,0.0,1.3864799035012682e-11,1.3864799035012682e-11
gedai,chb22_02.edf,,,True,0.9994141706212404,0.9994141706212404,0.0,1.0793548528156064e-11,1.0793548528156064e-11
gedai,chb22_03.edf,,,True,0.9993417182242074,0.9993417182242074,0.0,1.390186855985983e-11,1.390186855985983e-11
gedai,chb22_04.edf,,,True,0.9992230626204911,0.9992230626204911,0.0,1.0356960363016802e-11,1.0356960363016802e-11
gedai,chb22_05.edf,,,True,0.9992460261051413,0.9992460261051413,0.0,3.5436367820373245e-12,3.5436367820373245e-12
gedai,chb22_07.edf,,,True,0.9992723098330825,0.9992723098330825,0.0,8.802961421349588e-12,8.802961421349588e-12
gedai,chb22_08.edf,,,True,0.9993962308578368,0.9993962308578368,0.0,2.016382469531458e-11,2.016382469531458e-11
gedai,chb22_09.edf,,,True,0.999403871105434,0.999403871105434,0.0,2.500228222141489e-11,2.500228222141489e-11
gedai,chb22_10.edf,,,True,0.9994563977617229,0.9994563977617229,0.0,2.739458049086997e-11,2.739458049086997e-11
gedai,chb22_11.edf,,,True,0.9993987632610192,0.9993987632610192,0.0,4.039073672733662e-11,4.039073672733662e-11
gedai,chb22_15.edf,,,True,0.2771262264507719,0.2771262264507719,0.0,1.1436537368117816e-14,1.1436537368117816e-14
gedai,chb22_16.edf,,,True,0.2809254168294131,0.2809254168294131,0.0,1.4316420617697842e-14,1.4316420617697842e-14
gedai,chb22_18.edf,,,True,0.9995212864562051,0.9995212864562051,0.0,2.427156291902212e-11,2.427156291902212e-11
gedai,chb22_19.edf,,,True,0.30122453245797,0.30122453245797,0.0,1.095940570563711e-14,1.095940570563711e-14
gedai,chb22_20.edf,,,True,0.2800288673569175,0.2800288673569175,0.0,1.1762908543624188e-14,1.1762908543624188e-14
gedai,chb22_21.edf,,,True,0.9994235050280509,0.9994235050280509,0.0,3.141387406078171e-11,3.141387406078171e-11
gedai,chb22_22.edf,,,True,0.9993782417873086,0.9993782417873086,0.0,2.7284895244430695e-11,2.7284895244430695e-11
gedai,chb22_23.edf,,,True,0.3140009441918939,0.3140009441918939,0.0,1.478679018950131e-14,1.478679018950131e-14
gedai,chb22_24.edf,,,True,0.9992503687267066,0.9992503687267066,0.0,3.026433012378193e-11,3.026433012378193e-11
gedai,chb22_25.edf,,,True,0.5784250838323564,0.5784250838323564,0.0,1.5999047367638216e-13,1.5999047367638216e-13
gedai,chb22_26.edf,,,True,0.9994274463135896,0.9994274463135896,0.0,8.851998364212988e-12,8.851998364212988e-12
gedai,chb22_27.edf,,,True,0.9992530493667424,0.9992530493667424,0.0,1.0678480531777448e-11,1.0678480531777448e-11
gedai,chb22_28.edf,,,True,0.9994043080555083,0.9994043080555083,0.0,3.0814700857321368e-12,3.0814700857321368e-12
gedai,chb22_29.edf,,,True,0.9992675245692185,0.9992675245692185,0.0,1.7754198756887424e-12,1.7754198756887424e-12
gedai,chb22_30.edf,,,True,0.9994135252726579,0.9994135252726579,0.0,3.400735621808584e-12,3.400735621808584e-12
gedai,chb22_38.edf,,,True,0.9847080800759942,0.9847080800759942,0.0,5.894832962067263e-13,5.894832962067263e-13
gedai,chb22_51.edf,,,True,0.8174802549068755,0.8174802549068755,0.0,3.340893541705275e-13,3.340893541705275e-13
gedai,chb22_54.edf,,,True,0.9992019747716608,0.9992019747716608,0.0,1.1826357272596007e-11,1.1826357272596007e-11
gedai,chb22_77.edf,,,True,0.999451821518333,0.999451821518333,0.0,1.7110265194339778e-11,1.7110265194339778e-11
gedai,chb23_06.edf,,,True,0.9993568515393914,0.9993568515393914,0.0,2.8185262655771545e-11,2.8185262655771545e-11
gedai,chb23_07.edf,,,True,0.29148953391894367,0.29148953391894367,0.0,8.653834398864238e-15,8.653834398864238e-15
gedai,chb23_08.edf,,,True,0.37736239352820405,0.37736239352820405,0.0,3.0341363559006465e-14,3.0341363559006465e-14
gedai,chb23_09.edf,,,True,0.3088399816209461,0.3088399816209461,0.0,1.2013673681173939e-14,1.2013673681173939e-14
gedai,chb23_10.edf,,,True,0.9991754142802928,0.9991754142802928,0.0,1.680614470984744e-11,1.680614470984744e-11
gedai,chb23_16.edf,,,True,0.9991542990249735,0.9991542990249735,0.0,1.483829151099418e-11,1.483829151099418e-11
gedai,chb23_17.edf,,,True,0.29454339483468905,0.29454339483468905,0.0,1.1335237659955765e-14,1.1335237659955765e-14
gedai,chb23_19.edf,,,True,0.9990838985582834,0.9990838985582834,0.0,6.266323344223715e-13,6.266323344223715e-13
gedai,chb23_20.edf,,,True,0.5708964627582301,0.5708964627582301,0.0,3.385312953169631e-14,3.385312953169631e-14
gedai,chb24_01.edf,,,True,0.9995586061443814,0.9995586061443814,0.0,1.6540438828575006e-11,1.6540438828575006e-11
gedai,chb24_02.edf,,,True,0.9994707041767651,0.9994707041767651,0.0,9.712690937767778e-12,9.712690937767778e-12
gedai,chb24_03.edf,,,True,0.999546107041648,0.999546107041648,0.0,7.268042587543294e-12,7.268042587543294e-12
gedai,chb24_04.edf,,,True,0.9995045332852247,0.9995045332852247,0.0,2.6351880639770874e-11,2.6351880639770874e-11
gedai,chb24_05.edf,,,True,0.999297088131759,0.999297088131759,0.0,1.8992230076999712e-11,1.8992230076999712e-11
gedai,chb24_06.edf,,,True,0.9993602961284366,0.9993602961284366,0.0,1.1004646862650892e-11,1.1004646862650892e-11
gedai,chb24_07.edf,,,True,0.999302250254029,0.999302250254029,0.0,2.486304555545434e-11,2.486304555545434e-11
gedai,chb24_08.edf,,,True,0.9991871049068808,0.9991871049068808,0.0,1.4831565898793662e-11,1.4831565898793662e-11
gedai,chb24_09.edf,,,True,0.9992836100029365,0.9992836100029365,0.0,1.7144206176027107e-11,1.7144206176027107e-11
gedai,chb24_10.edf,,,True,0.9992077885957007,0.9992077885957007,0.0,1.8789330648540834e-11,1.8789330648540834e-11
gedai,chb24_11.edf,,,True,0.9993976344438938,0.9993976344438938,0.0,3.6132086519634062e-12,3.6132086519634062e-12
gedai,chb24_12.edf,,,True,0.9992203472088226,0.9992203472088226,0.0,8.183313782212952e-12,8.183313782212952e-12
gedai,chb24_13.edf,,,True,0.9993531169744356,0.9993531169744356,0.0,1.6369957100645462e-12,1.6369957100645462e-12
gedai,chb24_14.edf,,,True,0.9993178362500833,0.9993178362500833,0.0,7.0626492947134e-12,7.0626492947134e-12
gedai,chb24_15.edf,,,True,0.9993884690439211,0.9993884690439211,0.0,7.286895393005932e-13,7.286895393005932e-13
gedai,chb24_16.edf,,,True,0.9993729707764538,0.9993729707764538,0.0,2.338082694213872e-12,2.338082694213872e-12
gedai,chb24_17.edf,,,True,0.9995156332428835,0.9995156332428835,0.0,4.6473575122601555e-12,4.6473575122601555e-12
gedai,chb24_18.edf,,,True,0.9994981156306636,0.9994981156306636,0.0,2.6883970044635428e-11,2.6883970044635428e-11
gedai,chb24_19.edf,,,True,0.9995460063299648,0.9995460063299648,0.0,3.9116650540214185e-11,3.9116650540214185e-11
gedai,chb24_20.edf,,,True,0.9994657318265987,0.9994657318265987,0.0,2.6066391122351762e-11,2.6066391122351762e-11
gedai,chb24_21.edf,,,True,0.9995242475450441,0.9995242475450441,0.0,6.979619207169529e-10,6.979619207169529e-10
gedai,chb24_22.edf,,,True,0.9994807803463632,0.9994807803463632,0.0,3.770209867052293e-10,3.770209867052293e-10
amica,PN00-1.edf,[0],[0],True,0.6474126865489278,0.6474126865489278,0.0,,
amica,PN00-2.edf,[0],[0],True,0.8474388258097579,0.8474388258097579,0.0,,
amica,PN00-3.edf,"[1, 3]","[1, 3]",True,0.7353886134173842,0.7353886134173842,0.0,,
amica,PN00-4.edf,"[0, 1]","[0, 1]",True,0.37903212694075067,0.37903212694075067,0.0,,
amica,PN00-5.edf,[0],[0],True,0.7536958310407912,0.7536958310407912,0.0,,
amica,PN01-1.edf,[0],[0],True,0.7929280979374635,0.7929280979374635,0.0,,
amica,PN03-1.edf,"[0, 7, 9]","[0, 7, 9]",True,0.6566045699134886,0.6566045699134886,0.0,,
amica,PN03-2.edf,"[0, 5, 9]","[0, 5, 9]",True,0.5668304513888097,0.5668304513888097,0.0,,
amica,PN05-2.edf,[2],[2],True,0.8705254492553557,0.8705254492553557,0.0,,
amica,PN05-3.edf,[3],[3],True,0.9936276881016002,0.9936276881016002,0.0,,
amica,PN05-4.edf,"[3, 7]","[3, 7]",True,0.9742873457688964,0.9742873457688964,0.0,,
amica,PN06-1.edf,"[1, 10]","[1, 10]",True,0.9286414892809363,0.9286414892809363,0.0,,
amica,PN06-2.edf,"[0, 1]","[0, 1]",True,0.11272417163556861,0.11272417163556861,0.0,,
amica,PN06-3.edf,"[0, 1]","[0, 1]",True,0.08619750529218177,0.08619750529218177,0.0,,
amica,PN06-4.edf,[1],[1],True,0.8043106810215438,0.8043106810215438,0.0,,
amica,PN06-5.edf,"[1, 2, 5, 6]","[1, 2, 5, 6]",True,0.7790340906277277,0.7790340906277277,0.0,,
amica,PN07-1.edf,"[0, 1, 12]","[0, 1, 12]",True,0.4452857476514719,0.4452857476514719,0.0,,
amica,PN09-1.edf,"[0, 4]","[0, 4]",True,0.486931189192793,0.486931189192793,0.0,,
amica,PN09-2.edf,[],[],True,1.0,1.0,0.0,,
amica,PN09-3.edf,[0],[0],True,0.5077168590391007,0.5077168590391007,0.0,,
amica,PN10-1.edf,[2],[2],True,0.9260137436358857,0.9260137436358857,0.0,,
amica,PN10-10.edf,"[0, 1]","[0, 1]",True,0.11538420053697036,0.11538420053697036,0.0,,
amica,PN10-2.edf,"[0, 1, 6]","[0, 1, 6]",True,0.11213956838380111,0.11213956838380111,0.0,,
amica,PN10-3.edf,[0],[0],True,0.3009524862766484,0.3009524862766484,0.0,,
amica,PN10-4.5.6.edf,[0],[0],True,0.2575266045556738,0.2575266045556738,0.0,,
amica,PN10-7.8.9.edf,"[0, 1]","[0, 1]",True,0.1633594748243858,0.1633594748243858,0.0,,
amica,PN11-1.edf,[1],[1],True,0.9889943943331085,0.9889943943331085,0.0,,
amica,PN12-1.2.edf,[0],[0],True,0.7744270148235333,0.7744270148235333,0.0,,
amica,PN12-3.edf,"[0, 1, 2]","[0, 1, 2]",True,0.13012844774656615,0.13012844774656615,0.0,,
amica,PN12-4.edf,"[1, 4]","[1, 4]",True,0.8872500761842869,0.8872500761842869,0.0,,
amica,PN13-1.edf,"[0, 4, 8]","[0, 4, 8]",True,0.4884485447678761,0.4884485447678761,0.0,,
amica,PN13-2.edf,"[2, 3, 9]","[2, 3, 9]",True,0.9902202026404242,0.9902202026404242,0.0,,
amica,PN13-3.edf,"[1, 2, 9]","[1, 2, 9]",True,0.9619758731400201,0.9619758731400201,0.0,,
amica,PN14-1.edf,[],[],True,1.0,1.0,0.0,,
amica,PN14-2.edf,[],[],True,1.0,1.0,0.0,,
amica,PN14-3.edf,[0],[0],True,0.7075035542589518,0.7075035542589518,0.0,,
amica,PN14-4.edf,[0],[0],True,0.6157814113008989,0.6157814113008989,0.0,,
amica,PN16-1.edf,"[3, 8, 11]","[3, 8, 11]",True,0.943848527325291,0.943848527325291,0.0,,
amica,PN16-2.edf,"[2, 12]","[2, 12]",True,0.8848782444794407,0.8848782444794407,0.0,,
amica,PN17-1.edf,[0],[0],True,0.7193717447301294,0.7193717447301294,0.0,,
amica,PN17-2.edf,"[0, 1]","[0, 1]",True,0.2929957702933155,0.2929957702933155,0.0,,
amica,chb01_01.edf,[0],[0],True,0.42660334839260544,0.42660305352394134,2.948686640968923e-07,,
amica,chb01_02.edf,"[0, 3]","[0, 3]",True,0.5378699571747436,0.5378701422226887,1.8504794507823163e-07,,
amica,chb01_03.edf,[0],[0],True,0.8894200780042767,0.8894410481791276,2.0970174850920564e-05,,
amica,chb01_04.edf,[1],[1],True,0.8364061114609815,0.8364026320645106,3.479396470940088e-06,,
amica,chb01_05.edf,"[0, 9]","[0, 9]",True,0.40298446799187077,0.40298440357413984,6.441773092724645e-08,,
amica,chb01_06.edf,"[0, 1, 7]","[0, 1, 7]",True,0.24837963709794972,0.24838052193300825,8.848350585288767e-07,,
amica,chb01_07.edf,[0],[0],True,0.4460732726328982,0.4460810865431979,7.81391029969214e-06,,
amica,chb01_08.edf,[0],[0],True,0.5194229710039537,0.5194226598402059,3.111637478792062e-07,,
amica,chb01_09.edf,"[0, 2]","[0, 2]",True,0.42356953562682625,0.4235694120011956,1.2362563067691568e-07,,
amica,chb01_10.edf,[0],[0],True,0.5054198992889803,0.5054199082360478,8.947067420272958e-09,,
amica,chb01_11.edf,"[0, 2, 7]","[0, 2, 7]",True,0.2942052416124327,0.29420453942197566,7.02190457058105e-07,,
amica,chb01_12.edf,"[0, 2]","[0, 2]",True,0.3749005720232874,0.3749006856657891,1.1364250168677259e-07,,
amica,chb01_13.edf,"[0, 3, 9]","[0, 3, 9]",True,0.38897666053197716,0.3889751763060259,1.4842259512537481e-06,,
amica,chb01_14.edf,[0],[0],True,0.7884962224630379,0.7884972744683748,1.0520053369544868e-06,,
amica,chb01_15.edf,"[0, 2]","[0, 2]",True,0.7224591307648648,0.722453927403431,5.203361433836484e-06,,
amica,chb01_16.edf,[0],[0],True,0.8507002619580473,0.8506764611895684,2.3800768478854373e-05,,
amica,chb01_17.edf,[3],[3],True,0.8797307176515188,0.8797305367061539,1.809453649137538e-07,,
amica,chb01_18.edf,[],[],True,1.0,1.0,0.0,,
amica,chb01_19.edf,"[2, 5]","[2, 5]",True,0.7669317566065055,0.7669300796454391,1.6769610663436296e-06,,
amica,chb01_20.edf,[2],[2],True,0.8977796672442769,0.8977824422675464,2.775023269507848e-06,,
amica,chb01_21.edf,[0],[0],True,0.6893454813199664,0.6893481905118374,2.709191870953198e-06,,
amica,chb01_22.edf,"[0, 1, 8]","[0, 1, 8]",True,0.2824349713845125,0.2824326765385588,2.2948459537097676e-06,,
amica,chb01_23.edf,"[0, 2, 10]","[0, 2, 10]",True,0.4320555055161302,0.43205541900909095,8.650703925416892e-08,,
amica,chb01_24.edf,"[0, 2, 8]","[0, 2, 8]",True,0.3816315313877313,0.3816309874989946,5.438887367148482e-07,,
amica,chb01_25.edf,"[0, 3, 9]","[0, 3, 9]",True,0.5344982135777471,0.5344968082268267,1.4053509204137171e-06,,
amica,chb01_26.edf,[1],[1],True,0.8301935112562632,0.8302338532953998,4.034203913660939e-05,,
amica,chb01_29.edf,[0],[0],True,0.7922138470255062,0.7922151031427795,1.2561172733072112e-06,,
amica,chb01_30.edf,"[0, 3]","[0, 3]",True,0.5087478823493145,0.5087479337954,5.144608550278207e-08,,
amica,chb01_31.edf,"[0, 4, 6]","[0, 4, 6]",True,0.6172529269799686,0.617253977673679,1.0506937103693659e-06,,
amica,chb01_32.edf,"[0, 7]","[0, 7]",True,0.6806916450285736,0.6806933844054512,1.739376877640808e-06,,
amica,chb01_33.edf,"[0, 3, 5]","[0, 3, 5]",True,0.4895447311970738,0.4895444236967533,3.0750032053994403e-07,,
amica,chb01_34.edf,"[1, 7]","[1, 7]",True,0.7755873341549591,0.7755870293787043,3.0477625478919634e-07,,
amica,chb01_36.edf,[0],[0],True,0.8276217131486583,0.827625765208726,4.052060067705199e-06,,
amica,chb01_37.edf,"[0, 2]","[0, 2]",True,0.7075448317338593,0.707551383101232,6.551367372709116e-06,,
amica,chb01_38.edf,[3],[3],True,0.8529716299372233,0.8529936757029807,2.2045765757372493e-05,,
amica,chb01_39.edf,"[0, 2, 6]","[0, 2, 6]",True,0.6838685771042795,0.6838854932058511,1.6916101571617936e-05,,
amica,chb01_40.edf,[6],[6],True,0.935162575754849,0.9351611733661346,1.4023887143777003e-06,,
amica,chb01_41.edf,[5],[5],True,0.88866913277844,0.8886411591277896,2.7973650650325865e-05,,
amica,chb01_42.edf,"[1, 2, 15]","[1, 2, 15]",True,0.6766535240208147,0.6766523452374277,1.1787833870124942e-06,,
amica,chb01_43.edf,[2],[2],True,0.8803300846771397,0.8803343981995958,4.31352245611194e-06,,
amica,chb01_46.edf,[0],[0],True,0.603676954011991,0.6036768584521892,9.555980173825418e-08,,
amica,chb02_03.edf,[1],[1],True,0.8176581205273665,0.8176579282263015,1.9230106507173161e-07,,
amica,chb02_04.edf,[0],[0],True,0.8524497485625309,0.8524493564422736,3.9212025726431676e-07,,
amica,chb02_06.edf,"[0, 4]","[0, 4]",True,0.7030010000732975,0.7030009658613264,3.421197103392615e-08,,
amica,chb02_07.edf,"[0, 4]","[0, 4]",True,0.6920684885148944,0.6920698894240221,1.400909127702299e-06,,
amica,chb02_08.edf,"[1, 3, 11]","[1, 3, 11]",True,0.6937129459168235,0.6937118278673395,1.118049483994632e-06,,
amica,chb02_09.edf,[2],[2],True,0.8354031025826693,0.8354034132348593,3.1065219008308276e-07,,
amica,chb02_10.edf,[2],[2],True,0.8619272171949789,0.8619272613203239,4.412534504449894e-08,,
amica,chb02_11.edf,[3],[3],True,0.8765312048910736,0.8765309365867834,2.683042902296151e-07,,
amica,chb02_12.edf,[],[],True,1.0,1.0,0.0,,
amica,chb02_13.edf,[10],[10],True,0.9139763874606529,0.9139911196898985,1.4732229245639772e-05,,
amica,chb02_14.edf,"[1, 9]","[1, 9]",True,0.8081596863257368,0.8081595896044507,9.672128609139463e-08,,
amica,chb02_15.edf,"[1, 3, 7]","[1, 3, 7]",True,0.7824415777963637,0.7824417080034488,1.3020708511390922e-07,,
amica,chb02_16+.edf,[],[],True,1.0,1.0,0.0,,
amica,chb02_16.edf,"[2, 3]","[2, 3]",True,0.8320660647611167,0.8320663894403516,3.246792349420602e-07,,
amica,chb02_17.edf,"[0, 3]","[0, 3]",True,0.7020384198595953,0.702038529214074,1.0935447869453441e-07,,
amica,chb02_18.edf,[0],[0],True,0.7482413899382906,0.7482441721505103,2.7822122197207477e-06,,
amica,chb02_19.edf,"[0, 2]","[0, 2]",True,0.5299547937294578,0.5299549468353036,1.5310584589034448e-07,,
amica,chb02_21.edf,"[2, 6]","[2, 6]",True,0.8644756227850039,0.8644752597017571,3.6308324680156545e-07,,
amica,chb02_22.edf,"[2, 11]","[2, 11]",True,0.8960430298373574,0.8960431591358495,1.292984921352769e-07,,
amica,chb02_23.edf,"[0, 2]","[0, 2]",True,0.6106058261161214,0.6106062949826112,4.6886648985555723e-07,,
amica,chb02_24.edf,"[0, 1]","[0, 1]",True,0.5210455064423121,0.5210456361540285,1.2971171647890856e-07,,
amica,chb02_25.edf,"[0, 1]","[0, 1]",True,0.5937736937083368,0.5937715547192761,2.138989060651575e-06,,
amica,chb02_26.edf,"[0, 3]","[0, 3]",True,0.5700216109459663,0.5700129411376057,8.66980836056186e-06,,
amica,chb02_27.edf,"[0, 1]","[0, 1]",True,0.6261489149250659,0.6261538463881704,4.931463104540512e-06,,
amica,chb02_28.edf,[3],[3],True,0.8657879627222004,0.8657834145407904,4.5481814099357365e-06,,
amica,chb02_29.edf,[3],[3],True,0.9022957737826008,0.9023139573978592,1.818361525840473e-05,,
amica,chb02_30.edf,"[3, 4]","[3, 4]",True,0.8185476652703387,0.81852250212061,2.5163149728779644e-05,,
amica,chb02_32.edf,"[2, 3]","[2, 3]",True,0.8059434401127087,0.8060129531867414,6.951307403268991e-05,,
amica,chb02_33.edf,[3],[3],True,0.931104848841579,0.9311092447705329,4.395928953959682e-06,,
amica,chb02_34.edf,"[2, 3]","[2, 3]",True,0.7695917558566697,0.7695884612490147,3.2946076550244285e-06,,
amica,chb02_35.edf,[0],[0],True,0.790047964812864,0.7900437771325486,4.187680315403952e-06,,
amica,chb03_01.edf,"[0, 1, 6]","[0, 1, 6]",True,0.22641326669133577,0.2264029057041595,1.0360987176272207e-05,,
amica,chb03_02.edf,[0],[0],True,0.5284902938605348,0.5284891069302656,1.1869302691813743e-06,,
amica,chb03_03.edf,"[0, 2]","[0, 2]",True,0.4471187903301206,0.44711556475794517,3.225572175413749e-06,,
amica,chb03_04.edf,"[0, 1]","[0, 1]",True,0.17843012355865087,0.17842986418202464,2.5937662623265467e-07,,
amica,chb03_05.edf,"[0, 1]","[0, 1]",True,0.4071816160987127,0.4071810953600262,5.207386864491959e-07,,
amica,chb03_06.edf,[0],[0],True,0.7708649707183749,0.7708642632960244,7.074223504766053e-07,,
amica,chb03_07.edf,[],[],True,1.0,1.0,0.0,,
amica,chb03_08.edf,"[0, 1]","[0, 1]",True,0.6267908319928014,0.6268153962626486,2.4564269847204834e-05,,
amica,chb03_09.edf,[3],[3],True,0.8293158183133108,0.8293247305651722,8.912251861392662e-06,,
amica,chb03_10.edf,"[0, 1]","[0, 1]",True,0.3401010220470117,0.34010444391883643,3.421871824726974e-06,,
amica,chb03_11.edf,[0],[0],True,0.8145222807173756,0.8145268443295158,4.563612140184858e-06,,
amica,chb03_12.edf,[],[],True,1.0,1.0,0.0,,
amica,chb03_13.edf,"[1, 3]","[1, 3]",True,0.7069145360954114,0.7061918499895585,0.0007226861058529099,,
amica,chb03_14.edf,[],[],True,1.0,1.0,0.0,,
amica,chb03_15.edf,[],[],True,1.0,1.0,0.0,,
amica,chb03_16.edf,"[0, 1]","[0, 1]",True,0.3239554354999947,0.3239554582827394,2.2782744690807988e-08,,
amica,chb03_17.edf,[0],[0],True,0.4268630091226238,0.4268627410411998,2.680814240041407e-07,,
amica,chb03_18.edf,"[0, 1]","[0, 1]",True,0.3145399037546564,0.3145399138353336,1.0080677181889541e-08,,
amica,chb03_19.edf,"[0, 1]","[0, 1]",True,0.2035553070323756,0.20355660031319,1.2932808144128227e-06,,
amica,chb03_20.edf,"[0, 1, 6]","[0, 1, 6]",True,0.2547673558887227,0.25476151245887774,5.8434298449427935e-06,,
amica,chb03_21.edf,"[0, 1]","[0, 1]",True,0.29190772905616164,0.29190838550111814,6.564449565038544e-07,,
amica,chb03_22.edf,"[0, 1]","[0, 1]",True,0.23847992520917458,0.23848031390338223,3.8869420765363927e-07,,
amica,chb03_23.edf,[0],[0],True,0.8430606996059758,0.8430570803063273,3.6192996485384654e-06,,
amica,chb03_24.edf,"[0, 1]","[0, 1]",True,0.12084760352689425,0.12084707546661635,5.280602778934274e-07,,
amica,chb03_25.edf,"[0, 1]","[0, 1]",True,0.22050337590128383,0.2205006613014029,2.714599880937474e-06,,
amica,chb03_26.edf,"[0, 1]","[0, 1]",True,0.207778114078608,0.2077820972352758,3.983156667802801e-06,,
amica,chb03_27.edf,[0],[0],True,0.6072000710913235,0.6072009480383667,8.769470432046234e-07,,
amica,chb03_28.edf,"[0, 2]","[0, 2]",True,0.6107178173376315,0.6107166940975399,1.1232400916050267e-06,,
amica,chb03_29.edf,"[0, 1, 6]","[0, 1, 6]",True,0.30390419143066466,0.30390385254030816,3.3889035649936616e-07,,
amica,chb03_30.edf,"[0, 5]","[0, 5]",True,0.6725441259166871,0.6725438746182554,2.512984317304401e-07,,
amica,chb03_31.edf,"[1, 4, 13]","[1, 4, 13]",True,0.7042672131335578,0.7042710624287013,3.849295143520948e-06,,
amica,chb03_32.edf,"[0, 3]","[0, 3]",True,0.6200809986137384,0.6200812142129849,2.1559924645586648e-07,,
amica,chb03_33.edf,[1],[1],True,0.7829698307315502,0.7829779592372732,8.128505722959645e-06,,
amica,chb03_34.edf,"[1, 5]","[1, 5]",True,0.8416671379727398,0.8416669079617821,2.3001095772468005e-07,,
amica,chb03_35.edf,[1],[1],True,0.8848530481700052,0.8848593558098071,6.307639801916842e-06,,
amica,chb03_36.edf,"[2, 6, 12]","[2, 6, 12]",True,0.812932193458685,0.8129310296222259,1.1638364590949024e-06,,
amica,chb03_37.edf,"[0, 1, 3]","[0, 1, 3]",True,0.3024092959226272,0.30240834352169843,9.52400928788677e-07,,
amica,chb03_38.edf,[0],[0],True,0.5822029699626393,0.5822034695034685,4.995408291463832e-07,,
amica,chb04_01.edf,[0],[0],True,0.6345513102881181,0.6345513980284568,8.77403387722353e-08,,
amica,chb04_02.edf,[0],[0],True,0.7645840391483266,0.764584012509574,2.6638752648189268e-08,,
amica,chb04_03.edf,[],[],True,1.0,1.0,0.0,,
amica,chb04_04.edf,"[0, 5]","[0, 5]",True,0.6386231456977312,0.638623156813292,1.1115560805130542e-08,,
amica,chb04_05.edf,[],[],True,1.0,1.0,0.0,,
amica,chb04_06.edf,[0],[0],True,0.667726608944689,0.6677265757721761,3.3172512958756784e-08,,
amica,chb04_07.edf,[0],[0],True,0.6449677227956538,0.644966477799886,1.2449957678128953e-06,,
amica,chb04_08.edf,[0],[0],True,0.6808444115920751,0.6808443939107077,1.7681367370236956e-08,,
amica,chb04_09.edf,"[1, 3]","[1, 3]",True,0.7359646949402757,0.735965052064715,3.571244392430728e-07,,
amica,chb04_10.edf,[2],[2],True,0.9119788145508161,0.9119791374045974,3.2285378126495345e-07,,
amica,chb04_11.edf,"[1, 2, 3]","[1, 2, 3]",True,0.6820792505457549,0.6820789037825399,3.467632150311317e-07,,
amica,chb04_12.edf,"[0, 3]","[0, 3]",True,0.6907376349833481,0.6907374573441364,1.776392116736858e-07,,
amica,chb04_13.edf,"[0, 1, 11]","[0, 1, 11]",True,0.44496952859626726,0.44496665552719095,2.8730690763145716e-06,,
amica,chb04_14.edf,[],[],True,1.0,1.0,0.0,,
amica,chb04_15.edf,[],[],True,1.0,1.0,0.0,,
amica,chb04_16.edf,"[0, 1, 4]","[0, 1, 4]",True,0.1386914974369673,0.1386914870181788,1.0418788498611775e-08,,
amica,chb04_17.edf,"[0, 1, 4]","[0, 1, 4]",True,0.12348795196361158,0.12348782552336575,1.2644024582897373e-07,,
amica,chb04_18.edf,[],[],True,1.0,1.0,0.0,,
amica,chb04_21.edf,[0],[0],True,0.6211235315353808,0.6211234591346706,7.240071020486738e-08,,
amica,chb04_22.edf,"[0, 6]","[0, 6]",True,0.6074927860720641,0.6075018000859163,9.014013852115532e-06,,
amica,chb04_24.edf,"[0, 1]","[0, 1]",True,0.5546370543014371,0.5546368585176797,1.9578375731743591e-07,,
amica,chb04_25.edf,[0],[0],True,0.6810539329848166,0.6810535271345897,4.0585022698103046e-07,,
amica,chb04_26.edf,[0],[0],True,0.8725700677863188,0.8725760831090968,6.015322777996879e-06,,
amica,chb04_27.edf,[0],[0],True,0.6986772690215525,0.6986696051312725,7.663890279951957e-06,,
amica,chb04_28.edf,[0],[0],True,0.8757515757931958,0.8757408738359082,1.0701957287695407e-05,,
amica,chb04_29.edf,[],[],True,1.0,1.0,0.0,,
amica,chb04_30.edf,"[0, 1]","[0, 1]",True,0.5203785340979381,0.520378742501238,2.0840329983951023e-07,,
amica,chb04_31.edf,"[0, 3, 10]","[0, 3, 10]",True,0.5455015698072609,0.5455015747807933,4.973532363727884e-09,,
amica,chb04_32.edf,"[0, 5, 12]","[0, 5, 12]",True,0.6413681248332762,0.641367500426838,6.244064382210368e-07,,
amica,chb04_33.edf,"[0, 3, 4]","[0, 3, 4]",True,0.4905909471101253,0.4905909781268658,3.1016740509315355e-08,,
amica,chb04_34.edf,"[0, 1, 2, 3]","[0, 1, 2, 3]",True,0.1246645713415678,0.12467094273699104,6.371395423240833e-06,,
amica,chb04_35.edf,"[1, 3]","[1, 3]",True,0.6516801459398283,0.6516800899269195,5.6012908755675994e-08,,
amica,chb04_36.edf,[2],[2],True,0.979020506380932,0.9790205376866685,3.1305736558628894e-08,,
amica,chb04_37.edf,"[1, 3]","[1, 3]",True,0.806750433974385,0.806751175184117,7.412097320358413e-07,,
amica,chb04_38.edf,"[0, 1, 3]","[0, 1, 3]",True,0.1949841787449134,0.19498423962869427,6.088378087798496e-08,,
amica,chb04_39.edf,[0],[0],True,0.7366372068817351,0.7366384117533876,1.2048716525603353e-06,,
amica,chb04_40.edf,"[0, 1, 9]","[0, 1, 9]",True,0.5903504790968002,0.5903501384724374,3.406243627157579e-07,,
amica,chb04_41.edf,[2],[2],True,0.9158115581695934,0.9158070751334274,4.483036165958687e-06,,
amica,chb04_42.edf,[3],[3],True,0.9426246223477608,0.9426363315623225,1.1709214561728132e-05,,
amica,chb04_43.edf,"[0, 6]","[0, 6]",True,0.624461098167567,0.6244613895964487,2.91428881693534e-07,,
amica,chb05_01.edf,[0],[0],True,0.8326477985647817,0.8326462592954474,1.539269334216442e-06,,
amica,chb05_02.edf,[1],[1],True,0.844216773449414,0.844216492338262,2.8111115202289483e-07,,
amica,chb05_03.edf,[2],[2],True,0.8680625849304865,0.8680610468072714,1.5381232151279178e-06,,
amica,chb05_04.edf,[2],[2],True,0.9047981526944712,0.9048046743389011,6.521644429935414e-06,,
amica,chb05_05.edf,[2],[2],True,0.8904662833275251,0.8904670477160852,7.643885601149591e-07,,
amica,chb05_06.edf,[],[],True,1.0,1.0,0.0,,
amica,chb05_07.edf,[0],[0],True,0.881558519863614,0.8815871949323609,2.86750687469306e-05,,
amica,chb05_08.edf,"[0, 13]","[0, 13]",True,0.8350776649789335,0.835073836878913,3.828100020530911e-06,,
amica,chb05_09.edf,[],[],True,1.0,1.0,0.0,,
amica,chb05_10.edf,[],[],True,1.0,1.0,0.0,,
amica,chb05_11.edf,[1],[1],True,0.9016013558003168,0.9016134005911476,1.2044790830834096e-05,,
amica,chb05_12.edf,[1],[1],True,0.9140673299236621,0.914069004159432,1.6742357699106591e-06,,
amica,chb05_13.edf,[1],[1],True,0.9033561085764706,0.9033577624742036,1.6538977329894067e-06,,
amica,chb05_14.edf,[0],[0],True,0.770177444371175,0.7701774920626379,4.769146288996495e-08,,
amica,chb05_15.edf,[4],[4],True,0.9385917569890748,0.9385787500143722,1.3006974702634011e-05,,
amica,chb05_16.edf,[],[],True,1.0,1.0,0.0,,
amica,chb05_17.edf,[],[],True,1.0,1.0,0.0,,
amica,chb05_18.edf,[],[],True,1.0,1.0,0.0,,
amica,chb05_19.edf,[],[],True,1.0,1.0,0.0,,
amica,chb05_20.edf,[],[],True,1.0,1.0,0.0,,
amica,chb05_21.edf,[],[],True,1.0,1.0,0.0,,
amica,chb05_22.edf,[],[],True,1.0,1.0,0.0,,
amica,chb05_23.edf,[6],[6],True,0.8829098626988096,0.8829148676569195,5.004958109955382e-06,,
amica,chb05_24.edf,[],[],True,1.0,1.0,0.0,,
amica,chb05_25.edf,[0],[0],True,0.9112007515562578,0.9112234320810984,2.2680524840557048e-05,,
amica,chb05_26.edf,[1],[1],True,0.8560869228079502,0.8560914818137765,4.5590058262989785e-06,,
amica,chb05_27.edf,[3],[3],True,0.872073639775328,0.8720719033716037,1.7364037243616792e-06,,
amica,chb05_28.edf,[],[],True,1.0,1.0,0.0,,
amica,chb05_29.edf,[2],[2],True,0.8733579450088649,0.8733582554678221,3.104589572089367e-07,,
amica,chb05_30.edf,[],[],True,1.0,1.0,0.0,,
amica,chb05_31.edf,[1],[1],True,0.9122290989497579,0.9122275787744297,1.5201753281735009e-06,,
amica,chb05_32.edf,[],[],True,1.0,1.0,0.0,,
amica,chb05_33.edf,[3],[3],True,0.9369084217683341,0.9369079833485247,4.384198094564695e-07,,
amica,chb05_34.edf,[2],[2],True,0.8999925911636482,0.8999975205922789,4.9294286307288715e-06,,
amica,chb05_35.edf,"[1, 2, 5]","[1, 2, 5]",True,0.6419444537082967,0.6419303771823677,1.4076525928996553e-05,,
amica,chb05_36.edf,[],[],True,1.0,1.0,0.0,,
amica,chb05_37.edf,[],[],True,1.0,1.0,0.0,,
amica,chb05_38.edf,[],[],True,1.0,1.0,0.0,,
amica,chb05_39.edf,[2],[2],True,0.8605062920602938,0.8604855897345202,2.0702325773669372e-05,,
amica,chb06_01.edf,"[0, 4]","[0, 4]",True,0.7840990580820186,0.7840999632859107,9.052038920653871e-07,,
amica,chb06_02.edf,"[1, 5]","[1, 5]",True,0.812062417178117,0.8120637644489442,1.3472708272344036e-06,,
amica,chb06_03.edf,[10],[10],True,0.9863998375406584,0.9863993796844558,4.578562026180677e-07,,
amica,chb06_04.edf,[0],[0],True,0.5733997554536581,0.573397605846772,2.149606886048261e-06,,
amica,chb06_05.edf,[0],[0],True,0.6773349311463284,0.6773347653296574,1.6581667094950348e-07,,
amica,chb06_06.edf,[9],[9],True,0.9621572015176798,0.9621570158740325,1.8564364734352523e-07,,
amica,chb06_07.edf,"[1, 4]","[1, 4]",True,0.7917985675529547,0.7917985675529547,0.0,,
amica,chb06_08.edf,"[1, 7, 9]","[1, 7, 9]",True,0.7958756315788804,0.7958756315788804,0.0,,
amica,chb06_09.edf,"[1, 9]","[1, 9]",True,0.8304678298012147,0.8304678298012147,0.0,,
amica,chb06_10.edf,[],[],True,1.0,1.0,0.0,,
amica,chb06_12.edf,[4],[4],True,0.9527759330475868,0.9527759330475868,0.0,,
amica,chb06_13.edf,[4],[4],True,0.9493974614485493,0.9493974614485493,0.0,,
amica,chb06_14.edf,"[1, 4]","[1, 4]",True,0.8011908083358413,0.8011908083358413,0.0,,
amica,chb06_15.edf,"[0, 10]","[0, 10]",True,0.6916164776242942,0.6916164776242942,0.0,,
amica,chb06_16.edf,[10],[10],True,0.9800413241530176,0.9800413241530176,0.0,,
amica,chb06_17.edf,[3],[3],True,0.9504940840789814,0.9504940840789814,0.0,,
amica,chb06_18.edf,[],[],True,1.0,1.0,0.0,,
amica,chb06_24.edf,"[0, 5]","[0, 5]",True,0.6863564197768577,0.6863564197768577,0.0,,
amica,chb07_01.edf,"[0, 1]","[0, 1]",True,0.2742440650463582,0.2742440650463582,0.0,,
amica,chb07_02.edf,"[0, 2]","[0, 2]",True,0.5900561504097237,0.5900561504097237,0.0,,
amica,chb07_03.edf,[],[],True,1.0,1.0,0.0,,
amica,chb07_04.edf,[],[],True,1.0,1.0,0.0,,
amica,chb07_05.edf,[0],[0],True,0.547662522631999,0.547662522631999,0.0,,
amica,chb07_06.edf,"[0, 1, 2]","[0, 1, 2]",True,0.3002633420690954,0.3002633420690954,0.0,,
amica,chb07_07.edf,[0],[0],True,0.6041758085751512,0.6041758085751512,0.0,,
amica,chb07_08.edf,"[0, 1]","[0, 1]",True,0.32838090030256173,0.32838090030256173,0.0,,
amica,chb07_09.edf,"[0, 1]","[0, 1]",True,0.3242697756961748,0.3242697756961748,0.0,,
amica,chb07_10.edf,[],[],True,1.0,1.0,0.0,,
amica,chb07_11.edf,[],[],True,1.0,1.0,0.0,,
amica,chb07_12.edf,"[0, 1]","[0, 1]",True,0.3585589619302904,0.3585589619302904,0.0,,
amica,chb07_13.edf,[0],[0],True,0.6628069340997623,0.6628069340997623,0.0,,
amica,chb07_14.edf,[1],[1],True,0.8861466327962164,0.8861466327962164,0.0,,
amica,chb07_15.edf,"[0, 2]","[0, 2]",True,0.4566127147396134,0.4566127147396134,0.0,,
amica,chb07_16.edf,"[0, 3]","[0, 3]",True,0.535705389811462,0.535705389811462,0.0,,
amica,chb07_17.edf,[1],[1],True,0.891131692124337,0.891131692124337,0.0,,
amica,chb07_18.edf,[1],[1],True,0.8749811469951627,0.8749811469951627,0.0,,
amica,chb07_19.edf,"[0, 3]","[0, 3]",True,0.4634615896894488,0.4634615896894488,0.0,,
amica,chb08_02.edf,[0],[0],True,0.6795059816238638,0.6795059816238638,0.0,,
amica,chb08_03.edf,"[5, 9, 15]","[5, 9, 15]",True,0.913300299593229,0.913300299593229,0.0,,
amica,chb08_04.edf,"[9, 12, 13]","[9, 12, 13]",True,0.9024190644392915,0.9024190644392915,0.0,,
amica,chb08_05.edf,"[0, 2]","[0, 2]",True,0.7454297019493059,0.7454297019493059,0.0,,
amica,chb08_10.edf,[0],[0],True,0.5677986977509027,0.5677986977509027,0.0,,
amica,chb08_11.edf,[0],[0],True,0.6527177065633801,0.6527177065633801,0.0,,
amica,chb08_12.edf,"[0, 5]","[0, 5]",True,0.6469342907945974,0.6469342907945974,0.0,,
amica,chb08_13.edf,"[0, 3]","[0, 3]",True,0.6153317484411694,0.6153317484411694,0.0,,
amica,chb08_14.edf,[1],[1],True,0.8685895835559304,0.8685895835559304,0.0,,
amica,chb08_15.edf,[14],[14],True,0.9702416071335817,0.9702416071335817,0.0,,
amica,chb08_16.edf,[4],[4],True,0.9381933025548597,0.9381933025548597,0.0,,
amica,chb08_17.edf,"[2, 4, 7]","[2, 4, 7]",True,0.8143228315584218,0.8143228315584218,0.0,,
amica,chb08_18.edf,[5],[5],True,0.9587439267274812,0.9587439267274812,0.0,,
amica,chb08_19.edf,[3],[3],True,0.9457165450106411,0.9457165450106411,0.0,,
amica,chb08_20.edf,"[0, 5]","[0, 5]",True,0.7033459122458606,0.7033459122458606,0.0,,
amica,chb08_21.edf,"[0, 4]","[0, 4]",True,0.6651067355066892,0.6651067355066892,0.0,,
amica,chb08_22.edf,[],[],True,1.0,1.0,0.0,,
amica,chb08_23.edf,"[3, 5, 7, 9]","[3, 5, 7, 9]",True,0.7642185558645611,0.7642185558645611,0.0,,
amica,chb08_24.edf,"[0, 3]","[0, 3]",True,0.6056532631930214,0.6056532631930214,0.0,,
amica,chb08_29.edf,"[0, 6]","[0, 6]",True,0.6723533825189782,0.6723533825189782,0.0,,
amica,chb09_01.edf,"[0, 4]","[0, 4]",True,0.8095790195170418,0.8095790195170418,0.0,,
amica,chb09_02.edf,"[0, 4]","[0, 4]",True,0.787367868965545,0.787367868965545,0.0,,
amica,chb09_03.edf,[1],[1],True,0.8991465462923001,0.8991465462923001,0.0,,
amica,chb09_04.edf,[],[],True,1.0,1.0,0.0,,
amica,chb09_05.edf,[],[],True,1.0,1.0,0.0,,
amica,chb09_06.edf,[0],[0],True,0.597398199118033,0.597398199118033,0.0,,
amica,chb09_07.edf,"[0, 4]","[0, 4]",True,0.7507583709976744,0.7507583709976744,0.0,,
amica,chb09_08.edf,[0],[0],True,0.833076082813446,0.833076082813446,0.0,,
amica,chb09_09.edf,[0],[0],True,0.8443269460680293,0.8443269460680293,0.0,,
amica,chb09_10.edf,[1],[1],True,0.9110758764806403,0.9110758764806403,0.0,,
amica,chb09_11.edf,[4],[4],True,0.9326411203963899,0.9326411203963899,0.0,,
amica,chb09_12.edf,[],[],True,1.0,1.0,0.0,,
amica,chb09_13.edf,"[0, 5]","[0, 5]",True,0.737994787899912,0.737994787899912,0.0,,
amica,chb09_14.edf,"[0, 4]","[0, 4]",True,0.6791690004324444,0.6791690004324444,0.0,,
amica,chb09_15.edf,"[0, 5]","[0, 5]",True,0.7613779888203818,0.7613779888203818,0.0,,
amica,chb09_16.edf,[1],[1],True,0.8980689521723683,0.8980689521723683,0.0,,
amica,chb09_17.edf,[11],[11],True,0.9171312279969145,0.9171312279969145,0.0,,
amica,chb09_18.edf,"[0, 3]","[0, 3]",True,0.6703646313147937,0.6703646313147937,0.0,,
amica,chb09_19.edf,[0],[0],True,0.8201949386680969,0.8201949386680969,0.0,,
amica,chb10_01.edf,[],[],True,1.0,1.0,0.0,,
amica,chb10_02.edf,[1],[1],True,0.8543248606644046,0.8543248606644046,0.0,,
amica,chb10_03.edf,"[1, 5]","[1, 5]",True,0.7754974258747014,0.7754974258747014,0.0,,
amica,chb10_04.edf,[5],[5],True,0.950051111420333,0.950051111420333,0.0,,
amica,chb10_05.edf,"[0, 8]","[0, 8]",True,0.7206313583809665,0.7206313583809665,0.0,,
amica,chb10_06.edf,"[1, 5]","[1, 5]",True,0.7769318393695193,0.7769318393695193,0.0,,
amica,chb10_07.edf,[],[],True,1.0,1.0,0.0,,
amica,chb10_08.edf,[],[],True,1.0,1.0,0.0,,
amica,chb10_12.edf,[],[],True,1.0,1.0,0.0,,
amica,chb10_13.edf,[],[],True,1.0,1.0,0.0,,
amica,chb10_14.edf,[4],[4],True,0.8520720433081932,0.8520720433081932,0.0,,
amica,chb10_15.edf,"[6, 11]","[6, 11]",True,0.8535869177765457,0.8535869177765457,0.0,,
amica,chb10_16.edf,"[0, 1]","[0, 1]",True,0.6362603792424948,0.6362603792424948,0.0,,
amica,chb10_17.edf,"[0, 5]","[0, 5]",True,0.6896766013095336,0.6896766013095336,0.0,,
amica,chb10_18.edf,[0],[0],True,0.7918587129531099,0.7918587129531099,0.0,,
amica,chb10_19.edf,[6],[6],True,0.9076215729102153,0.9076215729102153,0.0,,
amica,chb10_20.edf,[3],[3],True,0.9322684233960197,0.9322684233960197,0.0,,
amica,chb10_21.edf,[],[],True,1.0,1.0,0.0,,
amica,chb10_22.edf,"[5, 6]","[5, 6]",True,0.825124152363474,0.825124152363474,0.0,,
amica,chb10_27.edf,[5],[5],True,0.905764830448137,0.905764830448137,0.0,,
amica,chb10_28.edf,"[0, 3]","[0, 3]",True,0.6977158953079666,0.6977158953079666,0.0,,
amica,chb10_30.edf,"[0, 9]","[0, 9]",True,0.7101964214840017,0.7101964214840017,0.0,,
amica,chb10_31.edf,[],[],True,1.0,1.0,0.0,,
amica,chb10_38.edf,[1],[1],True,0.883609982279963,0.883609982279963,0.0,,
amica,chb10_89.edf,[0],[0],True,0.7253525933731967,0.7253525933731967,0.0,,
amica,chb11_01.edf,[],[],True,1.0,1.0,0.0,,
amica,chb11_02.edf,[0],[0],True,0.780211750801181,0.780211750801181,0.0,,
amica,chb11_03.edf,[0],[0],True,0.6820084675624526,0.6820084675624526,0.0,,
amica,chb11_04.edf,"[0, 1]","[0, 1]",True,0.5031029885759796,0.5031029885759796,0.0,,
amica,chb11_05.edf,"[1, 3]","[1, 3]",True,0.6147477901510959,0.6147477901510959,0.0,,
amica,chb11_06.edf,"[0, 1, 3]","[0, 1, 3]",True,0.293723047025944,0.293723047025944,0.0,,
amica,chb11_07.edf,"[0, 1, 3]","[0, 1, 3]",True,0.24328228050959141,0.24328228050959141,0.0,,
amica,chb11_08.edf,"[0, 1]","[0, 1]",True,0.27643202637124903,0.27643202637124903,0.0,,
amica,chb11_09.edf,"[0, 1]","[0, 1]",True,0.200633436539082,0.200633436539082,0.0,,
amica,chb11_10.edf,"[0, 1]","[0, 1]",True,0.24344149751134808,0.24344149751134808,0.0,,
amica,chb11_11.edf,"[0, 1, 2, 3]","[0, 1, 2, 3]",True,0.12454174365083258,0.12454174365083258,0.0,,
amica,chb11_12.edf,"[0, 1, 2, 5]","[0, 1, 2, 5]",True,0.14263155411992567,0.14263155411992567,0.0,,
amica,chb11_13.edf,"[0, 1, 2, 3]","[0, 1, 2, 3]",True,0.14641024201677386,0.14641024201677386,0.0,,
amica,chb11_14.edf,"[0, 1, 2, 4]","[0, 1, 2, 4]",True,0.1227796360964517,0.1227796360964517,0.0,,
amica,chb11_15.edf,"[0, 1, 2, 4]","[0, 1, 2, 4]",True,0.11012408014434069,0.11012408014434069,0.0,,
amica,chb11_16.edf,[1],[1],True,0.8188913538795856,0.8188913538795856,0.0,,
amica,chb11_17.edf,[3],[3],True,0.9330057208150189,0.9330057208150189,0.0,,
amica,chb11_18.edf,[0],[0],True,0.7779645528616076,0.7779645528616076,0.0,,
amica,chb11_19.edf,"[3, 4]","[3, 4]",True,0.8488302014443451,0.8488302014443451,0.0,,
amica,chb11_24.edf,[],[],True,1.0,1.0,0.0,,
amica,chb11_25.edf,"[0, 1]","[0, 1]",True,0.5103466924720218,0.5103466924720218,0.0,,
amica,chb11_26.edf,"[0, 4]","[0, 4]",True,0.5385038883861443,0.5385038883861443,0.0,,
amica,chb11_27.edf,"[0, 1]","[0, 1]",True,0.3275538429269223,0.3275538429269223,0.0,,
amica,chb11_53.edf,"[0, 3]","[0, 3]",True,0.7794078691229918,0.7794078691229918,0.0,,
amica,chb11_54.edf,[3],[3],True,0.8820491557093223,0.8820491557093223,0.0,,
amica,chb11_55.edf,"[0, 1]","[0, 1]",True,0.6352348852856282,0.6352348852856282,0.0,,
amica,chb11_56.edf,"[0, 10]","[0, 10]",True,0.6938287223307001,0.6938287223307001,0.0,,
amica,chb11_58.edf,"[1, 5]","[1, 5]",True,0.7848054625765054,0.7848054625765054,0.0,,
amica,chb11_60.edf,"[7, 10, 12]","[7, 10, 12]",True,0.7765924100925039,0.7765924100925039,0.0,,
amica,chb11_61.edf,[5],[5],True,0.9146625558759396,0.9146625558759396,0.0,,
amica,chb11_62.edf,[3],[3],True,0.8899611963643486,0.8899611963643486,0.0,,
amica,chb11_63.edf,[0],[0],True,0.86409892356545,0.86409892356545,0.0,,
amica,chb11_82.edf,"[0, 2]","[0, 2]",True,0.6011677529348739,0.6011677529348739,0.0,,
amica,chb11_92.edf,"[0, 7]","[0, 7]",True,0.6529977404916761,0.6529977404916761,0.0,,
amica,chb11_99.edf,"[2, 11]","[2, 11]",True,0.8590203011182724,0.8590203011182724,0.0,,
amica,chb12_06.edf,[3],[3],True,0.9160872715497975,0.9160872715497975,0.0,,
amica,chb12_08.edf,[],[],True,1.0,1.0,0.0,,
amica,chb12_09.edf,[13],[13],True,0.9616934409022647,0.9616934409022647,0.0,,
amica,chb12_10.edf,"[3, 6, 14]","[3, 6, 14]",True,0.8719872464266019,0.8719872464266019,0.0,,
amica,chb12_11.edf,[11],[11],True,0.9738848296747148,0.9738848296747148,0.0,,
amica,chb12_19.edf,[0],[0],True,0.7821135296892476,0.7821135296892476,0.0,,
amica,chb12_20.edf,[0],[0],True,0.7657343609114508,0.7657343609114508,0.0,,
amica,chb12_21.edf,[0],[0],True,0.7582620083103141,0.7582620083103141,0.0,,
amica,chb12_23.edf,[0],[0],True,0.8168570617021552,0.8168570617021552,0.0,,
amica,chb12_24.edf,[0],[0],True,0.7863596688860229,0.7863596688860229,0.0,,
amica,chb12_32.edf,"[1, 6]","[1, 6]",True,0.7620426094488888,0.7620426094488888,0.0,,
amica,chb12_33.edf,[2],[2],True,0.8671373044943604,0.8671373044943604,0.0,,
amica,chb12_34.edf,[1],[1],True,0.8687340631522498,0.8687340631522498,0.0,,
amica,chb12_35.edf,[],[],True,1.0,1.0,0.0,,
amica,chb12_36.edf,[2],[2],True,0.8805031428977504,0.8805031428977504,0.0,,
amica,chb12_37.edf,[12],[12],True,0.9673250215817235,0.9673250215817235,0.0,,
amica,chb12_38.edf,"[13, 14]","[13, 14]",True,0.9224449226988514,0.9224449226988514,0.0,,
amica,chb12_39.edf,[2],[2],True,0.8942575342472399,0.8942575342472399,0.0,,
amica,chb12_40.edf,[7],[7],True,0.9465387145654455,0.9465387145654455,0.0,,
amica,chb12_41.edf,"[10, 13]","[10, 13]",True,0.9360854520874039,0.9360854520874039,0.0,,
amica,chb12_42.edf,[3],[3],True,0.9132004304240524,0.9132004304240524,0.0,,
amica,chb13_02.edf,[0],[0],True,0.7723804195466016,0.7723804195466016,0.0,,
amica,chb13_03.edf,"[0, 6]","[0, 6]",True,0.7377799838728243,0.7377799838728243,0.0,,
amica,chb13_04.edf,[1],[1],True,0.8114957820976261,0.8114957820976261,0.0,,
amica,chb13_05.edf,[1],[1],True,0.8538784386252195,0.8538784386252195,0.0,,
amica,chb13_06.edf,"[0, 4]","[0, 4]",True,0.7687428751268842,0.7687428751268842,0.0,,
amica,chb13_07.edf,[],[],True,1.0,1.0,0.0,,
amica,chb13_08.edf,"[1, 7, 8]","[1, 7, 8]",True,0.7800912430290174,0.7800912430290174,0.0,,
amica,chb13_09.edf,"[2, 5, 8, 14]","[2, 5, 8, 14]",True,0.7857760601020018,0.7857760601020018,0.0,,
amica,chb13_10.edf,"[2, 8, 13]","[2, 8, 13]",True,0.8198409978854713,0.8198409978854713,0.0,,
amica,chb13_11.edf,"[3, 4, 8, 10]","[3, 4, 8, 10]",True,0.7212232821399946,0.7212232821399946,0.0,,
amica,chb13_12.edf,"[2, 4]","[2, 4]",True,0.7670784236328192,0.7670784236328192,0.0,,
amica,chb13_13.edf,"[3, 4, 13]","[3, 4, 13]",True,0.7933357533821139,0.7933357533821139,0.0,,
amica,chb13_14.edf,"[10, 12]","[10, 12]",True,0.9050748259420479,0.9050748259420479,0.0,,
amica,chb13_15.edf,[],[],True,1.0,1.0,0.0,,
amica,chb13_16.edf,[1],[1],True,0.8513198626741836,0.8513198626741836,0.0,,
amica,chb13_18.edf,[0],[0],True,0.7154589430603805,0.7154589430603805,0.0,,
amica,chb13_19.edf,[0],[0],True,0.6794351636840249,0.6794351636840249,0.0,,
amica,chb13_21.edf,[0],[0],True,0.7821872672746953,0.7821872672746953,0.0,,
amica,chb13_22.edf,[0],[0],True,0.794371990048173,0.794371990048173,0.0,,
amica,chb13_24.edf,[],[],True,1.0,1.0,0.0,,
amica,chb13_30.edf,[0],[0],True,0.7943874219764696,0.7943874219764696,0.0,,
amica,chb13_36.edf,"[2, 12]","[2, 12]",True,0.8275976441567358,0.8275976441567358,0.0,,
amica,chb13_37.edf,"[2, 8]","[2, 8]",True,0.8588752261260713,0.8588752261260713,0.0,,
amica,chb13_38.edf,"[2, 10]","[2, 10]",True,0.8548299152139959,0.8548299152139959,0.0,,
amica,chb13_39.edf,"[2, 6, 10]","[2, 6, 10]",True,0.8177347195174013,0.8177347195174013,0.0,,
amica,chb13_40.edf,"[2, 5, 9]","[2, 5, 9]",True,0.7420308735882731,0.7420308735882731,0.0,,
amica,chb13_47.edf,"[0, 1, 5]","[0, 1, 5]",True,0.5564015349654383,0.5564015349654383,0.0,,
amica,chb13_55.edf,[],[],True,1.0,1.0,0.0,,
amica,chb13_56.edf,"[2, 7]","[2, 7]",True,0.8224210066194848,0.8224210066194848,0.0,,
amica,chb13_58.edf,"[4, 10]","[4, 10]",True,0.8473237299866442,0.8473237299866442,0.0,,
amica,chb13_59.edf,[0],[0],True,0.7673508754931662,0.7673508754931662,0.0,,
amica,chb13_60.edf,"[2, 3, 9]","[2, 3, 9]",True,0.7520072844293209,0.7520072844293209,0.0,,
amica,chb13_62.edf,"[3, 5]","[3, 5]",True,0.8052656565536663,0.8052656565536663,0.0,,
amica,chb14_01.edf,[0],[0],True,0.8300087842254973,0.8300087842254973,0.0,,
amica,chb14_02.edf,[3],[3],True,0.8005228622566458,0.8005228622566458,0.0,,
amica,chb14_03.edf,[3],[3],True,0.8280553976654712,0.8280553976654712,0.0,,
amica,chb14_04.edf,[4],[4],True,0.8555109693529167,0.8555109693529167,0.0,,
amica,chb14_06.edf,[3],[3],True,0.8252482987074305,0.8252482987074305,0.0,,
amica,chb14_11.edf,[],[],True,1.0,1.0,0.0,,
amica,chb14_12.edf,[],[],True,1.0,1.0,0.0,,
amica,chb14_13.edf,"[1, 2]","[1, 2]",True,0.610296859795851,0.610296859795851,0.0,,
amica,chb14_14.edf,[3],[3],True,0.8632999919901808,0.8632999919901808,0.0,,
amica,chb14_16.edf,[],[],True,1.0,1.0,0.0,,
amica,chb14_17.edf,[3],[3],True,0.8956806877602578,0.8956806877602578,0.0,,
amica,chb14_18.edf,[],[],True,1.0,1.0,0.0,,
amica,chb14_19.edf,[],[],True,1.0,1.0,0.0,,
amica,chb14_20.edf,[],[],True,1.0,1.0,0.0,,
amica,chb14_22.edf,[],[],True,1.0,1.0,0.0,,
amica,chb14_24.edf,[4],[4],True,0.9024316759720007,0.9024316759720007,0.0,,
amica,chb14_25.edf,[4],[4],True,0.8824275907180341,0.8824275907180341,0.0,,
amica,chb14_26.edf,[4],[4],True,0.8733102418987234,0.8733102418987234,0.0,,
amica,chb14_27.edf,[],[],True,1.0,1.0,0.0,,
amica,chb14_29.edf,[5],[5],True,0.8768269076727333,0.8768269076727333,0.0,,
amica,chb14_30.edf,[4],[4],True,0.8567962264656237,0.8567962264656237,0.0,,
amica,chb14_32.edf,[1],[1],True,0.8539434352317131,0.8539434352317131,0.0,,
amica,chb14_37.edf,[],[],True,1.0,1.0,0.0,,
amica,chb14_39.edf,[],[],True,1.0,1.0,0.0,,
amica,chb14_42.edf,[],[],True,1.0,1.0,0.0,,
amica,chb15_01.edf,[],[],True,1.0,1.0,0.0,,
amica,chb15_02.edf,"[0, 1]","[0, 1]",True,0.3302028172463109,0.3302028172463109,0.0,,
amica,chb15_03.edf,"[0, 4]","[0, 4]",True,0.6020527983033124,0.6020527983033124,0.0,,
amica,chb15_04.edf,[0],[0],True,0.768804908218814,0.768804908218814,0.0,,
amica,chb15_05.edf,"[1, 5]","[1, 5]",True,0.8283107551509176,0.8283107551509176,0.0,,
amica,chb15_06.edf,[],[],True,1.0,1.0,0.0,,
amica,chb15_07.edf,[],[],True,1.0,1.0,0.0,,
amica,chb15_08.edf,[7],[7],True,0.8955653762141214,0.8955653762141214,0.0,,
amica,chb15_09.edf,[],[],True,1.0,1.0,0.0,,
amica,chb15_10.edf,[1],[1],True,0.8849185190283428,0.8849185190283428,0.0,,
amica,chb15_11.edf,[0],[0],True,0.7728790445356721,0.7728790445356721,0.0,,
amica,chb15_12.edf,"[0, 1]","[0, 1]",True,0.35429606933301083,0.35429606933301083,0.0,,
amica,chb15_13.edf,[0],[0],True,0.4509587435184127,0.4509587435184127,0.0,,
amica,chb15_14.edf,"[0, 1]","[0, 1]",True,0.3584317647887696,0.3584317647887696,0.0,,
amica,chb15_15.edf,[0],[0],True,0.6278481110660978,0.6278481110660978,0.0,,
amica,chb15_16.edf,"[0, 1]","[0, 1]",True,0.3867160032146035,0.3867160032146035,0.0,,
amica,chb15_17.edf,[1],[1],True,0.8780628523898003,0.8780628523898003,0.0,,
amica,chb15_19.edf,[0],[0],True,0.567450769053116,0.567450769053116,0.0,,
amica,chb15_20.edf,[0],[0],True,0.6052702320055425,0.6052702320055425,0.0,,
amica,chb15_22.edf,"[0, 1]","[0, 1]",True,0.23421521114231905,0.23421521114231905,0.0,,
amica,chb15_26.edf,"[0, 1]","[0, 1]",True,0.301569284226124,0.301569284226124,0.0,,
amica,chb15_28.edf,"[0, 2]","[0, 2]",True,0.5356803543228743,0.5356803543228743,0.0,,
amica,chb15_29.edf,[1],[1],True,0.8586056706533338,0.8586056706533338,0.0,,
amica,chb15_30.edf,"[1, 6]","[1, 6]",True,0.7739965589418881,0.7739965589418881,0.0,,
amica,chb15_31.edf,"[2, 6]","[2, 6]",True,0.8366224258610934,0.8366224258610934,0.0,,
amica,chb15_32.edf,"[1, 11]","[1, 11]",True,0.8284695368744484,0.8284695368744484,0.0,,
amica,chb15_33.edf,"[1, 7]","[1, 7]",True,0.8094571651627929,0.8094571651627929,0.0,,
amica,chb15_35.edf,"[1, 8, 10]","[1, 8, 10]",True,0.7343643367449052,0.7343643367449052,0.0,,
amica,chb15_37.edf,"[2, 6]","[2, 6]",True,0.8451076168517783,0.8451076168517783,0.0,,
amica,chb15_40.edf,"[0, 1]","[0, 1]",True,0.362596280928361,0.362596280928361,0.0,,
amica,chb15_45.edf,"[0, 1]","[0, 1]",True,0.3457687845294865,0.3457687845294865,0.0,,
amica,chb15_46.edf,"[0, 4, 6]","[0, 4, 6]",True,0.5302179509536141,0.5302179509536141,0.0,,
amica,chb15_49.edf,[0],[0],True,0.5155444436785422,0.5155444436785422,0.0,,
amica,chb15_50.edf,"[0, 3]","[0, 3]",True,0.5550000953868053,0.5550000953868053,0.0,,
amica,chb15_51.edf,[1],[1],True,0.8406726851307973,0.8406726851307973,0.0,,
amica,chb15_52.edf,"[0, 2]","[0, 2]",True,0.3671813281646858,0.3671813281646858,0.0,,
amica,chb15_54.edf,"[1, 4]","[1, 4]",True,0.8075506749725359,0.8075506749725359,0.0,,
amica,chb15_61.edf,"[0, 3]","[0, 3]",True,0.7227693449114219,0.7227693449114219,0.0,,
amica,chb15_62.edf,[0],[0],True,0.8529988046952418,0.8529988046952418,0.0,,
amica,chb15_63.edf,[0],[0],True,0.6831009552117532,0.6831009552117532,0.0,,
amica,chb16_01.edf,"[1, 2]","[1, 2]",True,0.8987863121987744,0.8987863121987744,0.0,,
amica,chb16_02.edf,"[0, 1]","[0, 1]",True,0.4170974091100073,0.4170974091100073,0.0,,
amica,chb16_03.edf,"[0, 1]","[0, 1]",True,0.40744916140262927,0.40744916140262927,0.0,,
amica,chb16_04.edf,"[0, 1]","[0, 1]",True,0.41638011231692196,0.41638011231692196,0.0,,
amica,chb16_05.edf,[1],[1],True,0.7560179643252254,0.7560179643252254,0.0,,
amica,chb16_06.edf,[1],[1],True,0.8379213817857968,0.8379213817857968,0.0,,
amica,chb16_07.edf,[1],[1],True,0.8519618771581002,0.8519618771581002,0.0,,
amica,chb16_08.edf,[1],[1],True,0.8464016401857856,0.8464016401857856,0.0,,
amica,chb16_09.edf,[],[],True,1.0,1.0,0.0,,
amica,chb16_10.edf,"[0, 1]","[0, 1]",True,0.303138818057772,0.303138818057772,0.0,,
amica,chb16_11.edf,"[0, 1]","[0, 1]",True,0.25615770140595545,0.25615770140595545,0.0,,
amica,chb16_12.edf,[],[],True,1.0,1.0,0.0,,
amica,chb16_13.edf,"[0, 2]","[0, 2]",True,0.5662786308654162,0.5662786308654162,0.0,,
amica,chb16_14.edf,[1],[1],True,0.8455447919139197,0.8455447919139197,0.0,,
amica,chb16_15.edf,[0],[0],True,0.6424962100629836,0.6424962100629836,0.0,,
amica,chb16_16.edf,"[0, 1, 5]","[0, 1, 5]",True,0.3435465379696635,0.3435465379696635,0.0,,
amica,chb16_17.edf,"[0, 1]","[0, 1]",True,0.4219472692018104,0.4219472692018104,0.0,,
amica,chb16_18.edf,"[0, 1]","[0, 1]",True,0.5207035715349714,0.5207035715349714,0.0,,
amica,chb16_19.edf,"[0, 2, 3, 6]","[0, 2, 3, 6]",True,0.4863456561407533,0.4863456561407533,0.0,,
amica,chb17a_03.edf,"[0, 1]","[0, 1]",True,0.4247051852411296,0.4247051852411296,0.0,,
amica,chb17a_04.edf,[0],[0],True,0.5762318371641627,0.5762318371641627,0.0,,
amica,chb17a_05.edf,"[0, 1]","[0, 1]",True,0.39134422123041607,0.39134422123041607,0.0,,
amica,chb17a_06.edf,[1],[1],True,0.8520670724583633,0.8520670724583633,0.0,,
amica,chb17a_08.edf,"[0, 1]","[0, 1]",True,0.21290593521502482,0.21290593521502482,0.0,,
amica,chb17b_57.edf,"[0, 2]","[0, 2]",True,0.48147977205691816,0.48147977205691816,0.0,,
amica,chb17b_58.edf,"[0, 1, 10]","[0, 1, 10]",True,0.3520073732715266,0.3520073732715266,0.0,,
amica,chb17b_59.edf,"[0, 3]","[0, 3]",True,0.5525293687554421,0.5525293687554421,0.0,,
amica,chb17b_60.edf,"[0, 2, 10, 12]","[0, 2, 10, 12]",True,0.49240352186717273,0.49240352186717273,0.0,,
amica,chb17b_63.edf,"[0, 1]","[0, 1]",True,0.3650417288051022,0.3650417288051022,0.0,,
amica,chb17b_67.edf,"[10, 12]","[10, 12]",True,0.899837110675207,0.899837110675207,0.0,,
amica,chb17b_68.edf,"[0, 1]","[0, 1]",True,0.4551886816048315,0.4551886816048315,0.0,,
amica,chb17b_69.edf,"[0, 1]","[0, 1]",True,0.35384628693709413,0.35384628693709413,0.0,,
amica,chb17c_02.edf,"[3, 4]","[3, 4]",True,0.841257069205019,0.841257069205019,0.0,,
amica,chb17c_03.edf,[],[],True,1.0,1.0,0.0,,
amica,chb17c_04.edf,[5],[5],True,0.9416772118400991,0.9416772118400991,0.0,,
amica,chb17c_05.edf,"[1, 3, 5]","[1, 3, 5]",True,0.6733132736341444,0.6733132736341444,0.0,,
amica,chb17c_06.edf,"[0, 5]","[0, 5]",True,0.8046242202211957,0.8046242202211957,0.0,,
amica,chb17c_07.edf,"[1, 5]","[1, 5]",True,0.8861697875387261,0.8861697875387261,0.0,,
amica,chb17c_08.edf,[0],[0],True,0.6274056947111606,0.6274056947111606,0.0,,
amica,chb17c_13.edf,"[0, 1, 3]","[0, 1, 3]",True,0.2684995722691931,0.2684995722691931,0.0,,
amica,chb18_01.edf,"[0, 2]","[0, 2]",True,0.3190345738269154,0.3190345738269154,0.0,,
amica,chb18_02.edf,"[0, 1, 8]","[0, 1, 8]",True,0.12802617887369946,0.12802617887369946,0.0,,
amica,chb18_03.edf,"[0, 1, 7]","[0, 1, 7]",True,0.07642258908362788,0.07642258908362788,0.0,,
amica,chb18_04.edf,"[0, 1, 5]","[0, 1, 5]",True,0.09876008762210921,0.09876008762210921,0.0,,
amica,chb18_05.edf,"[0, 1]","[0, 1]",True,0.08741483330545292,0.08741483330545292,0.0,,
amica,chb18_06.edf,"[0, 1, 7]","[0, 1, 7]",True,0.08111726021752198,0.08111726021752198,0.0,,
amica,chb18_07.edf,"[0, 1, 10]","[0, 1, 10]",True,0.1308227214133627,0.1308227214133627,0.0,,
amica,chb18_08.edf,"[0, 2]","[0, 2]",True,0.3132823231499065,0.3132823231499065,0.0,,
amica,chb18_09.edf,[],[],True,1.0,1.0,0.0,,
amica,chb18_10.edf,[4],[4],True,0.7865368548558107,0.7865368548558107,0.0,,
amica,chb18_11.edf,[3],[3],True,0.8585678128368534,0.8585678128368534,0.0,,
amica,chb18_12.edf,[0],[0],True,0.7404633137950832,0.7404633137950832,0.0,,
amica,chb18_13.edf,[3],[3],True,0.832627633670723,0.832627633670723,0.0,,
amica,chb18_14.edf,[0],[0],True,0.760527318150452,0.760527318150452,0.0,,
amica,chb18_15.edf,"[0, 1]","[0, 1]",True,0.20329627279879314,0.20329627279879314,0.0,,
amica,chb18_16.edf,"[0, 1, 10]","[0, 1, 10]",True,0.11535092515209748,0.11535092515209748,0.0,,
amica,chb18_17.edf,"[0, 1]","[0, 1]",True,0.16197458002719478,0.16197458002719478,0.0,,
amica,chb18_18.edf,"[0, 1, 10]","[0, 1, 10]",True,0.1296003990663772,0.1296003990663772,0.0,,
amica,chb18_19.edf,"[0, 1]","[0, 1]",True,0.14383476563337982,0.14383476563337982,0.0,,
amica,chb18_20.edf,"[0, 1]","[0, 1]",True,0.16782931300624387,0.16782931300624387,0.0,,
amica,chb18_21.edf,"[0, 1]","[0, 1]",True,0.2863235346623181,0.2863235346623181,0.0,,
amica,chb18_22.edf,"[0, 1, 7]","[0, 1, 7]",True,0.12183647587230739,0.12183647587230739,0.0,,
amica,chb18_23.edf,"[0, 1]","[0, 1]",True,0.24416114393864793,0.24416114393864793,0.0,,
amica,chb18_24.edf,[3],[3],True,0.8474008451670607,0.8474008451670607,0.0,,
amica,chb18_25.edf,[1],[1],True,0.8460658353391951,0.8460658353391951,0.0,,
amica,chb18_26.edf,[],[],True,1.0,1.0,0.0,,
amica,chb18_27.edf,[0],[0],True,0.8132511239076587,0.8132511239076587,0.0,,
amica,chb18_28.edf,[1],[1],True,0.8469290058714357,0.8469290058714357,0.0,,
amica,chb18_29.edf,"[0, 2]","[0, 2]",True,0.5462618256908214,0.5462618256908214,0.0,,
amica,chb18_30.edf,[1],[1],True,0.834953603600092,0.834953603600092,0.0,,
amica,chb18_31.edf,"[0, 1]","[0, 1]",True,0.23181245925186064,0.23181245925186064,0.0,,
amica,chb18_32.edf,[0],[0],True,0.8071329196326125,0.8071329196326125,0.0,,
amica,chb18_33.edf,[0],[0],True,0.8119972969245256,0.8119972969245256,0.0,,
amica,chb18_34.edf,"[0, 1, 8]","[0, 1, 8]",True,0.1008732512126286,0.1008732512126286,0.0,,
amica,chb18_35.edf,[0],[0],True,0.8315310721480168,0.8315310721480168,0.0,,
amica,chb18_36.edf,[0],[0],True,0.726809203143466,0.726809203143466,0.0,,
amica,chb19_01.edf,"[0, 1]","[0, 1]",True,0.1219683958049907,0.1219683958049907,0.0,,
amica,chb19_02.edf,"[0, 1]","[0, 1]",True,0.19163170684493466,0.19163170684493466,0.0,,
amica,chb19_03.edf,"[0, 2]","[0, 2]",True,0.31272491074908293,0.31272491074908293,0.0,,
amica,chb19_04.edf,"[0, 1]","[0, 1]",True,0.15656468125739656,0.15656468125739656,0.0,,
amica,chb19_05.edf,"[0, 2]","[0, 2]",True,0.29517877387094055,0.29517877387094055,0.0,,
amica,chb19_06.edf,"[0, 3, 4]","[0, 3, 4]",True,0.2287524511866781,0.2287524511866781,0.0,,
amica,chb19_08.edf,[0],[0],True,0.7544067357511061,0.7544067357511061,0.0,,
amica,chb19_09.edf,[6],[6],True,0.8446593547799321,0.8446593547799321,0.0,,
amica,chb19_10.edf,[6],[6],True,0.8390344206772501,0.8390344206772501,0.0,,
amica,chb19_11.edf,"[2, 6]","[2, 6]",True,0.7341225861753421,0.7341225861753421,0.0,,
amica,chb19_12.edf,[6],[6],True,0.9038544323276615,0.9038544323276615,0.0,,
amica,chb19_13.edf,[7],[7],True,0.9236702226395456,0.9236702226395456,0.0,,
amica,chb19_14.edf,[7],[7],True,0.9141865360088638,0.9141865360088638,0.0,,
amica,chb19_15.edf,"[0, 2]","[0, 2]",True,0.40279221337502724,0.40279221337502724,0.0,,
amica,chb19_16.edf,"[0, 1]","[0, 1]",True,0.16081949551500743,0.16081949551500743,0.0,,
amica,chb19_17.edf,"[0, 1]","[0, 1]",True,0.27569691401824853,0.27569691401824853,0.0,,
amica,chb19_18.edf,"[0, 2]","[0, 2]",True,0.41852462743278174,0.41852462743278174,0.0,,
amica,chb19_19.edf,"[0, 1]","[0, 1]",True,0.26773371248915406,0.26773371248915406,0.0,,
amica,chb19_20.edf,"[0, 1]","[0, 1]",True,0.2688094140669534,0.2688094140669534,0.0,,
amica,chb19_21.edf,"[0, 1]","[0, 1]",True,0.22726272604313705,0.22726272604313705,0.0,,
amica,chb19_22.edf,"[0, 2, 4, 11]","[0, 2, 4, 11]",True,0.3618086449343997,0.3618086449343997,0.0,,
amica,chb19_23.edf,"[1, 9]","[1, 9]",True,0.867689950499336,0.867689950499336,0.0,,
amica,chb19_24.edf,[1],[1],True,0.8572782755866946,0.8572782755866946,0.0,,
amica,chb19_25.edf,[6],[6],True,0.8600861007781643,0.8600861007781643,0.0,,
amica,chb19_26.edf,"[0, 5, 6]","[0, 5, 6]",True,0.6646754607248294,0.6646754607248294,0.0,,
amica,chb19_27.edf,[0],[0],True,0.818715756027063,0.818715756027063,0.0,,
amica,chb19_28.edf,[0],[0],True,0.8646983797891586,0.8646983797891586,0.0,,
amica,chb19_29.edf,[],[],True,1.0,1.0,0.0,,
amica,chb19_30.edf,[0],[0],True,0.787100276138644,0.787100276138644,0.0,,
amica,chb20_01.edf,[0],[0],True,0.7567139737659371,0.7567139737659371,0.0,,
amica,chb20_02.edf,[0],[0],True,0.8215632804730127,0.8215632804730127,0.0,,
amica,chb20_03.edf,[2],[2],True,0.8950705520103016,0.8950705520103016,0.0,,
amica,chb20_04.edf,"[0, 3]","[0, 3]",True,0.7351902227260847,0.7351902227260847,0.0,,
amica,chb20_05.edf,[0],[0],True,0.8112847245749023,0.8112847245749023,0.0,,
amica,chb20_06.edf,[2],[2],True,0.839566853274864,0.839566853274864,0.0,,
amica,chb20_07.edf,[2],[2],True,0.8834059989751641,0.8834059989751641,0.0,,
amica,chb20_08.edf,"[0, 12]","[0, 12]",True,0.810160363593165,0.810160363593165,0.0,,
amica,chb20_11.edf,"[3, 4, 7]","[3, 4, 7]",True,0.7995359260595651,0.7995359260595651,0.0,,
amica,chb20_12.edf,[4],[4],True,0.9168215252708111,0.9168215252708111,0.0,,
amica,chb20_13.edf,[5],[5],True,0.9454782710754394,0.9454782710754394,0.0,,
amica,chb20_14.edf,[4],[4],True,0.9432925534677906,0.9432925534677906,0.0,,
amica,chb20_15.edf,[5],[5],True,0.9305853069061617,0.9305853069061617,0.0,,
amica,chb20_16.edf,[3],[3],True,0.9120566546344681,0.9120566546344681,0.0,,
amica,chb20_17.edf,[0],[0],True,0.7680179604386188,0.7680179604386188,0.0,,
amica,chb20_21.edf,[1],[1],True,0.8912037981892122,0.8912037981892122,0.0,,
amica,chb20_22.edf,[0],[0],True,0.7854976410838962,0.7854976410838962,0.0,,
amica,chb20_23.edf,[0],[0],True,0.8061848798312267,0.8061848798312267,0.0,,
amica,chb20_25.edf,"[2, 3, 12]","[2, 3, 12]",True,0.7995476430946832,0.7995476430946832,0.0,,
amica,chb20_26.edf,[4],[4],True,0.9066461195997787,0.9066461195997787,0.0,,
amica,chb20_27.edf,[0],[0],True,0.7936467652835087,0.7936467652835087,0.0,,
amica,chb20_28.edf,[0],[0],True,0.806207960115758,0.806207960115758,0.0,,
amica,chb20_29.edf,"[1, 12]","[1, 12]",True,0.820403247402867,0.820403247402867,0.0,,
amica,chb20_30.edf,[1],[1],True,0.8511255930056799,0.8511255930056799,0.0,,
amica,chb20_31.edf,[1],[1],True,0.8305970193317874,0.8305970193317874,0.0,,
amica,chb20_34.edf,"[2, 11]","[2, 11]",True,0.8142099858277301,0.8142099858277301,0.0,,
amica,chb20_59.edf,[],[],True,1.0,1.0,0.0,,
amica,chb20_60.edf,"[0, 7, 8]","[0, 7, 8]",True,0.790489405443993,0.790489405443993,0.0,,
amica,chb20_68.edf,"[2, 5]","[2, 5]",True,0.7830742447384034,0.7830742447384034,0.0,,
amica,chb21_01.edf,[0],[0],True,0.5636966495814711,0.5636953217380971,1.327843374032689e-06,,
amica,chb21_02.edf,[0],[0],True,0.48323483156843344,0.48323513005311336,2.9848467991699934e-07,,
amica,chb21_03.edf,"[0, 1, 10]","[0, 1, 10]",True,0.2621432041740046,0.26214376409755713,5.599235525233226e-07,,
amica,chb21_04.edf,"[0, 1]","[0, 1]",True,0.28302433556812223,0.2830238154920251,5.200760971324492e-07,,
amica,chb21_05.edf,"[0, 1]","[0, 1]",True,0.3069957250754105,0.30699690299126275,1.1779158522462474e-06,,
amica,chb21_06.edf,"[0, 1]","[0, 1]",True,0.3439534283806798,0.34395231548265964,1.1128980201835503e-06,,
amica,chb21_07.edf,"[0, 2]","[0, 2]",True,0.3604856480268102,0.36048355785934394,2.0901674662732184e-06,,
amica,chb21_08.edf,"[0, 3]","[0, 3]",True,0.46431682736998814,0.4643154316450042,1.395724983921376e-06,,
amica,chb21_09.edf,[0],[0],True,0.8675880672486329,0.8675964855936673,8.418345034399977e-06,,
amica,chb21_10.edf,[],[],True,1.0,1.0,0.0,,
amica,chb21_11.edf,[0],[0],True,0.8640401912956506,0.8640340221160836,6.169179566972716e-06,,
amica,chb21_12.edf,[],[],True,1.0,1.0,0.0,,
amica,chb21_13.edf,[0],[0],True,0.8432392646497957,0.8432510948729094,1.1830223113684646e-05,,
amica,chb21_14.edf,[0],[0],True,0.5701700295542197,0.5701702444861972,2.14931977549071e-07,,
amica,chb21_15.edf,"[0, 1]","[0, 1]",True,0.3541006209529805,0.3540995731839651,1.047769015383171e-06,,
amica,chb21_16.edf,"[0, 1]","[0, 1]",True,0.25778499967695434,0.25778323052364366,1.769153310682281e-06,,
amica,chb21_17.edf,"[0, 1]","[0, 1]",True,0.3212759752169599,0.32127573102502016,2.441919397244696e-07,,
amica,chb21_18.edf,"[0, 1]","[0, 1]",True,0.3781700610056063,0.3781704029544877,3.419488814326854e-07,,
amica,chb21_19.edf,"[0, 1]","[0, 1]",True,0.26981289194985963,0.2698132898424095,3.978925498526742e-07,,
amica,chb21_20.edf,"[0, 1]","[0, 1]",True,0.2912563541141444,0.2912565715266614,2.174125169895902e-07,,
amica,chb21_21.edf,"[0, 1]","[0, 1]",True,0.3106292847955226,0.3106292026493471,8.214617547297465e-08,,
amica,chb21_22.edf,"[0, 1]","[0, 1]",True,0.29939721799420743,0.2993962019971397,1.0159970677547925e-06,,
amica,chb21_23.edf,[0],[0],True,0.48460366573058566,0.4846148919816626,1.122625107691233e-05,,
amica,chb21_24.edf,"[0, 3]","[0, 3]",True,0.3763713316869015,0.376371304958602,2.67282995181084e-08,,
amica,chb21_25.edf,"[0, 1, 4]","[0, 1, 4]",True,0.3606048859163379,0.36060451672428195,3.691920559267814e-07,,
amica,chb21_26.edf,[0],[0],True,0.8872099923744688,0.8872075029454146,2.489429054230996e-06,,
amica,chb21_27.edf,[0],[0],True,0.8573180179870106,0.8573153306391984,2.687347812169172e-06,,
amica,chb21_28.edf,[0],[0],True,0.824787664490765,0.8247809272364486,6.737254316435681e-06,,
amica,chb21_29.edf,"[0, 1, 3]","[0, 1, 3]",True,0.3084888439342123,0.3084891114630824,2.6752887011260995e-07,,
amica,chb21_30.edf,"[0, 2]","[0, 2]",True,0.4075647977600938,0.4075651777304598,3.7997036600456724e-07,,
amica,chb21_31.edf,"[0, 1, 10]","[0, 1, 10]",True,0.4319802981236519,0.43198013699334026,1.611303116488827e-07,,
amica,chb21_32.edf,[0],[0],True,0.8184629072582847,0.8184514123691187,1.1494889166074884e-05,,
amica,chb22_01.edf,"[0, 1]","[0, 1]",True,0.34731752939568666,0.34731752939568666,0.0,,
amica,chb22_02.edf,[0],[0],True,0.8309937611150905,0.8309937611150905,0.0,,
amica,chb22_03.edf,"[7, 15]","[7, 15]",True,0.9270817440700192,0.9270817440700192,0.0,,
amica,chb22_04.edf,"[0, 2, 9]","[0, 2, 9]",True,0.6996695507783515,0.6996695507783515,0.0,,
amica,chb22_05.edf,[],[],True,1.0,1.0,0.0,,
amica,chb22_07.edf,"[0, 5]","[0, 5]",True,0.686895491770227,0.686895491770227,0.0,,
amica,chb22_08.edf,"[0, 1, 5]","[0, 1, 5]",True,0.21069021093790521,0.21069021093790521,0.0,,
amica,chb22_09.edf,"[0, 1]","[0, 1]",True,0.23563887665141517,0.23563887665141517,0.0,,
amica,chb22_10.edf,"[0, 1]","[0, 1]",True,0.2919152422278052,0.2919152422278052,0.0,,
amica,chb22_11.edf,"[0, 1]","[0, 1]",True,0.2811687953967318,0.2811687953967318,0.0,,
amica,chb22_15.edf,"[0, 1, 5]","[0, 1, 5]",True,0.29443795259258304,0.29443795259258304,0.0,,
amica,chb22_16.edf,"[0, 1, 3]","[0, 1, 3]",True,0.30142945188449904,0.30142945188449904,0.0,,
amica,chb22_18.edf,"[0, 1, 3]","[0, 1, 3]",True,0.2905632459831107,0.2905632459831107,0.0,,
amica,chb22_19.edf,"[0, 1, 2]","[0, 1, 2]",True,0.2433102629104007,0.2433102629104007,0.0,,
amica,chb22_20.edf,"[0, 1, 3]","[0, 1, 3]",True,0.2912963168266232,0.2912963168266232,0.0,,
amica,chb22_21.edf,[0],[0],True,0.6013209852967786,0.6013209852967786,0.0,,
amica,chb22_22.edf,[6],[6],True,0.9369325256424231,0.9369325256424231,0.0,,
amica,chb22_23.edf,"[0, 1, 4]","[0, 1, 4]",True,0.24712634989105595,0.24712634989105595,0.0,,
amica,chb22_24.edf,"[0, 2]","[0, 2]",True,0.42238129621368287,0.42238129621368287,0.0,,
amica,chb22_25.edf,[0],[0],True,0.5579544546875326,0.5579544546875326,0.0,,
amica,chb22_26.edf,"[1, 7, 9, 15]","[1, 7, 9, 15]",True,0.7796378305548533,0.7796378305548533,0.0,,
amica,chb22_27.edf,"[0, 4, 9]","[0, 4, 9]",True,0.7306252939806125,0.7306252939806125,0.0,,
amica,chb22_28.edf,[],[],True,1.0,1.0,0.0,,
amica,chb22_29.edf,"[2, 6]","[2, 6]",True,0.8233294002212583,0.8233294002212583,0.0,,
amica,chb22_30.edf,"[3, 11]","[3, 11]",True,0.8453356104311622,0.8453356104311622,0.0,,
amica,chb22_38.edf,"[0, 1, 2]","[0, 1, 2]",True,0.3210104661436718,0.3210104661436718,0.0,,
amica,chb22_51.edf,[0],[0],True,0.7398543960578106,0.7398543960578106,0.0,,
amica,chb22_54.edf,"[6, 11]","[6, 11]",True,0.9118813735136957,0.9118813735136957,0.0,,
amica,chb22_77.edf,[4],[4],True,0.9238527087672368,0.9238527087672368,0.0,,
amica,chb23_06.edf,"[0, 1, 2]","[0, 1, 2]",True,0.5436522197633145,0.5436522197633145,0.0,,
amica,chb23_07.edf,"[0, 1, 2]","[0, 1, 2]",True,0.31424635631589776,0.31424635631589776,0.0,,
amica,chb23_08.edf,"[0, 1]","[0, 1]",True,0.4839667480295983,0.4839667480295983,0.0,,
amica,chb23_09.edf,"[0, 1]","[0, 1]",True,0.48566242942107113,0.48566242942107113,0.0,,
amica,chb23_10.edf,[0],[0],True,0.7671919640039606,0.7671919640039606,0.0,,
amica,chb23_16.edf,"[0, 3]","[0, 3]",True,0.6335880714337896,0.6335880714337896,0.0,,
amica,chb23_17.edf,[0],[0],True,0.5322938513564399,0.5322938513564399,0.0,,
amica,chb23_19.edf,[13],[13],True,0.8985384379392296,0.8985384379392296,0.0,,
amica,chb23_20.edf,[0],[0],True,0.5759102757812831,0.5759102757812831,0.0,,
amica,chb24_01.edf,[0],[0],True,0.5558034756864828,0.5558034756864828,0.0,,
amica,chb24_02.edf,"[1, 2, 3, 5, 7]","[1, 2, 3, 5, 7]",True,0.5859591190940008,0.5859591190940008,0.0,,
amica,chb24_03.edf,"[1, 6, 12]","[1, 6, 12]",True,0.6568034392960472,0.6568034392960472,0.0,,
amica,chb24_04.edf,[1],[1],True,0.814601432951541,0.814601432951541,0.0,,
amica,chb24_05.edf,[1],[1],True,0.8268412226146649,0.8268412226146649,0.0,,
amica,chb24_06.edf,"[0, 3]","[0, 3]",True,0.4983238386000329,0.4983238386000329,0.0,,
amica,chb24_07.edf,"[2, 5]","[2, 5]",True,0.8206435674662256,0.8206435674662256,0.0,,
amica,chb24_08.edf,[2],[2],True,0.8855948594207745,0.8855948594207745,0.0,,
amica,chb24_09.edf,"[2, 6]","[2, 6]",True,0.8324905915729607,0.8324905915729607,0.0,,
amica,chb24_10.edf,[2],[2],True,0.8937384926570803,0.8937384926570803,0.0,,
amica,chb24_11.edf,[3],[3],True,0.9303532309497015,0.9303532309497015,0.0,,
amica,chb24_12.edf,"[0, 2]","[0, 2]",True,0.7464745568848533,0.7464745568848533,0.0,,
amica,chb24_13.edf,[2],[2],True,0.8299517217524742,0.8299517217524742,0.0,,
amica,chb24_14.edf,[2],[2],True,0.8737958025495393,0.8737958025495393,0.0,,
amica,chb24_15.edf,"[2, 4]","[2, 4]",True,0.8601762693607936,0.8601762693607936,0.0,,
amica,chb24_16.edf,"[0, 3]","[0, 3]",True,0.4477261695158206,0.4477261695158206,0.0,,
amica,chb24_17.edf,[0],[0],True,0.5252465763804388,0.5252465763804388,0.0,,
amica,chb24_18.edf,[0],[0],True,0.6624946058345885,0.6624946058345885,0.0,,
amica,chb24_19.edf,"[0, 5]","[0, 5]",True,0.6315133682344649,0.6315133682344649,0.0,,
amica,chb24_20.edf,"[0, 5]","[0, 5]",True,0.5467879806683668,0.5467879806683668,0.0,,
amica,chb24_21.edf,[1],[1],True,0.9444124761021347,0.9444124761021347,0.0,,
amica,chb24_22.edf,"[1, 8]","[1, 8]",True,0.9425358979053307,0.9425358979053307,0.0,,
